profile,nz,dt,scheme,z,initial,exact,numerical
gaussian,200,0.10000000000000001,upwind,0.5,4.0319648328398961e-42,3.9461819357718733e-303,6.0463004375674568e-64
gaussian,200,0.10000000000000001,upwind,1.5,2.3495028369634597e-39,1.5056620395625786e-295,3.8286633358193548e-61
gaussian,200,0.10000000000000001,upwind,2.5,1.0975511372095965e-36,4.6008607253322257e-288,1.8315323849649149e-58
gaussian,200,0.10000000000000001,upwind,3.5,4.1104854473094294e-34,1.1259360137484322e-280,7.0415248524611818e-56
gaussian,200,0.10000000000000001,upwind,4.5,1.2342785224088351e-31,2.2067508129560438e-273,2.1839886899212942e-53
gaussian,200,0.10000000000000001,upwind,5.5,2.9717983121251882e-29,3.4638560906697508e-266,5.4735166862850233e-51
gaussian,200,0.10000000000000001,upwind,6.5,5.7378388747034871e-27,4.3544712450299474e-259,1.1104861054911531e-48
gaussian,200,0.10000000000000001,upwind,7.5,8.8846316733736166e-25,4.3841178589285109e-252,1.8278672137802296e-46
gaussian,200,0.10000000000000001,upwind,8.5,1.1034033630235094e-22,3.5351063070103485e-245,2.4473475015503102e-44
gaussian,200,0.10000000000000001,upwind,9.5,1.0992014343435166e-20,2.2829613083390864e-238,2.6736484077646786e-42
gaussian,200,0.10000000000000001,upwind,10.5,8.7844644713825308e-19,1.1807906115914703e-231,2.3918470007848934e-40
gaussian,200,0.10000000000000001,upwind,11.5,5.6324560613763466e-17,4.8913423211149546e-225,1.759491672916123e-38
gaussian,200,0.10000000000000001,upwind,12.5,2.897856440858993e-15,1.6228064393540392e-218,1.0693543866039378e-36
gaussian,200,0.10000000000000001,upwind,13.5,1.1964839192313295e-13,4.3121283107197259e-212,5.3981514166964033e-35
gaussian,200,0.10000000000000001,upwind,14.5,3.9650113373952613e-12,9.1771078118665972e-206,2.2767098557842139e-33
gaussian,200,0.10000000000000001,upwind,15.5,1.0547466195306394e-10,1.5642719215530576e-199,8.0738139163578148e-32
gaussian,200,0.10000000000000001,upwind,16.5,2.2525693567795984e-09,2.1355715051143688e-193,2.4238819561532916e-30
gaussian,200,0.10000000000000001,upwind,17.5,3.8627435570099709e-08,2.3351499952916222e-187,6.2043809165686377e-29
gaussian,200,0.10000000000000001,upwind,18.5,5.3194075013792053e-07,2.0451150777349032e-181,1.3640193469788211e-27
gaussian,200,0.10000000000000001,upwind,19.5,5.8835894690706761e-06,1.4345863722220529e-175,2.5947391630580388e-26
gaussian,200,0.10000000000000001,upwind,20.5,5.2275059923927003e-05,8.0601939842523253e-170,4.3024749150913862e-25
gaussian,200,0.10000000000000001,upwind,21.5,0.00037314677268319925,3.6272558146092636e-164,6.263745320493351e-24
gaussian,200,0.10000000000000001,upwind,22.5,0.00214020507078222,1.3074618903550522e-158,8.0627425851352633e-23
gaussian,200,0.10000000000000001,upwind,23.5,0.0098645206478332349,3.7748746948656425e-153,9.2380525586770996e-22
gaussian,200,0.10000000000000001,upwind,24.5,0.036541946733464482,8.7297822633204655e-148,9.4819528054747634e-21
gaussian,200,0.10000000000000001,upwind,25.5,0.10880468515692684,1.6170990853143237e-142,8.7709992184073886e-20
gaussian,200,0.10000000000000001,upwind,26.5,0.26042514195959271,2.3994264868698216e-137,7.3533796610360176e-19
gaussian,200,0.10000000000000001,upwind,27.5,0.5011065019554406,2.8518153653906486e-132,5.6169812928031141e-18
gaussian,200,0.10000000000000001,upwind,28.5,0.77520033314678272,2.7150907736160399e-127,3.928539625328024e-17
gaussian,200,0.10000000000000001,upwind,29.5,0.96416556333505776,2.0706299308123932e-122,2.5272880230777332e-16
gaussian,200,0.10000000000000001,upwind,30.5,0.96416556333505798,1.2649762087967003e-117,1.5018077031255908e-15
gaussian,200,0.10000000000000001,upwind,31.5,0.77520033314678238,6.1905738060358609e-113,8.2759283834505548e-15
gaussian,200,0.10000000000000001,upwind,32.5,0.50110650195544038,2.4269201775492884e-108,4.2446742488724301e-14
gaussian,200,0.10000000000000001,upwind,33.5,0.26042514195959271,7.6219119829446566e-104,2.0331275634319367e-13
gaussian,200,0.10000000000000001,upwind,34.5,0.10880468515692684,1.9176286730812131e-99,9.1230246587279065e-13
gaussian,200,0.10000000000000001,upwind,35.5,0.036541946733464482,3.8651475082034861e-95,3.8461917309735118e-12
gaussian,200,0.10000000000000001,upwind,36.5,0.0098645206478332349,6.2413421967517473e-91,1.5276202144251144e-11
gaussian,200,0.10000000000000001,upwind,37.5,0.00214020507078222,8.0744004367222386e-87,5.7303992862263451e-11
gaussian,200,0.10000000000000001,upwind,38.5,0.00037314677268319925,8.3690007569314962e-83,2.0349654409968973e-10
gaussian,200,0.10000000000000001,upwind,39.5,5.2275059923927003e-05,6.9499126742802303e-79,6.8561583993873077e-10
gaussian,200,0.10000000000000001,upwind,40.5,5.8835894690706761e-06,4.6242325190392664e-75,2.1960508729082194e-09
gaussian,200,0.10000000000000001,upwind,41.5,5.3194075013792053e-07,2.4652873707848446e-71,6.6999286312478164e-09
gaussian,200,0.10000000000000001,upwind,42.5,3.8627435570099709e-08,1.0531177035127619e-67,1.9504724450711492e-08
gaussian,200,0.10000000000000001,upwind,43.5,2.2525693567795984e-09,3.604812134010428e-64,5.4272329701276226e-08
gaussian,200,0.10000000000000001,upwind,44.5,1.0547466195306394e-10,9.8878225702524618e-61,1.4456684243913373e-07
gaussian,200,0.10000000000000001,upwind,45.5,3.9650113373952613e-12,2.1734421815275004e-57,3.6919185645669438e-07
gaussian,200,0.10000000000000001,upwind,46.5,1.1964839192313295e-13,3.8286286709321121e-54,9.0517505842938829e-07
gaussian,200,0.10000000000000001,upwind,47.5,2.897856440858993e-15,5.4051257058224677e-51,2.1334337412315552e-06
gaussian,200,0.10000000000000001,upwind,48.5,5.6324560613763466e-17,6.1158503701640189e-48,4.8398154244086585e-06
gaussian,200,0.10000000000000001,upwind,49.5,8.7844644713825308e-19,5.5465005312857341e-45,1.0580075108993761e-05
gaussian,200,0.10000000000000001,upwind,50.5,1.0992014343435166e-20,4.0319648328398961e-42,2.2312014551444979e-05
gaussian,200,0.10000000000000001,upwind,51.5,1.1034033630235094e-22,2.3495028369634597e-39,4.5439464259100507e-05
gaussian,200,0.10000000000000001,upwind,52.5,8.8846316733736166e-25,1.0975511372095965e-36,8.9454598859331185e-05
gaussian,200,0.10000000000000001,upwind,53.5,5.7378388747034871e-27,4.1104854473094294e-34,0.00017039463032544514
gaussian,200,0.10000000000000001,upwind,54.5,2.971798312125173e-29,1.2342785224088959e-31,0.000314326632269241
gaussian,200,0.10000000000000001,upwind,55.500000000000007,1.2342785224087919e-31,2.9717983121253238e-29,0.00056201479604855097
gaussian,200,0.10000000000000001,upwind,56.5,4.1104854473092387e-34,5.7378388747034046e-27,0.00097478114488102707
gaussian,200,0.10000000000000001,upwind,57.499999999999993,1.0975511372096371e-36,8.8846316733732897e-25,0.0016413236503682355
gaussian,200,0.10000000000000001,upwind,58.5,2.3495028369635919e-39,1.1034033630235007e-22,0.0026849024832090976
gaussian,200,0.10000000000000001,upwind,59.5,4.0319648328398961e-42,1.0992014343435166e-20,0.0042698727740179705
gaussian,200,0.10000000000000001,upwind,60.5,5.5465005312857341e-45,8.7844644713825308e-19,0.0066060954731517151
gaussian,200,0.10000000000000001,upwind,61.5,6.1158503701640189e-48,5.6324560613763466e-17,0.0099493995462811742
gaussian,200,0.10000000000000001,upwind,62.5,5.4051257058224677e-51,2.897856440858993e-15,0.014596128190245619
gaussian,200,0.10000000000000001,upwind,63.5,3.8286286709321121e-54,1.1964839192313295e-13,0.020870009587382315
gaussian,200,0.10000000000000001,upwind,64.5,2.1734421815275004e-57,3.9650113373952613e-12,0.029100244538587207
gaussian,200,0.10000000000000001,upwind,65.5,9.8878225702524618e-61,1.0547466195306394e-10,0.039590820182614395
gaussian,200,0.10000000000000001,upwind,66.5,3.604812134010428e-64,2.2525693567795984e-09,0.052582555897736534
gaussian,200,0.10000000000000001,upwind,67.5,1.0531177035127619e-67,3.8627435570099709e-08,0.068211062131412176
gaussian,200,0.10000000000000001,upwind,68.5,2.4652873707848446e-71,5.3194075013792053e-07,0.086465344303383998
gaussian,200,0.10000000000000001,upwind,69.5,4.6242325190392664e-75,5.8835894690706761e-06,0.10715286263144159
gaussian,200,0.10000000000000001,upwind,70.5,6.9499126742802303e-79,5.2275059923927003e-05,0.12987714171410081
gaussian,200,0.10000000000000001,upwind,71.5,8.3690007569314962e-83,0.00037314677268319925,0.15403329745776015
gaussian,200,0.10000000000000001,upwind,72.5,8.0744004367222386e-87,0.00214020507078222,0.1788250790440245
gaussian,200,0.10000000000000001,upwind,73.5,6.2413421967517473e-91,0.0098645206478332349,0.20330438976370857
gaussian,200,0.10000000000000001,upwind,74.5,3.8651475082034861e-95,0.036541946733464482,0.22643113294663542
gaussian,200,0.10000000000000001,upwind,75.5,1.9176286730812131e-99,0.10880468515692684,0.24714814510972991
gaussian,200,0.10000000000000001,upwind,76.5,7.6219119829446566e-104,0.26042514195959271,0.26446348046606155
gaussian,200,0.10000000000000001,upwind,77.5,2.4269201775492884e-108,0.50110650195544038,0.27753087095930629
gaussian,200,0.10000000000000001,upwind,78.5,6.1905738060358609e-113,0.77520033314678238,0.28571909259197226
gaussian,200,0.10000000000000001,upwind,79.5,1.2649762087967003e-117,0.96416556333505798,0.28866226377028004
gaussian,200,0.10000000000000001,upwind,80.5,2.0706299308123932e-122,0.96416556333505798,0.28628557057048337
gaussian,200,0.10000000000000001,upwind,81.5,2.7150907736160399e-127,0.77520033314678238,0.27880413396888942
gaussian,200,0.10000000000000001,upwind,82.5,2.8518153653906486e-132,0.50110650195544038,0.26669616271642715
gaussian,200,0.10000000000000001,upwind,83.5,2.3994264868698216e-137,0.26042514195959271,0.25065462161170565
gaussian,200,0.10000000000000001,upwind,84.5,1.6170990853143237e-142,0.10880468515692684,0.23152393379318997
gaussian,200,0.10000000000000001,upwind,85.5,8.7297822633204655e-148,0.036541946733464482,0.21022944589926545
gaussian,200,0.10000000000000001,upwind,86.5,3.7748746948656425e-153,0.0098645206478332349,0.18770744290793154
gaussian,200,0.10000000000000001,upwind,87.5,1.3074618903550522e-158,0.00214020507078222,0.16484252907922917
gaussian,200,0.10000000000000001,upwind,88.5,3.6272558146092636e-164,0.00037314677268319925,0.14241746683761317
gaussian,200,0.10000000000000001,upwind,89.5,8.0601939842523253e-170,5.2275059923927003e-05,0.12107844170841163
gaussian,200,0.10000000000000001,upwind,90.5,1.4345863722220529e-175,5.8835894690706761e-06,0.10131656069864718
gaussian,200,0.10000000000000001,upwind,91.5,2.0451150777349032e-181,5.3194075013792053e-07,0.083464500267695696
gaussian,200,0.10000000000000001,upwind,92.5,2.3351499952916222e-187,3.8627435570099709e-08,0.067705807878525634
gaussian,200,0.10000000000000001,upwind,93.5,2.1355715051143688e-193,2.2525693567795984e-09,0.054093525002228061
gaussian,200,0.10000000000000001,upwind,94.5,1.5642719215530576e-199,1.0547466195306394e-10,0.042574531102993259
gaussian,200,0.10000000000000001,upwind,95.5,9.1771078118665972e-206,3.9650113373952613e-12,0.033016218333793312
gaussian,200,0.10000000000000001,upwind,96.5,4.3121283107197259e-212,1.1964839192313295e-13,0.025232657921759029
gaussian,200,0.10000000000000001,upwind,97.5,1.6228064393540392e-218,2.897856440858993e-15,0.019008158796582908
gaussian,200,0.10000000000000001,upwind,98.5,4.8913423211149546e-225,5.6324560613763466e-17,0.014116906308655518
gaussian,200,0.10000000000000001,upwind,99.5,1.1807906115914703e-231,8.7844644713825308e-19,0.010338093586567943
gaussian,200,0.10000000000000001,upwind,100.5,2.2829613083390864e-238,1.0992014343435166e-20,0.0074665484758972998
gaussian,200,0.10000000000000001,upwind,101.5,3.5351063070103485e-245,1.1034033630235094e-22,0.0053192816805902312
gaussian,200,0.10000000000000001,upwind,102.5,4.3841178589285109e-252,8.8846316733736166e-25,0.0037386353116466257
gaussian,200,0.10000000000000001,upwind,103.5,4.3544712450299474e-259,5.7378388747034871e-27,0.0025928167279901469
gaussian,200,0.10000000000000001,upwind,104.5,3.4638560906697508e-266,2.9717983121251882e-29,0.0017745940755107762
gaussian,200,0.10000000000000001,upwind,105.5,2.2067508129560438e-273,1.2342785224088351e-31,0.0011988448338101335
gaussian,200,0.10000000000000001,upwind,106.5,1.1259360137484322e-280,4.1104854473094294e-34,0.00079952184409960117
gaussian,200,0.10000000000000001,upwind,107.5,4.6008607253322257e-288,1.0975511372095965e-36,0.00052646104069943621
gaussian,200,0.10000000000000001,upwind,108.5,1.5056620395625464e-295,2.3495028369634222e-39,0.00034232163460434854
gaussian,200,0.10000000000000001,upwind,109.50000000000001,3.9461819357704376e-303,4.0319648328394793e-42,0.00021983502665048562
gaussian,200,0.10000000000000001,upwind,110.50000000000001,8.2829705159623653e-311,5.5465005312851709e-45,0.00013944877792288328
gaussian,200,0.10000000000000001,upwind,111.50000000000001,1.3923609811404258e-318,6.1158503701635364e-48,8.7387098641624107e-05
gaussian,200,0.10000000000000001,upwind,112.5,0,5.4051257058220226e-51,5.4106933947408376e-05
gaussian,200,0.10000000000000001,upwind,113.49999999999999,0,3.8286286709325624e-54,3.3104610393671277e-05
gaussian,200,0.10000000000000001,upwind,114.49999999999999,0,2.1734421815277523e-57,2.0017495063831142e-05
gaussian,200,0.10000000000000001,upwind,115.49999999999999,0,9.8878225702533351e-61,1.1963857579933171e-05
gaussian,200,0.10000000000000001,upwind,116.5,0,3.6048121340108328e-64,7.0684862162867293e-06
gaussian,200,0.10000000000000001,upwind,117.5,0,1.0531177035127619e-67,4.1288355707158668e-06
gaussian,200,0.10000000000000001,upwind,118.5,0,2.4652873707848446e-71,2.3846573932472465e-06
gaussian,200,0.10000000000000001,upwind,119.5,0,4.6242325190392664e-75,1.3619834469997735e-06
gaussian,200,0.10000000000000001,upwind,120.5,0,6.9499126742802303e-79,7.693328710355486e-07
gaussian,200,0.10000000000000001,upwind,121.5,0,8.3690007569314962e-83,4.2983480583385512e-07
gaussian,200,0.10000000000000001,upwind,122.5,0,8.0744004367222386e-87,2.3756418014591174e-07
gaussian,200,0.10000000000000001,upwind,123.5,0,6.2413421967517473e-91,1.2989689131497607e-07
gaussian,200,0.10000000000000001,upwind,124.5,0,3.8651475082034861e-95,7.0274928275294882e-08
gaussian,200,0.10000000000000001,upwind,125.5,0,1.9176286730812131e-99,3.7621012480297632e-08
gaussian,200,0.10000000000000001,upwind,126.5,0,7.6219119829446566e-104,1.9931164576399883e-08
gaussian,200,0.10000000000000001,upwind,127.5,0,2.4269201775492884e-108,1.0450808414575401e-08
gaussian,200,0.10000000000000001,upwind,128.5,0,6.1905738060358609e-113,5.4240564171204128e-09
gaussian,200,0.10000000000000001,upwind,129.5,0,1.2649762087967003e-117,2.7867429823593924e-09
gaussian,200,0.10000000000000001,upwind,130.5,0,2.0706299308123932e-122,1.4174527369873829e-09
gaussian,200,0.10000000000000001,upwind,131.5,0,2.7150907736160399e-127,7.1383693952768732e-10
gaussian,200,0.10000000000000001,upwind,132.5,0,2.8518153653906486e-132,3.5596500006444096e-10
gaussian,200,0.10000000000000001,upwind,133.5,0,2.3994264868698216e-137,1.7578095398359769e-10
gaussian,200,0.10000000000000001,upwind,134.5,0,1.6170990853143237e-142,8.5966705029867352e-11
gaussian,200,0.10000000000000001,upwind,135.5,0,8.7297822633204655e-148,4.1640864204451006e-11
gaussian,200,0.10000000000000001,upwind,136.5,0,3.7748746948656425e-153,1.997912998930134e-11
gaussian,200,0.10000000000000001,upwind,137.5,0,1.3074618903550522e-158,9.4959094041784933e-12
gaussian,200,0.10000000000000001,upwind,138.5,0,3.6272558146092636e-164,4.4713107762525775e-12
gaussian,200,0.10000000000000001,upwind,139.5,0,8.0601939842523253e-170,2.0859601478769576e-12
gaussian,200,0.10000000000000001,upwind,140.5,0,1.4345863722220529e-175,9.6423742519156427e-13
gaussian,200,0.10000000000000001,upwind,141.5,0,2.0451150777349032e-181,4.4167435832135357e-13
gaussian,200,0.10000000000000001,upwind,142.5,0,2.3351499952916222e-187,2.0049034358902604e-13
gaussian,200,0.10000000000000001,upwind,143.5,0,2.1355715051143688e-193,9.0196587436136304e-14
gaussian,200,0.10000000000000001,upwind,144.5,0,1.5642719215530576e-199,4.0218317605557895e-14
gaussian,200,0.10000000000000001,upwind,145.5,0,9.1771078118665972e-206,1.7775674812102679e-14
gaussian,200,0.10000000000000001,upwind,146.5,0,4.3121283107197259e-212,7.7880270631409169e-15
gaussian,200,0.10000000000000001,upwind,147.5,0,1.6228064393540392e-218,3.3826590603012863e-15
gaussian,200,0.10000000000000001,upwind,148.5,0,4.8913423211149546e-225,1.4566264908781164e-15
gaussian,200,0.10000000000000001,upwind,149.5,0,1.1807906115914703e-231,6.2190878906318922e-16
gaussian,200,0.10000000000000001,upwind,150.5,0,2.2829613083390864e-238,2.6328283928538288e-16
gaussian,200,0.10000000000000001,upwind,151.5,0,3.5351063070103485e-245,1.1052593185806869e-16
gaussian,200,0.10000000000000001,upwind,152.5,0,4.3841178589285109e-252,4.601289515914442e-17
gaussian,200,0.10000000000000001,upwind,153.5,0,4.3544712450299474e-259,1.8997489744803226e-17
gaussian,200,0.10000000000000001,upwind,154.5,0,3.4638560906697508e-266,7.7793136801924895e-18
gaussian,200,0.10000000000000001,upwind,155.5,0,2.2067508129560438e-273,3.1596681237457225e-18
gaussian,200,0.10000000000000001,upwind,156.5,0,1.1259360137484322e-280,1.272984420768807e-18
gaussian,200,0.10000000000000001,upwind,157.5,0,4.6008607253322257e-288,5.0875895474784844e-19
gaussian,200,0.10000000000000001,upwind,158.5,0,1.5056620395625786e-295,2.0171302529403035e-19
gaussian,200,0.10000000000000001,upwind,159.5,0,3.9461819357718733e-303,7.9343962414929174e-20
gaussian,200,0.10000000000000001,upwind,160.5,0,8.2829705159638475e-311,3.0965399955514195e-20
gaussian,200,0.10000000000000001,upwind,161.5,0,1.3923609811404258e-318,1.1990762782208023e-20
gaussian,200,0.10000000000000001,upwind,162.5,0,0,4.6073194936978526e-21
gaussian,200,0.10000000000000001,upwind,163.5,0,0,1.756729914537407e-21
gaussian,200,0.10000000000000001,upwind,164.5,0,0,6.6472226528905549e-22
gaussian,200,0.10000000000000001,upwind,165.5,0,0,2.4961869049189452e-22
gaussian,200,0.10000000000000001,upwind,166.5,0,0,9.3033290465697104e-23
gaussian,200,0.10000000000000001,upwind,167.5,0,0,3.4414900237182801e-23
gaussian,200,0.10000000000000001,upwind,168.5,0,0,1.2636407912883456e-23
gaussian,200,0.10000000000000001,upwind,169.5,0,0,4.6056568875192453e-24
gaussian,200,0.10000000000000001,upwind,170.5,0,0,1.6663717076117961e-24
gaussian,200,0.10000000000000001,upwind,171.5,0,0,5.9852981682906054e-25
gaussian,200,0.10000000000000001,upwind,172.5,0,0,2.1342940940067864e-25
gaussian,200,0.10000000000000001,upwind,173.5,0,0,7.5561049439216592e-26
gaussian,200,0.10000000000000001,upwind,174.5,0,0,2.6560567676451024e-26
gaussian,200,0.10000000000000001,upwind,175.5,0,0,9.2702728491035439e-27
gaussian,200,0.10000000000000001,upwind,176.5,0,0,3.2127974595369627e-27
gaussian,200,0.10000000000000001,upwind,177.5,0,0,1.1056800215929133e-27
gaussian,200,0.10000000000000001,upwind,178.5,0,0,3.7787679595294674e-28
gaussian,200,0.10000000000000001,upwind,179.5,0,0,1.2825217765670895e-28
gaussian,200,0.10000000000000001,upwind,180.5,0,0,4.323066381484539e-29
gaussian,200,0.10000000000000001,upwind,181.5,0,0,1.4472725489395824e-29
gaussian,200,0.10000000000000001,upwind,182.5,0,0,4.8123632990769759e-30
gaussian,200,0.10000000000000001,upwind,183.5,0,0,1.5894040465756381e-30
gaussian,200,0.10000000000000001,upwind,184.5,0,0,5.2142997052703667e-31
gaussian,200,0.10000000000000001,upwind,185.5,0,0,1.6992651476680561e-31
gaussian,200,0.10000000000000001,upwind,186.5,0,0,5.501071568337614e-32
gaussian,200,0.10000000000000001,upwind,187.5,0,0,1.7691787358166535e-32
gaussian,200,0.10000000000000001,upwind,188.5,0,0,5.6526418928397213e-33
gaussian,200,0.10000000000000001,upwind,189.5,0,0,1.7943346768458624e-33
gaussian,200,0.10000000000000001,upwind,190.5,0,0,5.6590601440135518e-34
gaussian,200,0.10000000000000001,upwind,191.5,0,0,1.7733339071033182e-34
gaussian,200,0.10000000000000001,upwind,192.5,0,0,5.5215161573696805e-35
gaussian,200,0.10000000000000001,upwind,193.5,0,0,1.7082989612344369e-35
gaussian,200,0.10000000000000001,upwind,194.5,0,0,5.2519791941143249e-36
gaussian,200,0.10000000000000001,upwind,195.5,0,0,1.6045431939970868e-36
gaussian,200,0.10000000000000001,upwind,196.5,0,0,4.8715217580824321e-37
gaussian,200,0.10000000000000001,upwind,197.5,0,0,1.4698670075602139e-37
gaussian,200,0.10000000000000001,upwind,198.5,0,0,4.4076465954573054e-38
gaussian,200,0.10000000000000001,upwind,199.5,0,0,1.3136080808271616e-38
gaussian,200,0.10000000000000001,TVD_vanLeer,0.5,4.0319648328398961e-42,3.9461819357718733e-303,6.0463004375674703e-64
gaussian,200,0.10000000000000001,TVD_vanLeer,1.5,2.3495028369634597e-39,1.5056620395625786e-295,3.8286633358193673e-61
gaussian,200,0.10000000000000001,TVD_vanLeer,2.5,1.0975511372095965e-36,4.6008607253322257e-288,1.8315323849649255e-58
gaussian,200,0.10000000000000001,TVD_vanLeer,3.5,4.1104854473094294e-34,1.1259360137484322e-280,7.0415248524611917e-56
gaussian,200,0.10000000000000001,TVD_vanLeer,4.5,1.2342785224088351e-31,2.2067508129560438e-273,2.1839886899213137e-53
gaussian,200,0.10000000000000001,TVD_vanLeer,5.5,2.9717983121251882e-29,3.4638560906697508e-266,5.4735166862849675e-51
gaussian,200,0.10000000000000001,TVD_vanLeer,6.5,5.7378388747034871e-27,4.3544712450299474e-259,1.1104861054903783e-48
gaussian,200,0.10000000000000001,TVD_vanLeer,7.5,8.8846316733736166e-25,4.3841178589285109e-252,1.8278672136313498e-46
gaussian,200,0.10000000000000001,TVD_vanLeer,8.5,1.1034033630235094e-22,3.5351063070103485e-245,2.4473474831050241e-44
gaussian,200,0.10000000000000001,TVD_vanLeer,9.5,1.0992014343435166e-20,2.2829613083390864e-238,2.6736469360776728e-42
gaussian,200,0.10000000000000001,TVD_vanLeer,10.5,8.7844644713825308e-19,1.1807906115914703e-231,2.391771436705078e-40
gaussian,200,0.10000000000000001,TVD_vanLeer,11.5,5.6324560613763466e-17,4.8913423211149546e-225,1.7570901058366228e-38
gaussian,200,0.10000000000000001,TVD_vanLeer,12.5,2.897856440858993e-15,1.6228064393540392e-218,1.0363590108232168e-36
gaussian,200,0.10000000000000001,TVD_vanLeer,13.5,1.1964839192313295e-13,4.3121283107197259e-212,4.1937465247517884e-35
gaussian,200,0.10000000000000001,TVD_vanLeer,14.5,3.9650113373952613e-12,9.1771078118665972e-206,1.1603604137146804e-33
gaussian,200,0.10000000000000001,TVD_vanLeer,15.5,1.0547466195306394e-10,1.5642719215530576e-199,2.3386443864589692e-32
gaussian,200,0.10000000000000001,TVD_vanLeer,16.5,2.2525693567795984e-09,2.1355715051143688e-193,3.6436538270611495e-31
gaussian,200,0.10000000000000001,TVD_vanLeer,17.5,3.8627435570099709e-08,2.3351499952916222e-187,4.5924729916782183e-30
gaussian,200,0.10000000000000001,TVD_vanLeer,18.5,5.3194075013792053e-07,2.0451150777349032e-181,4.8440112369261057e-29
gaussian,200,0.10000000000000001,TVD_vanLeer,19.5,5.8835894690706761e-06,1.4345863722220529e-175,4.3866330676477213e-28
gaussian,200,0.10000000000000001,TVD_vanLeer,20.5,5.2275059923927003e-05,8.0601939842523253e-170,3.478647553780627e-27
gaussian,200,0.10000000000000001,TVD_vanLeer,21.5,0.00037314677268319925,3.6272558146092636e-164,2.4536564426831155e-26
gaussian,200,0.10000000000000001,TVD_vanLeer,22.5,0.00214020507078222,1.3074618903550522e-158,1.5587718848413209e-25
gaussian,200,0.10000000000000001,TVD_vanLeer,23.5,0.0098645206478332349,3.7748746948656425e-153,9.0107157103111639e-25
gaussian,200,0.10000000000000001,TVD_vanLeer,24.5,0.036541946733464482,8.7297822633204655e-148,4.7799055974340655e-24
gaussian,200,0.10000000000000001,TVD_vanLeer,25.5,0.10880468515692684,1.6170990853143237e-142,2.3433520210493073e-23
gaussian,200,0.10000000000000001,TVD_vanLeer,26.5,0.26042514195959271,2.3994264868698216e-137,1.0680976917165878e-22
gaussian,200,0.10000000000000001,TVD_vanLeer,27.5,0.5011065019554406,2.8518153653906486e-132,4.5493723693411287e-22
gaussian,200,0.10000000000000001,TVD_vanLeer,28.5,0.77520033314678272,2.7150907736160399e-127,1.8186837056704469e-21
gaussian,200,0.10000000000000001,TVD_vanLeer,29.5,0.96416556333505776,2.0706299308123932e-122,6.849654740565383e-21
gaussian,200,0.10000000000000001,TVD_vanLeer,30.5,0.96416556333505798,1.2649762087967003e-117,2.4384514297875626e-20
gaussian,200,0.10000000000000001,TVD_vanLeer,31.5,0.77520033314678238,6.1905738060358609e-113,8.2289687652523495e-20
gaussian,200,0.10000000000000001,TVD_vanLeer,32.5,0.50110650195544038,2.4269201775492884e-108,2.639174378732901e-19
gaussian,200,0.10000000000000001,TVD_vanLeer,33.5,0.26042514195959271,7.6219119829446566e-104,8.0624226792152315e-19
gaussian,200,0.10000000000000001,TVD_vanLeer,34.5,0.10880468515692684,1.9176286730812131e-99,2.3508202414984784e-18
gaussian,200,0.10000000000000001,TVD_vanLeer,35.5,0.036541946733464482,3.8651475082034861e-95,6.5542999964164243e-18
gaussian,200,0.10000000000000001,TVD_vanLeer,36.5,0.0098645206478332349,6.2413421967517473e-91,1.7503002919108527e-17
gaussian,200,0.10000000000000001,TVD_vanLeer,37.5,0.00214020507078222,8.0744004367222386e-87,4.4838131586388251e-17
gaussian,200,0.10000000000000001,TVD_vanLeer,38.5,0.00037314677268319925,8.3690007569314962e-83,1.1034611436720178e-16
gaussian,200,0.10000000000000001,TVD_vanLeer,39.5,5.2275059923927003e-05,6.9499126742802303e-79,2.6123986609147565e-16
gaussian,200,0.10000000000000001,TVD_vanLeer,40.5,5.8835894690706761e-06,4.6242325190392664e-75,5.9578063977737662e-16
gaussian,200,0.10000000000000001,TVD_vanLeer,41.5,5.3194075013792053e-07,2.4652873707848446e-71,1.3107302514179815e-15
gaussian,200,0.10000000000000001,TVD_vanLeer,42.5,3.8627435570099709e-08,1.0531177035127619e-67,2.7861558424613236e-15
gaussian,200,0.10000000000000001,TVD_vanLeer,43.5,2.2525693567795984e-09,3.604812134010428e-64,5.7330733479082163e-15
gaussian,200,0.10000000000000001,TVD_vanLeer,44.5,1.0547466195306394e-10,9.8878225702524618e-61,1.1448087624135076e-14
gaussian,200,0.10000000000000001,TVD_vanLeer,45.5,3.9650113373952613e-12,2.1734421815275004e-57,2.2260749633537817e-14
gaussian,200,0.10000000000000001,TVD_vanLeer,46.5,1.1964839192313295e-13,3.8286286709321121e-54,4.236865803126617e-14
gaussian,200,0.10000000000000001,TVD_vanLeer,47.5,2.897856440858993e-15,5.4051257058224677e-51,7.9595722640088614e-14
gaussian,200,0.10000000000000001,TVD_vanLeer,48.5,5.6324560613763466e-17,6.1158503701640189e-48,1.4999503775565819e-13
gaussian,200,0.10000000000000001,TVD_vanLeer,49.5,8.7844644713825308e-19,5.5465005312857341e-45,2.9586783274388601e-13
gaussian,200,0.10000000000000001,TVD_vanLeer,50.5,1.0992014343435166e-20,4.0319648328398961e-42,6.8876984261598305e-13
gaussian,200,0.10000000000000001,TVD_vanLeer,51.5,1.1034033630235094e-22,2.3495028369634597e-39,2.1831008371343897e-12
gaussian,200,0.10000000000000001,TVD_vanLeer,52.5,8.8846316733736166e-25,1.0975511372095965e-36,8.7899035190384103e-12
gaussian,200,0.10000000000000001,TVD_vanLeer,53.5,5.7378388747034871e-27,4.1104854473094294e-34,3.8085707328035537e-11
gaussian,200,0.10000000000000001,TVD_vanLeer,54.5,2.971798312125173e-29,1.2342785224088959e-31,1.6348468382403387e-10
gaussian,200,0.10000000000000001,TVD_vanLeer,55.500000000000007,1.2342785224087919e-31,2.9717983121253238e-29,6.7834484468571234e-10
gaussian,200,0.10000000000000001,TVD_vanLeer,56.5,4.1104854473092387e-34,5.7378388747034046e-27,2.7043158060449134e-09
gaussian,200,0.10000000000000001,TVD_vanLeer,57.499999999999993,1.0975511372096371e-36,8.8846316733732897e-25,1.034458074213799e-08
gaussian,200,0.10000000000000001,TVD_vanLeer,58.5,2.3495028369635919e-39,1.1034033630235007e-22,3.7958826660899648e-08
gaussian,200,0.10000000000000001,TVD_vanLeer,59.5,4.0319648328398961e-42,1.0992014343435166e-20,1.3361722092099468e-07
gaussian,200,0.10000000000000001,TVD_vanLeer,60.5,5.5465005312857341e-45,8.7844644713825308e-19,4.5122229459359619e-07
gaussian,200,0.10000000000000001,TVD_vanLeer,61.5,6.1158503701640189e-48,5.6324560613763466e-17,1.4619358127292253e-06
gaussian,200,0.10000000000000001,TVD_vanLeer,62.5,5.4051257058224677e-51,2.897856440858993e-15,4.5446693177997569e-06
gaussian,200,0.10000000000000001,TVD_vanLeer,63.5,3.8286286709321121e-54,1.1964839192313295e-13,1.3555912237291428e-05
gaussian,200,0.10000000000000001,TVD_vanLeer,64.5,2.1734421815275004e-57,3.9650113373952613e-12,3.8797700310448969e-05
gaussian,200,0.10000000000000001,TVD_vanLeer,65.5,9.8878225702524618e-61,1.0547466195306394e-10,0.00010653785415510862
gaussian,200,0.10000000000000001,TVD_vanLeer,66.5,3.604812134010428e-64,2.2525693567795984e-09,0.00028064081910273597
gaussian,200,0.10000000000000001,TVD_vanLeer,67.5,1.0531177035127619e-67,3.8627435570099709e-08,0.00070895206362206996
gaussian,200,0.10000000000000001,TVD_vanLeer,68.5,2.4652873707848446e-71,5.3194075013792053e-07,0.0017167040788564944
gaussian,200,0.10000000000000001,TVD_vanLeer,69.5,4.6242325190392664e-75,5.8835894690706761e-06,0.0039818239884948326
gaussian,200,0.10000000000000001,TVD_vanLeer,70.5,6.9499126742802303e-79,5.2275059923927003e-05,0.0088379338104011829
gaussian,200,0.10000000000000001,TVD_vanLeer,71.5,8.3690007569314962e-83,0.00037314677268319925,0.01874674061662689
gaussian,200,0.10000000000000001,TVD_vanLeer,72.5,8.0744004367222386e-87,0.00214020507078222,0.037935001418279039
gaussian,200,0.10000000000000001,TVD_vanLeer,73.5,6.2413421967517473e-91,0.0098645206478332349,0.073054312245050032
gaussian,200,0.10000000000000001,TVD_vanLeer,74.5,3.8651475082034861e-95,0.036541946733464482,0.1333955084592198
gaussian,200,0.10000000000000001,TVD_vanLeer,75.5,1.9176286730812131e-99,0.10880468515692684,0.22931356259471333
gaussian,200,0.10000000000000001,TVD_vanLeer,76.5,7.6219119829446566e-104,0.26042514195959271,0.36471616789729566
gaussian,200,0.10000000000000001,TVD_vanLeer,77.5,2.4269201775492884e-108,0.50110650195544038,0.51474467209852948
gaussian,200,0.10000000000000001,TVD_vanLeer,78.5,6.1905738060358609e-113,0.77520033314678238,0.60929147268683415
gaussian,200,0.10000000000000001,TVD_vanLeer,79.5,1.2649762087967003e-117,0.96416556333505798,0.62563338444262928
gaussian,200,0.10000000000000001,TVD_vanLeer,80.5,2.0706299308123932e-122,0.96416556333505798,0.62199609275547407
gaussian,200,0.10000000000000001,TVD_vanLeer,81.5,2.7150907736160399e-127,0.77520033314678238,0.60114789041055305
gaussian,200,0.10000000000000001,TVD_vanLeer,82.5,2.8518153653906486e-132,0.50110650195544038,0.54526245384423411
gaussian,200,0.10000000000000001,TVD_vanLeer,83.5,2.3994264868698216e-137,0.26042514195959271,0.44196188673871317
gaussian,200,0.10000000000000001,TVD_vanLeer,84.5,1.6170990853143237e-142,0.10880468515692684,0.29646860930412566
gaussian,200,0.10000000000000001,TVD_vanLeer,85.5,8.7297822633204655e-148,0.036541946733464482,0.14371244497822183
gaussian,200,0.10000000000000001,TVD_vanLeer,86.5,3.7748746948656425e-153,0.0098645206478332349,0.039744602304987144
gaussian,200,0.10000000000000001,TVD_vanLeer,87.5,1.3074618903550522e-158,0.00214020507078222,0.0044147462878027146
gaussian,200,0.10000000000000001,TVD_vanLeer,88.5,3.6272558146092636e-164,0.00037314677268319925,0.00012974419836591841
gaussian,200,0.10000000000000001,TVD_vanLeer,89.5,8.0601939842523253e-170,5.2275059923927003e-05,6.6942560133655871e-07
gaussian,200,0.10000000000000001,TVD_vanLeer,90.5,1.4345863722220529e-175,5.8835894690706761e-06,4.2537831924515333e-10
gaussian,200,0.10000000000000001,TVD_vanLeer,91.5,2.0451150777349032e-181,5.3194075013792053e-07,1.7392063587728388e-12
gaussian,200,0.10000000000000001,TVD_vanLeer,92.5,2.3351499952916222e-187,3.8627435570099709e-08,1.5955860035920627e-12
gaussian,200,0.10000000000000001,TVD_vanLeer,93.5,2.1355715051143688e-193,2.2525693567795984e-09,1.4226300642757328e-12
gaussian,200,0.10000000000000001,TVD_vanLeer,94.5,1.5642719215530576e-199,1.0547466195306394e-10,1.2507921110791806e-12
gaussian,200,0.10000000000000001,TVD_vanLeer,95.5,9.1771078118665972e-206,3.9650113373952613e-12,1.0888678470243318e-12
gaussian,200,0.10000000000000001,TVD_vanLeer,96.5,4.3121283107197259e-212,1.1964839192313295e-13,9.3820958866211875e-13
gaussian,200,0.10000000000000001,TVD_vanLeer,97.5,1.6228064393540392e-218,2.897856440858993e-15,7.9954609886457791e-13
gaussian,200,0.10000000000000001,TVD_vanLeer,98.5,4.8913423211149546e-225,5.6324560613763466e-17,6.7353803981869626e-13
gaussian,200,0.10000000000000001,TVD_vanLeer,99.5,1.1807906115914703e-231,8.7844644713825308e-19,5.6062718238104235e-13
gaussian,200,0.10000000000000001,TVD_vanLeer,100.5,2.2829613083390864e-238,1.0992014343435166e-20,4.6094205878706344e-13
gaussian,200,0.10000000000000001,TVD_vanLeer,101.5,3.5351063070103485e-245,1.1034033630235094e-22,3.7426805841352347e-13
gaussian,200,0.10000000000000001,TVD_vanLeer,102.5,4.3841178589285109e-252,8.8846316733736166e-25,3.0006548757781044e-13
gaussian,200,0.10000000000000001,TVD_vanLeer,103.5,4.3544712450299474e-259,5.7378388747034871e-27,2.3752038732522639e-13
gaussian,200,0.10000000000000001,TVD_vanLeer,104.5,3.4638560906697508e-266,2.9717983121251882e-29,1.8561345362278656e-13
gaussian,200,0.10000000000000001,TVD_vanLeer,105.5,2.2067508129560438e-273,1.2342785224088351e-31,1.4319499840616715e-13
gaussian,200,0.10000000000000001,TVD_vanLeer,106.5,1.1259360137484322e-280,4.1104854473094294e-34,1.0905697802199217e-13
gaussian,200,0.10000000000000001,TVD_vanLeer,107.5,4.6008607253322257e-288,1.0975511372095965e-36,8.1996003832196895e-14
gaussian,200,0.10000000000000001,TVD_vanLeer,108.5,1.5056620395625464e-295,2.3495028369634222e-39,6.0863810301996163e-14
gaussian,200,0.10000000000000001,TVD_vanLeer,109.50000000000001,3.9461819357704376e-303,4.0319648328394793e-42,4.4603825121099053e-14
gaussian,200,0.10000000000000001,TVD_vanLeer,110.50000000000001,8.2829705159623653e-311,5.5465005312851709e-45,3.2274189012173683e-14
gaussian,200,0.10000000000000001,TVD_vanLeer,111.50000000000001,1.3923609811404258e-318,6.1158503701635364e-48,2.3058765194917123e-14
gaussian,200,0.10000000000000001,TVD_vanLeer,112.5,0,5.4051257058220226e-51,1.6268372343316027e-14
gaussian,200,0.10000000000000001,TVD_vanLeer,113.49999999999999,0,3.8286286709325624e-54,1.1334736284078681e-14
gaussian,200,0.10000000000000001,TVD_vanLeer,114.49999999999999,0,2.1734421815277523e-57,7.7995843652124927e-15
gaussian,200,0.10000000000000001,TVD_vanLeer,115.49999999999999,0,9.8878225702533351e-61,5.3010129446005264e-15
gaussian,200,0.10000000000000001,TVD_vanLeer,116.5,0,3.6048121340108328e-64,3.5588457763156179e-15
gaussian,200,0.10000000000000001,TVD_vanLeer,117.5,0,1.0531177035127619e-67,2.3602531231630706e-15
gaussian,200,0.10000000000000001,TVD_vanLeer,118.5,0,2.4652873707848446e-71,1.5464782973045238e-15
gaussian,200,0.10000000000000001,TVD_vanLeer,119.5,0,4.6242325190392664e-75,1.0011566486070118e-15
gaussian,200,0.10000000000000001,TVD_vanLeer,120.5,0,6.9499126742802303e-79,6.4042846521900062e-16
gaussian,200,0.10000000000000001,TVD_vanLeer,121.5,0,8.3690007569314962e-83,4.0484359108756504e-16
gaussian,200,0.10000000000000001,TVD_vanLeer,122.5,0,8.0744004367222386e-87,2.5292386755449261e-16
gaussian,200,0.10000000000000001,TVD_vanLeer,123.5,0,6.2413421967517473e-91,1.5617670799228427e-16
gaussian,200,0.10000000000000001,TVD_vanLeer,124.5,0,3.8651475082034861e-95,9.5324543418519855e-17
gaussian,200,0.10000000000000001,TVD_vanLeer,125.5,0,1.9176286730812131e-99,5.7516628993857243e-17
gaussian,200,0.10000000000000001,TVD_vanLeer,126.5,0,7.6219119829446566e-104,3.4309990582943852e-17
gaussian,200,0.10000000000000001,TVD_vanLeer,127.5,0,2.4269201775492884e-108,2.0235994685615217e-17
gaussian,200,0.10000000000000001,TVD_vanLeer,128.5,0,6.1905738060358609e-113,1.1801673924147452e-17
gaussian,200,0.10000000000000001,TVD_vanLeer,129.5,0,1.2649762087967003e-117,6.8063780096144035e-18
gaussian,200,0.10000000000000001,TVD_vanLeer,130.5,0,2.0706299308123932e-122,3.8822204046848196e-18
gaussian,200,0.10000000000000001,TVD_vanLeer,131.5,0,2.7150907736160399e-127,2.1901516675989623e-18
gaussian,200,0.10000000000000001,TVD_vanLeer,132.5,0,2.8518153653906486e-132,1.2221828985046663e-18
gaussian,200,0.10000000000000001,TVD_vanLeer,133.5,0,2.3994264868698216e-137,6.7468995746488387e-19
gaussian,200,0.10000000000000001,TVD_vanLeer,134.5,0,1.6170990853143237e-142,3.6848194464789072e-19
gaussian,200,0.10000000000000001,TVD_vanLeer,135.5,0,8.7297822633204655e-148,1.9911768763606295e-19
gaussian,200,0.10000000000000001,TVD_vanLeer,136.5,0,3.7748746948656425e-153,1.0646888070937799e-19
gaussian,200,0.10000000000000001,TVD_vanLeer,137.5,0,1.3074618903550522e-158,5.6336792544585507e-20
gaussian,200,0.10000000000000001,TVD_vanLeer,138.5,0,3.6272558146092636e-164,2.9502258623154744e-20
gaussian,200,0.10000000000000001,TVD_vanLeer,139.5,0,8.0601939842523253e-170,1.5291462736443663e-20
gaussian,200,0.10000000000000001,TVD_vanLeer,140.5,0,1.4345863722220529e-175,7.8453089110555097e-21
gaussian,200,0.10000000000000001,TVD_vanLeer,141.5,0,2.0451150777349032e-181,3.9845077692645923e-21
gaussian,200,0.10000000000000001,TVD_vanLeer,142.5,0,2.3351499952916222e-187,2.0034521860721791e-21
gaussian,200,0.10000000000000001,TVD_vanLeer,143.5,0,2.1355715051143688e-193,9.9737554456285477e-22
gaussian,200,0.10000000000000001,TVD_vanLeer,144.5,0,1.5642719215530576e-199,4.9164237534392141e-22
gaussian,200,0.10000000000000001,TVD_vanLeer,145.5,0,9.1771078118665972e-206,2.3998597246506389e-22
gaussian,200,0.10000000000000001,TVD_vanLeer,146.5,0,4.3121283107197259e-212,1.160120530380418e-22
gaussian,200,0.10000000000000001,TVD_vanLeer,147.5,0,1.6228064393540392e-218,5.5543784706736182e-23
gaussian,200,0.10000000000000001,TVD_vanLeer,148.5,0,4.8913423211149546e-225,2.6340072045054035e-23
gaussian,200,0.10000000000000001,TVD_vanLeer,149.5,0,1.1807906115914703e-231,1.2373177505377885e-23
gaussian,200,0.10000000000000001,TVD_vanLeer,150.5,0,2.2829613083390864e-238,5.7578667467377667e-24
gaussian,200,0.10000000000000001,TVD_vanLeer,151.5,0,3.5351063070103485e-245,2.6545503325057428e-24
gaussian,200,0.10000000000000001,TVD_vanLeer,152.5,0,4.3841178589285109e-252,1.2125560684672185e-24
gaussian,200,0.10000000000000001,TVD_vanLeer,153.5,0,4.3544712450299474e-259,5.4881546613188225e-25
gaussian,200,0.10000000000000001,TVD_vanLeer,154.5,0,3.4638560906697508e-266,2.4614796495281536e-25
gaussian,200,0.10000000000000001,TVD_vanLeer,155.5,0,2.2067508129560438e-273,1.094064465873992e-25
gaussian,200,0.10000000000000001,TVD_vanLeer,156.5,0,1.1259360137484322e-280,4.8194480383936905e-26
gaussian,200,0.10000000000000001,TVD_vanLeer,157.5,0,4.6008607253322257e-288,2.10421445711303e-26
gaussian,200,0.10000000000000001,TVD_vanLeer,158.5,0,1.5056620395625786e-295,9.1064939095958494e-27
gaussian,200,0.10000000000000001,TVD_vanLeer,159.5,0,3.9461819357718733e-303,3.9067058743160159e-27
gaussian,200,0.10000000000000001,TVD_vanLeer,160.5,0,8.2829705159638475e-311,1.6614909041378024e-27
gaussian,200,0.10000000000000001,TVD_vanLeer,161.5,0,1.3923609811404258e-318,7.0055462353917916e-28
gaussian,200,0.10000000000000001,TVD_vanLeer,162.5,0,0,2.9286770840915635e-28
gaussian,200,0.10000000000000001,TVD_vanLeer,163.5,0,0,1.2139889000947664e-28
gaussian,200,0.10000000000000001,TVD_vanLeer,164.5,0,0,4.9899891897003917e-29
gaussian,200,0.10000000000000001,TVD_vanLeer,165.5,0,0,2.0340129277558772e-29
gaussian,200,0.10000000000000001,TVD_vanLeer,166.5,0,0,8.2225063569735381e-30
gaussian,200,0.10000000000000001,TVD_vanLeer,167.5,0,0,3.296688874151802e-30
gaussian,200,0.10000000000000001,TVD_vanLeer,168.5,0,0,1.3109961555428149e-30
gaussian,200,0.10000000000000001,TVD_vanLeer,169.5,0,0,5.1713116388603811e-31
gaussian,200,0.10000000000000001,TVD_vanLeer,170.5,0,0,2.0234925933916568e-31
gaussian,200,0.10000000000000001,TVD_vanLeer,171.5,0,0,7.8546996430348571e-32
gaussian,200,0.10000000000000001,TVD_vanLeer,172.5,0,0,3.0248908172604024e-32
gaussian,200,0.10000000000000001,TVD_vanLeer,173.5,0,0,1.1557575855752193e-32
gaussian,200,0.10000000000000001,TVD_vanLeer,174.5,0,0,4.3815237873846802e-33
gaussian,200,0.10000000000000001,TVD_vanLeer,175.5,0,0,1.6481968877490918e-33
gaussian,200,0.10000000000000001,TVD_vanLeer,176.5,0,0,6.1523680128563523e-34
gaussian,200,0.10000000000000001,TVD_vanLeer,177.5,0,0,2.2790209333591429e-34
gaussian,200,0.10000000000000001,TVD_vanLeer,178.5,0,0,8.3781918662701505e-35
gaussian,200,0.10000000000000001,TVD_vanLeer,179.5,0,0,3.0568290441698563e-35
gaussian,200,0.10000000000000001,TVD_vanLeer,180.5,0,0,1.1069638734769109e-35
gaussian,200,0.10000000000000001,TVD_vanLeer,181.5,0,0,3.9788675598709495e-36
gaussian,200,0.10000000000000001,TVD_vanLeer,182.5,0,0,1.419617232687162e-36
gaussian,200,0.10000000000000001,TVD_vanLeer,183.5,0,0,5.0279448437568201e-37
gaussian,200,0.10000000000000001,TVD_vanLeer,184.5,0,0,1.7678224754910107e-37
gaussian,200,0.10000000000000001,TVD_vanLeer,185.5,0,0,6.1707345895192492e-38
gaussian,200,0.10000000000000001,TVD_vanLeer,186.5,0,0,2.1384842174059985e-38
gaussian,200,0.10000000000000001,TVD_vanLeer,187.5,0,0,7.358119340630264e-39
gaussian,200,0.10000000000000001,TVD_vanLeer,188.5,0,0,2.5138512132643807e-39
gaussian,200,0.10000000000000001,TVD_vanLeer,189.5,0,0,8.527944936862472e-40
gaussian,200,0.10000000000000001,TVD_vanLeer,190.5,0,0,2.8727718687678677e-40
gaussian,200,0.10000000000000001,TVD_vanLeer,191.5,0,0,9.6101338043901593e-41
gaussian,200,0.10000000000000001,TVD_vanLeer,192.5,0,0,3.1926303480325811e-41
gaussian,200,0.10000000000000001,TVD_vanLeer,193.5,0,0,1.0533625464585577e-41
gaussian,200,0.10000000000000001,TVD_vanLeer,194.5,0,0,3.4517237131246707e-42
gaussian,200,0.10000000000000001,TVD_vanLeer,195.5,0,0,1.1234189690668871e-42
gaussian,200,0.10000000000000001,TVD_vanLeer,196.5,0,0,3.6317293611974691e-43
gaussian,200,0.10000000000000001,TVD_vanLeer,197.5,0,0,1.1661902307601797e-43
gaussian,200,0.10000000000000001,TVD_vanLeer,198.5,0,0,3.7198677167374978e-44
gaussian,200,0.10000000000000001,TVD_vanLeer,199.5,0,0,1.1787060921719539e-44
gaussian,200,0.10000000000000001,PLM_MC,0.5,4.0319648328398961e-42,3.9461819357718733e-303,6.0463004375674703e-64
gaussian,200,0.10000000000000001,PLM_MC,1.5,2.3495028369634597e-39,1.5056620395625786e-295,1.2092600875134938e-63
gaussian,200,0.10000000000000001,PLM_MC,2.5,1.0975511372095965e-36,4.6008607253322257e-288,3.0553574389374623e-63
gaussian,200,0.10000000000000001,PLM_MC,3.5,4.1104854473094294e-34,1.1259360137484322e-280,8.1600699924596445e-63
gaussian,200,0.10000000000000001,PLM_MC,4.5,1.2342785224088351e-31,2.2067508129560438e-273,2.4536518671761896e-62
gaussian,200,0.10000000000000001,PLM_MC,5.5,2.9717983121251882e-29,3.4638560906697508e-266,6.2612320881644248e-62
gaussian,200,0.10000000000000001,PLM_MC,6.5,5.7378388747034871e-27,4.3544712450299474e-259,1.8529049041896903e-61
gaussian,200,0.10000000000000001,PLM_MC,7.5,8.8846316733736166e-25,4.3841178589285109e-252,4.8041470181607376e-61
gaussian,200,0.10000000000000001,PLM_MC,8.5,1.1034033630235094e-22,3.5351063070103485e-245,1.2620804668666636e-60
gaussian,200,0.10000000000000001,PLM_MC,9.5,1.0992014343435166e-20,2.2829613083390864e-238,3.5684184505764679e-60
gaussian,200,0.10000000000000001,PLM_MC,10.5,8.7844644713825308e-19,1.1807906115914703e-231,8.8652749635526395e-60
gaussian,200,0.10000000000000001,PLM_MC,11.5,5.6324560613763466e-17,4.8913423211149546e-225,2.8110208072357592e-59
gaussian,200,0.10000000000000001,PLM_MC,12.5,2.897856440858993e-15,1.6228064393540392e-218,4.8278016290196374e-58
gaussian,200,0.10000000000000001,PLM_MC,13.5,1.1964839192313295e-13,4.3121283107197259e-212,2.8143677370428794e-56
gaussian,200,0.10000000000000001,PLM_MC,14.5,3.9650113373952613e-12,9.1771078118665972e-206,1.5983372670149023e-54
gaussian,200,0.10000000000000001,PLM_MC,15.5,1.0547466195306394e-10,1.5642719215530576e-199,7.9450493196459365e-53
gaussian,200,0.10000000000000001,PLM_MC,16.5,2.2525693567795984e-09,2.1355715051143688e-193,3.4648012474654832e-51
gaussian,200,0.10000000000000001,PLM_MC,17.5,3.8627435570099709e-08,2.3351499952916222e-187,1.3344455223227942e-49
gaussian,200,0.10000000000000001,PLM_MC,18.5,5.3194075013792053e-07,2.0451150777349032e-181,4.5688827884102914e-48
gaussian,200,0.10000000000000001,PLM_MC,19.5,5.8835894690706761e-06,1.4345863722220529e-175,1.3992934208099761e-46
gaussian,200,0.10000000000000001,PLM_MC,20.5,5.2275059923927003e-05,8.0601939842523253e-170,3.8560512113777669e-45
gaussian,200,0.10000000000000001,PLM_MC,21.5,0.00037314677268319925,3.6272558146092636e-164,9.6138231793847184e-44
gaussian,200,0.10000000000000001,PLM_MC,22.5,0.00214020507078222,1.3074618903550522e-158,2.1796779956786612e-42
gaussian,200,0.10000000000000001,PLM_MC,23.5,0.0098645206478332349,3.7748746948656425e-153,4.5154273015757549e-41
gaussian,200,0.10000000000000001,PLM_MC,24.5,0.036541946733464482,8.7297822633204655e-148,8.5848725966510411e-40
gaussian,200,0.10000000000000001,PLM_MC,25.5,0.10880468515692684,1.6170990853143237e-142,1.5040926800461149e-38
gaussian,200,0.10000000000000001,PLM_MC,26.5,0.26042514195959271,2.3994264868698216e-137,2.4376230942197945e-37
gaussian,200,0.10000000000000001,PLM_MC,27.5,0.5011065019554406,2.8518153653906486e-132,3.6671855385043794e-36
gaussian,200,0.10000000000000001,PLM_MC,28.5,0.77520033314678272,2.7150907736160399e-127,5.1378793664557232e-35
gaussian,200,0.10000000000000001,PLM_MC,29.5,0.96416556333505776,2.0706299308123932e-122,6.7239797458659068e-34
gaussian,200,0.10000000000000001,PLM_MC,30.5,0.96416556333505798,1.2649762087967003e-117,8.2427582655655139e-33
gaussian,200,0.10000000000000001,PLM_MC,31.5,0.77520033314678238,6.1905738060358609e-113,9.4896143988551784e-32
gaussian,200,0.10000000000000001,PLM_MC,32.5,0.50110650195544038,2.4269201775492884e-108,1.0284959824276565e-30
gaussian,200,0.10000000000000001,PLM_MC,33.5,0.26042514195959271,7.6219119829446566e-104,1.0517498775166077e-29
gaussian,200,0.10000000000000001,PLM_MC,34.5,0.10880468515692684,1.9176286730812131e-99,1.0169337282529756e-28
gaussian,200,0.10000000000000001,PLM_MC,35.5,0.036541946733464482,3.8651475082034861e-95,9.3153856440004477e-28
gaussian,200,0.10000000000000001,PLM_MC,36.5,0.0098645206478332349,6.2413421967517473e-91,8.0992349911252765e-27
gaussian,200,0.10000000000000001,PLM_MC,37.5,0.00214020507078222,8.0744004367222386e-87,6.6955145128547248e-26
gaussian,200,0.10000000000000001,PLM_MC,38.5,0.00037314677268319925,8.3690007569314962e-83,5.2716008406022152e-25
gaussian,200,0.10000000000000001,PLM_MC,39.5,5.2275059923927003e-05,6.9499126742802303e-79,3.9591889496688365e-24
gaussian,200,0.10000000000000001,PLM_MC,40.5,5.8835894690706761e-06,4.6242325190392664e-75,2.8407351394791006e-23
gaussian,200,0.10000000000000001,PLM_MC,41.5,5.3194075013792053e-07,2.4652873707848446e-71,1.9500463617308748e-22
gaussian,200,0.10000000000000001,PLM_MC,42.5,3.8627435570099709e-08,1.0531177035127619e-67,1.2824923362075514e-21
gaussian,200,0.10000000000000001,PLM_MC,43.5,2.2525693567795984e-09,3.604812134010428e-64,8.0918361051079363e-21
gaussian,200,0.10000000000000001,PLM_MC,44.5,1.0547466195306394e-10,9.8878225702524618e-61,4.9044823705193229e-20
gaussian,200,0.10000000000000001,PLM_MC,45.5,3.9650113373952613e-12,2.1734421815275004e-57,2.8592538174776918e-19
gaussian,200,0.10000000000000001,PLM_MC,46.5,1.1964839192313295e-13,3.8286286709321121e-54,1.6053787737292356e-18
gaussian,200,0.10000000000000001,PLM_MC,47.5,2.897856440858993e-15,5.4051257058224677e-51,8.6919229466002599e-18
gaussian,200,0.10000000000000001,PLM_MC,48.5,5.6324560613763466e-17,6.1158503701640189e-48,4.5437777927301779e-17
gaussian,200,0.10000000000000001,PLM_MC,49.5,8.7844644713825308e-19,5.5465005312857341e-45,2.2963426264048732e-16
gaussian,200,0.10000000000000001,PLM_MC,50.5,1.0992014343435166e-20,4.0319648328398961e-42,1.1234199864574529e-15
gaussian,200,0.10000000000000001,PLM_MC,51.5,1.1034033630235094e-22,2.3495028369634597e-39,5.3274485067545392e-15
gaussian,200,0.10000000000000001,PLM_MC,52.5,8.8846316733736166e-25,1.0975511372095965e-36,2.4523311370920722e-14
gaussian,200,0.10000000000000001,PLM_MC,53.5,5.7378388747034871e-27,4.1104854473094294e-34,1.097401050225067e-13
gaussian,200,0.10000000000000001,PLM_MC,54.5,2.971798312125173e-29,1.2342785224088959e-31,4.7814713372231148e-13
gaussian,200,0.10000000000000001,PLM_MC,55.500000000000007,1.2342785224087919e-31,2.9717983121253238e-29,2.0318777004229469e-12
gaussian,200,0.10000000000000001,PLM_MC,56.5,4.1104854473092387e-34,5.7378388747034046e-27,8.4363475868519936e-12
gaussian,200,0.10000000000000001,PLM_MC,57.499999999999993,1.0975511372096371e-36,8.8846316733732897e-25,3.4289902230908341e-11
gaussian,200,0.10000000000000001,PLM_MC,58.5,2.3495028369635919e-39,1.1034033630235007e-22,1.3671524012666359e-10
gaussian,200,0.10000000000000001,PLM_MC,59.5,4.0319648328398961e-42,1.0992014343435166e-20,5.3583549504881014e-10
gaussian,200,0.10000000000000001,PLM_MC,60.5,5.5465005312857341e-45,8.7844644713825308e-19,2.0689945426433622e-09
gaussian,200,0.10000000000000001,PLM_MC,61.5,6.1158503701640189e-48,5.6324560613763466e-17,7.887700507496142e-09
gaussian,200,0.10000000000000001,PLM_MC,62.5,5.4051257058224677e-51,2.897856440858993e-15,2.9752583108205393e-08
gaussian,200,0.10000000000000001,PLM_MC,63.5,3.8286286709321121e-54,1.1964839192313295e-13,1.1125993915600503e-07
gaussian,200,0.10000000000000001,PLM_MC,64.5,2.1734421815275004e-57,3.9650113373952613e-12,4.13194392930644e-07
gaussian,200,0.10000000000000001,PLM_MC,65.5,9.8878225702524618e-61,1.0547466195306394e-10,1.526206320764818e-06
gaussian,200,0.10000000000000001,PLM_MC,66.5,3.604812134010428e-64,2.2525693567795984e-09,5.6133758260624396e-06
gaussian,200,0.10000000000000001,PLM_MC,67.5,1.0531177035127619e-67,3.8627435570099709e-08,2.0576123361142313e-05
gaussian,200,0.10000000000000001,PLM_MC,68.5,2.4652873707848446e-71,5.3194075013792053e-07,7.5212382441477857e-05
gaussian,200,0.10000000000000001,PLM_MC,69.5,4.6242325190392664e-75,5.8835894690706761e-06,0.0002742605580988348
gaussian,200,0.10000000000000001,PLM_MC,70.5,6.9499126742802303e-79,5.2275059923927003e-05,0.0009978797267425699
gaussian,200,0.10000000000000001,PLM_MC,71.5,8.3690007569314962e-83,0.00037314677268319925,0.0036231263720233184
gaussian,200,0.10000000000000001,PLM_MC,72.5,8.0744004367222386e-87,0.00214020507078222,0.013128281984976007
gaussian,200,0.10000000000000001,PLM_MC,73.5,6.2413421967517473e-91,0.0098645206478332349,0.042047973976856091
gaussian,200,0.10000000000000001,PLM_MC,74.5,3.8651475082034861e-95,0.036541946733464482,0.10309652115044447
gaussian,200,0.10000000000000001,PLM_MC,75.5,1.9176286730812131e-99,0.10880468515692684,0.20624669677674956
gaussian,200,0.10000000000000001,PLM_MC,76.5,7.6219119829446566e-104,0.26042514195959271,0.35183375375954046
gaussian,200,0.10000000000000001,PLM_MC,77.5,2.4269201775492884e-108,0.50110650195544038,0.52090827104013071
gaussian,200,0.10000000000000001,PLM_MC,78.5,6.1905738060358609e-113,0.77520033314678238,0.66253069815883325
gaussian,200,0.10000000000000001,PLM_MC,79.5,1.2649762087967003e-117,0.96416556333505798,0.69625613475701709
gaussian,200,0.10000000000000001,PLM_MC,80.5,2.0706299308123932e-122,0.96416556333505798,0.69192191162064165
gaussian,200,0.10000000000000001,PLM_MC,81.5,2.7150907736160399e-127,0.77520033314678238,0.66401319063969089
gaussian,200,0.10000000000000001,PLM_MC,82.5,2.8518153653906486e-132,0.50110650195544038,0.57695398423910604
gaussian,200,0.10000000000000001,PLM_MC,83.5,2.3994264868698216e-137,0.26042514195959271,0.43272824007110072
gaussian,200,0.10000000000000001,PLM_MC,84.5,1.6170990853143237e-142,0.10880468515692684,0.25612232465187107
gaussian,200,0.10000000000000001,PLM_MC,85.5,8.7297822633204655e-148,0.036541946733464482,0.090661959687356158
gaussian,200,0.10000000000000001,PLM_MC,86.5,3.7748746948656425e-153,0.0098645206478332349,0.0039128505758709948
gaussian,200,0.10000000000000001,PLM_MC,87.5,1.3074618903550522e-158,0.00214020507078222,-1.1222604447215655e-17
gaussian,200,0.10000000000000001,PLM_MC,88.5,3.6272558146092636e-164,0.00037314677268319925,-1.0493151908142959e-17
gaussian,200,0.10000000000000001,PLM_MC,89.5,8.0601939842523253e-170,5.2275059923927003e-05,-7.8933089649374605e-18
gaussian,200,0.10000000000000001,PLM_MC,90.5,1.4345863722220529e-175,5.8835894690706761e-06,-4.172589051794804e-18
gaussian,200,0.10000000000000001,PLM_MC,91.5,2.0451150777349032e-181,5.3194075013792053e-07,-9.4490296437612e-19
gaussian,200,0.10000000000000001,PLM_MC,92.5,2.3351499952916222e-187,3.8627435570099709e-08,5.6719759664383017e-30
gaussian,200,0.10000000000000001,PLM_MC,93.5,2.1355715051143688e-193,2.2525693567795984e-09,5.4944359736887889e-30
gaussian,200,0.10000000000000001,PLM_MC,94.5,1.5642719215530576e-199,1.0547466195306394e-10,4.4305296854946281e-30
gaussian,200,0.10000000000000001,PLM_MC,95.5,9.1771078118665972e-206,3.9650113373952613e-12,2.3649699048043054e-30
gaussian,200,0.10000000000000001,PLM_MC,96.5,4.3121283107197259e-212,1.1964839192313295e-13,4.9907728682817969e-31
gaussian,200,0.10000000000000001,PLM_MC,97.5,1.6228064393540392e-218,2.897856440858993e-15,3.4790533493272411e-174
gaussian,200,0.10000000000000001,PLM_MC,98.5,4.8913423211149546e-225,5.6324560613763466e-17,1.3271308237955726e-173
gaussian,200,0.10000000000000001,PLM_MC,99.5,1.1807906115914703e-231,8.7844644713825308e-19,3.6984597337882194e-173
gaussian,200,0.10000000000000001,PLM_MC,100.5,2.2829613083390864e-238,1.0992014343435166e-20,9.1016597905600079e-173
gaussian,200,0.10000000000000001,PLM_MC,101.5,3.5351063070103485e-245,1.1034033630235094e-22,2.050096906275179e-172
gaussian,200,0.10000000000000001,PLM_MC,102.5,4.3841178589285109e-252,8.8846316733736166e-25,4.2738649113688515e-172
gaussian,200,0.10000000000000001,PLM_MC,103.5,4.3544712450299474e-259,5.7378388747034871e-27,8.3027583355021566e-172
gaussian,200,0.10000000000000001,PLM_MC,104.5,3.4638560906697508e-266,2.9717983121251882e-29,1.5114984053614469e-171
gaussian,200,0.10000000000000001,PLM_MC,105.5,2.2067508129560438e-273,1.2342785224088351e-31,2.5912646822689271e-171
gaussian,200,0.10000000000000001,PLM_MC,106.5,1.1259360137484322e-280,4.1104854473094294e-34,4.201986969014348e-171
gaussian,200,0.10000000000000001,PLM_MC,107.5,4.6008607253322257e-288,1.0975511372095965e-36,6.4712465166842136e-171
gaussian,200,0.10000000000000001,PLM_MC,108.5,1.5056620395625464e-295,2.3495028369634222e-39,9.5001250576445086e-171
gaussian,200,0.10000000000000001,PLM_MC,109.50000000000001,3.9461819357704376e-303,4.0319648328394793e-42,1.3341079815448545e-170
gaussian,200,0.10000000000000001,PLM_MC,110.50000000000001,8.2829705159623653e-311,5.5465005312851709e-45,1.798051940489936e-170
gaussian,200,0.10000000000000001,PLM_MC,111.50000000000001,1.3923609811404258e-318,6.1158503701635364e-48,2.3330721684249895e-170
gaussian,200,0.10000000000000001,PLM_MC,112.5,0,5.4051257058220226e-51,2.9233756333146955e-170
gaussian,200,0.10000000000000001,PLM_MC,113.49999999999999,0,3.8286286709325624e-54,3.5477217105286726e-170
gaussian,200,0.10000000000000001,PLM_MC,114.49999999999999,0,2.1734421815277523e-57,4.1818735085794747e-170
gaussian,200,0.10000000000000001,PLM_MC,115.49999999999999,0,9.8878225702533351e-61,4.8014302785312433e-170
gaussian,200,0.10000000000000001,PLM_MC,116.5,0,3.6048121340108328e-64,5.3844903154294859e-170
gaussian,200,0.10000000000000001,PLM_MC,117.5,0,1.0531177035127619e-67,5.9136819907134877e-170
gaussian,200,0.10000000000000001,PLM_MC,118.5,0,2.4652873707848446e-71,6.3772879431465339e-170
gaussian,200,0.10000000000000001,PLM_MC,119.5,0,4.6242325190392664e-75,6.7694087882843111e-170
gaussian,200,0.10000000000000001,PLM_MC,120.5,0,6.9499126742802303e-79,7.0893054575337798e-170
gaussian,200,0.10000000000000001,PLM_MC,121.5,0,8.3690007569314962e-83,7.3401824747897609e-170
gaussian,200,0.10000000000000001,PLM_MC,122.5,0,8.0744004367222386e-87,7.5277158276446709e-170
gaussian,200,0.10000000000000001,PLM_MC,123.5,0,6.2413421967517473e-91,7.658600914087723e-170
gaussian,200,0.10000000000000001,PLM_MC,124.5,0,3.8651475082034861e-95,7.739324601710162e-170
gaussian,200,0.10000000000000001,PLM_MC,125.5,0,1.9176286730812131e-99,7.7752792127355159e-170
gaussian,200,0.10000000000000001,PLM_MC,126.5,0,7.6219119829446566e-104,7.7702574165643274e-170
gaussian,200,0.10000000000000001,PLM_MC,127.5,0,2.4269201775492884e-108,7.7263077281965164e-170
gaussian,200,0.10000000000000001,PLM_MC,128.5,0,6.1905738060358609e-113,7.6438933284758218e-170
gaussian,200,0.10000000000000001,PLM_MC,129.5,0,1.2649762087967003e-117,7.5222787441829245e-170
gaussian,200,0.10000000000000001,PLM_MC,130.5,0,2.0706299308123932e-122,7.3600635653691828e-170
gaussian,200,0.10000000000000001,PLM_MC,131.5,0,2.7150907736160399e-127,7.1557843170180505e-170
gaussian,200,0.10000000000000001,PLM_MC,132.5,0,2.8518153653906486e-132,6.9085113414610069e-170
gaussian,200,0.10000000000000001,PLM_MC,133.5,0,2.3994264868698216e-137,6.618375788527393e-170
gaussian,200,0.10000000000000001,PLM_MC,134.5,0,1.6170990853143237e-142,6.286972734081452e-170
gaussian,200,0.10000000000000001,PLM_MC,135.5,0,8.7297822633204655e-148,5.917600652786668e-170
gaussian,200,0.10000000000000001,PLM_MC,136.5,0,3.7748746948656425e-153,5.5153150433244233e-170
gaussian,200,0.10000000000000001,PLM_MC,137.5,0,1.3074618903550522e-158,5.0867940083482223e-170
gaussian,200,0.10000000000000001,PLM_MC,138.5,0,3.6272558146092636e-164,4.6400340618999382e-170
gaussian,200,0.10000000000000001,PLM_MC,139.5,0,8.0601939842523253e-170,4.1839127824599066e-170
gaussian,200,0.10000000000000001,PLM_MC,140.5,0,1.4345863722220529e-175,3.7276685604010533e-170
gaussian,200,0.10000000000000001,PLM_MC,141.5,0,2.0451150777349032e-181,3.2803546514846768e-170
gaussian,200,0.10000000000000001,PLM_MC,142.5,0,2.3351499952916222e-187,2.8503241877260273e-170
gaussian,200,0.10000000000000001,PLM_MC,143.5,0,2.1355715051143688e-193,2.4447951325555525e-170
gaussian,200,0.10000000000000001,PLM_MC,144.5,0,1.5642719215530576e-199,2.0695309669063247e-170
gaussian,200,0.10000000000000001,PLM_MC,145.5,0,9.1771078118665972e-206,1.7286565064947345e-170
gaussian,200,0.10000000000000001,PLM_MC,146.5,0,4.3121283107197259e-212,1.4246113120727728e-170
gaussian,200,0.10000000000000001,PLM_MC,147.5,0,1.6228064393540392e-218,1.1582280817779872e-170
gaussian,200,0.10000000000000001,PLM_MC,148.5,0,4.8913423211149546e-225,9.2891201611167163e-171
gaussian,200,0.10000000000000001,PLM_MC,149.5,0,1.1807906115914703e-231,7.3489039978140232e-171
gaussian,200,0.10000000000000001,PLM_MC,150.5,0,2.2829613083390864e-238,5.7349966911853046e-171
gaussian,200,0.10000000000000001,PLM_MC,151.5,0,3.5351063070103485e-245,4.4147942049599859e-171
gaussian,200,0.10000000000000001,PLM_MC,152.5,0,4.3841178589285109e-252,3.3524806665797274e-171
gaussian,200,0.10000000000000001,PLM_MC,153.5,0,4.3544712450299474e-259,2.511418534439763e-171
gaussian,200,0.10000000000000001,PLM_MC,154.5,0,3.4638560906697508e-266,1.8560643792863687e-171
gaussian,200,0.10000000000000001,PLM_MC,155.5,0,2.2067508129560438e-273,1.3533715683090005e-171
gaussian,200,0.10000000000000001,PLM_MC,156.5,0,1.1259360137484322e-280,9.7369769070579589e-172
gaussian,200,0.10000000000000001,PLM_MC,157.5,0,4.6008607253322257e-288,6.9127480794316935e-172
gaussian,200,0.10000000000000001,PLM_MC,158.5,0,1.5056620395625786e-295,4.8432410509929073e-172
gaussian,200,0.10000000000000001,PLM_MC,159.5,0,3.9461819357718733e-303,3.3490514689602488e-172
gaussian,200,0.10000000000000001,PLM_MC,160.5,0,8.2829705159638475e-311,2.2858697812378944e-172
gaussian,200,0.10000000000000001,PLM_MC,161.5,0,1.3923609811404258e-318,1.5401753851304172e-172
gaussian,200,0.10000000000000001,PLM_MC,162.5,0,0,1.0245289469274391e-172
gaussian,200,0.10000000000000001,PLM_MC,163.5,0,0,6.7291614223267072e-173
gaussian,200,0.10000000000000001,PLM_MC,164.5,0,0,4.3644380377577024e-173
gaussian,200,0.10000000000000001,PLM_MC,165.5,0,0,2.7955992748015476e-173
gaussian,200,0.10000000000000001,PLM_MC,166.5,0,0,1.7686812540659195e-173
gaussian,200,0.10000000000000001,PLM_MC,167.5,0,0,1.1053538871830674e-173
gaussian,200,0.10000000000000001,PLM_MC,168.5,0,0,6.8246334770786674e-174
gaussian,200,0.10000000000000001,PLM_MC,169.5,0,0,4.1632509032763763e-174
gaussian,200,0.10000000000000001,PLM_MC,170.5,0,0,2.5096316959467589e-174
gaussian,200,0.10000000000000001,PLM_MC,171.5,0,0,1.4950654412860943e-174
gaussian,200,0.10000000000000001,PLM_MC,172.5,0,0,8.8030175708229391e-175
gaussian,200,0.10000000000000001,PLM_MC,173.5,0,0,5.1235628926765106e-175
gaussian,200,0.10000000000000001,PLM_MC,174.5,0,0,2.9480122298974671e-175
gaussian,200,0.10000000000000001,PLM_MC,175.5,0,0,1.6770666032680306e-175
gaussian,200,0.10000000000000001,PLM_MC,176.5,0,0,9.4336940069698919e-176
gaussian,200,0.10000000000000001,PLM_MC,177.5,0,0,5.2477098145038053e-176
gaussian,200,0.10000000000000001,PLM_MC,178.5,0,0,2.8870875592001194e-176
gaussian,200,0.10000000000000001,PLM_MC,179.5,0,0,1.5710761029021921e-176
gaussian,200,0.10000000000000001,PLM_MC,180.5,0,0,8.4571892019046159e-177
gaussian,200,0.10000000000000001,PLM_MC,181.5,0,0,4.503915922667009e-177
gaussian,200,0.10000000000000001,PLM_MC,182.5,0,0,2.3731935646017265e-177
gaussian,200,0.10000000000000001,PLM_MC,183.5,0,0,1.2373636834398623e-177
gaussian,200,0.10000000000000001,PLM_MC,184.5,0,0,6.3844713166797865e-178
gaussian,200,0.10000000000000001,PLM_MC,185.5,0,0,3.2602983123788843e-178
gaussian,200,0.10000000000000001,PLM_MC,186.5,0,0,1.6479172994113424e-178
gaussian,200,0.10000000000000001,PLM_MC,187.5,0,0,8.2451661449415564e-179
gaussian,200,0.10000000000000001,PLM_MC,188.5,0,0,4.0840305995853253e-179
gaussian,200,0.10000000000000001,PLM_MC,189.5,0,0,2.00282590708478e-179
gaussian,200,0.10000000000000001,PLM_MC,190.5,0,0,9.7252443515881031e-180
gaussian,200,0.10000000000000001,PLM_MC,191.5,0,0,4.6762620556740811e-180
gaussian,200,0.10000000000000001,PLM_MC,192.5,0,0,2.2267705548154267e-180
gaussian,200,0.10000000000000001,PLM_MC,193.5,0,0,1.0501882451358986e-180
gaussian,200,0.10000000000000001,PLM_MC,194.5,0,0,4.9058026318378986e-181
gaussian,200,0.10000000000000001,PLM_MC,195.5,0,0,2.2700731654243603e-181
gaussian,200,0.10000000000000001,PLM_MC,196.5,0,0,1.0406185997219726e-181
gaussian,200,0.10000000000000001,PLM_MC,197.5,0,0,4.7260662333438491e-182
gaussian,200,0.10000000000000001,PLM_MC,198.5,0,0,2.1266622839061309e-182
gaussian,200,0.10000000000000001,PLM_MC,199.5,0,0,9.4824651254248832e-183
gaussian,200,1,upwind,0.5,4.0319648328398961e-42,3.9461819357718733e-303,5.3305430506704156e-65
gaussian,200,1,upwind,1.5,2.3495028369634597e-39,1.5056620395625786e-295,3.402350421629551e-62
gaussian,200,1,upwind,2.5,1.0975511372095965e-36,4.6008607253322257e-288,1.6318172002845833e-59
gaussian,200,1,upwind,3.5,4.1104854473094294e-34,1.1259360137484322e-280,6.2898400693475624e-57
gaussian,200,1,upwind,4.5,1.2342785224088351e-31,2.2067508129560438e-273,1.9569631995347697e-54
gaussian,200,1,upwind,5.5,2.9717983121251882e-29,3.4638560906697508e-266,4.92342718877066e-52
gaussian,200,1,upwind,6.5,5.7378388747034871e-27,4.3544712450299474e-259,1.0035904837465732e-49
gaussian,200,1,upwind,7.5,8.8846316733736166e-25,4.3841178589285109e-252,1.6614114657490321e-47
gaussian,200,1,upwind,8.5,1.1034033630235094e-22,3.5351063070103485e-245,2.2399951350992279e-45
gaussian,200,1,upwind,9.5,1.0992014343435166e-20,2.2829613083390864e-238,2.4677210532456453e-43
gaussian,200,1,upwind,10.5,8.7844644713825308e-19,1.1807906115914703e-231,2.2299020379504597e-41
gaussian,200,1,upwind,11.5,5.6324560613763466e-17,4.8913423211149546e-225,1.6600589590523336e-39
gaussian,200,1,upwind,12.5,2.897856440858993e-15,1.6228064393540392e-218,1.0232182071241434e-37
gaussian,200,1,upwind,13.5,1.1964839192313295e-13,4.3121283107197259e-212,5.2508122157903629e-36
gaussian,200,1,upwind,14.5,3.9650113373952613e-12,9.1771078118665972e-206,2.2570224577592885e-34
gaussian,200,1,upwind,15.5,1.0547466195306394e-10,1.5642719215530576e-199,8.1796886448494667e-33
gaussian,200,1,upwind,16.5,2.2525693567795984e-09,2.1355715051143688e-193,2.5167058568768878e-31
gaussian,200,1,upwind,17.5,3.8627435570099709e-08,2.3351499952916222e-187,6.6212688256286617e-30
gaussian,200,1,upwind,18.5,5.3194075013792053e-07,2.0451150777349032e-181,1.5005277059385238e-28
gaussian,200,1,upwind,19.5,5.8835894690706761e-06,1.4345863722220529e-175,2.9507489275830023e-27
gaussian,200,1,upwind,20.5,5.2275059923927003e-05,8.0601939842523253e-170,5.0717702069498629e-26
gaussian,200,1,upwind,21.5,0.00037314677268319925,3.6272558146092636e-164,7.6736246701325801e-25
gaussian,200,1,upwind,22.5,0.00214020507078222,1.3074618903550522e-158,1.0290065312389201e-23
gaussian,200,1,upwind,23.5,0.0098645206478332349,3.7748746948656425e-153,1.2309483928603467e-22
gaussian,200,1,upwind,24.5,0.036541946733464482,8.7297822633204655e-148,1.3217294664761825e-21
gaussian,200,1,upwind,25.5,0.10880468515692684,1.6170990853143237e-142,1.2812812139982193e-20
gaussian,200,1,upwind,26.5,0.26042514195959271,2.3994264868698216e-137,1.127463996543061e-19
gaussian,200,1,upwind,27.5,0.5011065019554406,2.8518153653906486e-132,9.0513969104760772e-19
gaussian,200,1,upwind,28.5,0.77520033314678272,2.7150907736160399e-127,6.6608258413336348e-18
gaussian,200,1,upwind,29.5,0.96416556333505776,2.0706299308123932e-122,4.5127237498559008e-17
gaussian,200,1,upwind,30.5,0.96416556333505798,1.2649762087967003e-117,2.826237632778531e-16
gaussian,200,1,upwind,31.5,0.77520033314678238,6.1905738060358609e-113,1.6423680258346528e-15
gaussian,200,1,upwind,32.5,0.50110650195544038,2.4269201775492884e-108,8.8866419322125916e-15
gaussian,200,1,upwind,33.5,0.26042514195959271,7.6219119829446566e-104,4.4917319746080287e-14
gaussian,200,1,upwind,34.5,0.10880468515692684,1.9176286730812131e-99,2.1271657374806251e-13
gaussian,200,1,upwind,35.5,0.036541946733464482,3.8651475082034861e-95,9.4647618434895708e-13
gaussian,200,1,upwind,36.5,0.0098645206478332349,6.2413421967517473e-91,3.9670101657521827e-12
gaussian,200,1,upwind,37.5,0.00214020507078222,8.0744004367222386e-87,1.570032445576141e-11
gaussian,200,1,upwind,38.5,0.00037314677268319925,8.3690007569314962e-83,5.8805869786239258e-11
gaussian,200,1,upwind,39.5,5.2275059923927003e-05,6.9499126742802303e-79,2.0888590999249351e-10
gaussian,200,1,upwind,40.5,5.8835894690706761e-06,4.6242325190392664e-75,7.0505637003698511e-10
gaussian,200,1,upwind,41.5,5.3194075013792053e-07,2.4652873707848446e-71,2.2654771623486289e-09
gaussian,200,1,upwind,42.5,3.8627435570099709e-08,1.0531177035127619e-67,6.9416270087192153e-09
gaussian,200,1,upwind,43.5,2.2525693567795984e-09,3.604812134010428e-64,2.031547379008253e-08
gaussian,200,1,upwind,44.5,1.0547466195306394e-10,9.8878225702524618e-61,5.6873845892171231e-08
gaussian,200,1,upwind,45.5,3.9650113373952613e-12,2.1734421815275004e-57,1.5252286688614555e-07
gaussian,200,1,upwind,46.5,1.1964839192313295e-13,3.8286286709321121e-54,3.9235100954324114e-07
gaussian,200,1,upwind,47.5,2.897856440858993e-15,5.4051257058224677e-51,9.6934758076677699e-07
gaussian,200,1,upwind,48.5,5.6324560613763466e-17,6.1158503701640189e-48,2.3028519303319445e-06
gaussian,200,1,upwind,49.5,8.7844644713825308e-19,5.5465005312857341e-45,5.2665063399796035e-06
gaussian,200,1,upwind,50.5,1.0992014343435166e-20,4.0319648328398961e-42,1.1606770726239132e-05
gaussian,200,1,upwind,51.5,1.1034033630235094e-22,2.3495028369634597e-39,2.4675734648189877e-05
gaussian,200,1,upwind,52.5,8.8846316733736166e-25,1.0975511372095965e-36,5.0653996392866352e-05
gaussian,200,1,upwind,53.5,5.7378388747034871e-27,4.1104854473094294e-34,0.00010049310574433652
gaussian,200,1,upwind,54.5,2.971798312125173e-29,1.2342785224088959e-31,0.00019284666933831442
gaussian,200,1,upwind,55.500000000000007,1.2342785224087919e-31,2.9717983121253238e-29,0.00035825929044464456
gaussian,200,1,upwind,56.5,4.1104854473092387e-34,5.7378388747034046e-27,0.00064480931323032654
gaussian,200,1,upwind,57.499999999999993,1.0975511372096371e-36,8.8846316733732897e-25,0.0011252183673149218
gaussian,200,1,upwind,58.5,2.3495028369635919e-39,1.1034033630235007e-22,0.0019051196089790469
gaussian,200,1,upwind,59.5,4.0319648328398961e-42,1.0992014343435166e-20,0.0031317126485203468
gaussian,200,1,upwind,60.5,5.5465005312857341e-45,8.7844644713825308e-19,0.0050014624548053183
gaussian,200,1,upwind,61.5,6.1158503701640189e-48,5.6324560613763466e-17,0.0077649115832556116
gaussian,200,1,upwind,62.5,5.4051257058224677e-51,2.897856440858993e-15,0.011726214326063814
gaussian,200,1,upwind,63.5,3.8286286709321121e-54,1.1964839192313295e-13,0.017234850513218582
gaussian,200,1,upwind,64.5,2.1734421815275004e-57,3.9650113373952613e-12,0.024667319140375638
gaussian,200,1,upwind,65.5,9.8878225702524618e-61,1.0547466195306394e-10,0.034397577554427454
gaussian,200,1,upwind,66.5,3.604812134010428e-64,2.2525693567795984e-09,0.04675659717593611
gaussian,200,1,upwind,67.5,1.0531177035127619e-67,3.8627435570099709e-08,0.061983508531158603
gaussian,200,1,upwind,68.5,2.4652873707848446e-71,5.3194075013792053e-07,0.080173090154540924
gaussian,200,1,upwind,69.5,4.6242325190392664e-75,5.8835894690706761e-06,0.10122636159074519
gaussian,200,1,upwind,70.5,6.9499126742802303e-79,5.2275059923927003e-05,0.12481225853836275
gaussian,200,1,upwind,71.5,8.3690007569314962e-83,0.00037314677268319925,0.15034835134673055
gaussian,200,1,upwind,72.5,8.0744004367222386e-87,0.00214020507078222,0.1770070634435017
gaussian,200,1,upwind,73.5,6.2413421967517473e-91,0.0098645206478332349,0.20375089435396981
gaussian,200,1,upwind,74.5,3.8651475082034861e-95,0.036541946733464482,0.22939612435825771
gaussian,200,1,upwind,75.5,1.9176286730812131e-99,0.10880468515692684,0.25270003224357329
gaussian,200,1,upwind,76.5,7.6219119829446566e-104,0.26042514195959271,0.27246261358506274
gaussian,200,1,upwind,77.5,2.4269201775492884e-108,0.50110650195544038,0.28763094897009278
gaussian,200,1,upwind,78.5,6.1905738060358609e-113,0.77520033314678238,0.29739334357808345
gaussian,200,1,upwind,79.5,1.2649762087967003e-117,0.96416556333505798,0.30125140030552716
gaussian,200,1,upwind,80.5,2.0706299308123932e-122,0.96416556333505798,0.29906114645124993
gaussian,200,1,upwind,81.5,2.7150907736160399e-127,0.77520033314678238,0.29103867839178477
gaussian,200,1,upwind,82.5,2.8518153653906486e-132,0.50110650195544038,0.27773073016418387
gaussian,200,1,upwind,83.5,2.3994264868698216e-137,0.26042514195959271,0.25995523701141321
gaussian,200,1,upwind,84.5,1.6170990853143237e-142,0.10880468515692684,0.23872058150726233
gaussian,200,1,upwind,85.5,8.7297822633204655e-148,0.036541946733464482,0.21513425668410985
gaussian,200,1,upwind,86.5,3.7748746948656425e-153,0.0098645206478332349,0.19031196957634691
gaussian,200,1,upwind,87.5,1.3074618903550522e-158,0.00214020507078222,0.16529688679444612
gaussian,200,1,upwind,88.5,3.6272558146092636e-164,0.00037314677268319925,0.14099620405352783
gaussian,200,1,upwind,89.5,8.0601939842523253e-170,5.2275059923927003e-05,0.11813906740365987
gaussian,200,1,upwind,90.5,1.4345863722220529e-175,5.8835894690706761e-06,0.097256670189737451
gaussian,200,1,upwind,91.5,2.0451150777349032e-181,5.3194075013792053e-07,0.078682590885406231
gaussian,200,1,upwind,92.5,2.3351499952916222e-187,3.8627435570099709e-08,0.062569452744546006
gaussian,200,1,upwind,93.5,2.1355715051143688e-193,2.2525693567795984e-09,0.048916914660432263
gaussian,200,1,upwind,94.5,1.5642719215530576e-199,1.0547466195306394e-10,0.037605805293192442
gaussian,200,1,upwind,95.5,9.1771078118665972e-206,3.9650113373952613e-12,0.028433720417696109
gaussian,200,1,upwind,96.5,4.3121283107197259e-212,1.1964839192313295e-13,0.021148376762127538
gaussian,200,1,upwind,97.5,1.6228064393540392e-218,2.897856440858993e-15,0.015476202091168331
gaussian,200,1,upwind,98.5,4.8913423211149546e-225,5.6324560613763466e-17,0.011144821847885525
gaussian,200,1,upwind,99.5,1.1807906115914703e-231,8.7844644713825308e-19,0.0078991187677762628
gaussian,200,1,upwind,100.5,2.2829613083390864e-238,1.0992014343435166e-20,0.0055113044276144194
gaussian,200,1,upwind,101.5,3.5351063070103485e-245,1.1034033630235094e-22,0.0037859251071650541
gaussian,200,1,upwind,102.5,4.3841178589285109e-252,8.8846316733736166e-25,0.002560951339172334
gaussian,200,1,upwind,103.5,4.3544712450299474e-259,5.7378388747034871e-27,0.0017061233582674306
gaussian,200,1,upwind,104.5,3.4638560906697508e-266,2.9717983121251882e-29,0.0011196074094645301
gaussian,200,1,upwind,105.5,2.2067508129560438e-273,1.2342785224088351e-31,0.00072382263576191072
gaussian,200,1,upwind,106.5,1.1259360137484322e-280,4.1104854473094294e-34,0.0004610763982641249
gaussian,200,1,upwind,107.5,4.6008607253322257e-288,1.0975511372095965e-36,0.00028943412105449871
gaussian,200,1,upwind,108.5,1.5056620395625464e-295,2.3495028369634222e-39,0.00017907006243167209
gaussian,200,1,upwind,109.50000000000001,3.9461819357704376e-303,4.0319648328394793e-42,0.00010920727513114238
gaussian,200,1,upwind,110.50000000000001,8.2829705159623653e-311,5.5465005312851709e-45,6.5658813950636967e-05
gaussian,200,1,upwind,111.50000000000001,1.3923609811404258e-318,6.1158503701635364e-48,3.8922757582526833e-05
gaussian,200,1,upwind,112.5,0,5.4051257058220226e-51,2.2752976973638431e-05
gaussian,200,1,upwind,113.49999999999999,0,3.8286286709325624e-54,1.3117486529919246e-05
gaussian,200,1,upwind,114.49999999999999,0,2.1734421815277523e-57,7.4592183008502504e-06
gaussian,200,1,upwind,115.49999999999999,0,9.8878225702533351e-61,4.1842502813973909e-06
gaussian,200,1,upwind,116.5,0,3.6048121340108328e-64,2.3156550499464331e-06
gaussian,200,1,upwind,117.5,0,1.0531177035127619e-67,1.2644774462946779e-06
gaussian,200,1,upwind,118.5,0,2.4652873707848446e-71,6.813611941446511e-07
gaussian,200,1,upwind,119.5,0,4.6242325190392664e-75,3.6234296609409182e-07
gaussian,200,1,upwind,120.5,0,6.9499126742802303e-79,1.9018858763211689e-07
gaussian,200,1,upwind,121.5,0,8.3690007569314962e-83,9.8540855011890634e-08
gaussian,200,1,upwind,122.5,0,8.0744004367222386e-87,5.0403371453668253e-08
gaussian,200,1,upwind,123.5,0,6.2413421967517473e-91,2.5454082846619503e-08
gaussian,200,1,upwind,124.5,0,3.8651475082034861e-95,1.2692648447189961e-08
gaussian,200,1,upwind,125.5,0,1.9176286730812131e-99,6.2500780734799822e-09
gaussian,200,1,upwind,126.5,0,7.6219119829446566e-104,3.0394684887074332e-09
gaussian,200,1,upwind,127.5,0,2.4269201775492884e-108,1.4599186608859982e-09
gaussian,200,1,upwind,128.5,0,6.1905738060358609e-113,6.9265582209356782e-10
gaussian,200,1,upwind,129.5,0,1.2649762087967003e-117,3.2464024698445027e-10
gaussian,200,1,upwind,130.5,0,2.0706299308123932e-122,1.5032137691395165e-10
gaussian,200,1,upwind,131.5,0,2.7150907736160399e-127,6.8771639982590047e-11
gaussian,200,1,upwind,132.5,0,2.8518153653906486e-132,3.1088823564392019e-11
gaussian,200,1,upwind,133.5,0,2.3994264868698216e-137,1.3888034590222612e-11
gaussian,200,1,upwind,134.5,0,1.6170990853143237e-142,6.1313135748116836e-12
gaussian,200,1,upwind,135.5,0,8.7297822633204655e-148,2.6753246029867494e-12
gaussian,200,1,upwind,136.5,0,3.7748746948656425e-153,1.1538330915151984e-12
gaussian,200,1,upwind,137.5,0,1.3074618903550522e-158,4.9191011407887992e-13
gaussian,200,1,upwind,138.5,0,3.6272558146092636e-164,2.0731792743922682e-13
gaussian,200,1,upwind,139.5,0,8.0601939842523253e-170,8.6382903881044005e-14
gaussian,200,1,upwind,140.5,0,1.4345863722220529e-175,3.5586844398505793e-14
gaussian,200,1,upwind,141.5,0,2.0451150777349032e-181,1.4496135253566195e-14
gaussian,200,1,upwind,142.5,0,2.3351499952916222e-187,5.8390989499328987e-15
gaussian,200,1,upwind,143.5,0,2.1355715051143688e-193,2.3259454166369107e-15
gaussian,200,1,upwind,144.5,0,1.5642719215530576e-199,9.1630906868573886e-16
gaussian,200,1,upwind,145.5,0,9.1771078118665972e-206,3.5702729044632e-16
gaussian,200,1,upwind,146.5,0,4.3121283107197259e-212,1.3759589590627933e-16
gaussian,200,1,upwind,147.5,0,1.6228064393540392e-218,5.2454332150427158e-17
gaussian,200,1,upwind,148.5,0,4.8913423211149546e-225,1.978134203831163e-17
gaussian,200,1,upwind,149.5,0,1.1807906115914703e-231,7.3799746725099117e-18
gaussian,200,1,upwind,150.5,0,2.2829613083390864e-238,2.7239835176214981e-18
gaussian,200,1,upwind,151.5,0,3.5351063070103485e-245,9.9478646568390114e-19
gaussian,200,1,upwind,152.5,0,4.3841178589285109e-252,3.5946441929900033e-19
gaussian,200,1,upwind,153.5,0,4.3544712450299474e-259,1.2853074535240717e-19
gaussian,200,1,upwind,154.5,0,3.4638560906697508e-266,4.547861398530046e-20
gaussian,200,1,upwind,155.5,0,2.2067508129560438e-273,1.5925023430494141e-20
gaussian,200,1,upwind,156.5,0,1.1259360137484322e-280,5.5188524716558901e-21
gaussian,200,1,upwind,157.5,0,4.6008607253322257e-288,1.8929368138643866e-21
gaussian,200,1,upwind,158.5,0,1.5056620395625786e-295,6.4263514175594654e-22
gaussian,200,1,upwind,159.5,0,3.9461819357718733e-303,2.159513162787157e-22
gaussian,200,1,upwind,160.5,0,8.2829705159638475e-311,7.1834307381898418e-23
gaussian,200,1,upwind,161.5,0,1.3923609811404258e-318,2.3654506982145856e-23
gaussian,200,1,upwind,162.5,0,0,7.7112137720860112e-24
gaussian,200,1,upwind,163.5,0,0,2.48873694333848e-24
gaussian,200,1,upwind,164.5,0,0,7.9524852101293518e-25
gaussian,200,1,upwind,165.5,0,0,2.516020905506399e-25
gaussian,200,1,upwind,166.5,0,0,7.8819316504896046e-26
gaussian,200,1,upwind,167.5,0,0,2.4449914590243696e-26
gaussian,200,1,upwind,168.5,0,0,7.5104712935958506e-27
gaussian,200,1,upwind,169.5,0,0,2.2846558187705941e-27
gaussian,200,1,upwind,170.5,0,0,6.8826613878719705e-28
gaussian,200,1,upwind,171.5,0,0,2.0534873376684119e-28
gaussian,200,1,upwind,172.5,0,0,6.0679967720437241e-29
gaussian,200,1,upwind,173.5,0,0,1.7759622490493065e-29
gaussian,200,1,upwind,174.5,0,0,5.1484239371866809e-30
gaussian,200,1,upwind,175.5,0,0,1.4783725114435409e-30
gaussian,200,1,upwind,176.5,0,0,4.2051259984289616e-31
gaussian,200,1,upwind,177.5,0,0,1.1848844033465994e-31
gaussian,200,1,upwind,178.5,0,0,3.3074310656094849e-32
gaussian,200,1,upwind,179.5,0,0,9.1461689661135015e-33
gaussian,200,1,upwind,180.5,0,0,2.5057442080552568e-33
gaussian,200,1,upwind,181.5,0,0,6.8014042577100877e-34
gaussian,200,1,upwind,182.5,0,0,1.829109799224709e-34
gaussian,200,1,upwind,183.5,0,0,4.8738824276354449e-35
gaussian,200,1,upwind,184.5,0,0,1.2868233008614079e-35
gaussian,200,1,upwind,185.5,0,0,3.3665545382141572e-36
gaussian,200,1,upwind,186.5,0,0,8.7274889191871611e-37
gaussian,200,1,upwind,187.5,0,0,2.2420416986196559e-37
gaussian,200,1,upwind,188.5,0,0,5.7077163522609518e-38
gaussian,200,1,upwind,189.5,0,0,1.4399876431516891e-38
gaussian,200,1,upwind,190.5,0,0,3.6003604698663828e-39
gaussian,200,1,upwind,191.5,0,0,8.9214814527388925e-40
gaussian,200,1,upwind,192.5,0,0,2.1910105422120557e-40
gaussian,200,1,upwind,193.5,0,0,5.3331152969521647e-41
gaussian,200,1,upwind,194.5,0,0,1.2866452066109266e-41
gaussian,200,1,upwind,195.5,0,0,3.0767349065958839e-42
gaussian,200,1,upwind,196.5,0,0,7.2926723578850923e-43
gaussian,200,1,upwind,197.5,0,0,1.7134064327295695e-43
gaussian,200,1,upwind,198.5,0,0,3.9904573626083555e-44
gaussian,200,1,upwind,199.5,0,0,9.2126565462156147e-45
gaussian,200,1,TVD_vanLeer,0.5,4.0319648328398961e-42,3.9461819357718733e-303,5.3305430506704156e-65
gaussian,200,1,TVD_vanLeer,1.5,2.3495028369634597e-39,1.5056620395625786e-295,3.402350421629551e-62
gaussian,200,1,TVD_vanLeer,2.5,1.0975511372095965e-36,4.6008607253322257e-288,1.6318172002845833e-59
gaussian,200,1,TVD_vanLeer,3.5,4.1104854473094294e-34,1.1259360137484322e-280,6.2898400693475624e-57
gaussian,200,1,TVD_vanLeer,4.5,1.2342785224088351e-31,2.2067508129560438e-273,1.9569631995347697e-54
gaussian,200,1,TVD_vanLeer,5.5,2.9717983121251882e-29,3.4638560906697508e-266,4.9234271887706393e-52
gaussian,200,1,TVD_vanLeer,6.5,5.7378388747034871e-27,4.3544712450299474e-259,1.0035904837458233e-49
gaussian,200,1,TVD_vanLeer,7.5,8.8846316733736166e-25,4.3841178589285109e-252,1.6614114656046137e-47
gaussian,200,1,TVD_vanLeer,8.5,1.1034033630235094e-22,3.5351063070103485e-245,2.2399951172040031e-45
gaussian,200,1,TVD_vanLeer,9.5,1.0992014343435166e-20,2.2829613083390864e-238,2.4677196251274539e-43
gaussian,200,1,TVD_vanLeer,10.5,8.7844644713825308e-19,1.1807906115914703e-231,2.2298286900898882e-41
gaussian,200,1,TVD_vanLeer,11.5,5.6324560613763466e-17,4.8913423211149546e-225,1.657731379325496e-39
gaussian,200,1,TVD_vanLeer,12.5,2.897856440858993e-15,1.6228064393540392e-218,9.9156078860758347e-38
gaussian,200,1,TVD_vanLeer,13.5,1.1964839192313295e-13,4.3121283107197259e-212,4.1190965557803594e-36
gaussian,200,1,TVD_vanLeer,14.5,3.9650113373952613e-12,9.1771078118665972e-206,1.1858399020984822e-34
gaussian,200,1,TVD_vanLeer,15.5,1.0547466195306394e-10,1.5642719215530576e-199,2.5062887625561467e-33
gaussian,200,1,TVD_vanLeer,16.5,2.2525693567795984e-09,2.1355715051143688e-193,4.1099191787534578e-32
gaussian,200,1,TVD_vanLeer,17.5,3.8627435570099709e-08,2.3351499952916222e-187,5.4587491018743523e-31
gaussian,200,1,TVD_vanLeer,18.5,5.3194075013792053e-07,2.0451150777349032e-181,6.0657756702588087e-30
gaussian,200,1,TVD_vanLeer,19.5,5.8835894690706761e-06,1.4345863722220529e-175,5.7802040776649988e-29
gaussian,200,1,TVD_vanLeer,20.5,5.2275059923927003e-05,8.0601939842523253e-170,4.8151254611245275e-28
gaussian,200,1,TVD_vanLeer,21.5,0.00037314677268319925,3.6272558146092636e-164,3.5604310713837304e-27
gaussian,200,1,TVD_vanLeer,22.5,0.00214020507078222,1.3074618903550522e-158,2.3658334043300627e-26
gaussian,200,1,TVD_vanLeer,23.5,0.0098645206478332349,3.7748746948656425e-153,1.427101935387841e-25
gaussian,200,1,TVD_vanLeer,24.5,0.036541946733464482,8.7297822633204655e-148,7.8810636773726223e-25
gaussian,200,1,TVD_vanLeer,25.5,0.10880468515692684,1.6170990853143237e-142,4.0129982766705344e-24
gaussian,200,1,TVD_vanLeer,26.5,0.26042514195959271,2.3994264868698216e-137,1.8955907392758524e-23
gaussian,200,1,TVD_vanLeer,27.5,0.5011065019554406,2.8518153653906486e-132,8.3498357960031389e-23
gaussian,200,1,TVD_vanLeer,28.5,0.77520033314678272,2.7150907736160399e-127,3.4453325840302156e-22
gaussian,200,1,TVD_vanLeer,29.5,0.96416556333505776,2.0706299308123932e-122,1.3369468974063802e-21
gaussian,200,1,TVD_vanLeer,30.5,0.96416556333505798,1.2649762087967003e-117,4.895825637977672e-21
gaussian,200,1,TVD_vanLeer,31.5,0.77520033314678238,6.1905738060358609e-113,1.6970232022471516e-20
gaussian,200,1,TVD_vanLeer,32.5,0.50110650195544038,2.4269201775492884e-108,5.5830354564799292e-20
gaussian,200,1,TVD_vanLeer,33.5,0.26042514195959271,7.6219119829446566e-104,1.747496743514839e-19
gaussian,200,1,TVD_vanLeer,34.5,0.10880468515692684,1.9176286730812131e-99,5.2150568370108344e-19
gaussian,200,1,TVD_vanLeer,35.5,0.036541946733464482,3.8651475082034861e-95,1.4867510436028254e-18
gaussian,200,1,TVD_vanLeer,36.5,0.0098645206478332349,6.2413421967517473e-91,4.0561498921295673e-18
gaussian,200,1,TVD_vanLeer,37.5,0.00214020507078222,8.0744004367222386e-87,1.0606652334536604e-17
gaussian,200,1,TVD_vanLeer,38.5,0.00037314677268319925,8.3690007569314962e-83,2.6623566713024793e-17
gaussian,200,1,TVD_vanLeer,39.5,5.2275059923927003e-05,6.9499126742802303e-79,6.4234183476701614e-17
gaussian,200,1,TVD_vanLeer,40.5,5.8835894690706761e-06,4.6242325190392664e-75,1.4915291586493119e-16
gaussian,200,1,TVD_vanLeer,41.5,5.3194075013792053e-07,2.4652873707848446e-71,3.3372991927301253e-16
gaussian,200,1,TVD_vanLeer,42.5,3.8627435570099709e-08,1.0531177035127619e-67,7.2041963185120583e-16
gaussian,200,1,TVD_vanLeer,43.5,2.2525693567795984e-09,3.604812134010428e-64,1.502290067248053e-15
gaussian,200,1,TVD_vanLeer,44.5,1.0547466195306394e-10,9.8878225702524618e-61,3.0304507989772379e-15
gaussian,200,1,TVD_vanLeer,45.5,3.9650113373952613e-12,2.1734421815275004e-57,5.9232262036562146e-15
gaussian,200,1,TVD_vanLeer,46.5,1.1964839192313295e-13,3.8286286709321121e-54,1.1240699942763989e-14
gaussian,200,1,TVD_vanLeer,47.5,2.897856440858993e-15,5.4051257058224677e-51,2.0766974071649843e-14
gaussian,200,1,TVD_vanLeer,48.5,5.6324560613763466e-17,6.1158503701640189e-48,3.7488157635737996e-14
gaussian,200,1,TVD_vanLeer,49.5,8.7844644713825308e-19,5.5465005312857341e-45,6.6479161734986947e-14
gaussian,200,1,TVD_vanLeer,50.5,1.0992014343435166e-20,4.0319648328398961e-42,1.1682154675535463e-13
gaussian,200,1,TVD_vanLeer,51.5,1.1034033630235094e-22,2.3495028369634597e-39,2.0716502863981252e-13
gaussian,200,1,TVD_vanLeer,52.5,8.8846316733736166e-25,1.0975511372095965e-36,3.9276781926113704e-13
gaussian,200,1,TVD_vanLeer,53.5,5.7378388747034871e-27,4.1104854473094294e-34,9.362877296284208e-13
gaussian,200,1,TVD_vanLeer,54.5,2.971798312125173e-29,1.2342785224088959e-31,3.2183142460659895e-12
gaussian,200,1,TVD_vanLeer,55.500000000000007,1.2342785224087919e-31,2.9717983121253238e-29,1.3941201753237911e-11
gaussian,200,1,TVD_vanLeer,56.5,4.1104854473092387e-34,5.7378388747034046e-27,6.3769269758437859e-11
gaussian,200,1,TVD_vanLeer,57.499999999999993,1.0975511372096371e-36,8.8846316733732897e-25,2.8676764963491501e-10
gaussian,200,1,TVD_vanLeer,58.5,2.3495028369635919e-39,1.1034033630235007e-22,1.2438625813500253e-09
gaussian,200,1,TVD_vanLeer,59.5,4.0319648328398961e-42,1.0992014343435166e-20,5.1805471156318687e-09
gaussian,200,1,TVD_vanLeer,60.5,5.5465005312857341e-45,8.7844644713825308e-19,2.0695100491032159e-08
gaussian,200,1,TVD_vanLeer,61.5,6.1158503701640189e-48,5.6324560613763466e-17,7.927283317078871e-08
gaussian,200,1,TVD_vanLeer,62.5,5.4051257058224677e-51,2.897856440858993e-15,2.9115600141036313e-07
gaussian,200,1,TVD_vanLeer,63.5,3.8286286709321121e-54,1.1964839192313295e-13,1.0254454058492448e-06
gaussian,200,1,TVD_vanLeer,64.5,2.1734421815275004e-57,3.9650113373952613e-12,3.4640902999109264e-06
gaussian,200,1,TVD_vanLeer,65.5,9.8878225702524618e-61,1.0547466195306394e-10,1.1228783875672956e-05
gaussian,200,1,TVD_vanLeer,66.5,3.604812134010428e-64,2.2525693567795984e-09,3.4945992055797813e-05
gaussian,200,1,TVD_vanLeer,67.5,1.0531177035127619e-67,3.8627435570099709e-08,0.00010449846985623442
gaussian,200,1,TVD_vanLeer,68.5,2.4652873707848446e-71,5.3194075013792053e-07,0.00030050565679746625
gaussian,200,1,TVD_vanLeer,69.5,4.6242325190392664e-75,5.8835894690706761e-06,0.00083182833239964487
gaussian,200,1,TVD_vanLeer,70.5,6.9499126742802303e-79,5.2275059923927003e-05,0.0022184412598614646
gaussian,200,1,TVD_vanLeer,71.5,8.3690007569314962e-83,0.00037314677268319925,0.0057046813431791254
gaussian,200,1,TVD_vanLeer,72.5,8.0744004367222386e-87,0.00214020507078222,0.014151252150625154
gaussian,200,1,TVD_vanLeer,73.5,6.2413421967517473e-91,0.0098645206478332349,0.033855792844034324
gaussian,200,1,TVD_vanLeer,74.5,3.8651475082034861e-95,0.036541946733464482,0.077908389953443527
gaussian,200,1,TVD_vanLeer,75.5,1.9176286730812131e-99,0.10880468515692684,0.17048151424937047
gaussian,200,1,TVD_vanLeer,76.5,7.6219119829446566e-104,0.26042514195959271,0.34089184811191536
gaussian,200,1,TVD_vanLeer,77.5,2.4269201775492884e-108,0.50110650195544038,0.56327793356251465
gaussian,200,1,TVD_vanLeer,78.5,6.1905738060358609e-113,0.77520033314678238,0.69466687129633764
gaussian,200,1,TVD_vanLeer,79.5,1.2649762087967003e-117,0.96416556333505798,0.71107512196000977
gaussian,200,1,TVD_vanLeer,80.5,2.0706299308123932e-122,0.96416556333505798,0.7072265057369348
gaussian,200,1,TVD_vanLeer,81.5,2.7150907736160399e-127,0.77520033314678238,0.68278936347562191
gaussian,200,1,TVD_vanLeer,82.5,2.8518153653906486e-132,0.50110650195544038,0.60680742715234814
gaussian,200,1,TVD_vanLeer,83.5,2.3994264868698216e-137,0.26042514195959271,0.44497706862465897
gaussian,200,1,TVD_vanLeer,84.5,1.6170990853143237e-142,0.10880468515692684,0.21372018273323806
gaussian,200,1,TVD_vanLeer,85.5,8.7297822633204655e-148,0.036541946733464482,0.044112759194709167
gaussian,200,1,TVD_vanLeer,86.5,3.7748746948656425e-153,0.0098645206478332349,0.0021944171292721162
gaussian,200,1,TVD_vanLeer,87.5,1.3074618903550522e-158,0.00214020507078222,1.4080800431198238e-05
gaussian,200,1,TVD_vanLeer,88.5,3.6272558146092636e-164,0.00037314677268319925,6.4355000753983573e-09
gaussian,200,1,TVD_vanLeer,89.5,8.0601939842523253e-170,5.2275059923927003e-05,1.8935656375757006e-12
gaussian,200,1,TVD_vanLeer,90.5,1.4345863722220529e-175,5.8835894690706761e-06,1.7058311791269387e-12
gaussian,200,1,TVD_vanLeer,91.5,2.0451150777349032e-181,5.3194075013792053e-07,1.5644670219275002e-12
gaussian,200,1,TVD_vanLeer,92.5,2.3351499952916222e-187,3.8627435570099709e-08,1.4064886532770554e-12
gaussian,200,1,TVD_vanLeer,93.5,2.1355715051143688e-193,2.2525693567795984e-09,1.2473576271122633e-12
gaussian,200,1,TVD_vanLeer,94.5,1.5642719215530576e-199,1.0547466195306394e-10,1.0931556922869044e-12
gaussian,200,1,TVD_vanLeer,95.5,9.1771078118665972e-206,3.9650113373952613e-12,9.4648992078467982e-13
gaussian,200,1,TVD_vanLeer,96.5,4.3121283107197259e-212,1.1964839192313295e-13,8.091887338228754e-13
gaussian,200,1,TVD_vanLeer,97.5,1.6228064393540392e-218,2.897856440858993e-15,6.8277799144779288e-13
gaussian,200,1,TVD_vanLeer,98.5,4.8913423211149546e-225,5.6324560613763466e-17,5.6841101820487574e-13
gaussian,200,1,TVD_vanLeer,99.5,1.1807906115914703e-231,8.7844644713825308e-19,4.6676497197161864e-13
gaussian,200,1,TVD_vanLeer,100.5,2.2829613083390864e-238,1.0992014343435166e-20,3.7801689155592146e-13
gaussian,200,1,TVD_vanLeer,101.5,3.5351063070103485e-245,1.1034033630235094e-22,3.018852459921595e-13
gaussian,200,1,TVD_vanLeer,102.5,4.3841178589285109e-252,8.8846316733736166e-25,2.3770758030202751e-13
gaussian,200,1,TVD_vanLeer,103.5,4.3544712450299474e-259,5.7378388747034871e-27,1.8453437576894013e-13
gaussian,200,1,TVD_vanLeer,104.5,3.4638560906697508e-266,2.9717983121251882e-29,1.4122629039698411e-13
gaussian,200,1,TVD_vanLeer,105.5,2.2067508129560438e-273,1.2342785224088351e-31,1.0654565581494637e-13
gaussian,200,1,TVD_vanLeer,106.5,1.1259360137484322e-280,4.1104854473094294e-34,7.9235857060472013e-14
gaussian,200,1,TVD_vanLeer,107.5,4.6008607253322257e-288,1.0975511372095965e-36,5.8084830490828225e-14
gaussian,200,1,TVD_vanLeer,108.5,1.5056620395625464e-295,2.3495028369634222e-39,4.1971302590862765e-14
gaussian,200,1,TVD_vanLeer,109.50000000000001,3.9461819357704376e-303,4.0319648328394793e-42,2.989433752566849e-14
gaussian,200,1,TVD_vanLeer,110.50000000000001,8.2829705159623653e-311,5.5465005312851709e-45,2.0988143282104091e-14
gaussian,200,1,TVD_vanLeer,111.50000000000001,1.3923609811404258e-318,6.1158503701635364e-48,1.4524896525032737e-14
gaussian,200,1,TVD_vanLeer,112.5,0,5.4051257058220226e-51,9.9086518822469364e-15
gaussian,200,1,TVD_vanLeer,113.49999999999999,0,3.8286286709325624e-54,6.6633114227172617e-15
gaussian,200,1,TVD_vanLeer,114.49999999999999,0,2.1734421815277523e-57,4.4172697655092745e-15
gaussian,200,1,TVD_vanLeer,115.49999999999999,0,9.8878225702533351e-61,2.8868404407355017e-15
gaussian,200,1,TVD_vanLeer,116.5,0,3.6048121340108328e-64,1.8600121657096802e-15
gaussian,200,1,TVD_vanLeer,117.5,0,1.0531177035127619e-67,1.1815556265341154e-15
gaussian,200,1,TVD_vanLeer,118.5,0,2.4652873707848446e-71,7.4005013022248919e-16
gaussian,200,1,TVD_vanLeer,119.5,0,4.6242325190392664e-75,4.5704784561270491e-16
gaussian,200,1,TVD_vanLeer,120.5,0,6.9499126742802303e-79,2.783443133775776e-16
gaussian,200,1,TVD_vanLeer,121.5,0,8.3690007569314962e-83,1.6716727299986337e-16
gaussian,200,1,TVD_vanLeer,122.5,0,8.0744004367222386e-87,9.9014258790588351e-17
gaussian,200,1,TVD_vanLeer,123.5,0,6.2413421967517473e-91,5.7843200439625894e-17
gaussian,200,1,TVD_vanLeer,124.5,0,3.8651475082034861e-95,3.3330858560878021e-17
gaussian,200,1,TVD_vanLeer,125.5,0,1.9176286730812131e-99,1.89457889742429e-17
gaussian,200,1,TVD_vanLeer,126.5,0,7.6219119829446566e-104,1.0623901606937189e-17
gaussian,200,1,TVD_vanLeer,127.5,0,2.4269201775492884e-108,5.8775224695957957e-18
gaussian,200,1,TVD_vanLeer,128.5,0,6.1905738060358609e-113,3.2083205043925737e-18
gaussian,200,1,TVD_vanLeer,129.5,0,1.2649762087967003e-117,1.7281007938711639e-18
gaussian,200,1,TVD_vanLeer,130.5,0,2.0706299308123932e-122,9.185509717682909e-19
gaussian,200,1,TVD_vanLeer,131.5,0,2.7150907736160399e-127,4.8185407663421411e-19
gaussian,200,1,TVD_vanLeer,132.5,0,2.8518153653906486e-132,2.4948317296070445e-19
gaussian,200,1,TVD_vanLeer,133.5,0,2.3994264868698216e-137,1.2750166416683419e-19
gaussian,200,1,TVD_vanLeer,134.5,0,1.6170990853143237e-142,6.4324253282041386e-20
gaussian,200,1,TVD_vanLeer,135.5,0,8.7297822633204655e-148,3.2037110297134664e-20
gaussian,200,1,TVD_vanLeer,136.5,0,3.7748746948656425e-153,1.5753856035489719e-20
gaussian,200,1,TVD_vanLeer,137.5,0,1.3074618903550522e-158,7.6491024390085631e-21
gaussian,200,1,TVD_vanLeer,138.5,0,3.6272558146092636e-164,3.6674066774743924e-21
gaussian,200,1,TVD_vanLeer,139.5,0,8.0601939842523253e-170,1.7364702399190971e-21
gaussian,200,1,TVD_vanLeer,140.5,0,1.4345863722220529e-175,8.1202560509187005e-22
gaussian,200,1,TVD_vanLeer,141.5,0,2.0451150777349032e-181,3.7505965140407062e-22
gaussian,200,1,TVD_vanLeer,142.5,0,2.3351499952916222e-187,1.7111695106809604e-22
gaussian,200,1,TVD_vanLeer,143.5,0,2.1355715051143688e-193,7.7122531527827094e-23
gaussian,200,1,TVD_vanLeer,144.5,0,1.5642719215530576e-199,3.433983579300807e-23
gaussian,200,1,TVD_vanLeer,145.5,0,9.1771078118665972e-206,1.5106943984594812e-23
gaussian,200,1,TVD_vanLeer,146.5,0,4.3121283107197259e-212,6.566725872393999e-24
gaussian,200,1,TVD_vanLeer,147.5,0,1.6228064393540392e-218,2.8206358897107823e-24
gaussian,200,1,TVD_vanLeer,148.5,0,4.8913423211149546e-225,1.1972990949391327e-24
gaussian,200,1,TVD_vanLeer,149.5,0,1.1807906115914703e-231,5.0228126527779447e-25
gaussian,200,1,TVD_vanLeer,150.5,0,2.2829613083390864e-238,2.0826237190434361e-25
gaussian,200,1,TVD_vanLeer,151.5,0,3.5351063070103485e-245,8.5354130656488544e-26
gaussian,200,1,TVD_vanLeer,152.5,0,4.3841178589285109e-252,3.4579456597813546e-26
gaussian,200,1,TVD_vanLeer,153.5,0,4.3544712450299474e-259,1.3849090245785982e-26
gaussian,200,1,TVD_vanLeer,154.5,0,3.4638560906697508e-266,5.4835643659082445e-27
gaussian,200,1,TVD_vanLeer,155.5,0,2.2067508129560438e-273,2.146703236433856e-27
gaussian,200,1,TVD_vanLeer,156.5,0,1.1259360137484322e-280,8.3095360395013096e-28
gaussian,200,1,TVD_vanLeer,157.5,0,4.6008607253322257e-288,3.1805715022986971e-28
gaussian,200,1,TVD_vanLeer,158.5,0,1.5056620395625786e-295,1.2038841296640255e-28
gaussian,200,1,TVD_vanLeer,159.5,0,3.9461819357718733e-303,4.5065320434140277e-29
gaussian,200,1,TVD_vanLeer,160.5,0,8.2829705159638475e-311,1.6684192521274468e-29
gaussian,200,1,TVD_vanLeer,161.5,0,1.3923609811404258e-318,6.1094087730679298e-30
gaussian,200,1,TVD_vanLeer,162.5,0,0,2.2128417139127779e-30
gaussian,200,1,TVD_vanLeer,163.5,0,0,7.92837544637711e-31
gaussian,200,1,TVD_vanLeer,164.5,0,0,2.8101266226075286e-31
gaussian,200,1,TVD_vanLeer,165.5,0,0,9.8537182517047654e-32
gaussian,200,1,TVD_vanLeer,166.5,0,0,3.4184664853756298e-32
gaussian,200,1,TVD_vanLeer,167.5,0,0,1.1733928504808478e-32
gaussian,200,1,TVD_vanLeer,168.5,0,0,3.9852914955898284e-33
gaussian,200,1,TVD_vanLeer,169.5,0,0,1.339382257631641e-33
gaussian,200,1,TVD_vanLeer,170.5,0,0,4.4545072881508441e-34
gaussian,200,1,TVD_vanLeer,171.5,0,0,1.466114939044338e-34
gaussian,200,1,TVD_vanLeer,172.5,0,0,4.7756418974730142e-35
gaussian,200,1,TVD_vanLeer,173.5,0,0,1.5396170253206777e-35
gaussian,200,1,TVD_vanLeer,174.5,0,0,4.9128370012406611e-36
gaussian,200,1,TVD_vanLeer,175.5,0,0,1.5517146020162238e-36
gaussian,200,1,TVD_vanLeer,176.5,0,0,4.8514547660942379e-37
gaussian,200,1,TVD_vanLeer,177.5,0,0,1.5015273562652576e-37
gaussian,200,1,TVD_vanLeer,178.5,0,0,4.6006138540097163e-38
gaussian,200,1,TVD_vanLeer,179.5,0,0,1.3955307615387301e-38
gaussian,200,1,TVD_vanLeer,180.5,0,0,4.191057797922662e-39
gaussian,200,1,TVD_vanLeer,181.5,0,0,1.2461998225862536e-39
gaussian,200,1,TVD_vanLeer,182.5,0,0,3.6690227384612497e-40
gaussian,200,1,TVD_vanLeer,183.5,0,0,1.0696221397857522e-40
gaussian,200,1,TVD_vanLeer,184.5,0,0,3.0877768309682056e-41
gaussian,200,1,TVD_vanLeer,185.5,0,0,8.8270369704475422e-42
gaussian,200,1,TVD_vanLeer,186.5,0,0,2.4989363572053706e-42
gaussian,200,1,TVD_vanLeer,187.5,0,0,7.0062245670201771e-43
gaussian,200,1,TVD_vanLeer,188.5,0,0,1.9454435461043327e-43
gaussian,200,1,TVD_vanLeer,189.5,0,0,5.3502708295907537e-44
gaussian,200,1,TVD_vanLeer,190.5,0,0,1.457377332253439e-44
gaussian,200,1,TVD_vanLeer,191.5,0,0,3.9320917827932478e-45
gaussian,200,1,TVD_vanLeer,192.5,0,0,1.0508644198183358e-45
gaussian,200,1,TVD_vanLeer,193.5,0,0,2.7819984341706546e-46
gaussian,200,1,TVD_vanLeer,194.5,0,0,7.295746088318299e-47
gaussian,200,1,TVD_vanLeer,195.5,0,0,1.8953979348321294e-47
gaussian,200,1,TVD_vanLeer,196.5,0,0,4.8782485985692922e-48
gaussian,200,1,TVD_vanLeer,197.5,0,0,1.243870036665501e-48
gaussian,200,1,TVD_vanLeer,198.5,0,0,3.1423033455711652e-49
gaussian,200,1,TVD_vanLeer,199.5,0,0,7.8649770438367044e-50
gaussian,200,1,PLM_MC,0.5,4.0319648328398961e-42,3.9461819357718733e-303,5.3305430506704156e-65
gaussian,200,1,PLM_MC,1.5,2.3495028369634597e-39,1.5056620395625786e-295,1.0661086101340831e-64
gaussian,200,1,PLM_MC,2.5,1.0975511372095965e-36,4.6008607253322257e-288,2.6809391630638261e-64
gaussian,200,1,PLM_MC,3.5,4.1104854473094294e-34,1.1259360137484322e-280,8.0316091632516464e-64
gaussian,200,1,PLM_MC,4.5,1.2342785224088351e-31,2.2067508129560438e-273,2.117031504835739e-63
gaussian,200,1,PLM_MC,5.5,2.9717983121251882e-29,3.4638560906697508e-266,5.6368255541640155e-63
gaussian,200,1,PLM_MC,6.5,5.7378388747034871e-27,4.3544712450299474e-259,1.6115411727210395e-62
gaussian,200,1,PLM_MC,7.5,8.8846316733736166e-25,4.3841178589285109e-252,3.9216297524414681e-62
gaussian,200,1,PLM_MC,8.5,1.1034033630235094e-22,3.5351063070103485e-245,1.0997613375886935e-61
gaussian,200,1,PLM_MC,9.5,1.0992014343435166e-20,2.2829613083390864e-238,3.022953557657374e-61
gaussian,200,1,PLM_MC,10.5,8.7844644713825308e-19,1.1807906115914703e-231,8.0156964854272499e-61
gaussian,200,1,PLM_MC,11.5,5.6324560613763466e-17,4.8913423211149546e-225,2.5476842219648527e-60
gaussian,200,1,PLM_MC,12.5,2.897856440858993e-15,1.6228064393540392e-218,6.5451371481676295e-60
gaussian,200,1,PLM_MC,13.5,1.1964839192313295e-13,4.3121283107197259e-212,1.7311795533647288e-59
gaussian,200,1,PLM_MC,14.5,3.9650113373952613e-12,9.1771078118665972e-206,1.1344443349021034e-58
gaussian,200,1,PLM_MC,15.5,1.0547466195306394e-10,1.5642719215530576e-199,4.056424464411232e-57
gaussian,200,1,PLM_MC,16.5,2.2525693567795984e-09,2.1355715051143688e-193,1.8838820276829913e-55
gaussian,200,1,PLM_MC,17.5,3.8627435570099709e-08,2.3351499952916222e-187,7.947025463705271e-54
gaussian,200,1,PLM_MC,18.5,5.3194075013792053e-07,2.0451150777349032e-181,2.9998188537751486e-52
gaussian,200,1,PLM_MC,19.5,5.8835894690706761e-06,1.4345863722220529e-175,1.0180843454740739e-50
gaussian,200,1,PLM_MC,20.5,5.2275059923927003e-05,8.0601939842523253e-170,3.123387166954752e-49
gaussian,200,1,PLM_MC,21.5,0.00037314677268319925,3.6272558146092636e-164,8.7064847887277498e-48
gaussian,200,1,PLM_MC,22.5,0.00214020507078222,1.3074618903550522e-158,2.2156554385189705e-46
gaussian,200,1,PLM_MC,23.5,0.0098645206478332349,3.7748746948656425e-153,5.1703768621943745e-45
gaussian,200,1,PLM_MC,24.5,0.036541946733464482,8.7297822633204655e-148,1.1109128735896846e-43
gaussian,200,1,PLM_MC,25.5,0.10880468515692684,1.6170990853143237e-142,2.206078017185594e-42
gaussian,200,1,PLM_MC,26.5,0.26042514195959271,2.3994264868698216e-137,4.0631925478932753e-41
gaussian,200,1,PLM_MC,27.5,0.5011065019554406,2.8518153653906486e-132,6.9635204400591193e-40
gaussian,200,1,PLM_MC,28.5,0.77520033314678272,2.7150907736160399e-127,1.1138074665561438e-38
gaussian,200,1,PLM_MC,29.5,0.96416556333505776,2.0706299308123932e-122,1.6673254526846481e-37
gaussian,200,1,PLM_MC,30.5,0.96416556333505798,1.2649762087967003e-117,2.3419691948291956e-36
gaussian,200,1,PLM_MC,31.5,0.77520033314678238,6.1905738060358609e-113,3.0940982310872624e-35
gaussian,200,1,PLM_MC,32.5,0.50110650195544038,2.4269201775492884e-108,3.8534334054439004e-34
gaussian,200,1,PLM_MC,33.5,0.26042514195959271,7.6219119829446566e-104,4.5334095521817644e-33
gaussian,200,1,PLM_MC,34.5,0.10880468515692684,1.9176286730812131e-99,5.0478660956079392e-32
gaussian,200,1,PLM_MC,35.5,0.036541946733464482,3.8651475082034861e-95,5.3294767078880146e-31
gaussian,200,1,PLM_MC,36.5,0.0098645206478332349,6.2413421967517473e-91,5.3443421253287505e-30
gaussian,200,1,PLM_MC,37.5,0.00214020507078222,8.0744004367222386e-87,5.0983757117383878e-29
gaussian,200,1,PLM_MC,38.5,0.00037314677268319925,8.3690007569314962e-83,4.6339648123989776e-28
gaussian,200,1,PLM_MC,39.5,5.2275059923927003e-05,6.9499126742802303e-79,4.0186208455173111e-27
gaussian,200,1,PLM_MC,40.5,5.8835894690706761e-06,4.6242325190392664e-75,3.3296106953766569e-26
gaussian,200,1,PLM_MC,41.5,5.3194075013792053e-07,2.4652873707848446e-71,2.6391436781052743e-25
gaussian,200,1,PLM_MC,42.5,3.8627435570099709e-08,1.0531177035127619e-67,2.0036533121234916e-24
gaussian,200,1,PLM_MC,43.5,2.2525693567795984e-09,3.604812134010428e-64,1.458774071269792e-23
gaussian,200,1,PLM_MC,44.5,1.0547466195306394e-10,9.8878225702524618e-61,1.0196655656620108e-22
gaussian,200,1,PLM_MC,45.5,3.9650113373952613e-12,2.1734421815275004e-57,6.8503979347311888e-22
gaussian,200,1,PLM_MC,46.5,1.1964839192313295e-13,3.8286286709321121e-54,4.4282838130995531e-21
gaussian,200,1,PLM_MC,47.5,2.897856440858993e-15,5.4051257058224677e-51,2.7572934686917543e-20
gaussian,200,1,PLM_MC,48.5,5.6324560613763466e-17,6.1158503701640189e-48,1.6554730693964927e-19
gaussian,200,1,PLM_MC,49.5,8.7844644713825308e-19,5.5465005312857341e-45,9.5944276758462671e-19
gaussian,200,1,PLM_MC,50.5,1.0992014343435166e-20,4.0319648328398961e-42,5.3733969664293318e-18
gaussian,200,1,PLM_MC,51.5,1.1034033630235094e-22,2.3495028369634597e-39,2.9114097662552119e-17
gaussian,200,1,PLM_MC,52.5,8.8846316733736166e-25,1.0975511372095965e-36,1.5279184207500506e-16
gaussian,200,1,PLM_MC,53.5,5.7378388747034871e-27,4.1104854473094294e-34,7.7767012130042848e-16
gaussian,200,1,PLM_MC,54.5,2.971798312125173e-29,1.2342785224088959e-31,3.8441270586313233e-15
gaussian,200,1,PLM_MC,55.500000000000007,1.2342785224087919e-31,2.9717983121253238e-29,1.8483567089951249e-14
gaussian,200,1,PLM_MC,56.5,4.1104854473092387e-34,5.7378388747034046e-27,8.6602032554411752e-14
gaussian,200,1,PLM_MC,57.499999999999993,1.0975511372096371e-36,8.8846316733732897e-25,3.9619073289274351e-13
gaussian,200,1,PLM_MC,58.5,2.3495028369635919e-39,1.1034033630235007e-22,1.7738866921869656e-12
gaussian,200,1,PLM_MC,59.5,4.0319648328398961e-42,1.0992014343435166e-20,7.7938415989458996e-12
gaussian,200,1,PLM_MC,60.5,5.5465005312857341e-45,8.7844644713825308e-19,3.3704839085358589e-11
gaussian,200,1,PLM_MC,61.5,6.1158503701640189e-48,5.6324560613763466e-17,1.4394494802422699e-10
gaussian,200,1,PLM_MC,62.5,5.4051257058224677e-51,2.897856440858993e-15,6.0926839798671943e-10
gaussian,200,1,PLM_MC,63.5,3.8286286709321121e-54,1.1964839192313295e-13,2.5650506778177429e-09
gaussian,200,1,PLM_MC,64.5,2.1734421815275004e-57,3.9650113373952613e-12,1.0778179423334348e-08
gaussian,200,1,PLM_MC,65.5,9.8878225702524618e-61,1.0547466195306394e-10,4.5336518006065023e-08
gaussian,200,1,PLM_MC,66.5,3.604812134010428e-64,2.2525693567795984e-09,1.9133546950194584e-07
gaussian,200,1,PLM_MC,67.5,1.0531177035127619e-67,3.8627435570099709e-08,8.1136319299479093e-07
gaussian,200,1,PLM_MC,68.5,2.4652873707848446e-71,5.3194075013792053e-07,3.4591320045844829e-06
gaussian,200,1,PLM_MC,69.5,4.6242325190392664e-75,5.8835894690706761e-06,1.4824983581987225e-05
gaussian,200,1,PLM_MC,70.5,6.9499126742802303e-79,5.2275059923927003e-05,6.3828359398125626e-05
gaussian,200,1,PLM_MC,71.5,8.3690007569314962e-83,0.00037314677268319925,0.00027581578406430323
gaussian,200,1,PLM_MC,72.5,8.0744004367222386e-87,0.00214020507078222,0.0011950163645615779
gaussian,200,1,PLM_MC,73.5,6.2413421967517473e-91,0.0098645206478332349,0.0051865723331397627
gaussian,200,1,PLM_MC,74.5,3.8651475082034861e-95,0.036541946733464482,0.022533003151970026
gaussian,200,1,PLM_MC,75.5,1.9176286730812131e-99,0.10880468515692684,0.096722360885060393
gaussian,200,1,PLM_MC,76.5,7.6219119829446566e-104,0.26042514195959271,0.29323294184797777
gaussian,200,1,PLM_MC,77.5,2.4269201775492884e-108,0.50110650195544038,0.5770449637404087
gaussian,200,1,PLM_MC,78.5,6.1905738060358609e-113,0.77520033314678238,0.79232530452605576
gaussian,200,1,PLM_MC,79.5,1.2649762087967003e-117,0.96416556333505798,0.8150462792055102
gaussian,200,1,PLM_MC,80.5,2.0706299308123932e-122,0.96416556333505798,0.81048590943594534
gaussian,200,1,PLM_MC,81.5,2.7150907736160399e-127,0.77520033314678238,0.77885794755775561
gaussian,200,1,PLM_MC,82.5,2.8518153653906486e-132,0.50110650195544038,0.64479247975219156
gaussian,200,1,PLM_MC,83.5,2.3994264868698216e-137,0.26042514195959271,0.38090504798314495
gaussian,200,1,PLM_MC,84.5,1.6170990853143237e-142,0.10880468515692684,0.098674735498378796
gaussian,200,1,PLM_MC,85.5,8.7297822633204655e-148,0.036541946733464482,-2.5284899018127203e-17
gaussian,200,1,PLM_MC,86.5,3.7748746948656425e-153,0.0098645206478332349,-2.4115985992408752e-17
gaussian,200,1,PLM_MC,87.5,1.3074618903550522e-158,0.00214020507078222,-2.0546058933219327e-17
gaussian,200,1,PLM_MC,88.5,3.6272558146092636e-164,0.00037314677268319925,-1.1997893501439029e-17
gaussian,200,1,PLM_MC,89.5,8.0601939842523253e-170,5.2275059923927003e-05,-2.7514801540061445e-18
gaussian,200,1,PLM_MC,90.5,1.4345863722220529e-175,5.8835894690706761e-06,9.9641682295713281e-29
gaussian,200,1,PLM_MC,91.5,2.0451150777349032e-181,5.3194075013792053e-07,9.6908736522196193e-29
gaussian,200,1,PLM_MC,92.5,2.3351499952916222e-187,3.8627435570099709e-08,7.6880243432996593e-29
gaussian,200,1,PLM_MC,93.5,2.1355715051143688e-193,2.2525693567795984e-09,3.3980483855460815e-29
gaussian,200,1,PLM_MC,94.5,1.5642719215530576e-199,1.0547466195306394e-10,2.5832002804269861e-30
gaussian,200,1,PLM_MC,95.5,9.1771078118665972e-206,3.9650113373952613e-12,4.450574493957566e-175
gaussian,200,1,PLM_MC,96.5,4.3121283107197259e-212,1.1964839192313295e-13,1.8979153451054121e-174
gaussian,200,1,PLM_MC,97.5,1.6228064393540392e-218,2.897856440858993e-15,6.4889650344404362e-174
gaussian,200,1,PLM_MC,98.5,4.8913423211149546e-225,5.6324560613763466e-17,1.9594260418176493e-173
gaussian,200,1,PLM_MC,99.5,1.1807906115914703e-231,8.7844644713825308e-19,5.3174119537818068e-173
gaussian,200,1,PLM_MC,100.5,2.2829613083390864e-238,1.0992014343435166e-20,1.3107991841875728e-172
gaussian,200,1,PLM_MC,101.5,3.5351063070103485e-245,1.1034033630235094e-22,2.9607789731975163e-172
gaussian,200,1,PLM_MC,102.5,4.3841178589285109e-252,8.8846316733736166e-25,6.1732112901985747e-172
gaussian,200,1,PLM_MC,103.5,4.3544712450299474e-259,5.7378388747034871e-27,1.1957132289674035e-171
gaussian,200,1,PLM_MC,104.5,3.4638560906697508e-266,2.9717983121251882e-29,2.1637172711295309e-171
gaussian,200,1,PLM_MC,105.5,2.2067508129560438e-273,1.2342785224088351e-31,3.6763994940238135e-171
gaussian,200,1,PLM_MC,106.5,1.1259360137484322e-280,4.1104854473094294e-34,5.8923065414868018e-171
gaussian,200,1,PLM_MC,107.5,4.6008607253322257e-288,1.0975511372095965e-36,8.9459280654376749e-171
gaussian,200,1,PLM_MC,108.5,1.5056620395625464e-295,2.3495028369634222e-39,1.2916984753230424e-170
gaussian,200,1,PLM_MC,109.50000000000001,3.9461819357704376e-303,4.0319648328394793e-42,1.7804158818329772e-170
gaussian,200,1,PLM_MC,110.50000000000001,8.2829705159623653e-311,5.5465005312851709e-45,2.3510933500693241e-170
gaussian,200,1,PLM_MC,111.50000000000001,1.3923609811404258e-318,6.1158503701635364e-48,2.9848587098465085e-170
gaussian,200,1,PLM_MC,112.5,0,5.4051257058220226e-51,3.6556870914215272e-170
gaussian,200,1,PLM_MC,113.49999999999999,0,3.8286286709325624e-54,4.3338075133481301e-170
gaussian,200,1,PLM_MC,114.49999999999999,0,2.1734421815277523e-57,4.9896747561875099e-170
gaussian,200,1,PLM_MC,115.49999999999999,0,9.8878225702533351e-61,5.5976360526308194e-170
gaussian,200,1,PLM_MC,116.5,0,3.6048121340108328e-64,6.1385804253636365e-170
gaussian,200,1,PLM_MC,117.5,0,1.0531177035127619e-67,6.6011894644819908e-170
gaussian,200,1,PLM_MC,118.5,0,2.4652873707848446e-71,6.9817840495913911e-170
gaussian,200,1,PLM_MC,119.5,0,4.6242325190392664e-75,7.2830641753205943e-170
gaussian,200,1,PLM_MC,120.5,0,6.9499126742802303e-79,7.5122004196616247e-170
gaussian,200,1,PLM_MC,121.5,0,8.3690007569314962e-83,7.678748222512345e-170
gaussian,200,1,PLM_MC,122.5,0,8.0744004367222386e-87,7.7927591367602659e-170
gaussian,200,1,PLM_MC,123.5,0,6.2413421967517473e-91,7.8633157148503617e-170
gaussian,200,1,PLM_MC,124.5,0,3.8651475082034861e-95,7.8975727289549154e-170
gaussian,200,1,PLM_MC,125.5,0,1.9176286730812131e-99,7.9002809323309869e-170
gaussian,200,1,PLM_MC,126.5,0,7.6219119829446566e-104,7.8737113124492595e-170
gaussian,200,1,PLM_MC,127.5,0,2.4269201775492884e-108,7.8178808196260688e-170
gaussian,200,1,PLM_MC,128.5,0,6.1905738060358609e-113,7.7309891732902537e-170
gaussian,200,1,PLM_MC,129.5,0,1.2649762087967003e-117,7.609994244454334e-170
gaussian,200,1,PLM_MC,130.5,0,2.0706299308123932e-122,7.451268936242191e-170
gaussian,200,1,PLM_MC,131.5,0,2.7150907736160399e-127,7.2512900726378387e-170
gaussian,200,1,PLM_MC,132.5,0,2.8518153653906486e-132,7.007309902143468e-170
gaussian,200,1,PLM_MC,133.5,0,2.3994264868698216e-137,6.7179574289634703e-170
gaussian,200,1,PLM_MC,134.5,0,1.6170990853143237e-142,6.3837151586612905e-170
gaussian,200,1,PLM_MC,135.5,0,8.7297822633204655e-148,6.0072214348804087e-170
gaussian,200,1,PLM_MC,136.5,0,3.7748746948656425e-153,5.5933616141478379e-170
gaussian,200,1,PLM_MC,137.5,0,1.3074618903550522e-158,5.1491324235156118e-170
gaussian,200,1,PLM_MC,138.5,0,3.6272558146092636e-164,4.6832900490036022e-170
gaussian,200,1,PLM_MC,139.5,0,8.0601939842523253e-170,4.2058192821557964e-170
gaussian,200,1,PLM_MC,140.5,0,1.4345863722220529e-175,3.7272834677096835e-170
gaussian,200,1,PLM_MC,141.5,0,2.0451150777349032e-181,3.2581289119932703e-170
gaussian,200,1,PLM_MC,142.5,0,2.3351499952916222e-187,2.8080204363226767e-170
gaussian,200,1,PLM_MC,143.5,0,2.1355715051143688e-193,2.3852767000105688e-170
gaussian,200,1,PLM_MC,144.5,0,1.5642719215530576e-199,1.9964566922763197e-170
gaussian,200,1,PLM_MC,145.5,0,9.1771078118665972e-206,1.6461258695176649e-170
gaussian,200,1,PLM_MC,146.5,0,4.3121283107197259e-212,1.3368059630251988e-170
gaussian,200,1,PLM_MC,147.5,0,1.6228064393540392e-218,1.0690904700601517e-170
gaussian,200,1,PLM_MC,148.5,0,4.8913423211149546e-225,8.4189129476084708e-171
gaussian,200,1,PLM_MC,149.5,0,1.1807906115914703e-231,6.5277257543549523e-171
gaussian,200,1,PLM_MC,150.5,0,2.2829613083390864e-238,4.9832561484427849e-171
gaussian,200,1,PLM_MC,151.5,0,3.5351063070103485e-245,3.7454298196007815e-171
gaussian,200,1,PLM_MC,152.5,0,4.3841178589285109e-252,2.7715843345456459e-171
gaussian,200,1,PLM_MC,153.5,0,4.3544712450299474e-259,2.0193015478655802e-171
gaussian,200,1,PLM_MC,154.5,0,3.4638560906697508e-266,1.4485592016244357e-171
gaussian,200,1,PLM_MC,155.5,0,2.2067508129560438e-273,1.0231854009885428e-171
gaussian,200,1,PLM_MC,156.5,0,1.1259360137484322e-280,7.1167427124113812e-172
gaussian,200,1,PLM_MC,157.5,0,4.6008607253322257e-288,4.8746890467469899e-172
gaussian,200,1,PLM_MC,158.5,0,1.5056620395625786e-295,3.2883993758208189e-172
gaussian,200,1,PLM_MC,159.5,0,3.9461819357718733e-303,2.1848934705043394e-172
gaussian,200,1,PLM_MC,160.5,0,8.2829705159638475e-311,1.4299552710225169e-172
gaussian,200,1,PLM_MC,161.5,0,1.3923609811404258e-318,9.2193736832100332e-173
gaussian,200,1,PLM_MC,162.5,0,0,5.856106866285295e-173
gaussian,200,1,PLM_MC,163.5,0,0,3.6651201683493606e-173
gaussian,200,1,PLM_MC,164.5,0,0,2.2603883949356813e-173
gaussian,200,1,PLM_MC,165.5,0,0,1.3738465254957268e-173
gaussian,200,1,PLM_MC,166.5,0,0,8.22998117291731e-174
gaussian,200,1,PLM_MC,167.5,0,0,4.8597108196803193e-174
gaussian,200,1,PLM_MC,168.5,0,0,2.8289067980193256e-174
gaussian,200,1,PLM_MC,169.5,0,0,1.6235631472909238e-174
gaussian,200,1,PLM_MC,170.5,0,0,9.1877189746039648e-175
gaussian,200,1,PLM_MC,171.5,0,0,5.1271930711283692e-175
gaussian,200,1,PLM_MC,172.5,0,0,2.8218266332668766e-175
gaussian,200,1,PLM_MC,173.5,0,0,1.5318089422619099e-175
gaussian,200,1,PLM_MC,174.5,0,0,8.2025153232015626e-176
gaussian,200,1,PLM_MC,175.5,0,0,4.3331310587611534e-176
gaussian,200,1,PLM_MC,176.5,0,0,2.2584611047710626e-176
gaussian,200,1,PLM_MC,177.5,0,0,1.1615091238367157e-176
gaussian,200,1,PLM_MC,178.5,0,0,5.8948742006160405e-177
gaussian,200,1,PLM_MC,179.5,0,0,2.9526400798839218e-177
gaussian,200,1,PLM_MC,180.5,0,0,1.4597286219430879e-177
gaussian,200,1,PLM_MC,181.5,0,0,7.1236143402288037e-178
gaussian,200,1,PLM_MC,182.5,0,0,3.4319090927864832e-178
gaussian,200,1,PLM_MC,183.5,0,0,1.6323680970945873e-178
gaussian,200,1,PLM_MC,184.5,0,0,7.6663142966754406e-179
gaussian,200,1,PLM_MC,185.5,0,0,3.5553306236213329e-179
gaussian,200,1,PLM_MC,186.5,0,0,1.6283069328253928e-179
gaussian,200,1,PLM_MC,187.5,0,0,7.3653418452457531e-180
gaussian,200,1,PLM_MC,188.5,0,0,3.2906883840218421e-180
gaussian,200,1,PLM_MC,189.5,0,0,1.4522924552291613e-180
gaussian,200,1,PLM_MC,190.5,0,0,6.3318489506629386e-181
gaussian,200,1,PLM_MC,191.5,0,0,2.7274150622346106e-181
gaussian,200,1,PLM_MC,192.5,0,0,1.1607819535204383e-181
gaussian,200,1,PLM_MC,193.5,0,0,4.8816058482702934e-182
gaussian,200,1,PLM_MC,194.5,0,0,2.0287137870087857e-182
gaussian,200,1,PLM_MC,195.5,0,0,8.3321610030993487e-183
gaussian,200,1,PLM_MC,196.5,0,0,3.3822489436244018e-183
gaussian,200,1,PLM_MC,197.5,0,0,1.3570511741523099e-183
gaussian,200,1,PLM_MC,198.5,0,0,5.3822116936489114e-184
gaussian,200,1,PLM_MC,199.5,0,0,2.1102302604410822e-184
gaussian,200,2,upwind,0.5,4.0319648328398961e-42,3.9461819357718733e-303,2.387885418130548e-66
gaussian,200,2,upwind,1.5,2.3495028369634597e-39,1.5056620395625786e-295,1.5407092320267147e-63
gaussian,200,2,upwind,2.5,1.0975511372095965e-36,4.6008607253322257e-288,7.4162403910986821e-61
gaussian,200,2,upwind,3.5,4.1104854473094294e-34,1.1259360137484322e-280,2.8686743641101636e-58
gaussian,200,2,upwind,4.5,1.2342785224088351e-31,2.2067508129560438e-273,8.9635572279830727e-56
gaussian,200,2,upwind,5.5,2.9717983121251882e-29,3.4638560906697508e-266,2.2669388776819801e-53
gaussian,200,2,upwind,6.5,5.7378388747034871e-27,4.3544712450299474e-259,4.6505797363483824e-51
gaussian,200,2,upwind,7.5,8.8846316733736166e-25,4.3841178589285109e-252,7.7590057722798032e-49
gaussian,200,2,upwind,8.5,1.1034033630235094e-22,3.5351063070103485e-245,1.0559956207993868e-46
gaussian,200,2,upwind,9.5,1.0992014343435166e-20,2.2829613083390864e-238,1.1765840647870283e-44
gaussian,200,2,upwind,10.5,8.7844644713825308e-19,1.1807906115914703e-231,1.0776437575504485e-42
gaussian,200,2,upwind,11.5,5.6324560613763466e-17,4.8913423211149546e-225,8.1518101938808483e-41
gaussian,200,2,upwind,12.5,2.897856440858993e-15,1.6228064393540392e-218,5.1196894432735341e-39
gaussian,200,2,upwind,13.5,1.1964839192313295e-13,4.3121283107197259e-212,2.6851344177778251e-37
gaussian,200,2,upwind,14.5,3.9650113373952613e-12,9.1771078118665972e-206,1.1834725428660494e-35
gaussian,200,2,upwind,15.5,1.0547466195306394e-10,1.5642719215530576e-199,4.413027910208905e-34
gaussian,200,2,upwind,16.5,2.2525693567795984e-09,2.1355715051143688e-193,1.402016488983098e-32
gaussian,200,2,upwind,17.5,3.8627435570099709e-08,2.3351499952916222e-187,3.822464417299724e-31
gaussian,200,2,upwind,18.5,5.3194075013792053e-07,2.0451150777349032e-181,9.0089746772194895e-30
gaussian,200,2,upwind,19.5,5.8835894690706761e-06,1.4345863722220529e-175,1.8488355163364633e-28
gaussian,200,2,upwind,20.5,5.2275059923927003e-05,8.0601939842523253e-170,3.3273545995418751e-27
gaussian,200,2,upwind,21.5,0.00037314677268319925,3.6272558146092636e-164,5.2876906376600346e-26
gaussian,200,2,upwind,22.5,0.00214020507078222,1.3074618903550522e-158,7.468982607923361e-25
gaussian,200,2,upwind,23.5,0.0098645206478332349,3.7748746948656425e-153,9.4363307054973739e-24
gaussian,200,2,upwind,24.5,0.036541946733464482,8.7297822633204655e-148,1.0726392395127514e-22
gaussian,200,2,upwind,25.5,0.10880468515692684,1.6170990853143237e-142,1.1031023553006766e-21
gaussian,200,2,upwind,26.5,0.26042514195959271,2.3994264868698216e-137,1.0316516925004858e-20
gaussian,200,2,upwind,27.5,0.5011065019554406,2.8518153653906486e-132,8.8164544735679343e-20
gaussian,200,2,upwind,28.5,0.77520033314678272,2.7150907736160399e-127,6.9157351265367499e-19
gaussian,200,2,upwind,29.5,0.96416556333505776,2.0706299308123932e-122,4.9999510945416157e-18
gaussian,200,2,upwind,30.5,0.96416556333505798,1.2649762087967003e-117,3.3446004664792347e-17
gaussian,200,2,upwind,31.5,0.77520033314678238,6.1905738060358609e-113,2.0773978908214082e-16
gaussian,200,2,upwind,32.5,0.50110650195544038,2.4269201775492884e-108,1.2020566993662826e-15
gaussian,200,2,upwind,33.5,0.26042514195959271,7.6219119829446566e-104,6.499633092663217e-15
gaussian,200,2,upwind,34.5,0.10880468515692684,1.9176286730812131e-99,3.2934003398449866e-14
gaussian,200,2,upwind,35.5,0.036541946733464482,3.8651475082034861e-95,1.5679690779703871e-13
gaussian,200,2,upwind,36.5,0.0098645206478332349,6.2413421967517473e-91,7.0312557956613182e-13
gaussian,200,2,upwind,37.5,0.00214020507078222,8.0744004367222386e-87,2.9766127354009029e-12
gaussian,200,2,upwind,38.5,0.00037314677268319925,8.3690007569314962e-83,1.1921476781821622e-11
gaussian,200,2,upwind,39.5,5.2275059923927003e-05,6.9499126742802303e-79,4.5260425642708234e-11
gaussian,200,2,upwind,40.5,5.8835894690706761e-06,4.6242325190392664e-75,1.6319021566918044e-10
gaussian,200,2,upwind,41.5,5.3194075013792053e-07,2.4652873707848446e-71,5.5977142459849176e-10
gaussian,200,2,upwind,42.5,3.8627435570099709e-08,1.0531177035127619e-67,1.8296798419262771e-09
gaussian,200,2,upwind,43.5,2.2525693567795984e-09,3.604812134010428e-64,5.7075560154681927e-09
gaussian,200,2,upwind,44.5,1.0547466195306394e-10,9.8878225702524618e-61,1.7016047111339291e-08
gaussian,200,2,upwind,45.5,3.9650113373952613e-12,2.1734421815275004e-57,4.8549669205309006e-08
gaussian,200,2,upwind,46.5,1.1964839192313295e-13,3.8286286709321121e-54,1.3273470787697739e-07
gaussian,200,2,upwind,47.5,2.897856440858993e-15,5.4051257058224677e-51,3.4815556564201568e-07
gaussian,200,2,upwind,48.5,5.6324560613763466e-17,6.1158503701640189e-48,8.7708896027169917e-07
gaussian,200,2,upwind,49.5,8.7844644713825308e-19,5.5465005312857341e-45,2.1245123135324939e-06
gaussian,200,2,upwind,50.5,1.0992014343435166e-20,4.0319648328398961e-42,4.9528935361606177e-06
gaussian,200,2,upwind,51.5,1.1034033630235094e-22,2.3495028369634597e-39,1.1123935675269829e-05
gaussian,200,2,upwind,52.5,8.8846316733736166e-25,1.0975511372095965e-36,2.4090826542827415e-05
gaussian,200,2,upwind,53.5,5.7378388747034871e-27,4.1104854473094294e-34,5.0351524303350741e-05
gaussian,200,2,upwind,54.5,2.971798312125173e-29,1.2342785224088959e-31,0.00010164744206695734
gaussian,200,2,upwind,55.500000000000007,1.2342785224087919e-31,2.9717983121253238e-29,0.00019835399662210653
gaussian,200,2,upwind,56.5,4.1104854473092387e-34,5.7378388747034046e-27,0.0003744273619336632
gaussian,200,2,upwind,57.499999999999993,1.0975511372096371e-36,8.8846316733732897e-25,0.00068419913739156506
gaussian,200,2,upwind,58.5,2.3495028369635919e-39,1.1034033630235007e-22,0.0012110935999386199
gaussian,200,2,upwind,59.5,4.0319648328398961e-42,1.0992014343435166e-20,0.0020779336411285761
gaussian,200,2,upwind,60.5,5.5465005312857341e-45,8.7844644713825308e-19,0.003457883783195378
gaussian,200,2,upwind,61.5,6.1158503701640189e-48,5.6324560613763466e-17,0.0055842909820134111
gaussian,200,2,upwind,62.5,5.4051257058224677e-51,2.897856440858993e-15,0.0087568456233962626
gaussian,200,2,upwind,63.5,3.8286286709321121e-54,1.1964839192313295e-13,0.01334080336771664
gaussian,200,2,upwind,64.5,2.1734421815275004e-57,3.9650113373952613e-12,0.019755757789023849
gaussian,200,2,upwind,65.5,9.8878225702524618e-61,1.0547466195306394e-10,0.028450920299818723
gaussian,200,2,upwind,66.5,3.604812134010428e-64,2.2525693567795984e-09,0.03986525869976261
gaussian,200,2,upwind,67.5,1.0531177035127619e-67,3.8627435570099709e-08,0.054373204824401167
gaussian,200,2,upwind,68.5,2.4652873707848446e-71,5.3194075013792053e-07,0.072219744352583187
gaussian,200,2,upwind,69.5,4.6242325190392664e-75,5.8835894690706761e-06,0.09345204273634336
gaussian,200,2,upwind,70.5,6.9499126742802303e-79,5.2275059923927003e-05,0.11785760635904255
gaussian,200,2,upwind,71.5,8.3690007569314962e-83,0.00037314677268319925,0.14492050923793695
gaussian,200,2,upwind,72.5,8.0744004367222386e-87,0.00214020507078222,0.1738067412901447
gaussian,200,2,upwind,73.5,6.2413421967517473e-91,0.0098645206478332349,0.2033869125978956
gaussian,200,2,upwind,74.5,3.8651475082034861e-95,0.036541946733464482,0.23229955336642763
gaussian,200,2,upwind,75.5,1.9176286730812131e-99,0.10880468515692684,0.25905181669665828
gaussian,200,2,upwind,76.5,7.6219119829446566e-104,0.26042514195959271,0.28214770813556267
gaussian,200,2,upwind,77.5,2.4269201775492884e-108,0.50110650195544038,0.3002284199848898
gaussian,200,2,upwind,78.5,6.1905738060358609e-113,0.77520033314678238,0.31220619440428721
gaussian,200,2,upwind,79.5,1.2649762087967003e-117,0.96416556333505798,0.31737317557239775
gaussian,200,2,upwind,80.5,2.0706299308123932e-122,0.96416556333505798,0.3154700595055373
gaussian,200,2,upwind,81.5,2.7150907736160399e-127,0.77520033314678238,0.30670540791848933
gaussian,200,2,upwind,82.5,2.8518153653906486e-132,0.50110650195544038,0.29172407148165352
gaussian,200,2,upwind,83.5,2.3994264868698216e-137,0.26042514195959271,0.27153078099353395
gaussian,200,2,upwind,84.5,1.6170990853143237e-142,0.10880468515692684,0.24738117942988844
gaussian,200,2,upwind,85.5,8.7297822633204655e-148,0.036541946733464482,0.22065632590999618
gaussian,200,2,upwind,86.5,3.7748746948656425e-153,0.0098645206478332349,0.19273752907520217
gaussian,200,2,upwind,87.5,1.3074618903550522e-158,0.00214020507078222,0.16489641838148045
gaussian,200,2,upwind,88.5,3.6272558146092636e-164,0.00037314677268319925,0.13821111990605872
gaussian,200,2,upwind,89.5,8.0601939842523253e-170,5.2275059923927003e-05,0.11351426337692949
gaussian,200,2,upwind,90.5,1.4345863722220529e-175,5.8835894690706761e-06,0.091373361852047474
gaussian,200,2,upwind,91.5,2.0451150777349032e-181,5.3194075013792053e-07,0.072099758220469004
gaussian,200,2,upwind,92.5,2.3351499952916222e-187,3.8627435570099709e-08,0.055779388488443805
gaussian,200,2,upwind,93.5,2.1355715051143688e-193,2.2525693567795984e-09,0.042317266471657053
gaussian,200,2,upwind,94.5,1.5642719215530576e-199,1.0547466195306394e-10,0.031487714127195553
gaussian,200,2,upwind,95.5,9.1771078118665972e-206,3.9650113373952613e-12,0.022983583547387259
gaussian,200,2,upwind,96.5,4.3121283107197259e-212,1.1964839192313295e-13,0.01645957395948772
gaussian,200,2,upwind,97.5,1.6228064393540392e-218,2.897856440858993e-15,0.011566784518735834
gaussian,200,2,upwind,98.5,4.8913423211149546e-225,5.6324560613763466e-17,0.00797749935489259
gaussian,200,2,upwind,99.5,1.1807906115914703e-231,8.7844644713825308e-19,0.0054006473662715476
gaussian,200,2,upwind,100.5,2.2829613083390864e-238,1.0992014343435166e-20,0.0035893238200750055
gaussian,200,2,upwind,101.5,3.5351063070103485e-245,1.1034033630235094e-22,0.0023422227820832616
gaussian,200,2,upwind,102.5,4.3841178589285109e-252,8.8846316733736166e-25,0.0015008995307989393
gaussian,200,2,upwind,103.5,4.3544712450299474e-259,5.7378388747034871e-27,0.00094458325345058922
gaussian,200,2,upwind,104.5,3.4638560906697508e-266,2.9717983121251882e-29,0.00058391505174615463
gaussian,200,2,upwind,105.5,2.2067508129560438e-273,1.2342785224088351e-31,0.00035459600849004091
gaussian,200,2,upwind,106.5,1.1259360137484322e-280,4.1104854473094294e-34,0.00021156560736719613
gaussian,200,2,upwind,107.5,4.6008607253322257e-288,1.0975511372095965e-36,0.00012403209629288376
gaussian,200,2,upwind,108.5,1.5056620395625464e-295,2.3495028369634222e-39,7.1457873975171006e-05
gaussian,200,2,upwind,109.50000000000001,3.9461819357704376e-303,4.0319648328394793e-42,4.0461390874438337e-05
gaussian,200,2,upwind,110.50000000000001,8.2829705159623653e-311,5.5465005312851709e-45,2.2519176644603342e-05
gaussian,200,2,upwind,111.50000000000001,1.3923609811404258e-318,6.1158503701635364e-48,1.2320548975597332e-05
gaussian,200,2,upwind,112.5,0,5.4051257058220226e-51,6.6269999292359523e-06
gaussian,200,2,upwind,113.49999999999999,0,3.8286286709325624e-54,3.5047367333272976e-06
gaussian,200,2,upwind,114.49999999999999,0,2.1734421815277523e-57,1.8225784951635432e-06
gaussian,200,2,upwind,115.49999999999999,0,9.8878225702533351e-61,9.3207123906691762e-07
gaussian,200,2,upwind,116.5,0,3.6048121340108328e-64,4.6879436770827732e-07
gaussian,200,2,upwind,117.5,0,1.0531177035127619e-67,2.3191202369208132e-07
gaussian,200,2,upwind,118.5,0,2.4652873707848446e-71,1.1285161237034317e-07
gaussian,200,2,upwind,119.5,0,4.6242325190392664e-75,5.4022014154487722e-08
gaussian,200,2,upwind,120.5,0,6.9499126742802303e-79,2.5441694955409932e-08
gaussian,200,2,upwind,121.5,0,8.3690007569314962e-83,1.1788709048994044e-08
gaussian,200,2,upwind,122.5,0,8.0744004367222386e-87,5.3748086348672919e-09
gaussian,200,2,upwind,123.5,0,6.2413421967517473e-91,2.4113868047416521e-09
gaussian,200,2,upwind,124.5,0,3.8651475082034861e-95,1.0646513760244688e-09
gaussian,200,2,upwind,125.5,0,1.9176286730812131e-99,4.626080397015682e-10
gaussian,200,2,upwind,126.5,0,7.6219119829446566e-104,1.9783891558070732e-10
gaussian,200,2,upwind,127.5,0,2.4269201775492884e-108,8.3277882817346315e-11
gaussian,200,2,upwind,128.5,0,6.1905738060358609e-113,3.4505848448527597e-11
gaussian,200,2,upwind,129.5,0,1.2649762087967003e-117,1.4074260425465515e-11
gaussian,200,2,upwind,130.5,0,2.0706299308123932e-122,5.6513491916715026e-12
gaussian,200,2,upwind,131.5,0,2.7150907736160399e-127,2.2340626747395417e-12
gaussian,200,2,upwind,132.5,0,2.8518153653906486e-132,8.6951544789007967e-13
gaussian,200,2,upwind,133.5,0,2.3994264868698216e-137,3.3321091761994726e-13
gaussian,200,2,upwind,134.5,0,1.6170990853143237e-142,1.2573074873055328e-13
gaussian,200,2,upwind,135.5,0,8.7297822633204655e-148,4.6715789950429031e-14
gaussian,200,2,upwind,136.5,0,3.7748746948656425e-153,1.7092459041687334e-14
gaussian,200,2,upwind,137.5,0,1.3074618903550522e-158,6.1585998683150361e-15
gaussian,200,2,upwind,138.5,0,3.6272558146092636e-164,2.1853105306164651e-15
gaussian,200,2,upwind,139.5,0,8.0601939842523253e-170,7.6368527243671872e-16
gaussian,200,2,upwind,140.5,0,1.4345863722220529e-175,2.6284598238624454e-16
gaussian,200,2,upwind,141.5,0,2.0451150777349032e-181,8.9102268982666777e-17
gaussian,200,2,upwind,142.5,0,2.3351499952916222e-187,2.975025852732645e-17
gaussian,200,2,upwind,143.5,0,2.1355715051143688e-193,9.7840938114288342e-18
gaussian,200,2,upwind,144.5,0,1.5642719215530576e-199,3.169501358277003e-18
gaussian,200,2,upwind,145.5,0,9.1771078118665972e-206,1.0113782368657141e-18
gaussian,200,2,upwind,146.5,0,4.3121283107197259e-212,3.1790673599042509e-19
gaussian,200,2,upwind,147.5,0,1.6228064393540392e-218,9.8437311015400322e-20
gaussian,200,2,upwind,148.5,0,4.8913423211149546e-225,3.0026405965116982e-20
gaussian,200,2,upwind,149.5,0,1.1807906115914703e-231,9.0227634564774313e-21
gaussian,200,2,upwind,150.5,0,2.2829613083390864e-238,2.6710173852372648e-21
gaussian,200,2,upwind,151.5,0,3.5351063070103485e-245,7.7897299520743673e-22
gaussian,200,2,upwind,152.5,0,4.3841178589285109e-252,2.2381210302136195e-22
gaussian,200,2,upwind,153.5,0,4.3544712450299474e-259,6.3352894650767635e-23
gaussian,200,2,upwind,154.5,0,3.4638560906697508e-266,1.7667563376926597e-23
gaussian,200,2,upwind,155.5,0,2.2067508129560438e-273,4.8542154401129981e-24
gaussian,200,2,upwind,156.5,0,1.1259360137484322e-280,1.3140075249821849e-24
gaussian,200,2,upwind,157.5,0,4.6008607253322257e-288,3.5044238151622018e-25
gaussian,200,2,upwind,158.5,0,1.5056620395625786e-295,9.208274148842032e-26
gaussian,200,2,upwind,159.5,0,3.9461819357718733e-303,2.3838829043970747e-26
gaussian,200,2,upwind,160.5,0,8.2829705159638475e-311,6.0804847949594113e-27
gaussian,200,2,upwind,161.5,0,1.3923609811404258e-318,1.5280550013395251e-27
gaussian,200,2,upwind,162.5,0,0,3.7834454570480204e-28
gaussian,200,2,upwind,163.5,0,0,9.2296075218607256e-29
gaussian,200,2,upwind,164.5,0,0,2.2183248521785877e-29
gaussian,200,2,upwind,165.5,0,0,5.2530487997957262e-30
gaussian,200,2,upwind,166.5,0,0,1.2255743516923853e-30
gaussian,200,2,upwind,167.5,0,0,2.8171289071566208e-31
gaussian,200,2,upwind,168.5,0,0,6.3798258695498596e-32
gaussian,200,2,upwind,169.5,0,0,1.4234477436421968e-32
gaussian,200,2,upwind,170.5,0,0,3.1289577839641747e-33
gaussian,200,2,upwind,171.5,0,0,6.7760647635044629e-34
gaussian,200,2,upwind,172.5,0,0,1.4456680329165622e-34
gaussian,200,2,upwind,173.5,0,0,3.0385446589631336e-35
gaussian,200,2,upwind,174.5,0,0,6.2915960025617134e-36
gaussian,200,2,upwind,175.5,0,0,1.2833515459737688e-36
gaussian,200,2,upwind,176.5,0,0,2.5787592787884456e-37
gaussian,200,2,upwind,177.5,0,0,5.1044196146602486e-38
gaussian,200,2,upwind,178.5,0,0,9.9527172790018958e-39
gaussian,200,2,upwind,179.5,0,0,1.9115484766656378e-39
gaussian,200,2,upwind,180.5,0,0,3.6163062943793833e-40
gaussian,200,2,upwind,181.5,0,0,6.738581755170171e-41
gaussian,200,2,upwind,182.5,0,0,1.2367491510948037e-41
gaussian,200,2,upwind,183.5,0,0,2.2355801158201022e-42
gaussian,200,2,upwind,184.5,0,0,3.9799651559993059e-43
gaussian,200,2,upwind,185.5,0,0,6.9780305456821774e-44
gaussian,200,2,upwind,186.5,0,0,1.2048539357198945e-44
gaussian,200,2,upwind,187.5,0,0,2.0486438287569839e-45
gaussian,200,2,upwind,188.5,0,0,3.4301319914911817e-46
gaussian,200,2,upwind,189.5,0,0,5.6552068632723383e-47
gaussian,200,2,upwind,190.5,0,0,9.180357779408466e-48
gaussian,200,2,upwind,191.5,0,0,1.4673154366878483e-48
gaussian,200,2,upwind,192.5,0,0,2.3089716788154035e-49
gaussian,200,2,upwind,193.5,0,0,3.577029928977994e-50
gaussian,200,2,upwind,194.5,0,0,5.4552181218378569e-51
gaussian,200,2,upwind,195.5,0,0,8.1896073591286366e-52
gaussian,200,2,upwind,196.5,0,0,1.2101811395085874e-52
gaussian,200,2,upwind,197.5,0,0,1.7601432576405689e-53
gaussian,200,2,upwind,198.5,0,0,2.5195851497140949e-54
gaussian,200,2,upwind,199.5,0,0,3.5494865673472904e-55
gaussian,200,2,TVD_vanLeer,0.5,4.0319648328398961e-42,3.9461819357718733e-303,2.387885418130548e-66
gaussian,200,2,TVD_vanLeer,1.5,2.3495028369634597e-39,1.5056620395625786e-295,1.5407092320267147e-63
gaussian,200,2,TVD_vanLeer,2.5,1.0975511372095965e-36,4.6008607253322257e-288,7.4162403910986821e-61
gaussian,200,2,TVD_vanLeer,3.5,4.1104854473094294e-34,1.1259360137484322e-280,2.8686743641101636e-58
gaussian,200,2,TVD_vanLeer,4.5,1.2342785224088351e-31,2.2067508129560438e-273,8.9635572279830727e-56
gaussian,200,2,TVD_vanLeer,5.5,2.9717983121251882e-29,3.4638560906697508e-266,2.2669388776819699e-53
gaussian,200,2,TVD_vanLeer,6.5,5.7378388747034871e-27,4.3544712450299474e-259,4.6505797363446007e-51
gaussian,200,2,TVD_vanLeer,7.5,8.8846316733736166e-25,4.3841178589285109e-252,7.7590057715517469e-49
gaussian,200,2,TVD_vanLeer,8.5,1.1034033630235094e-22,3.5351063070103485e-245,1.0559956117758848e-46
gaussian,200,2,TVD_vanLeer,9.5,1.0992014343435166e-20,2.2829613083390864e-238,1.1765833444498824e-44
gaussian,200,2,TVD_vanLeer,10.5,8.7844644713825308e-19,1.1807906115914703e-231,1.0776067463945864e-42
gaussian,200,2,TVD_vanLeer,11.5,5.6324560613763466e-17,4.8913423211149546e-225,8.140087111296425e-41
gaussian,200,2,TVD_vanLeer,12.5,2.897856440858993e-15,1.6228064393540392e-218,4.9621908898308312e-39
gaussian,200,2,TVD_vanLeer,13.5,1.1964839192313295e-13,4.3121283107197259e-212,2.1351568691547686e-37
gaussian,200,2,TVD_vanLeer,14.5,3.9650113373952613e-12,9.1771078118665972e-206,6.4718001356186066e-36
gaussian,200,2,TVD_vanLeer,15.5,1.0547466195306394e-10,1.5642719215530576e-199,1.4545481737343306e-34
gaussian,200,2,TVD_vanLeer,16.5,2.2525693567795984e-09,2.1355715051143688e-193,2.5496787918189902e-33
gaussian,200,2,TVD_vanLeer,17.5,3.8627435570099709e-08,2.3351499952916222e-187,3.6281923672060318e-32
gaussian,200,2,TVD_vanLeer,18.5,5.3194075013792053e-07,2.0451150777349032e-181,4.3216054641691215e-31
gaussian,200,2,TVD_vanLeer,19.5,5.8835894690706761e-06,1.4345863722220529e-175,4.411561382451123e-30
gaussian,200,2,TVD_vanLeer,20.5,5.2275059923927003e-05,8.0601939842523253e-170,3.9314898478906527e-29
gaussian,200,2,TVD_vanLeer,21.5,0.00037314677268319925,3.6272558146092636e-164,3.1041957799252266e-28
gaussian,200,2,TVD_vanLeer,22.5,0.00214020507078222,1.3074618903550522e-158,2.1977601590614632e-27
gaussian,200,2,TVD_vanLeer,23.5,0.0098645206478332349,3.7748746948656425e-153,1.4091527749044599e-26
gaussian,200,2,TVD_vanLeer,24.5,0.036541946733464482,8.7297822633204655e-148,8.2507376723590207e-26
gaussian,200,2,TVD_vanLeer,25.5,0.10880468515692684,1.6170990853143237e-142,4.4427099438291796e-25
gaussian,200,2,TVD_vanLeer,26.5,0.26042514195959271,2.3994264868698216e-137,2.2133553701285182e-24
gaussian,200,2,TVD_vanLeer,27.5,0.5011065019554406,2.8518153653906486e-132,1.02559731675248e-23
gaussian,200,2,TVD_vanLeer,28.5,0.77520033314678272,2.7150907736160399e-127,4.4402765764351295e-23
gaussian,200,2,TVD_vanLeer,29.5,0.96416556333505776,2.0706299308123932e-122,1.8034117947415308e-22
gaussian,200,2,TVD_vanLeer,30.5,0.96416556333505798,1.2649762087967003e-117,6.8956290043941851e-22
gaussian,200,2,TVD_vanLeer,31.5,0.77520033314678238,6.1905738060358609e-113,2.4901078895499156e-21
gaussian,200,2,TVD_vanLeer,32.5,0.50110650195544038,2.4269201775492884e-108,8.5163333387278552e-21
gaussian,200,2,TVD_vanLeer,33.5,0.26042514195959271,7.6219119829446566e-104,2.7655171666651081e-20
gaussian,200,2,TVD_vanLeer,34.5,0.10880468515692684,1.9176286730812131e-99,8.5463223057960021e-20
gaussian,200,2,TVD_vanLeer,35.5,0.036541946733464482,3.8651475082034861e-95,2.5185843372561676e-19
gaussian,200,2,TVD_vanLeer,36.5,0.0098645206478332349,6.2413421967517473e-91,7.0912099807007606e-19
gaussian,200,2,TVD_vanLeer,37.5,0.00214020507078222,8.0744004367222386e-87,1.9107798729635543e-18
gaussian,200,2,TVD_vanLeer,38.5,0.00037314677268319925,8.3690007569314962e-83,4.9351910763211851e-18
gaussian,200,2,TVD_vanLeer,39.5,5.2275059923927003e-05,6.9499126742802303e-79,1.2235501975352183e-17
gaussian,200,2,TVD_vanLeer,40.5,5.8835894690706761e-06,4.6242325190392664e-75,2.9156705074219834e-17
gaussian,200,2,TVD_vanLeer,41.5,5.3194075013792053e-07,2.4652873707848446e-71,6.6863488348119968e-17
gaussian,200,2,TVD_vanLeer,42.5,3.8627435570099709e-08,1.0531177035127619e-67,1.4773320503263104e-16
gaussian,200,2,TVD_vanLeer,43.5,2.2525693567795984e-09,3.604812134010428e-64,3.1484004971747784e-16
gaussian,200,2,TVD_vanLeer,44.5,1.0547466195306394e-10,9.8878225702524618e-61,6.4788987568280209e-16
gaussian,200,2,TVD_vanLeer,45.5,3.9650113373952613e-12,2.1734421815275004e-57,1.2888332406705352e-15
gaussian,200,2,TVD_vanLeer,46.5,1.1964839192313295e-13,3.8286286709321121e-54,2.4813612724639892e-15
gaussian,200,2,TVD_vanLeer,47.5,2.897856440858993e-15,5.4051257058224677e-51,4.6296460303319666e-15
gaussian,200,2,TVD_vanLeer,48.5,5.6324560613763466e-17,6.1158503701640189e-48,8.38340370196168e-15
gaussian,200,2,TVD_vanLeer,49.5,8.7844644713825308e-19,5.5465005312857341e-45,1.4759717251613713e-14
gaussian,200,2,TVD_vanLeer,50.5,1.0992014343435166e-20,4.0319648328398961e-42,2.5319601072254189e-14
gaussian,200,2,TVD_vanLeer,51.5,1.1034033630235094e-22,2.3495028369634597e-39,4.2434843879839824e-14
gaussian,200,2,TVD_vanLeer,52.5,8.8846316733736166e-25,1.0975511372095965e-36,6.9722828271081436e-14
gaussian,200,2,TVD_vanLeer,53.5,5.7378388747034871e-27,4.1104854473094294e-34,1.1283912121069382e-13
gaussian,200,2,TVD_vanLeer,54.5,2.971798312125173e-29,1.2342785224088959e-31,1.8123023606582494e-13
gaussian,200,2,TVD_vanLeer,55.500000000000007,1.2342785224087919e-31,2.9717983121253238e-29,2.943909387816995e-13
gaussian,200,2,TVD_vanLeer,56.5,4.1104854473092387e-34,5.7378388747034046e-27,5.2285174413209922e-13
gaussian,200,2,TVD_vanLeer,57.499999999999993,1.0975511372096371e-36,8.8846316733732897e-25,1.2671364689493422e-12
gaussian,200,2,TVD_vanLeer,58.5,2.3495028369635919e-39,1.1034033630235007e-22,4.7983404704341575e-12
gaussian,200,2,TVD_vanLeer,59.5,4.0319648328398961e-42,1.0992014343435166e-20,2.3014822119628732e-11
gaussian,200,2,TVD_vanLeer,60.5,5.5465005312857341e-45,8.7844644713825308e-19,1.1508793779575131e-10
gaussian,200,2,TVD_vanLeer,61.5,6.1158503701640189e-48,5.6324560613763466e-17,5.6220772010222613e-10
gaussian,200,2,TVD_vanLeer,62.5,5.4051257058224677e-51,2.897856440858993e-15,2.6406083506161899e-09
gaussian,200,2,TVD_vanLeer,63.5,3.8286286709321121e-54,1.1964839192313295e-13,1.1875832717915661e-08
gaussian,200,2,TVD_vanLeer,64.5,2.1734421815275004e-57,3.9650113373952613e-12,5.1069562643452125e-08
gaussian,200,2,TVD_vanLeer,65.5,9.8878225702524618e-61,1.0547466195306394e-10,2.0993694444834774e-07
gaussian,200,2,TVD_vanLeer,66.5,3.604812134010428e-64,2.2525693567795984e-09,8.2602072308164573e-07
gaussian,200,2,TVD_vanLeer,67.5,1.0531177035127619e-67,3.8627435570099709e-08,3.1223018058079138e-06
gaussian,200,2,TVD_vanLeer,68.5,2.4652873707848446e-71,5.3194075013792053e-07,1.1418378480648162e-05
gaussian,200,2,TVD_vanLeer,69.5,4.6242325190392664e-75,5.8835894690706761e-06,4.0828737756039883e-05
gaussian,200,2,TVD_vanLeer,70.5,6.9499126742802303e-79,5.2275059923927003e-05,0.00014457351907720253
gaussian,200,2,TVD_vanLeer,71.5,8.3690007569314962e-83,0.00037314677268319925,0.00051312248898168714
gaussian,200,2,TVD_vanLeer,72.5,8.0744004367222386e-87,0.00214020507078222,0.0018405043459401005
gaussian,200,2,TVD_vanLeer,73.5,6.2413421967517473e-91,0.0098645206478332349,0.0066851634045486498
gaussian,200,2,TVD_vanLeer,74.5,3.8651475082034861e-95,0.036541946733464482,0.024419555496648742
gaussian,200,2,TVD_vanLeer,75.5,1.9176286730812131e-99,0.10880468515692684,0.087230321312200071
gaussian,200,2,TVD_vanLeer,76.5,7.6219119829446566e-104,0.26042514195959271,0.27656328368873728
gaussian,200,2,TVD_vanLeer,77.5,2.4269201775492884e-108,0.50110650195544038,0.61165482031859697
gaussian,200,2,TVD_vanLeer,78.5,6.1905738060358609e-113,0.77520033314678238,0.79858280821981864
gaussian,200,2,TVD_vanLeer,79.5,1.2649762087967003e-117,0.96416556333505798,0.81366834214130934
gaussian,200,2,TVD_vanLeer,80.5,2.0706299308123932e-122,0.96416556333505798,0.81008588563542971
gaussian,200,2,TVD_vanLeer,81.5,2.7150907736160399e-127,0.77520033314678238,0.78156212067646758
gaussian,200,2,TVD_vanLeer,82.5,2.8518153653906486e-132,0.50110650195544038,0.6633254099650413
gaussian,200,2,TVD_vanLeer,83.5,2.3994264868698216e-137,0.26042514195959271,0.36836039022276168
gaussian,200,2,TVD_vanLeer,84.5,1.6170990853143237e-142,0.10880468515692684,0.07073024728480147
gaussian,200,2,TVD_vanLeer,85.5,8.7297822633204655e-148,0.036541946733464482,0.0019357240336676646
gaussian,200,2,TVD_vanLeer,86.5,3.7748746948656425e-153,0.0098645206478332349,2.808202225822782e-06
gaussian,200,2,TVD_vanLeer,87.5,1.3074618903550522e-158,0.00214020507078222,7.5884988429268944e-11
gaussian,200,2,TVD_vanLeer,88.5,3.6272558146092636e-164,0.00037314677268319925,1.9131689220367234e-12
gaussian,200,2,TVD_vanLeer,89.5,8.0601939842523253e-170,5.2275059923927003e-05,1.7881801894303773e-12
gaussian,200,2,TVD_vanLeer,90.5,1.4345863722220529e-175,5.8835894690706761e-06,1.6514472649651784e-12
gaussian,200,2,TVD_vanLeer,91.5,2.0451150777349032e-181,5.3194075013792053e-07,1.5095050804418275e-12
gaussian,200,2,TVD_vanLeer,92.5,2.3351499952916222e-187,3.8627435570099709e-08,1.3587044766322905e-12
gaussian,200,2,TVD_vanLeer,93.5,2.1355715051143688e-193,2.2525693567795984e-09,1.2036999933893563e-12
gaussian,200,2,TVD_vanLeer,94.5,1.5642719215530576e-199,1.0547466195306394e-10,1.0495198959778758e-12
gaussian,200,2,TVD_vanLeer,95.5,9.1771078118665972e-206,3.9650113373952613e-12,9.0083142533916306e-13
gaussian,200,2,TVD_vanLeer,96.5,4.3121283107197259e-212,1.1964839192313295e-13,7.6134431787387006e-13
gaussian,200,2,TVD_vanLeer,97.5,1.6228064393540392e-218,2.897856440858993e-15,6.3366071733045554e-13
gaussian,200,2,TVD_vanLeer,98.5,4.8913423211149546e-225,5.6324560613763466e-17,5.1935288934280346e-13
gaussian,200,2,TVD_vanLeer,99.5,1.1807906115914703e-231,8.7844644713825308e-19,4.1912198932127432e-13
gaussian,200,2,TVD_vanLeer,100.5,2.2829613083390864e-238,1.0992014343435166e-20,3.3296735608497634e-13
gaussian,200,2,TVD_vanLeer,101.5,3.5351063070103485e-245,1.1034033630235094e-22,2.6034232266205196e-13
gaussian,200,2,TVD_vanLeer,102.5,4.3841178589285109e-252,8.8846316733736166e-25,2.0029460170983481e-13
gaussian,200,2,TVD_vanLeer,103.5,4.3544712450299474e-259,5.7378388747034871e-27,1.5159445981320546e-13
gaussian,200,2,TVD_vanLeer,104.5,3.4638560906697508e-266,2.9717983121251882e-29,1.1285156401586015e-13
gaussian,200,2,TVD_vanLeer,105.5,2.2067508129560438e-273,1.2342785224088351e-31,8.2618125743317121e-14
gaussian,200,2,TVD_vanLeer,106.5,1.1259360137484322e-280,4.1104854473094294e-34,5.9474615076907217e-14
gaussian,200,2,TVD_vanLeer,107.5,4.6008607253322257e-288,1.0975511372095965e-36,4.2095102439911758e-14
gaussian,200,2,TVD_vanLeer,108.5,1.5056620395625464e-295,2.3495028369634222e-39,2.9291296171535242e-14
gaussian,200,2,TVD_vanLeer,109.50000000000001,3.9461819357704376e-303,4.0319648328394793e-42,2.0036558456981935e-14
gaussian,200,2,TVD_vanLeer,110.50000000000001,8.2829705159623653e-311,5.5465005312851709e-45,1.3472913034569905e-14
gaussian,200,2,TVD_vanLeer,111.50000000000001,1.3923609811404258e-318,6.1158503701635364e-48,8.9050252779859177e-15
gaussian,200,2,TVD_vanLeer,112.5,0,5.4051257058220226e-51,5.7853555026697071e-15
gaussian,200,2,TVD_vanLeer,113.49999999999999,0,3.8286286709325624e-54,3.6943350970396749e-15
gaussian,200,2,TVD_vanLeer,114.49999999999999,0,2.1734421815277523e-57,2.3187170161950175e-15
gaussian,200,2,TVD_vanLeer,115.49999999999999,0,9.8878225702533351e-61,1.4304142689501022e-15
gaussian,200,2,TVD_vanLeer,116.5,0,3.6048121340108328e-64,8.6731962019463253e-16
gaussian,200,2,TVD_vanLeer,117.5,0,1.0531177035127619e-67,5.1689623709344896e-16
gaussian,200,2,TVD_vanLeer,118.5,0,2.4652873707848446e-71,3.0278946589132884e-16
gaussian,200,2,TVD_vanLeer,119.5,0,4.6242325190392664e-75,1.743412418823129e-16
gaussian,200,2,TVD_vanLeer,120.5,0,6.9499126742802303e-79,9.867167184815699e-17
gaussian,200,2,TVD_vanLeer,121.5,0,8.3690007569314962e-83,5.4894744531542697e-17
gaussian,200,2,TVD_vanLeer,122.5,0,8.0744004367222386e-87,3.0021310545503224e-17
gaussian,200,2,TVD_vanLeer,123.5,0,6.2413421967517473e-91,1.614006485624523e-17
gaussian,200,2,TVD_vanLeer,124.5,0,3.8651475082034861e-95,8.5305115868969183e-18
gaussian,200,2,TVD_vanLeer,125.5,0,1.9176286730812131e-99,4.432589819905412e-18
gaussian,200,2,TVD_vanLeer,126.5,0,7.6219119829446566e-104,2.2644985937294608e-18
gaussian,200,2,TVD_vanLeer,127.5,0,2.4269201775492884e-108,1.137466727098138e-18
gaussian,200,2,TVD_vanLeer,128.5,0,6.1905738060358609e-113,5.6179534669405825e-19
gaussian,200,2,TVD_vanLeer,129.5,0,1.2649762087967003e-117,2.7284213532069746e-19
gaussian,200,2,TVD_vanLeer,130.5,0,2.0706299308123932e-122,1.303046702843071e-19
gaussian,200,2,TVD_vanLeer,131.5,0,2.7150907736160399e-127,6.1199140434775606e-20
gaussian,200,2,TVD_vanLeer,132.5,0,2.8518153653906486e-132,2.8267610988356555e-20
gaussian,200,2,TVD_vanLeer,133.5,0,2.3994264868698216e-137,1.284141770252817e-20
gaussian,200,2,TVD_vanLeer,134.5,0,1.6170990853143237e-142,5.73770848707147e-21
gaussian,200,2,TVD_vanLeer,135.5,0,8.7297822633204655e-148,2.5216628993734e-21
gaussian,200,2,TVD_vanLeer,136.5,0,3.7748746948656425e-153,1.0901338044539495e-21
gaussian,200,2,TVD_vanLeer,137.5,0,1.3074618903550522e-158,4.6359391660662043e-22
gaussian,200,2,TVD_vanLeer,138.5,0,3.6272558146092636e-164,1.9394624935698783e-22
gaussian,200,2,TVD_vanLeer,139.5,0,8.0601939842523253e-170,7.9823543923402849e-23
gaussian,200,2,TVD_vanLeer,140.5,0,1.4345863722220529e-175,3.2322609159705825e-23
gaussian,200,2,TVD_vanLeer,141.5,0,2.0451150777349032e-181,1.2877364415520429e-23
gaussian,200,2,TVD_vanLeer,142.5,0,2.3351499952916222e-187,5.0479104776887251e-24
gaussian,200,2,TVD_vanLeer,143.5,0,2.1355715051143688e-193,1.9470576110726731e-24
gaussian,200,2,TVD_vanLeer,144.5,0,1.5642719215530576e-199,7.3900325707277809e-25
gaussian,200,2,TVD_vanLeer,145.5,0,9.1771078118665972e-206,2.7601433932185536e-25
gaussian,200,2,TVD_vanLeer,146.5,0,4.3121283107197259e-212,1.0144986260659987e-25
gaussian,200,2,TVD_vanLeer,147.5,0,1.6228064393540392e-218,3.6696277311672861e-26
gaussian,200,2,TVD_vanLeer,148.5,0,4.8913423211149546e-225,1.306348000353273e-26
gaussian,200,2,TVD_vanLeer,149.5,0,1.1807906115914703e-231,4.5769595982602841e-27
gaussian,200,2,TVD_vanLeer,150.5,0,2.2829613083390864e-238,1.5783050710878094e-27
gaussian,200,2,TVD_vanLeer,151.5,0,3.5351063070103485e-245,5.3569084554799746e-28
gaussian,200,2,TVD_vanLeer,152.5,0,4.3841178589285109e-252,1.7896164642186666e-28
gaussian,200,2,TVD_vanLeer,153.5,0,4.3544712450299474e-259,5.8849202831021367e-29
gaussian,200,2,TVD_vanLeer,154.5,0,3.4638560906697508e-266,1.904880836777557e-29
gaussian,200,2,TVD_vanLeer,155.5,0,2.2067508129560438e-273,6.0694970622612116e-30
gaussian,200,2,TVD_vanLeer,156.5,0,1.1259360137484322e-280,1.9037311926800819e-30
gaussian,200,2,TVD_vanLeer,157.5,0,4.6008607253322257e-288,5.878090100701786e-31
gaussian,200,2,TVD_vanLeer,158.5,0,1.5056620395625786e-295,1.7867076744370592e-31
gaussian,200,2,TVD_vanLeer,159.5,0,3.9461819357718733e-303,5.3464518882906285e-32
gaussian,200,2,TVD_vanLeer,160.5,0,8.2829705159638475e-311,1.5749988581693418e-32
gaussian,200,2,TVD_vanLeer,161.5,0,1.3923609811404258e-318,4.567768018005928e-33
gaussian,200,2,TVD_vanLeer,162.5,0,0,1.3041967465492141e-33
gaussian,200,2,TVD_vanLeer,163.5,0,0,3.6660871274796816e-34
gaussian,200,2,TVD_vanLeer,164.5,0,0,1.0145830904579729e-34
gaussian,200,2,TVD_vanLeer,165.5,0,0,2.7644035563118293e-35
gaussian,200,2,TVD_vanLeer,166.5,0,0,7.4156172825246622e-36
gaussian,200,2,TVD_vanLeer,167.5,0,0,1.9585177144047729e-36
gaussian,200,2,TVD_vanLeer,168.5,0,0,5.0926466883518293e-37
gaussian,200,2,TVD_vanLeer,169.5,0,0,1.3037555613124552e-37
gaussian,200,2,TVD_vanLeer,170.5,0,0,3.2861344966119551e-38
gaussian,200,2,TVD_vanLeer,171.5,0,0,8.154741275236274e-39
gaussian,200,2,TVD_vanLeer,172.5,0,0,1.9923658537736215e-39
gaussian,200,2,TVD_vanLeer,173.5,0,0,4.7924721507042481e-40
gaussian,200,2,TVD_vanLeer,174.5,0,0,1.1349545030568102e-40
gaussian,200,2,TVD_vanLeer,175.5,0,0,2.6461933667115477e-41
gaussian,200,2,TVD_vanLeer,176.5,0,0,6.0741297930190661e-42
gaussian,200,2,TVD_vanLeer,177.5,0,0,1.3726511903785141e-42
gaussian,200,2,TVD_vanLeer,178.5,0,0,3.0538195502236494e-43
gaussian,200,2,TVD_vanLeer,179.5,0,0,6.6884607872029715e-44
gaussian,200,2,TVD_vanLeer,180.5,0,0,1.4421165327580907e-44
gaussian,200,2,TVD_vanLeer,181.5,0,0,3.0609535661955047e-45
gaussian,200,2,TVD_vanLeer,182.5,0,0,6.3956594412373181e-46
gaussian,200,2,TVD_vanLeer,183.5,0,0,1.3154526775297438e-46
gaussian,200,2,TVD_vanLeer,184.5,0,0,2.6632666897840752e-47
gaussian,200,2,TVD_vanLeer,185.5,0,0,5.3075113850421924e-48
gaussian,200,2,TVD_vanLeer,186.5,0,0,1.04109526893124e-48
gaussian,200,2,TVD_vanLeer,187.5,0,0,2.0100125387831799e-49
gaussian,200,2,TVD_vanLeer,188.5,0,0,3.8194460558940142e-50
gaussian,200,2,TVD_vanLeer,189.5,0,0,7.142971871160304e-51
gaussian,200,2,TVD_vanLeer,190.5,0,0,1.314671104521876e-51
gaussian,200,2,TVD_vanLeer,191.5,0,0,2.3812041059978305e-52
gaussian,200,2,TVD_vanLeer,192.5,0,0,4.2442229304342396e-53
gaussian,200,2,TVD_vanLeer,193.5,0,0,7.4439175277461297e-54
gaussian,200,2,TVD_vanLeer,194.5,0,0,1.2846518758877304e-54
gaussian,200,2,TVD_vanLeer,195.5,0,0,2.1813613360269785e-55
gaussian,200,2,TVD_vanLeer,196.5,0,0,3.6442209471717438e-56
gaussian,200,2,TVD_vanLeer,197.5,0,0,5.9895245547158483e-57
gaussian,200,2,TVD_vanLeer,198.5,0,0,9.6842304717323891e-58
gaussian,200,2,TVD_vanLeer,199.5,0,0,1.540268622199421e-58
gaussian,200,2,PLM_MC,0.5,4.0319648328398961e-42,3.9461819357718733e-303,2.387885418130548e-66
gaussian,200,2,PLM_MC,1.5,2.3495028369634597e-39,1.5056620395625786e-295,4.7757708362610949e-66
gaussian,200,2,PLM_MC,2.5,1.0975511372095965e-36,4.6008607253322257e-288,1.1961448908132901e-65
gaussian,200,2,PLM_MC,3.5,4.1104854473094294e-34,1.1259360137484322e-280,3.4436114097015816e-65
gaussian,200,2,PLM_MC,4.5,1.2342785224088351e-31,2.2067508129560438e-273,9.3486266042086576e-65
gaussian,200,2,PLM_MC,5.5,2.9717983121251882e-29,3.4638560906697508e-266,2.4081029053682859e-64
gaussian,200,2,PLM_MC,6.5,5.7378388747034871e-27,4.3544712450299474e-259,7.4260717233003562e-64
gaussian,200,2,PLM_MC,7.5,8.8846316733736166e-25,4.3841178589285109e-252,2.1217597632040334e-63
gaussian,200,2,PLM_MC,8.5,1.1034033630235094e-22,3.5351063070103485e-245,4.8245974539292416e-63
gaussian,200,2,PLM_MC,9.5,1.0992014343435166e-20,2.2829613083390864e-238,1.265054530096813e-62
gaussian,200,2,PLM_MC,10.5,8.7844644713825308e-19,1.1807906115914703e-231,3.5247115168479526e-62
gaussian,200,2,PLM_MC,11.5,5.6324560613763466e-17,4.8913423211149546e-225,9.8873783480533112e-62
gaussian,200,2,PLM_MC,12.5,2.897856440858993e-15,1.6228064393540392e-218,3.2318379404686588e-61
gaussian,200,2,PLM_MC,13.5,1.1964839192313295e-13,4.3121283107197259e-212,9.7203031058527206e-61
gaussian,200,2,PLM_MC,14.5,3.9650113373952613e-12,9.1771078118665972e-206,2.2702418265202285e-60
gaussian,200,2,PLM_MC,15.5,1.0547466195306394e-10,1.5642719215530576e-199,5.1240586345507089e-60
gaussian,200,2,PLM_MC,16.5,2.2525693567795984e-09,2.1355715051143688e-193,1.2853554598633722e-59
gaussian,200,2,PLM_MC,17.5,3.8627435570099709e-08,2.3351499952916222e-187,3.7856640303016137e-59
gaussian,200,2,PLM_MC,18.5,5.3194075013792053e-07,2.0451150777349032e-181,2.2599364621124348e-58
gaussian,200,2,PLM_MC,19.5,5.8835894690706761e-06,1.4345863722220529e-175,5.3765905281575577e-57
gaussian,200,2,PLM_MC,20.5,5.2275059923927003e-05,8.0601939842523253e-170,1.8469447464547652e-55
gaussian,200,2,PLM_MC,21.5,0.00037314677268319925,3.6272558146092636e-164,6.0503313842062087e-54
gaussian,200,2,PLM_MC,22.5,0.00214020507078222,1.3074618903550522e-158,1.8244928421653275e-52
gaussian,200,2,PLM_MC,23.5,0.0098645206478332349,3.7748746948656425e-153,5.0698985279609608e-51
gaussian,200,2,PLM_MC,24.5,0.036541946733464482,8.7297822633204655e-148,1.3027164393249159e-49
gaussian,200,2,PLM_MC,25.5,0.10880468515692684,1.6170990853143237e-142,3.1057226474629551e-48
gaussian,200,2,PLM_MC,26.5,0.26042514195959271,2.3994264868698216e-137,6.8913328583618311e-47
gaussian,200,2,PLM_MC,27.5,0.5011065019554406,2.8518153653906486e-132,1.4273698804645312e-45
gaussian,200,2,PLM_MC,28.5,0.77520033314678272,2.7150907736160399e-127,2.7671620910920008e-44
gaussian,200,2,PLM_MC,29.5,0.96416556333505776,2.0706299308123932e-122,5.0336640546682487e-43
gaussian,200,2,PLM_MC,30.5,0.96416556333505798,1.2649762087967003e-117,8.6118038376872764e-42
gaussian,200,2,PLM_MC,31.5,0.77520033314678238,6.1905738060358609e-113,1.3886780307901598e-40
gaussian,200,2,PLM_MC,32.5,0.50110650195544038,2.4269201775492884e-108,2.1148444396961506e-39
gaussian,200,2,PLM_MC,33.5,0.26042514195959271,7.6219119829446566e-104,3.0474516844154229e-38
gaussian,200,2,PLM_MC,34.5,0.10880468515692684,1.9176286730812131e-99,4.1623082060728231e-37
gaussian,200,2,PLM_MC,35.5,0.036541946733464482,3.8651475082034861e-95,5.3973203244054517e-36
gaussian,200,2,PLM_MC,36.5,0.0098645206478332349,6.2413421967517473e-91,6.6547337624484225e-35
gaussian,200,2,PLM_MC,37.5,0.00214020507078222,8.0744004367222386e-87,7.8128978973044074e-34
gaussian,200,2,PLM_MC,38.5,0.00037314677268319925,8.3690007569314962e-83,8.7459141549287211e-33
gaussian,200,2,PLM_MC,39.5,5.2275059923927003e-05,6.9499126742802303e-79,9.346696728234014e-32
gaussian,200,2,PLM_MC,40.5,5.8835894690706761e-06,4.6242325190392664e-75,9.5474666819563013e-31
gaussian,200,2,PLM_MC,41.5,5.3194075013792053e-07,2.4652873707848446e-71,9.3322064076007829e-30
gaussian,200,2,PLM_MC,42.5,3.8627435570099709e-08,1.0531177035127619e-67,8.7379724400648279e-29
gaussian,200,2,PLM_MC,43.5,2.2525693567795984e-09,3.604812134010428e-64,7.8452854776291386e-28
gaussian,200,2,PLM_MC,44.5,1.0547466195306394e-10,9.8878225702524618e-61,6.7608383550558077e-27
gaussian,200,2,PLM_MC,45.5,3.9650113373952613e-12,2.1734421815275004e-57,5.5974629204493186e-26
gaussian,200,2,PLM_MC,46.5,1.1964839192313295e-13,3.8286286709321121e-54,4.4562760366815406e-25
gaussian,200,2,PLM_MC,47.5,2.897856440858993e-15,5.4051257058224677e-51,3.4144753138637306e-24
gaussian,200,2,PLM_MC,48.5,5.6324560613763466e-17,6.1158503701640189e-48,2.520120644104221e-23
gaussian,200,2,PLM_MC,49.5,8.7844644713825308e-19,5.5465005312857341e-45,1.793235540640902e-22
gaussian,200,2,PLM_MC,50.5,1.0992014343435166e-20,4.0319648328398961e-42,1.2312632515542156e-21
gaussian,200,2,PLM_MC,51.5,1.1034033630235094e-22,2.3495028369634597e-39,8.1650060608248227e-21
gaussian,200,2,PLM_MC,52.5,8.8846316733736166e-25,1.0975511372095965e-36,5.2345357854934647e-20
gaussian,200,2,PLM_MC,53.5,5.7378388747034871e-27,4.1104854473094294e-34,3.2478071121723291e-19
gaussian,200,2,PLM_MC,54.5,2.971798312125173e-29,1.2342785224088959e-31,1.9527549950743091e-18
gaussian,200,2,PLM_MC,55.500000000000007,1.2342785224087919e-31,2.9717983121253238e-29,1.1395450538431041e-17
gaussian,200,2,PLM_MC,56.5,4.1104854473092387e-34,5.7378388747034046e-27,6.467154542219359e-17
gaussian,200,2,PLM_MC,57.499999999999993,1.0975511372096371e-36,8.8846316733732897e-25,3.5788915891704069e-16
gaussian,200,2,PLM_MC,58.5,2.3495028369635919e-39,1.1034033630235007e-22,1.938215320942052e-15
gaussian,200,2,PLM_MC,59.5,4.0319648328398961e-42,1.0992014343435166e-20,1.032289479580459e-14
gaussian,200,2,PLM_MC,60.5,5.5465005312857341e-45,8.7844644713825308e-19,5.4424484902053336e-14
gaussian,200,2,PLM_MC,61.5,6.1158503701640189e-48,5.6324560613763466e-17,2.8644015694621787e-13
gaussian,200,2,PLM_MC,62.5,5.4051257058224677e-51,2.897856440858993e-15,1.5200755325634786e-12
gaussian,200,2,PLM_MC,63.5,3.8286286709321121e-54,1.1964839192313295e-13,8.2197172595370549e-12
gaussian,200,2,PLM_MC,64.5,2.1734421815275004e-57,3.9650113373952613e-12,4.5703532573206804e-11
gaussian,200,2,PLM_MC,65.5,9.8878225702524618e-61,1.0547466195306394e-10,2.6271927590975715e-10
gaussian,200,2,PLM_MC,66.5,3.604812134010428e-64,2.2525693567795984e-09,1.5620280010979125e-09
gaussian,200,2,PLM_MC,67.5,1.0531177035127619e-67,3.8627435570099709e-08,9.5682262299894689e-09
gaussian,200,2,PLM_MC,68.5,2.4652873707848446e-71,5.3194075013792053e-07,5.9997290321298057e-08
gaussian,200,2,PLM_MC,69.5,4.6242325190392664e-75,5.8835894690706761e-06,3.825071688693997e-07
gaussian,200,2,PLM_MC,70.5,6.9499126742802303e-79,5.2275059923927003e-05,2.4651627322801926e-06
gaussian,200,2,PLM_MC,71.5,8.3690007569314962e-83,0.00037314677268319925,1.5991799311455809e-05
gaussian,200,2,PLM_MC,72.5,8.0744004367222386e-87,0.00214020507078222,0.0001041266201765025
gaussian,200,2,PLM_MC,73.5,6.2413421967517473e-91,0.0098645206478332349,0.00067933257900875668
gaussian,200,2,PLM_MC,74.5,3.8651475082034861e-95,0.036541946733464482,0.004436358583633942
gaussian,200,2,PLM_MC,75.5,1.9176286730812131e-99,0.10880468515692684,0.028984284688357516
gaussian,200,2,PLM_MC,76.5,7.6219119829446566e-104,0.26042514195959271,0.18501864942431215
gaussian,200,2,PLM_MC,77.5,2.4269201775492884e-108,0.50110650195544038,0.60057592182074671
gaussian,200,2,PLM_MC,78.5,6.1905738060358609e-113,0.77520033314678238,0.89975203181542374
gaussian,200,2,PLM_MC,79.5,1.2649762087967003e-117,0.96416556333505798,0.91104456403013057
gaussian,200,2,PLM_MC,80.5,2.0706299308123932e-122,0.96416556333505798,0.90684919224790339
gaussian,200,2,PLM_MC,81.5,2.7150907736160399e-127,0.77520033314678238,0.87403966252062182
gaussian,200,2,PLM_MC,82.5,2.8518153653906486e-132,0.50110650195544038,0.67124499554400596
gaussian,200,2,PLM_MC,83.5,2.3994264868698216e-137,0.26042514195959271,0.23402461941982303
gaussian,200,2,PLM_MC,84.5,1.6170990853143237e-142,0.10880468515692684,0.0005889025071277534
gaussian,200,2,PLM_MC,85.5,8.7297822633204655e-148,0.036541946733464482,-6.8136581955346539e-17
gaussian,200,2,PLM_MC,86.5,3.7748746948656425e-153,0.0098645206478332349,-5.8826214899490495e-17
gaussian,200,2,PLM_MC,87.5,1.3074618903550522e-158,0.00214020507078222,-2.5997666028049724e-17
gaussian,200,2,PLM_MC,88.5,3.6272558146092636e-164,0.00037314677268319925,-1.0403018417300088e-18
gaussian,200,2,PLM_MC,89.5,8.0601939842523253e-170,5.2275059923927003e-05,3.4068004748236285e-28
gaussian,200,2,PLM_MC,90.5,1.4345863722220529e-175,5.8835894690706761e-06,2.8497927121299942e-28
gaussian,200,2,PLM_MC,91.5,2.0451150777349032e-181,5.3194075013792053e-07,1.1063744324442129e-28
gaussian,200,2,PLM_MC,92.5,2.3351499952916222e-187,3.8627435570099709e-08,2.0012507540686465e-30
gaussian,200,2,PLM_MC,93.5,2.1355715051143688e-193,2.2525693567795984e-09,1.6961731966722423e-176
gaussian,200,2,PLM_MC,94.5,1.5642719215530576e-199,1.0547466195306394e-10,9.8856484650770358e-176
gaussian,200,2,PLM_MC,95.5,9.1771078118665972e-206,3.9650113373952613e-12,4.7309247874664353e-175
gaussian,200,2,PLM_MC,96.5,4.3121283107197259e-212,1.1964839192313295e-13,1.9275162390460953e-174
gaussian,200,2,PLM_MC,97.5,1.6228064393540392e-218,2.897856440858993e-15,6.8293105136270289e-174
gaussian,200,2,PLM_MC,98.5,4.8913423211149546e-225,5.6324560613763466e-17,2.1381142954491927e-173
gaussian,200,2,PLM_MC,99.5,1.1807906115914703e-231,8.7844644713825308e-19,5.9906836656782658e-173
gaussian,200,2,PLM_MC,100.5,2.2829613083390864e-238,1.0992014343435166e-20,1.5178208188162428e-172
gaussian,200,2,PLM_MC,101.5,3.5351063070103485e-245,1.1034033630235094e-22,3.5077999751211023e-172
gaussian,200,2,PLM_MC,102.5,4.3841178589285109e-252,8.8846316733736166e-25,7.4497598700502878e-172
gaussian,200,2,PLM_MC,103.5,4.3544712450299474e-259,5.7378388747034871e-27,1.4633577172588619e-171
gaussian,200,2,PLM_MC,104.5,3.4638560906697508e-266,2.9717983121251882e-29,2.6739311358309284e-171
gaussian,200,2,PLM_MC,105.5,2.2067508129560438e-273,1.2342785224088351e-31,4.568674163608167e-171
gaussian,200,2,PLM_MC,106.5,1.1259360137484322e-280,4.1104854473094294e-34,7.3339177811276686e-171
gaussian,200,2,PLM_MC,107.5,4.6008607253322257e-288,1.0975511372095965e-36,1.111009069204915e-170
gaussian,200,2,PLM_MC,108.5,1.5056620395625464e-295,2.3495028369634222e-39,1.5950258028019842e-170
gaussian,200,2,PLM_MC,109.50000000000001,3.9461819357704376e-303,4.0319648328394793e-42,2.1789848856758266e-170
gaussian,200,2,PLM_MC,110.50000000000001,8.2829705159623653e-311,5.5465005312851709e-45,2.8438463443795454e-170
gaussian,200,2,PLM_MC,111.50000000000001,1.3923609811404258e-318,6.1158503701635364e-48,3.5598682696338165e-170
gaussian,200,2,PLM_MC,112.5,0,5.4051257058220226e-51,4.2908523368129365e-170
gaussian,200,2,PLM_MC,113.49999999999999,0,3.8286286709325624e-54,4.999690431313171e-170
gaussian,200,2,PLM_MC,114.49999999999999,0,2.1734421815277523e-57,5.6538047601173048e-170
gaussian,200,2,PLM_MC,115.49999999999999,0,9.8878225702533351e-61,6.229217641502143e-170
gaussian,200,2,PLM_MC,116.5,0,3.6048121340108328e-64,6.7125131466694463e-170
gaussian,200,2,PLM_MC,117.5,0,1.0531177035127619e-67,7.1006197903329462e-170
gaussian,200,2,PLM_MC,118.5,0,2.4652873707848446e-71,7.3989005196941253e-170
gaussian,200,2,PLM_MC,119.5,0,4.6242325190392664e-75,7.6183270419876187e-170
gaussian,200,2,PLM_MC,120.5,0,6.9499126742802303e-79,7.7725172522189974e-170
gaussian,200,2,PLM_MC,121.5,0,8.3690007569314962e-83,7.875210094437947e-170
gaussian,200,2,PLM_MC,122.5,0,8.0744004367222386e-87,7.9384676726033618e-170
gaussian,200,2,PLM_MC,123.5,0,6.2413421967517473e-91,7.9716396828427062e-170
gaussian,200,2,PLM_MC,124.5,0,3.8651475082034861e-95,7.9809614697156498e-170
gaussian,200,2,PLM_MC,125.5,0,1.9176286730812131e-99,7.9695943162664966e-170
gaussian,200,2,PLM_MC,126.5,0,7.6219119829446566e-104,7.9379306551293813e-170
gaussian,200,2,PLM_MC,127.5,0,2.4269201775492884e-108,7.8840405894237639e-170
gaussian,200,2,PLM_MC,128.5,0,6.1905738060358609e-113,7.8041959561004422e-170
gaussian,200,2,PLM_MC,129.5,0,1.2649762087967003e-117,7.6934524087514015e-170
gaussian,200,2,PLM_MC,130.5,0,2.0706299308123932e-122,7.5462897064740345e-170
gaussian,200,2,PLM_MC,131.5,0,2.7150907736160399e-127,7.3573066945523174e-170
gaussian,200,2,PLM_MC,132.5,0,2.8518153653906486e-132,7.121947702753071e-170
gaussian,200,2,PLM_MC,133.5,0,2.3994264868698216e-137,6.8372113729827917e-170
gaussian,200,2,PLM_MC,134.5,0,1.6170990853143237e-142,6.5022713888720357e-170
gaussian,200,2,PLM_MC,135.5,0,8.7297822633204655e-148,6.1189292993813448e-170
gaussian,200,2,PLM_MC,136.5,0,3.7748746948656425e-153,5.6918271605834941e-170
gaussian,200,2,PLM_MC,137.5,0,1.3074618903550522e-158,5.2283722826347467e-170
gaussian,200,2,PLM_MC,138.5,0,3.6272558146092636e-164,4.7383638997853569e-170
gaussian,200,2,PLM_MC,139.5,0,8.0601939842523253e-170,4.2333547318694018e-170
gaussian,200,2,PLM_MC,140.5,0,1.4345863722220529e-175,3.7258203205928517e-170
gaussian,200,2,PLM_MC,141.5,0,2.0451150777349032e-181,3.2282374866874818e-170
gaussian,200,2,PLM_MC,142.5,0,2.3351499952916222e-187,2.7521846427277434e-170
gaussian,200,2,PLM_MC,143.5,0,2.1355715051143688e-193,2.307569227838131e-170
gaussian,200,2,PLM_MC,144.5,0,1.5642719215530576e-199,1.9020634840542224e-170
gaussian,200,2,PLM_MC,145.5,0,9.1771078118665972e-206,1.5407947145909559e-170
gaussian,200,2,PLM_MC,146.5,0,4.3121283107197259e-212,1.2262973341978199e-170
gaussian,200,2,PLM_MC,147.5,0,1.6228064393540392e-218,9.5869867365888122e-171
gaussian,200,2,PLM_MC,148.5,0,4.8913423211149546e-225,7.3608426024917461e-171
gaussian,200,2,PLM_MC,149.5,0,1.1807906115914703e-231,5.5497422033909411e-171
gaussian,200,2,PLM_MC,150.5,0,2.2829613083390864e-238,4.1084080658258866e-171
gaussian,200,2,PLM_MC,151.5,0,3.5351063070103485e-245,2.9860576576369657e-171
gaussian,200,2,PLM_MC,152.5,0,4.3841178589285109e-252,2.1307179895050635e-171
gaussian,200,2,PLM_MC,153.5,0,4.3544712450299474e-259,1.4926074113508901e-171
gaussian,200,2,PLM_MC,154.5,0,3.4638560906697508e-266,1.0264875512708073e-171
gaussian,200,2,PLM_MC,155.5,0,2.2067508129560438e-273,6.9303255731111143e-172
gaussian,200,2,PLM_MC,156.5,0,1.1259360137484322e-280,4.5936143198398396e-172
gaussian,200,2,PLM_MC,157.5,0,4.6008607253322257e-288,2.9893050169542769e-172
gaussian,200,2,PLM_MC,158.5,0,1.5056620395625786e-295,1.9099350978053789e-172
gaussian,200,2,PLM_MC,159.5,0,3.9461819357718733e-303,1.1981766346729897e-172
gaussian,200,2,PLM_MC,160.5,0,8.2829705159638475e-311,7.3807560319096353e-173
gaussian,200,2,PLM_MC,161.5,0,1.3923609811404258e-318,4.4646225738482971e-173
gaussian,200,2,PLM_MC,162.5,0,0,2.6521645254407364e-173
gaussian,200,2,PLM_MC,163.5,0,0,1.5473098997237108e-173
gaussian,200,2,PLM_MC,164.5,0,0,8.8663665701042556e-174
gaussian,200,2,PLM_MC,165.5,0,0,4.990416657194134e-174
gaussian,200,2,PLM_MC,166.5,0,0,2.7591953607758672e-174
gaussian,200,2,PLM_MC,167.5,0,0,1.4987001388291531e-174
gaussian,200,2,PLM_MC,168.5,0,0,7.997716569649563e-175
gaussian,200,2,PLM_MC,169.5,0,0,4.1934220728167509e-175
gaussian,200,2,PLM_MC,170.5,0,0,2.1605020775611084e-175
gaussian,200,2,PLM_MC,171.5,0,0,1.0938464589273165e-175
gaussian,200,2,PLM_MC,172.5,0,0,5.4425862124075961e-176
gaussian,200,2,PLM_MC,173.5,0,0,2.6615391478747162e-176
gaussian,200,2,PLM_MC,174.5,0,0,1.2792924533571873e-176
gaussian,200,2,PLM_MC,175.5,0,0,6.0443078841490308e-177
gaussian,200,2,PLM_MC,176.5,0,0,2.8073258498405173e-177
gaussian,200,2,PLM_MC,177.5,0,0,1.2818514570727102e-177
gaussian,200,2,PLM_MC,178.5,0,0,5.754527563828632e-178
gaussian,200,2,PLM_MC,179.5,0,0,2.5400164049536957e-178
gaussian,200,2,PLM_MC,180.5,0,0,1.1024154826291441e-178
gaussian,200,2,PLM_MC,181.5,0,0,4.7050294546424874e-179
gaussian,200,2,PLM_MC,182.5,0,0,1.9747549854380462e-179
gaussian,200,2,PLM_MC,183.5,0,0,8.1512219828988904e-180
gaussian,200,2,PLM_MC,184.5,0,0,3.309137921793921e-180
gaussian,200,2,PLM_MC,185.5,0,0,1.3213348464136699e-180
gaussian,200,2,PLM_MC,186.5,0,0,5.1896635825233694e-181
gaussian,200,2,PLM_MC,187.5,0,0,2.0050049117201452e-181
gaussian,200,2,PLM_MC,188.5,0,0,7.620130403260149e-182
gaussian,200,2,PLM_MC,189.5,0,0,2.8490501262551209e-182
gaussian,200,2,PLM_MC,190.5,0,0,1.0479671814599222e-182
gaussian,200,2,PLM_MC,191.5,0,0,3.7924821355495573e-183
gaussian,200,2,PLM_MC,192.5,0,0,1.350346493776635e-183
gaussian,200,2,PLM_MC,193.5,0,0,4.730743960315263e-184
gaussian,200,2,PLM_MC,194.5,0,0,1.6307677833737463e-184
gaussian,200,2,PLM_MC,195.5,0,0,5.5315692737996624e-185
gaussian,200,2,PLM_MC,196.5,0,0,1.8463431580337341e-185
gaussian,200,2,PLM_MC,197.5,0,0,6.0645389147635871e-186
gaussian,200,2,PLM_MC,198.5,0,0,1.9602754771696254e-186
gaussian,200,2,PLM_MC,199.5,0,0,6.2356570784347103e-187
gaussian,200,5,upwind,0.5,4.0319648328398961e-42,3.9461819357718733e-303,3.180659427853366e-72
gaussian,200,5,upwind,1.5,2.3495028369634597e-39,1.5056620395625786e-295,2.1714968775716554e-69
gaussian,200,5,upwind,2.5,1.0975511372095965e-36,4.6008607253322257e-288,1.0669025412720125e-66
gaussian,200,5,upwind,3.5,4.1104854473094294e-34,1.1259360137484322e-280,4.2053044120545685e-64
gaussian,200,5,upwind,4.5,1.2342785224088351e-31,2.2067508129560438e-273,1.3439137697921745e-61
gaussian,200,5,upwind,5.5,2.9717983121251882e-29,3.4638560906697508e-266,3.4932692919142855e-59
gaussian,200,5,upwind,6.5,5.7378388747034871e-27,4.3544712450299474e-259,7.4086321916519883e-57
gaussian,200,5,upwind,7.5,8.8846316733736166e-25,4.3841178589285109e-252,1.2866373949390685e-54
gaussian,200,5,upwind,8.5,1.1034033630235094e-22,3.5351063070103485e-245,1.8373409455148717e-52
gaussian,200,5,upwind,9.5,1.0992014343435166e-20,2.2829613083390864e-238,2.1676383597929633e-50
gaussian,200,5,upwind,10.5,8.7844644713825308e-19,1.1807906115914703e-231,2.1239194076619341e-48
gaussian,200,5,upwind,11.5,5.6324560613763466e-17,4.8913423211149546e-225,1.7384525365469968e-46
gaussian,200,5,upwind,12.5,2.897856440858993e-15,1.6228064393540392e-218,1.1961442603007668e-44
gaussian,200,5,upwind,13.5,1.1964839192313295e-13,4.3121283107197259e-212,6.964470562982657e-43
gaussian,200,5,upwind,14.5,3.9650113373952613e-12,9.1771078118665972e-206,3.4552856350483289e-41
gaussian,200,5,upwind,15.5,1.0547466195306394e-10,1.5642719215530576e-199,1.4711168578491229e-39
gaussian,200,5,upwind,16.5,2.2525693567795984e-09,2.1355715051143688e-193,5.4134085924300936e-38
gaussian,200,5,upwind,17.5,3.8627435570099709e-08,2.3351499952916222e-187,1.7338706594302494e-36
gaussian,200,5,upwind,18.5,5.3194075013792053e-07,2.0451150777349032e-181,4.8671394938148517e-35
gaussian,200,5,upwind,19.5,5.8835894690706761e-06,1.4345863722220529e-175,1.2053823495034535e-33
gaussian,200,5,upwind,20.5,5.2275059923927003e-05,8.0601939842523253e-170,2.6504636265795243e-32
gaussian,200,5,upwind,21.5,0.00037314677268319925,3.6272558146092636e-164,5.2055924849578207e-31
gaussian,200,5,upwind,22.5,0.00214020507078222,1.3074618903550522e-158,9.1837407202654587e-30
gaussian,200,5,upwind,23.5,0.0098645206478332349,3.7748746948656425e-153,1.4630586100899146e-28
gaussian,200,5,upwind,24.5,0.036541946733464482,8.7297822633204655e-148,2.1151025088657516e-27
gaussian,200,5,upwind,25.5,0.10880468515692684,1.6170990853143237e-142,2.7874810242856136e-26
gaussian,200,5,upwind,26.5,0.26042514195959271,2.3994264868698216e-137,3.3631154743906412e-25
gaussian,200,5,upwind,27.5,0.5011065019554406,2.8518153653906486e-132,3.7292648575915981e-24
gaussian,200,5,upwind,28.5,0.77520033314678272,2.7150907736160399e-127,3.8144431266217956e-23
gaussian,200,5,upwind,29.5,0.96416556333505776,2.0706299308123932e-122,3.610956056466895e-22
gaussian,200,5,upwind,30.5,0.96416556333505798,1.2649762087967003e-117,3.1735394485294207e-21
gaussian,200,5,upwind,31.5,0.77520033314678238,6.1905738060358609e-113,2.5968281646784768e-20
gaussian,200,5,upwind,32.5,0.50110650195544038,2.4269201775492884e-108,1.9836944655207458e-19
gaussian,200,5,upwind,33.5,0.26042514195959271,7.6219119829446566e-104,1.4181055632989519e-18
gaussian,200,5,upwind,34.5,0.10880468515692684,1.9176286730812131e-99,9.5090445135278381e-18
gaussian,200,5,upwind,35.5,0.036541946733464482,3.8651475082034861e-95,5.9935059669451413e-17
gaussian,200,5,upwind,36.5,0.0098645206478332349,6.2413421967517473e-91,3.5579247349137699e-16
gaussian,200,5,upwind,37.5,0.00214020507078222,8.0744004367222386e-87,1.9928772810997307e-15
gaussian,200,5,upwind,38.5,0.00037314677268319925,8.3690007569314962e-83,1.0550516287409804e-14
gaussian,200,5,upwind,39.5,5.2275059923927003e-05,6.9499126742802303e-79,5.2877047891367087e-14
gaussian,200,5,upwind,40.5,5.8835894690706761e-06,4.6242325190392664e-75,2.5124975598019692e-13
gaussian,200,5,upwind,41.5,5.3194075013792053e-07,2.4652873707848446e-71,1.1334203416402995e-12
gaussian,200,5,upwind,42.5,3.8627435570099709e-08,1.0531177035127619e-67,4.8605548824212685e-12
gaussian,200,5,upwind,43.5,2.2525693567795984e-09,3.604812134010428e-64,1.9838847341556416e-11
gaussian,200,5,upwind,44.5,1.0547466195306394e-10,9.8878225702524618e-61,7.7157008117387269e-11
gaussian,200,5,upwind,45.5,3.9650113373952613e-12,2.1734421815275004e-57,2.8623593895651207e-10
gaussian,200,5,upwind,46.5,1.1964839192313295e-13,3.8286286709321121e-54,1.0139005712601028e-09
gaussian,200,5,upwind,47.5,2.897856440858993e-15,5.4051257058224677e-51,3.432374957256263e-09
gaussian,200,5,upwind,48.5,5.6324560613763466e-17,6.1158503701640189e-48,1.1114833400791305e-08
gaussian,200,5,upwind,49.5,8.7844644713825308e-19,5.5465005312857341e-45,3.445700101237292e-08
gaussian,200,5,upwind,50.5,1.0992014343435166e-20,4.0319648328398961e-42,1.0234200211049402e-07
gaussian,200,5,upwind,51.5,1.1034033630235094e-22,2.3495028369634597e-39,2.914388912445135e-07
gaussian,200,5,upwind,52.5,8.8846316733736166e-25,1.0975511372095965e-36,7.9625910607821375e-07
gaussian,200,5,upwind,53.5,5.7378388747034871e-27,4.1104854473094294e-34,2.0885882572297859e-06
gaussian,200,5,upwind,54.5,2.971798312125173e-29,1.2342785224088959e-31,5.2626452440359299e-06
gaussian,200,5,upwind,55.500000000000007,1.2342785224087919e-31,2.9717983121253238e-29,1.2745404625460856e-05
gaussian,200,5,upwind,56.5,4.1104854473092387e-34,5.7378388747034046e-27,2.968464369473693e-05
gaussian,200,5,upwind,57.499999999999993,1.0975511372096371e-36,8.8846316733732897e-25,6.6520414185792156e-05
gaussian,200,5,upwind,58.5,2.3495028369635919e-39,1.1034033630235007e-22,0.00014349134102442602
gaussian,200,5,upwind,59.5,4.0319648328398961e-42,1.0992014343435166e-20,0.000298080845298931
gaussian,200,5,upwind,60.5,5.5465005312857341e-45,8.7844644713825308e-19,0.0005965651752976815
gaussian,200,5,upwind,61.5,6.1158503701640189e-48,5.6324560613763466e-17,0.0011507034875097356
gaussian,200,5,upwind,62.5,5.4051257058224677e-51,2.897856440858993e-15,0.002139960991170458
gaussian,200,5,upwind,63.5,3.8286286709321121e-54,1.1964839192313295e-13,0.0038382193815808428
gaussian,200,5,upwind,64.5,2.1734421815275004e-57,3.9650113373952613e-12,0.0066415540925450029
gaussian,200,5,upwind,65.5,9.8878225702524618e-61,1.0547466195306394e-10,0.011090480103253727
gaussian,200,5,upwind,66.5,3.604812134010428e-64,2.2525693567795984e-09,0.017876687330707731
gaussian,200,5,upwind,67.5,1.0531177035127619e-67,3.8627435570099709e-08,0.027821856697528537
gaussian,200,5,upwind,68.5,2.4652873707848446e-71,5.3194075013792053e-07,0.041816251409819448
gaussian,200,5,upwind,69.5,4.6242325190392664e-75,5.8835894690706761e-06,0.060709001579298733
gaussian,200,5,upwind,70.5,6.9499126742802303e-79,5.2275059923927003e-05,0.085151231790842399
gaussian,200,5,upwind,71.5,8.3690007569314962e-83,0.00037314677268319925,0.11540681820053225
gaussian,200,5,upwind,72.5,8.0744004367222386e-87,0.00214020507078222,0.15116098346038295
gaussian,200,5,upwind,73.5,6.2413421967517473e-91,0.0098645206478332349,0.19136963772085699
gaussian,200,5,upwind,74.5,3.8651475082034861e-95,0.036541946733464482,0.23419700063949644
gaussian,200,5,upwind,75.5,1.9176286730812131e-99,0.10880468515692684,0.27708123317328465
gaussian,200,5,upwind,76.5,7.6219119829446566e-104,0.26042514195959271,0.31694627539181458
gaussian,200,5,upwind,77.5,2.4269201775492884e-108,0.50110650195544038,0.35054603399424167
gaussian,200,5,upwind,78.5,6.1905738060358609e-113,0.77520033314678238,0.37489214944790061
gaussian,200,5,upwind,79.5,1.2649762087967003e-117,0.96416556333505798,0.38768901796022504
gaussian,200,5,upwind,80.5,2.0706299308123932e-122,0.96416556333505798,0.38768901796022504
gaussian,200,5,upwind,81.5,2.7150907736160399e-127,0.77520033314678238,0.37489214944790072
gaussian,200,5,upwind,82.5,2.8518153653906486e-132,0.50110650195544038,0.35054603399424178
gaussian,200,5,upwind,83.5,2.3994264868698216e-137,0.26042514195959271,0.31694627539181475
gaussian,200,5,upwind,84.5,1.6170990853143237e-142,0.10880468515692684,0.27708123317328487
gaussian,200,5,upwind,85.5,8.7297822633204655e-148,0.036541946733464482,0.23419700063949664
gaussian,200,5,upwind,86.5,3.7748746948656425e-153,0.0098645206478332349,0.19136963772085722
gaussian,200,5,upwind,87.5,1.3074618903550522e-158,0.00214020507078222,0.15116098346038315
gaussian,200,5,upwind,88.5,3.6272558146092636e-164,0.00037314677268319925,0.1154068182005324
gaussian,200,5,upwind,89.5,8.0601939842523253e-170,5.2275059923927003e-05,0.085151231790842538
gaussian,200,5,upwind,90.5,1.4345863722220529e-175,5.8835894690706761e-06,0.06070900157929885
gaussian,200,5,upwind,91.5,2.0451150777349032e-181,5.3194075013792053e-07,0.041816251409819545
gaussian,200,5,upwind,92.5,2.3351499952916222e-187,3.8627435570099709e-08,0.027821856697528603
gaussian,200,5,upwind,93.5,2.1355715051143688e-193,2.2525693567795984e-09,0.017876687330707772
gaussian,200,5,upwind,94.5,1.5642719215530576e-199,1.0547466195306394e-10,0.011090480103253756
gaussian,200,5,upwind,95.5,9.1771078118665972e-206,3.9650113373952613e-12,0.0066415540925450212
gaussian,200,5,upwind,96.5,4.3121283107197259e-212,1.1964839192313295e-13,0.0038382193815808541
gaussian,200,5,upwind,97.5,1.6228064393540392e-218,2.897856440858993e-15,0.0021399609911704654
gaussian,200,5,upwind,98.5,4.8913423211149546e-225,5.6324560613763466e-17,0.0011507034875097399
gaussian,200,5,upwind,99.5,1.1807906115914703e-231,8.7844644713825308e-19,0.00059656517529768399
gaussian,200,5,upwind,100.5,2.2829613083390864e-238,1.0992014343435166e-20,0.0002980808452989323
gaussian,200,5,upwind,101.5,3.5351063070103485e-245,1.1034033630235094e-22,0.00014349134102442667
gaussian,200,5,upwind,102.5,4.3841178589285109e-252,8.8846316733736166e-25,6.6520414185793024e-05
gaussian,200,5,upwind,103.5,4.3544712450299474e-259,5.7378388747034871e-27,2.9684643694737339e-05
gaussian,200,5,upwind,104.5,3.4638560906697508e-266,2.9717983121251882e-29,1.2745404625460803e-05
gaussian,200,5,upwind,105.5,2.2067508129560438e-273,1.2342785224088351e-31,5.2626452440359045e-06
gaussian,200,5,upwind,106.5,1.1259360137484322e-280,4.1104854473094294e-34,2.0885882572297974e-06
gaussian,200,5,upwind,107.5,4.6008607253322257e-288,1.0975511372095965e-36,7.9625910607821841e-07
gaussian,200,5,upwind,108.5,1.5056620395625464e-295,2.3495028369634222e-39,2.914388912445126e-07
gaussian,200,5,upwind,109.50000000000001,3.9461819357704376e-303,4.0319648328394793e-42,1.023420021104937e-07
gaussian,200,5,upwind,110.50000000000001,8.2829705159623653e-311,5.5465005312851709e-45,3.4457001012372815e-08
gaussian,200,5,upwind,111.50000000000001,1.3923609811404258e-318,6.1158503701635364e-48,1.1114833400791265e-08
gaussian,200,5,upwind,112.5,0,5.4051257058220226e-51,3.4323749572563192e-09
gaussian,200,5,upwind,113.49999999999999,0,3.8286286709325624e-54,1.0139005712601195e-09
gaussian,200,5,upwind,114.49999999999999,0,2.1734421815277523e-57,2.8623593895651687e-10
gaussian,200,5,upwind,115.49999999999999,0,9.8878225702533351e-61,7.7157008117388561e-11
gaussian,200,5,upwind,116.5,0,3.6048121340108328e-64,1.9838847341556546e-11
gaussian,200,5,upwind,117.5,0,1.0531177035127619e-67,4.8605548824213008e-12
gaussian,200,5,upwind,118.5,0,2.4652873707848446e-71,1.1334203416403076e-12
gaussian,200,5,upwind,119.5,0,4.6242325190392664e-75,2.5124975598019869e-13
gaussian,200,5,upwind,120.5,0,6.9499126742802303e-79,5.287704789136746e-14
gaussian,200,5,upwind,121.5,0,8.3690007569314962e-83,1.0550516287409884e-14
gaussian,200,5,upwind,122.5,0,8.0744004367222386e-87,1.9928772810997461e-15
gaussian,200,5,upwind,123.5,0,6.2413421967517473e-91,3.557924734913796e-16
gaussian,200,5,upwind,124.5,0,3.8651475082034861e-95,5.9935059669451869e-17
gaussian,200,5,upwind,125.5,0,1.9176286730812131e-99,9.5090445135279074e-18
gaussian,200,5,upwind,126.5,0,7.6219119829446566e-104,1.4181055632989629e-18
gaussian,200,5,upwind,127.5,0,2.4269201775492884e-108,1.9836944655207603e-19
gaussian,200,5,upwind,128.5,0,6.1905738060358609e-113,2.5968281646784958e-20
gaussian,200,5,upwind,129.5,0,1.2649762087967003e-117,3.1735394485294451e-21
gaussian,200,5,upwind,130.5,0,2.0706299308123932e-122,3.6109560564669237e-22
gaussian,200,5,upwind,131.5,0,2.7150907736160399e-127,3.814443126621942e-23
gaussian,200,5,upwind,132.5,0,2.8518153653906486e-132,3.7292648575915092e-24
gaussian,200,5,upwind,133.5,0,2.3994264868698216e-137,3.3631154743906715e-25
gaussian,200,5,upwind,134.5,0,1.6170990853143237e-142,2.7874810242856394e-26
gaussian,200,5,upwind,135.5,0,8.7297822633204655e-148,2.1151025088657724e-27
gaussian,200,5,upwind,136.5,0,3.7748746948656425e-153,1.4630586100899294e-28
gaussian,200,5,upwind,137.5,0,1.3074618903550522e-158,9.1837407202655539e-30
gaussian,200,5,upwind,138.5,0,3.6272558146092636e-164,5.205592484957882e-31
gaussian,200,5,upwind,139.5,0,8.0601939842523253e-170,2.6504636265795604e-32
gaussian,200,5,upwind,140.5,0,1.4345863722220529e-175,1.2053823495034737e-33
gaussian,200,5,upwind,141.5,0,2.0451150777349032e-181,4.8671394938149479e-35
gaussian,200,5,upwind,142.5,0,2.3351499952916222e-187,1.7338706594302908e-36
gaussian,200,5,upwind,143.5,0,2.1355715051143688e-193,5.4134085924302429e-38
gaussian,200,5,upwind,144.5,0,1.5642719215530576e-199,1.4711168578491663e-39
gaussian,200,5,upwind,145.5,0,9.1771078118665972e-206,3.4552856350484181e-41
gaussian,200,5,upwind,146.5,0,4.3121283107197259e-212,6.9644705629821879e-43
gaussian,200,5,upwind,147.5,0,1.6228064393540392e-218,1.196144260300783e-44
gaussian,200,5,upwind,148.5,0,4.8913423211149546e-225,1.7384525365470612e-46
gaussian,200,5,upwind,149.5,0,1.1807906115914703e-231,2.1239194076625837e-48
gaussian,200,5,upwind,150.5,0,2.2829613083390864e-238,2.1676383598006395e-50
gaussian,200,5,upwind,151.5,0,3.5351063070103485e-245,1.8373409455989939e-52
gaussian,200,5,upwind,152.5,0,4.3841178589285109e-252,1.286637395762607e-54
gaussian,200,5,upwind,153.5,0,4.3544712450299474e-259,7.4086322625972594e-57
gaussian,200,5,upwind,154.5,0,3.4638560906697508e-266,3.4932698212898346e-59
gaussian,200,5,upwind,155.5,0,2.2067508129560438e-273,1.3439171221348429e-61
gaussian,200,5,upwind,156.5,0,1.1259360137484322e-280,4.205479665619097e-64
gaussian,200,5,upwind,157.5,0,4.6008607253322257e-288,1.0676292890829523e-66
gaussian,200,5,upwind,158.5,0,1.5056620395625786e-295,2.1939522735605127e-69
gaussian,200,5,upwind,159.5,0,3.9461819357718733e-303,3.6427841638918842e-72
gaussian,200,5,upwind,160.5,0,8.2829705159638475e-311,4.8794743804946191e-75
gaussian,200,5,upwind,161.5,0,1.3923609811404258e-318,5.2661750813431108e-78
gaussian,200,5,upwind,162.5,0,0,4.5745321449358831e-81
gaussian,200,5,upwind,163.5,0,0,3.1956172033151379e-84
gaussian,200,5,upwind,164.5,0,0,1.7939658725824332e-87
gaussian,200,5,upwind,165.5,0,0,8.0886300688750439e-91
gaussian,200,5,upwind,166.5,0,0,2.9277402824100891e-94
gaussian,200,5,upwind,167.5,0,0,8.5039253215741119e-98
gaussian,200,5,upwind,168.5,0,0,1.9815200439605877e-101
gaussian,200,5,upwind,169.5,0,0,3.7030292247368901e-105
gaussian,200,5,upwind,170.5,0,0,5.5488502700561762e-109
gaussian,200,5,upwind,171.5,0,0,6.6659175106792152e-113
gaussian,200,5,upwind,172.5,0,0,6.4189655196834757e-117
gaussian,200,5,upwind,173.5,0,0,4.9541164707877587e-121
gaussian,200,5,upwind,174.5,0,0,3.0642209785305749e-125
gaussian,200,5,upwind,175.5,0,0,1.5187644039986549e-129
gaussian,200,5,upwind,176.5,0,0,6.0317976003377205e-134
gaussian,200,5,upwind,177.5,0,0,1.9193908920161277e-138
gaussian,200,5,upwind,178.5,0,0,4.8934886482257813e-143
gaussian,200,5,upwind,179.5,0,0,9.9952477672520013e-148
gaussian,200,5,upwind,180.5,0,0,1.6355819444643408e-152
gaussian,200,5,upwind,181.5,0,0,2.1440795882317483e-157
gaussian,200,5,upwind,182.5,0,0,2.2515790959818748e-162
gaussian,200,5,upwind,183.5,0,0,1.894089757625743e-167
gaussian,200,5,upwind,184.5,0,0,1.2763550540873046e-172
gaussian,200,5,upwind,185.5,0,0,6.889562300286251e-178
gaussian,200,5,upwind,186.5,0,0,2.9788826161075844e-183
gaussian,200,5,upwind,187.5,0,0,1.0316917418737743e-188
gaussian,200,5,upwind,188.5,0,0,2.8620361985943433e-194
gaussian,200,5,upwind,189.5,0,0,6.3595036916403691e-200
gaussian,200,5,upwind,190.5,0,0,1.131850444460681e-205
gaussian,200,5,upwind,191.5,0,0,1.6134955506963273e-211
gaussian,200,5,upwind,192.5,0,0,1.8422770121080517e-217
gaussian,200,5,upwind,193.5,0,0,1.6847922735687244e-223
gaussian,200,5,upwind,194.5,0,0,1.2340653603477659e-229
gaussian,200,5,upwind,195.5,0,0,7.2398017490611021e-236
gaussian,200,5,upwind,196.5,0,0,3.4017974613892252e-242
gaussian,200,5,upwind,197.5,0,0,1.2802071430957157e-248
gaussian,200,5,upwind,198.5,0,0,3.8586818800271509e-255
gaussian,200,5,upwind,199.5,0,0,9.3149756026381003e-262
gaussian,200,5,TVD_vanLeer,0.5,4.0319648328398961e-42,3.9461819357718733e-303,3.180659427853366e-72
gaussian,200,5,TVD_vanLeer,1.5,2.3495028369634597e-39,1.5056620395625786e-295,2.1714968775716554e-69
gaussian,200,5,TVD_vanLeer,2.5,1.0975511372095965e-36,4.6008607253322257e-288,1.0669025412720125e-66
gaussian,200,5,TVD_vanLeer,3.5,4.1104854473094294e-34,1.1259360137484322e-280,4.2053044120545685e-64
gaussian,200,5,TVD_vanLeer,4.5,1.2342785224088351e-31,2.2067508129560438e-273,1.3439137697921745e-61
gaussian,200,5,TVD_vanLeer,5.5,2.9717983121251882e-29,3.4638560906697508e-266,3.4932692919142589e-59
gaussian,200,5,TVD_vanLeer,6.5,5.7378388747034871e-27,4.3544712450299474e-259,7.4086321916439276e-57
gaussian,200,5,TVD_vanLeer,7.5,8.8846316733736166e-25,4.3841178589285109e-252,1.2866373947836024e-54
gaussian,200,5,TVD_vanLeer,8.5,1.1034033630235094e-22,3.5351063070103485e-245,1.8373409262257731e-52
gaussian,200,5,TVD_vanLeer,9.5,1.0992014343435166e-20,2.2829613083390864e-238,2.1676368174004422e-50
gaussian,200,5,TVD_vanLeer,10.5,8.7844644713825308e-19,1.1807906115914703e-231,2.1238399784901445e-48
gaussian,200,5,TVD_vanLeer,11.5,5.6324560613763466e-17,4.8913423211149546e-225,1.7359535512417966e-46
gaussian,200,5,TVD_vanLeer,12.5,2.897856440858993e-15,1.6228064393540392e-218,1.1643405719035711e-44
gaussian,200,5,TVD_vanLeer,13.5,1.1964839192313295e-13,4.3121283107197259e-212,5.8945498630266323e-43
gaussian,200,5,TVD_vanLeer,14.5,3.9650113373952613e-12,9.1771078118665972e-206,2.2324862273158826e-41
gaussian,200,5,TVD_vanLeer,15.5,1.0547466195306394e-10,1.5642719215530576e-199,6.5196587005028756e-40
gaussian,200,5,TVD_vanLeer,16.5,2.2525693567795984e-09,2.1355715051143688e-193,1.520619887922259e-38
gaussian,200,5,TVD_vanLeer,17.5,3.8627435570099709e-08,2.3351499952916222e-187,2.9197040465846913e-37
gaussian,200,5,TVD_vanLeer,18.5,5.3194075013792053e-07,2.0451150777349032e-181,4.7291779768184544e-36
gaussian,200,5,TVD_vanLeer,19.5,5.8835894690706761e-06,1.4345863722220529e-175,6.5889654897018246e-35
gaussian,200,5,TVD_vanLeer,20.5,5.2275059923927003e-05,8.0601939842523253e-170,8.0209172560839151e-34
gaussian,200,5,TVD_vanLeer,21.5,0.00037314677268319925,3.6272558146092636e-164,8.6402923189308491e-33
gaussian,200,5,TVD_vanLeer,22.5,0.00214020507078222,1.3074618903550522e-158,8.3230705659591521e-32
gaussian,200,5,TVD_vanLeer,23.5,0.0098645206478332349,3.7748746948656425e-153,7.2325826113843923e-31
gaussian,200,5,TVD_vanLeer,24.5,0.036541946733464482,8.7297822633204655e-148,5.7118236838040384e-30
gaussian,200,5,TVD_vanLeer,25.5,0.10880468515692684,1.6170990853143237e-142,4.1255152213771751e-29
gaussian,200,5,TVD_vanLeer,26.5,0.26042514195959271,2.3994264868698216e-137,2.740176480688297e-28
gaussian,200,5,TVD_vanLeer,27.5,0.5011065019554406,2.8518153653906486e-132,1.681685141836783e-27
gaussian,200,5,TVD_vanLeer,28.5,0.77520033314678272,2.7150907736160399e-127,9.5762013301095668e-27
gaussian,200,5,TVD_vanLeer,29.5,0.96416556333505776,2.0706299308123932e-122,5.0784461877592526e-26
gaussian,200,5,TVD_vanLeer,30.5,0.96416556333505798,1.2649762087967003e-117,2.5164454839847318e-25
gaussian,200,5,TVD_vanLeer,31.5,0.77520033314678238,6.1905738060358609e-113,1.1685406352404637e-24
gaussian,200,5,TVD_vanLeer,32.5,0.50110650195544038,2.4269201775492884e-108,5.0986198565457514e-24
gaussian,200,5,TVD_vanLeer,33.5,0.26042514195959271,7.6219119829446566e-104,2.0953530598755299e-23
gaussian,200,5,TVD_vanLeer,34.5,0.10880468515692684,1.9176286730812131e-99,8.1284183390137651e-23
gaussian,200,5,TVD_vanLeer,35.5,0.036541946733464482,3.8651475082034861e-95,2.9823963869820596e-22
gaussian,200,5,TVD_vanLeer,36.5,0.0098645206478332349,6.2413421967517473e-91,1.0368827510610351e-21
gaussian,200,5,TVD_vanLeer,37.5,0.00214020507078222,8.0744004367222386e-87,3.4216110071659634e-21
gaussian,200,5,TVD_vanLeer,38.5,0.00037314677268319925,8.3690007569314962e-83,1.0733590401354603e-20
gaussian,200,5,TVD_vanLeer,39.5,5.2275059923927003e-05,6.9499126742802303e-79,3.2055398439260925e-20
gaussian,200,5,TVD_vanLeer,40.5,5.8835894690706761e-06,4.6242325190392664e-75,9.1260965193993402e-20
gaussian,200,5,TVD_vanLeer,41.5,5.3194075013792053e-07,2.4652873707848446e-71,2.4799640344646945e-19
gaussian,200,5,TVD_vanLeer,42.5,3.8627435570099709e-08,1.0531177035127619e-67,6.4401855689512217e-19
gaussian,200,5,TVD_vanLeer,43.5,2.2525693567795984e-09,3.604812134010428e-64,1.6000446486292456e-18
gaussian,200,5,TVD_vanLeer,44.5,1.0547466195306394e-10,9.8878225702524618e-61,3.807241937389121e-18
gaussian,200,5,TVD_vanLeer,45.5,3.9650113373952613e-12,2.1734421815275004e-57,8.6851487247441857e-18
gaussian,200,5,TVD_vanLeer,46.5,1.1964839192313295e-13,3.8286286709321121e-54,1.9013408539582597e-17
gaussian,200,5,TVD_vanLeer,47.5,2.897856440858993e-15,5.4051257058224677e-51,3.9982873713623847e-17
gaussian,200,5,TVD_vanLeer,48.5,5.6324560613763466e-17,6.1158503701640189e-48,8.084009760669963e-17
gaussian,200,5,TVD_vanLeer,49.5,8.7844644713825308e-19,5.5465005312857341e-45,1.5729776926246302e-16
gaussian,200,5,TVD_vanLeer,50.5,1.0992014343435166e-20,4.0319648328398961e-42,2.9482650199033308e-16
gaussian,200,5,TVD_vanLeer,51.5,1.1034033630235094e-22,2.3495028369634597e-39,5.3280659757278799e-16
gaussian,200,5,TVD_vanLeer,52.5,8.8846316733736166e-25,1.0975511372095965e-36,9.2929160324100768e-16
gaussian,200,5,TVD_vanLeer,53.5,5.7378388747034871e-27,4.1104854473094294e-34,1.5658345848685675e-15
gaussian,200,5,TVD_vanLeer,54.5,2.971798312125173e-29,1.2342785224088959e-31,2.5515023416081361e-15
gaussian,200,5,TVD_vanLeer,55.500000000000007,1.2342785224087919e-31,2.9717983121253238e-29,4.0249301685200083e-15
gaussian,200,5,TVD_vanLeer,56.5,4.1104854473092387e-34,5.7378388747034046e-27,6.1531388843908312e-15
gaussian,200,5,TVD_vanLeer,57.499999999999993,1.0975511372096371e-36,8.8846316733732897e-25,9.1259214517608925e-15
gaussian,200,5,TVD_vanLeer,58.5,2.3495028369635919e-39,1.1034033630235007e-22,1.3144948696184785e-14
gaussian,200,5,TVD_vanLeer,59.5,4.0319648328398961e-42,1.0992014343435166e-20,1.8407337800427131e-14
gaussian,200,5,TVD_vanLeer,60.5,5.5465005312857341e-45,8.7844644713825308e-19,2.5084222503387923e-14
gaussian,200,5,TVD_vanLeer,61.5,6.1158503701640189e-48,5.6324560613763466e-17,3.3295761518125761e-14
gaussian,200,5,TVD_vanLeer,62.5,5.4051257058224677e-51,2.897856440858993e-15,4.3084874914841447e-14
gaussian,200,5,TVD_vanLeer,63.5,3.8286286709321121e-54,1.1964839192313295e-13,5.4392637339489396e-14
gaussian,200,5,TVD_vanLeer,64.5,2.1734421815275004e-57,3.9650113373952613e-12,6.7038568581870307e-14
gaussian,200,5,TVD_vanLeer,65.5,9.8878225702524618e-61,1.0547466195306394e-10,8.0709097559228692e-14
gaussian,200,5,TVD_vanLeer,66.5,3.604812134010428e-64,2.2525693567795984e-09,9.4957448266078869e-14
gaussian,200,5,TVD_vanLeer,67.5,1.0531177035127619e-67,3.8627435570099709e-08,1.0921819289015467e-13
gaussian,200,5,TVD_vanLeer,68.5,2.4652873707848446e-71,5.3194075013792053e-07,1.2283922907375119e-13
gaussian,200,5,TVD_vanLeer,69.5,4.6242325190392664e-75,5.8835894690706761e-06,1.3513181212973758e-13
gaussian,200,5,TVD_vanLeer,70.5,6.9499126742802303e-79,5.2275059923927003e-05,1.4543471711511967e-13
gaussian,200,5,TVD_vanLeer,71.5,8.3690007569314962e-83,0.00037314677268319925,1.5318274426605387e-13
gaussian,200,5,TVD_vanLeer,72.5,8.0744004367222386e-87,0.00214020507078222,1.5796594733176017e-13
gaussian,200,5,TVD_vanLeer,73.5,6.2413421967517473e-91,0.0098645206478332349,1.5957634675752624e-13
gaussian,200,5,TVD_vanLeer,74.5,3.8651475082034861e-95,0.036541946733464482,1.6082448692988422e-13
gaussian,200,5,TVD_vanLeer,75.5,1.9176286730812131e-99,0.10880468515692684,5.6935674233565391e-06
gaussian,200,5,TVD_vanLeer,76.5,7.6219119829446566e-104,0.26042514195959271,0.050154166595205996
gaussian,200,5,TVD_vanLeer,77.5,2.4269201775492884e-108,0.50110650195544038,0.68742751860106877
gaussian,200,5,TVD_vanLeer,78.5,6.1905738060358609e-113,0.77520033314678238,0.95985289250784089
gaussian,200,5,TVD_vanLeer,79.5,1.2649762087967003e-117,0.96416556333505798,0.9612405050851327
gaussian,200,5,TVD_vanLeer,80.5,2.0706299308123932e-122,0.96416556333505798,0.96124050508513292
gaussian,200,5,TVD_vanLeer,81.5,2.7150907736160399e-127,0.77520033314678238,0.95985289250763262
gaussian,200,5,TVD_vanLeer,82.5,2.8518153653906486e-132,0.50110650195544038,0.68742751858455819
gaussian,200,5,TVD_vanLeer,83.5,2.3994264868698216e-137,0.26042514195959271,0.050154166590745751
gaussian,200,5,TVD_vanLeer,84.5,1.6170990853143237e-142,0.10880468515692684,5.6935695505784234e-06
gaussian,200,5,TVD_vanLeer,85.5,8.7297822633204655e-148,0.036541946733464482,2.2805371239670645e-12
gaussian,200,5,TVD_vanLeer,86.5,3.7748746948656425e-153,0.0098645206478332349,2.2557617154615964e-12
gaussian,200,5,TVD_vanLeer,87.5,1.3074618903550522e-158,0.00214020507078222,2.183314303182974e-12
gaussian,200,5,TVD_vanLeer,88.5,3.6272558146092636e-164,0.00037314677268319925,2.0682335634936047e-12
gaussian,200,5,TVD_vanLeer,89.5,8.0601939842523253e-170,5.2275059923927003e-05,1.9181237613922946e-12
gaussian,200,5,TVD_vanLeer,90.5,1.4345863722220529e-175,5.8835894690706761e-06,1.742170369005156e-12
gaussian,200,5,TVD_vanLeer,91.5,2.0451150777349032e-181,5.3194075013792053e-07,1.5500969919956613e-12
gaussian,200,5,TVD_vanLeer,92.5,2.3351499952916222e-187,3.8627435570099709e-08,1.3512555438683392e-12
gaussian,200,5,TVD_vanLeer,93.5,2.1355715051143688e-193,2.2525693567795984e-09,1.1539648467141127e-12
gaussian,200,5,TVD_vanLeer,94.5,1.5642719215530576e-199,1.0547466195306394e-10,9.6512284467504001e-13
gaussian,200,5,TVD_vanLeer,95.5,9.1771078118665972e-206,3.9650113373952613e-12,7.9004915395898624e-13
gaussian,200,5,TVD_vanLeer,96.5,4.3121283107197259e-212,1.1964839192313295e-13,6.3248525419805566e-13
gaussian,200,5,TVD_vanLeer,97.5,1.6228064393540392e-218,2.897856440858993e-15,4.9468607556044752e-13
gaussian,200,5,TVD_vanLeer,98.5,4.8913423211149546e-225,5.6324560613763466e-17,3.7756221440960014e-13
gaussian,200,5,TVD_vanLeer,99.5,1.1807906115914703e-231,8.7844644713825308e-19,2.8085747672228933e-13
gaussian,200,5,TVD_vanLeer,100.5,2.2829613083390864e-238,1.0992014343435166e-20,2.0335980747397284e-13
gaussian,200,5,TVD_vanLeer,101.5,3.5351063070103485e-245,1.1034033630235094e-22,1.4314290350998509e-13
gaussian,200,5,TVD_vanLeer,102.5,4.3841178589285109e-252,8.8846316733736166e-25,9.782652805533837e-14
gaussian,200,5,TVD_vanLeer,103.5,4.3544712450299474e-259,5.7378388747034871e-27,6.4833866074284493e-14
gaussian,200,5,TVD_vanLeer,104.5,3.4638560906697508e-266,2.9717983121251882e-29,4.162030276316017e-14
gaussian,200,5,TVD_vanLeer,105.5,2.2067508129560438e-273,1.2342785224088351e-31,2.5851763304865514e-14
gaussian,200,5,TVD_vanLeer,106.5,1.1259360137484322e-280,4.1104854473094294e-34,1.5520415448383835e-14
gaussian,200,5,TVD_vanLeer,107.5,4.6008607253322257e-288,1.0975511372095965e-36,8.9973029814230048e-15
gaussian,200,5,TVD_vanLeer,108.5,1.5056620395625464e-295,2.3495028369634222e-39,5.0315650091044243e-15
gaussian,200,5,TVD_vanLeer,109.50000000000001,3.9461819357704376e-303,4.0319648328394793e-42,2.711919338253233e-15
gaussian,200,5,TVD_vanLeer,110.50000000000001,8.2829705159623653e-311,5.5465005312851709e-45,1.4074942884853671e-15
gaussian,200,5,TVD_vanLeer,111.50000000000001,1.3923609811404258e-318,6.1158503701635364e-48,7.0280468566091905e-16
gaussian,200,5,TVD_vanLeer,112.5,0,5.4051257058220226e-51,3.3734005897117911e-16
gaussian,200,5,TVD_vanLeer,113.49999999999999,0,3.8286286709325624e-54,1.5551602342176847e-16
gaussian,200,5,TVD_vanLeer,114.49999999999999,0,2.1734421815277523e-57,6.879911450224927e-17
gaussian,200,5,TVD_vanLeer,115.49999999999999,0,9.8878225702533351e-61,2.9181760691991625e-17
gaussian,200,5,TVD_vanLeer,116.5,0,3.6048121340108328e-64,1.1856906901330913e-17
gaussian,200,5,TVD_vanLeer,117.5,0,1.0531177035127619e-67,4.6106118864090966e-18
gaussian,200,5,TVD_vanLeer,118.5,0,2.4652873707848446e-71,1.7141548247410444e-18
gaussian,200,5,TVD_vanLeer,119.5,0,4.6242325190392664e-75,6.0869433146600291e-19
gaussian,200,5,TVD_vanLeer,120.5,0,6.9499126742802303e-79,2.0621998595755334e-19
gaussian,200,5,TVD_vanLeer,121.5,0,8.3690007569314962e-83,6.6578588954947324e-20
gaussian,200,5,TVD_vanLeer,122.5,0,8.0744004367222386e-87,2.0457855523099957e-20
gaussian,200,5,TVD_vanLeer,123.5,0,6.2413421967517473e-91,5.9746030680868132e-21
gaussian,200,5,TVD_vanLeer,124.5,0,3.8651475082034861e-95,1.6558760883225517e-21
gaussian,200,5,TVD_vanLeer,125.5,0,1.9176286730812131e-99,4.3480921027299955e-22
gaussian,200,5,TVD_vanLeer,126.5,0,7.6219119829446566e-104,1.0797667915381506e-22
gaussian,200,5,TVD_vanLeer,127.5,0,2.4269201775492884e-108,2.5307203961034853e-23
gaussian,200,5,TVD_vanLeer,128.5,0,6.1905738060358609e-113,5.5855387277040828e-24
gaussian,200,5,TVD_vanLeer,129.5,0,1.2649762087967003e-117,1.1579822406065568e-24
gaussian,200,5,TVD_vanLeer,130.5,0,2.0706299308123932e-122,2.2486967517939156e-25
gaussian,200,5,TVD_vanLeer,131.5,0,2.7150907736160399e-127,4.0773044831859521e-26
gaussian,200,5,TVD_vanLeer,132.5,0,2.8518153653906486e-132,6.8780882274877369e-27
gaussian,200,5,TVD_vanLeer,133.5,0,2.3994264868698216e-137,1.075074833257989e-27
gaussian,200,5,TVD_vanLeer,134.5,0,1.6170990853143237e-142,1.5497214731557744e-28
gaussian,200,5,TVD_vanLeer,135.5,0,8.7297822633204655e-148,2.0491397132520367e-29
gaussian,200,5,TVD_vanLeer,136.5,0,3.7748746948656425e-153,2.4698775736653449e-30
gaussian,200,5,TVD_vanLeer,137.5,0,1.3074618903550522e-158,2.6939179026751389e-31
gaussian,200,5,TVD_vanLeer,138.5,0,3.6272558146092636e-164,2.6359516663595745e-32
gaussian,200,5,TVD_vanLeer,139.5,0,8.0601939842523253e-170,2.2900147071471768e-33
gaussian,200,5,TVD_vanLeer,140.5,0,1.4345863722220529e-175,1.7443992144421727e-34
gaussian,200,5,TVD_vanLeer,141.5,0,2.0451150777349032e-181,1.1473495036412243e-35
gaussian,200,5,TVD_vanLeer,142.5,0,2.3351499952916222e-187,6.3935498110147185e-37
gaussian,200,5,TVD_vanLeer,143.5,0,2.1355715051143688e-193,2.9482293185554006e-38
gaussian,200,5,TVD_vanLeer,144.5,0,1.5642719215530576e-199,1.0933399821155554e-39
gaussian,200,5,TVD_vanLeer,145.5,0,9.1771078118665972e-206,3.1602110637722505e-41
gaussian,200,5,TVD_vanLeer,146.5,0,4.3121283107197259e-212,6.9644705629821918e-43
gaussian,200,5,TVD_vanLeer,147.5,0,1.6228064393540392e-218,1.1961442603007827e-44
gaussian,200,5,TVD_vanLeer,148.5,0,4.8913423211149546e-225,1.7384525365470614e-46
gaussian,200,5,TVD_vanLeer,149.5,0,1.1807906115914703e-231,2.123919407662584e-48
gaussian,200,5,TVD_vanLeer,150.5,0,2.2829613083390864e-238,2.1676383598006395e-50
gaussian,200,5,TVD_vanLeer,151.5,0,3.5351063070103485e-245,1.8373409455989939e-52
gaussian,200,5,TVD_vanLeer,152.5,0,4.3841178589285109e-252,1.2866373957626055e-54
gaussian,200,5,TVD_vanLeer,153.5,0,4.3544712450299474e-259,7.4086322625972503e-57
gaussian,200,5,TVD_vanLeer,154.5,0,3.4638560906697508e-266,3.4932698212898368e-59
gaussian,200,5,TVD_vanLeer,155.5,0,2.2067508129560438e-273,1.3439171221348431e-61
gaussian,200,5,TVD_vanLeer,156.5,0,1.1259360137484322e-280,4.2054796656190903e-64
gaussian,200,5,TVD_vanLeer,157.5,0,4.6008607253322257e-288,1.0676292890829524e-66
gaussian,200,5,TVD_vanLeer,158.5,0,1.5056620395625786e-295,2.1939522735605109e-69
gaussian,200,5,TVD_vanLeer,159.5,0,3.9461819357718733e-303,3.6427841638918802e-72
gaussian,200,5,TVD_vanLeer,160.5,0,8.2829705159638475e-311,4.8794743804946024e-75
gaussian,200,5,TVD_vanLeer,161.5,0,1.3923609811404258e-318,5.2661750813431128e-78
gaussian,200,5,TVD_vanLeer,162.5,0,0,4.5745321449358794e-81
gaussian,200,5,TVD_vanLeer,163.5,0,0,3.1956172033151439e-84
gaussian,200,5,TVD_vanLeer,164.5,0,0,1.7939658725824332e-87
gaussian,200,5,TVD_vanLeer,165.5,0,0,8.088630068875045e-91
gaussian,200,5,TVD_vanLeer,166.5,0,0,2.9277402824100891e-94
gaussian,200,5,TVD_vanLeer,167.5,0,0,8.5039253215741054e-98
gaussian,200,5,TVD_vanLeer,168.5,0,0,1.9815200439605845e-101
gaussian,200,5,TVD_vanLeer,169.5,0,0,3.7030292247368947e-105
gaussian,200,5,TVD_vanLeer,170.5,0,0,5.5488502700561724e-109
gaussian,200,5,TVD_vanLeer,171.5,0,0,6.6659175106792267e-113
gaussian,200,5,TVD_vanLeer,172.5,0,0,6.4189655196834827e-117
gaussian,200,5,TVD_vanLeer,173.5,0,0,4.9541164707877612e-121
gaussian,200,5,TVD_vanLeer,174.5,0,0,3.0642209785305734e-125
gaussian,200,5,TVD_vanLeer,175.5,0,0,1.5187644039986543e-129
gaussian,200,5,TVD_vanLeer,176.5,0,0,6.0317976003377117e-134
gaussian,200,5,TVD_vanLeer,177.5,0,0,1.919390892016128e-138
gaussian,200,5,TVD_vanLeer,178.5,0,0,4.8934886482257795e-143
gaussian,200,5,TVD_vanLeer,179.5,0,0,9.9952477672520291e-148
gaussian,200,5,TVD_vanLeer,180.5,0,0,1.6355819444643419e-152
gaussian,200,5,TVD_vanLeer,181.5,0,0,2.1440795882317473e-157
gaussian,200,5,TVD_vanLeer,182.5,0,0,2.2515790959818728e-162
gaussian,200,5,TVD_vanLeer,183.5,0,0,1.8940897576257437e-167
gaussian,200,5,TVD_vanLeer,184.5,0,0,1.2763550540873057e-172
gaussian,200,5,TVD_vanLeer,185.5,0,0,6.8895623002862521e-178
gaussian,200,5,TVD_vanLeer,186.5,0,0,2.9788826161075824e-183
gaussian,200,5,TVD_vanLeer,187.5,0,0,1.0316917418737748e-188
gaussian,200,5,TVD_vanLeer,188.5,0,0,2.8620361985943348e-194
gaussian,200,5,TVD_vanLeer,189.5,0,0,6.3595036916403738e-200
gaussian,200,5,TVD_vanLeer,190.5,0,0,1.1318504444606819e-205
gaussian,200,5,TVD_vanLeer,191.5,0,0,1.6134955506963288e-211
gaussian,200,5,TVD_vanLeer,192.5,0,0,1.8422770121080485e-217
gaussian,200,5,TVD_vanLeer,193.5,0,0,1.6847922735687246e-223
gaussian,200,5,TVD_vanLeer,194.5,0,0,1.234065360347765e-229
gaussian,200,5,TVD_vanLeer,195.5,0,0,7.2398017490611047e-236
gaussian,200,5,TVD_vanLeer,196.5,0,0,3.4017974613892256e-242
gaussian,200,5,TVD_vanLeer,197.5,0,0,1.2802071430957159e-248
gaussian,200,5,TVD_vanLeer,198.5,0,0,3.8586818800271538e-255
gaussian,200,5,TVD_vanLeer,199.5,0,0,9.3149756026381003e-262
gaussian,200,5,PLM_MC,0.5,4.0319648328398961e-42,3.9461819357718733e-303,3.180659427853366e-72
gaussian,200,5,PLM_MC,1.5,2.3495028369634597e-39,1.5056620395625786e-295,6.361318855706731e-72
gaussian,200,5,PLM_MC,2.5,1.0975511372095965e-36,4.6008607253322257e-288,1.5903297139266823e-71
gaussian,200,5,PLM_MC,3.5,4.1104854473094294e-34,1.1259360137484322e-280,5.2906418002564812e-71
gaussian,200,5,PLM_MC,4.5,1.2342785224088351e-31,2.2067508129560438e-273,1.7084551807638539e-70
gaussian,200,5,PLM_MC,5.5,2.9717983121251882e-29,3.4638560906697508e-266,3.3400651327727347e-70
gaussian,200,5,PLM_MC,6.5,5.7378388747034871e-27,4.3544712450299474e-259,7.1580367690313245e-70
gaussian,200,5,PLM_MC,7.5,8.8846316733736166e-25,4.3841178589285109e-252,6.5060920412378323e-69
gaussian,200,5,PLM_MC,8.5,1.1034033630235094e-22,3.5351063070103485e-245,1.9966185423964518e-68
gaussian,200,5,PLM_MC,9.5,1.0992014343435166e-20,2.2829613083390864e-238,2.783694459242833e-68
gaussian,200,5,PLM_MC,10.5,8.7844644713825308e-19,1.1807906115914703e-231,4.0836342463497712e-68
gaussian,200,5,PLM_MC,11.5,5.6324560613763466e-17,4.8913423211149546e-225,9.9706729359418665e-67
gaussian,200,5,PLM_MC,12.5,2.897856440858993e-15,1.6228064393540392e-218,2.9877322107998128e-66
gaussian,200,5,PLM_MC,13.5,1.1964839192313295e-13,4.3121283107197259e-212,3.4572678791152781e-66
gaussian,200,5,PLM_MC,14.5,3.9650113373952613e-12,9.1771078118665972e-206,3.7577634254667521e-66
gaussian,200,5,PLM_MC,15.5,1.0547466195306394e-10,1.5642719215530576e-199,2.4428414101546755e-64
gaussian,200,5,PLM_MC,16.5,2.2525693567795984e-09,2.1355715051143688e-193,4.341142286574422e-64
gaussian,200,5,PLM_MC,17.5,3.8627435570099709e-08,2.3351499952916222e-187,4.5094634839606899e-64
gaussian,200,5,PLM_MC,18.5,5.3194075013792053e-07,2.0451150777349032e-181,6.5936421847953181e-63
gaussian,200,5,PLM_MC,19.5,5.8835894690706761e-06,1.4345863722220529e-175,4.683841460656932e-62
gaussian,200,5,PLM_MC,20.5,5.2275059923927003e-05,8.0601939842523253e-170,5.6643876931424725e-62
gaussian,200,5,PLM_MC,21.5,0.00037314677268319925,3.6272558146092636e-164,5.8798388257968938e-62
gaussian,200,5,PLM_MC,22.5,0.00214020507078222,1.3074618903550522e-158,2.5695829678261436e-60
gaussian,200,5,PLM_MC,23.5,0.0098645206478332349,3.7748746948656425e-153,7.1125275223235374e-60
gaussian,200,5,PLM_MC,24.5,0.036541946733464482,8.7297822633204655e-148,7.3883049721211922e-60
gaussian,200,5,PLM_MC,25.5,0.10880468515692684,1.6170990853143237e-142,1.9037395012222335e-59
gaussian,200,5,PLM_MC,26.5,0.26042514195959271,2.3994264868698216e-137,6.8529683932024573e-58
gaussian,200,5,PLM_MC,27.5,0.5011065019554406,2.8518153653906486e-132,9.3969673908551999e-58
gaussian,200,5,PLM_MC,28.5,0.77520033314678272,2.7150907736160399e-127,9.5170933377750352e-58
gaussian,200,5,PLM_MC,29.5,0.96416556333505776,2.0706299308123932e-122,2.863764537407067e-56
gaussian,200,5,PLM_MC,30.5,0.96416556333505798,1.2649762087967003e-117,1.1783840314928322e-55
gaussian,200,5,PLM_MC,31.5,0.77520033314678238,6.1905738060358609e-113,1.2104998866323334e-55
gaussian,200,5,PLM_MC,32.5,0.50110650195544038,2.4269201775492884e-108,1.2202670725803027e-55
gaussian,200,5,PLM_MC,33.5,0.26042514195959271,7.6219119829446566e-104,1.0620445604959647e-53
gaussian,200,5,PLM_MC,34.5,0.10880468515692684,1.9176286730812131e-99,1.5525860134833842e-53
gaussian,200,5,PLM_MC,35.5,0.036541946733464482,3.8651475082034861e-95,1.5670541356992147e-53
gaussian,200,5,PLM_MC,36.5,0.0098645206478332349,6.2413421967517473e-91,1.581522257915046e-53
gaussian,200,5,PLM_MC,37.5,0.00214020507078222,8.0744004367222386e-87,3.9472016770435355e-52
gaussian,200,5,PLM_MC,38.5,0.00037314677268319925,8.3690007569314962e-83,8.9316595292372303e-52
gaussian,200,5,PLM_MC,39.5,5.2275059923927003e-05,6.9499126742802303e-79,1.1319480949192727e-50
gaussian,200,5,PLM_MC,40.5,5.8835894690706761e-06,4.6242325190392664e-75,2.0308365667312069e-49
gaussian,200,5,PLM_MC,41.5,5.3194075013792053e-07,2.4652873707848446e-71,2.5762570810945964e-49
gaussian,200,5,PLM_MC,42.5,3.8627435570099709e-08,1.0531177035127619e-67,2.5762572505722712e-49
gaussian,200,5,PLM_MC,43.5,2.2525693567795984e-09,3.604812134010428e-64,2.5762575427139363e-49
gaussian,200,5,PLM_MC,44.5,1.0547466195306394e-10,9.8878225702524618e-61,2.5762586615040673e-49
gaussian,200,5,PLM_MC,45.5,3.9650113373952613e-12,2.1734421815275004e-57,2.576263265255206e-49
gaussian,200,5,PLM_MC,46.5,1.1964839192313295e-13,3.8286286709321121e-54,4.5843768300599466e-46
gaussian,200,5,PLM_MC,47.5,2.897856440858993e-15,5.4051257058224677e-51,4.5433707562848398e-45
gaussian,200,5,PLM_MC,48.5,5.6324560613763466e-17,6.1158503701640189e-48,5.4468350595320685e-45
gaussian,200,5,PLM_MC,49.5,8.7844644713825308e-19,5.5465005312857341e-45,5.4468350595388205e-45
gaussian,200,5,PLM_MC,50.5,1.0992014343435166e-20,4.0319648328398961e-42,1.6786761948927769e-43
gaussian,200,5,PLM_MC,51.5,1.1034033630235094e-22,2.3495028369634597e-39,8.8937716307736742e-43
gaussian,200,5,PLM_MC,52.5,8.8846316733736166e-25,1.0975511372095965e-36,9.6745955984369895e-43
gaussian,200,5,PLM_MC,53.5,5.7378388747034871e-27,4.1104854473094294e-34,9.67459559843705e-43
gaussian,200,5,PLM_MC,54.5,2.971798312125173e-29,1.2342785224088959e-31,9.674595598437152e-43
gaussian,200,5,PLM_MC,55.500000000000007,1.2342785224087919e-31,2.9717983121253238e-29,9.6745955984375232e-43
gaussian,200,5,PLM_MC,56.5,4.1104854473092387e-34,5.7378388747034046e-27,9.6745955984390908e-43
gaussian,200,5,PLM_MC,57.499999999999993,1.0975511372096371e-36,8.8846316733732897e-25,9.6745955984455062e-43
gaussian,200,5,PLM_MC,58.5,2.3495028369635919e-39,1.1034033630235007e-22,9.6745955984721697e-43
gaussian,200,5,PLM_MC,59.5,4.0319648328398961e-42,1.0992014343435166e-20,9.6745955985822444e-43
gaussian,200,5,PLM_MC,60.5,5.5465005312857341e-45,8.7844644713825308e-19,9.6745955990380185e-43
gaussian,200,5,PLM_MC,61.5,6.1158503701640189e-48,5.6324560613763466e-17,9.6745956009236387e-43
gaussian,200,5,PLM_MC,62.5,5.4051257058224677e-51,2.897856440858993e-15,9.6745956087245127e-43
gaussian,200,5,PLM_MC,63.5,3.8286286709321121e-54,1.1964839192313295e-13,9.674595640986037e-43
gaussian,200,5,PLM_MC,64.5,2.1734421815275004e-57,3.9650113373952613e-12,9.6745957744928886e-43
gaussian,200,5,PLM_MC,65.5,9.8878225702524618e-61,1.0547466195306394e-10,9.674596326742912e-43
gaussian,200,5,PLM_MC,66.5,3.604812134010428e-64,2.2525693567795984e-09,1.5477966626555946e-41
gaussian,200,5,PLM_MC,67.5,1.0531177035127619e-67,3.8627435570099709e-08,4.9820202845740903e-41
gaussian,200,5,PLM_MC,68.5,2.4652873707848446e-71,5.3194075013792053e-07,4.9820202845740903e-41
gaussian,200,5,PLM_MC,69.5,4.6242325190392664e-75,5.8835894690706761e-06,-1.5951154599707463e-39
gaussian,200,5,PLM_MC,70.5,6.9499126742802303e-79,5.2275059923927003e-05,-1.0999701220220155e-38
gaussian,200,5,PLM_MC,71.5,8.3690007569314962e-83,0.00037314677268319925,-1.2489627477486805e-38
gaussian,200,5,PLM_MC,72.5,8.0744004367222386e-87,0.00214020507078222,1.0504807412887932e-23
gaussian,200,5,PLM_MC,73.5,6.2413421967517473e-91,0.0098645206478332349,1.4006409901902605e-23
gaussian,200,5,PLM_MC,74.5,3.8651475082034861e-95,0.036541946733464482,-6.3134164168512829e-18
gaussian,200,5,PLM_MC,75.5,1.9176286730812131e-99,0.10880468515692684,-1.3877787807814457e-17
gaussian,200,5,PLM_MC,76.5,7.6219119829446566e-104,0.26042514195959271,0.0036127385934306422
gaussian,200,5,PLM_MC,77.5,2.4269201775492884e-108,0.50110650195544038,0.72673691109472438
gaussian,200,5,PLM_MC,78.5,6.1905738060358609e-113,0.77520033314678238,0.96416556333505832
gaussian,200,5,PLM_MC,79.5,1.2649762087967003e-117,0.96416556333505798,0.96416556333505832
gaussian,200,5,PLM_MC,80.5,2.0706299308123932e-122,0.96416556333505798,0.96416556333505854
gaussian,200,5,PLM_MC,81.5,2.7150907736160399e-127,0.77520033314678238,0.96416556333505876
gaussian,200,5,PLM_MC,82.5,2.8518153653906486e-132,0.50110650195544038,0.7267369110947266
gaussian,200,5,PLM_MC,83.5,2.3994264868698216e-137,0.26042514195959271,0.0036127385934325408
gaussian,200,5,PLM_MC,84.5,1.6170990853143237e-142,0.10880468515692684,-5.6378512964715673e-18
gaussian,200,5,PLM_MC,85.5,8.7297822633204655e-148,0.036541946733464482,-3.6069592091093361e-18
gaussian,200,5,PLM_MC,86.5,3.7748746948656425e-153,0.0098645206478332349,8.3481821598715358e-28
gaussian,200,5,PLM_MC,87.5,1.3074618903550522e-158,0.00214020507078222,6.2611367031631189e-28
gaussian,200,5,PLM_MC,88.5,3.6272558146092636e-164,0.00037314677268319925,8.2800498528706796e-36
gaussian,200,5,PLM_MC,89.5,8.0601939842523253e-170,5.2275059923927003e-05,1.1869974482666933e-181
gaussian,200,5,PLM_MC,90.5,1.4345863722220529e-175,5.8835894690706761e-06,4.7552097816665597e-180
gaussian,200,5,PLM_MC,91.5,2.0451150777349032e-181,5.3194075013792053e-07,9.299767738279452e-179
gaussian,200,5,PLM_MC,92.5,2.3351499952916222e-187,3.8627435570099709e-08,1.1833238432219458e-177
gaussian,200,5,PLM_MC,93.5,2.1355715051143688e-193,2.2525693567795984e-09,1.1016059939733247e-176
gaussian,200,5,PLM_MC,94.5,1.5642719215530576e-199,1.0547466195306394e-10,7.9998633320884143e-176
gaussian,200,5,PLM_MC,95.5,9.1771078118665972e-206,3.9650113373952613e-12,4.7186998652558161e-175
gaussian,200,5,PLM_MC,96.5,4.3121283107197259e-212,1.1964839192313295e-13,2.324411264335952e-174
gaussian,200,5,PLM_MC,97.5,1.6228064393540392e-218,2.897856440858993e-15,9.7579707802868329e-174
gaussian,200,5,PLM_MC,98.5,4.8913423211149546e-225,5.6324560613763466e-17,3.545491894346389e-173
gaussian,200,5,PLM_MC,99.5,1.1807906115914703e-231,8.7844644713825308e-19,1.1286743389518781e-172
gaussian,200,5,PLM_MC,100.5,2.2829613083390864e-238,1.0992014343435166e-20,3.1794927990364972e-172
gaussian,200,5,PLM_MC,101.5,3.5351063070103485e-245,1.1034033630235094e-22,7.9922530412509125e-172
gaussian,200,5,PLM_MC,102.5,4.3841178589285109e-252,8.8846316733736166e-25,1.8056585643146024e-171
gaussian,200,5,PLM_MC,103.5,4.3544712450299474e-259,5.7378388747034871e-27,3.6902310050416451e-171
gaussian,200,5,PLM_MC,104.5,3.4638560906697508e-266,2.9717983121251882e-29,6.8629437108654095e-171
gaussian,200,5,PLM_MC,105.5,2.2067508129560438e-273,1.2342785224088351e-31,1.1681416158143042e-170
gaussian,200,5,PLM_MC,106.5,1.1259360137484322e-280,4.1104854473094294e-34,1.8302099792529766e-170
gaussian,200,5,PLM_MC,107.5,4.6008607253322257e-288,1.0975511372095965e-36,2.6553133463714284e-170
gaussian,200,5,PLM_MC,108.5,1.5056620395625464e-295,2.3495028369634222e-39,3.5901269715814253e-170
gaussian,200,5,PLM_MC,109.50000000000001,3.9461819357704376e-303,4.0319648328394793e-42,4.5551006143142563e-170
gaussian,200,5,PLM_MC,110.50000000000001,8.2829705159623653e-311,5.5465005312851709e-45,5.4647475198396398e-170
gaussian,200,5,PLM_MC,111.50000000000001,1.3923609811404258e-318,6.1158503701635364e-48,6.2497903841278051e-170
gaussian,200,5,PLM_MC,112.5,0,5.4051257058220226e-51,6.8718727256954697e-170
gaussian,200,5,PLM_MC,113.49999999999999,0,3.8286286709325624e-54,7.3260640871094934e-170
gaussian,200,5,PLM_MC,114.49999999999999,0,2.1734421815277523e-57,7.6328371475233559e-170
gaussian,200,5,PLM_MC,115.49999999999999,0,9.8878225702533351e-61,7.8253790087476921e-170
gaussian,200,5,PLM_MC,116.5,0,3.6048121340108328e-64,7.9381868564360681e-170
gaussian,200,5,PLM_MC,117.5,0,1.0531177035127619e-67,8.0001331840967391e-170
gaussian,200,5,PLM_MC,118.5,0,2.4652873707848446e-71,8.0321029060277109e-170
gaussian,200,5,PLM_MC,119.5,0,4.6242325190392664e-75,8.0476038177163924e-170
gaussian,200,5,PLM_MC,120.5,0,6.9499126742802303e-79,8.0545818547271993e-170
gaussian,200,5,PLM_MC,121.5,0,8.3690007569314962e-83,8.057284154276474e-170
gaussian,200,5,PLM_MC,122.5,0,8.0744004367222386e-87,8.0576763718984072e-170
gaussian,200,5,PLM_MC,123.5,0,6.2413421967517473e-91,8.05632792462071e-170
gaussian,200,5,PLM_MC,124.5,0,3.8651475082034861e-95,8.0528448079356046e-170
gaussian,200,5,PLM_MC,125.5,0,1.9176286730812131e-99,8.04596565980929e-170
gaussian,200,5,PLM_MC,126.5,0,7.6219119829446566e-104,8.0334274732281604e-170
gaussian,200,5,PLM_MC,127.5,0,2.4269201775492884e-108,8.0116948314045392e-170
gaussian,200,5,PLM_MC,128.5,0,6.1905738060358609e-113,7.975647248284829e-170
gaussian,200,5,PLM_MC,129.5,0,1.2649762087967003e-117,7.9183346476390371e-170
gaussian,200,5,PLM_MC,130.5,0,2.0706299308123932e-122,7.830931050877004e-170
gaussian,200,5,PLM_MC,131.5,0,2.7150907736160399e-127,7.7030230322981369e-170
gaussian,200,5,PLM_MC,132.5,0,2.8518153653906486e-132,7.5233428536722957e-170
gaussian,200,5,PLM_MC,133.5,0,2.3994264868698216e-137,7.2809837181909767e-170
gaussian,200,5,PLM_MC,134.5,0,1.6170990853143237e-142,6.9670185834240008e-170
gaussian,200,5,PLM_MC,135.5,0,8.7297822633204655e-148,6.5763064575396614e-170
gaussian,200,5,PLM_MC,136.5,0,3.7748746948656425e-153,6.1091506534997173e-170
gaussian,200,5,PLM_MC,137.5,0,1.3074618903550522e-158,5.5724184287986569e-170
gaussian,200,5,PLM_MC,138.5,0,3.6272558146092636e-164,4.9797765617767371e-170
gaussian,200,5,PLM_MC,139.5,0,8.0601939842523253e-170,4.3508504577035298e-170
gaussian,200,5,PLM_MC,140.5,0,1.4345863722220529e-175,3.709345787802203e-170
gaussian,200,5,PLM_MC,141.5,0,2.0451150777349032e-181,3.0804195963753732e-170
gaussian,200,5,PLM_MC,142.5,0,2.3351499952916222e-187,2.4877775647902161e-170
gaussian,200,5,PLM_MC,143.5,0,2.1355715051143688e-193,1.9510451178150616e-170
gaussian,200,5,PLM_MC,144.5,0,1.5642719215530576e-199,1.483889061942028e-170
gaussian,200,5,PLM_MC,145.5,0,9.1771078118665972e-206,1.0931766918248447e-170
gaussian,200,5,PLM_MC,146.5,0,4.3121283107197259e-212,7.7921136714695063e-171
gaussian,200,5,PLM_MC,147.5,0,1.6228064393540392e-218,5.3685214714662284e-171
gaussian,200,5,PLM_MC,148.5,0,4.8913423211149546e-225,3.5717201869463978e-171
gaussian,200,5,PLM_MC,149.5,0,1.1807906115914703e-231,2.2926411791188017e-171
gaussian,200,5,PLM_MC,150.5,0,2.2829613083390864e-238,1.4186037658559848e-171
gaussian,200,5,PLM_MC,151.5,0,3.5351063070103485e-245,8.4546441564507185e-172
gaussian,200,5,PLM_MC,152.5,0,4.3841178589285109e-252,4.849412344508359e-172
gaussian,200,5,PLM_MC,153.5,0,4.3544712450299474e-259,2.6748278132095051e-172
gaussian,200,5,PLM_MC,154.5,0,3.4638560906697508e-266,1.4176459703137928e-172
gaussian,200,5,PLM_MC,155.5,0,2.2067508129560438e-273,7.2136054797105196e-173
gaussian,200,5,PLM_MC,156.5,0,1.1259360137484322e-280,3.5211822586705946e-173
gaussian,200,5,PLM_MC,157.5,0,4.6008607253322257e-288,1.6474149679236009e-173
gaussian,200,5,PLM_MC,158.5,0,1.5056620395625786e-295,7.3808657819466043e-174
gaussian,200,5,PLM_MC,159.5,0,3.9461819357718733e-303,3.1636899232824285e-174
gaussian,200,5,PLM_MC,160.5,0,8.2829705159638475e-311,1.2960831331533179e-174
gaussian,200,5,PLM_MC,161.5,0,1.3923609811404258e-318,5.0695335098715708e-175
gaussian,200,5,PLM_MC,162.5,0,0,1.8910934527354387e-175
gaussian,200,5,PLM_MC,163.5,0,0,6.7196548969206844e-176
gaussian,200,5,PLM_MC,164.5,0,0,2.2714842443341905e-176
gaussian,200,5,PLM_MC,165.5,0,0,7.2945135656309866e-177
gaussian,200,5,PLM_MC,166.5,0,0,2.2220355582762457e-177
gaussian,200,5,PLM_MC,167.5,0,0,6.4100297839958911e-178
gaussian,200,5,PLM_MC,168.5,0,0,1.7480091199732202e-178
gaussian,200,5,PLM_MC,169.5,0,0,4.4972442318703358e-179
gaussian,200,5,PLM_MC,170.5,0,0,1.0892455767532658e-179
gaussian,200,5,PLM_MC,171.5,0,0,2.4776406717871941e-180
gaussian,200,5,PLM_MC,172.5,0,0,5.2786551991596862e-181
gaussian,200,5,PLM_MC,173.5,0,0,1.0502249363786676e-181
gaussian,200,5,PLM_MC,174.5,0,0,1.9447068999409317e-182
gaussian,200,5,PLM_MC,175.5,0,0,3.3387431273633492e-183
gaussian,200,5,PLM_MC,176.5,0,0,5.2914930105410499e-184
gaussian,200,5,PLM_MC,177.5,0,0,7.7030367267669735e-185
gaussian,200,5,PLM_MC,178.5,0,0,1.0240004260949057e-185
gaussian,200,5,PLM_MC,179.5,0,0,1.2345516804637122e-186
gaussian,200,5,PLM_MC,180.5,0,0,1.338837550095584e-187
gaussian,200,5,PLM_MC,181.5,0,0,1.2931038064722691e-188
gaussian,200,5,PLM_MC,182.5,0,0,1.098683425439132e-189
gaussian,200,5,PLM_MC,183.5,0,0,8.0843925944513841e-191
gaussian,200,5,PLM_MC,184.5,0,0,5.0471241569993957e-192
gaussian,200,5,PLM_MC,185.5,0,0,2.5993723858850913e-193
gaussian,200,5,PLM_MC,186.5,0,0,1.0603092537683358e-194
gaussian,200,5,PLM_MC,187.5,0,0,3.2117966585967311e-196
gaussian,200,5,PLM_MC,188.5,0,0,6.4225158540950842e-198
gaussian,200,5,PLM_MC,189.5,0,0,6.3595036916403738e-200
gaussian,200,5,PLM_MC,190.5,0,0,1.1318504444606819e-205
gaussian,200,5,PLM_MC,191.5,0,0,1.6134955506963288e-211
gaussian,200,5,PLM_MC,192.5,0,0,1.8422770121080485e-217
gaussian,200,5,PLM_MC,193.5,0,0,1.6847922735687246e-223
gaussian,200,5,PLM_MC,194.5,0,0,1.234065360347765e-229
gaussian,200,5,PLM_MC,195.5,0,0,7.2398017490611047e-236
gaussian,200,5,PLM_MC,196.5,0,0,3.4017974613892256e-242
gaussian,200,5,PLM_MC,197.5,0,0,1.2802071430957159e-248
gaussian,200,5,PLM_MC,198.5,0,0,3.8586818800271538e-255
gaussian,200,5,PLM_MC,199.5,0,0,9.3149756026381003e-262
gaussian,400,0.10000000000000001,upwind,0.25,2.9674496460687887e-43,1.1754538816431203e-306,4.0064693135073398e-87
gaussian,400,0.10000000000000001,upwind,0.75,7.7671847010728729e-42,7.8911884176621055e-303,5.1369118436769377e-85
gaussian,400,0.10000000000000001,upwind,1.25,1.9234772699037504e-40,5.0115132566242844e-299,3.4151920982712337e-83
gaussian,400,0.10000000000000001,upwind,1.75,4.5066579469365438e-39,3.0108229277994623e-295,1.5807335379738017e-81
gaussian,400,0.10000000000000001,upwind,2.25,9.9900396552230441e-38,1.7111639375053288e-291,5.7710921837691011e-80
gaussian,400,0.10000000000000001,upwind,2.75,2.0952018778669732e-36,9.2000102867270423e-288,1.7840060701222441e-78
gaussian,400,0.10000000000000001,upwind,3.25,4.1574932920676779e-35,4.6792421069904345e-284,4.886538485241789e-77
gaussian,400,0.10000000000000001,upwind,3.75,7.8052215654120522e-34,2.2514041032861653e-280,1.2223443898953709e-75
gaussian,400,0.10000000000000001,upwind,4.25,1.3863978914236671e-32,1.0247604389836399e-276,2.8482127105462843e-74
gaussian,400,0.10000000000000001,upwind,4.75,2.3299172556753034e-31,4.4124768654730575e-273,6.2593612751704655e-73
gaussian,400,0.10000000000000001,upwind,5.25,3.7046232122636381e-30,1.7973553963570837e-269,1.3069740682950036e-71
gaussian,400,0.10000000000000001,upwind,5.75,5.5731343030240402e-29,6.9259148259432187e-266,2.6037210620409279e-70
gaussian,400,0.10000000000000001,upwind,6.25,7.9324597368587958e-28,2.524714327289028e-262,4.9603931258624257e-69
gaussian,400,0.10000000000000001,upwind,6.75,1.0682431775721122e-26,8.7064177757326062e-259,9.0490789052978293e-68
gaussian,400,0.10000000000000001,upwind,7.25,1.3610912551087849e-25,2.840267037654652e-255,1.582044882141995e-66
gaussian,400,0.10000000000000001,upwind,7.75,1.6408172091638449e-24,8.7653954508192737e-252,2.6522889944369902e-65
gaussian,400,0.10000000000000001,upwind,8.25,1.8715006371449644e-23,2.5590382982320149e-248,4.2660881300278606e-64
gaussian,400,0.10000000000000001,upwind,8.75,2.0196566623325172e-22,7.0676535757225397e-245,6.5864031171944764e-63
gaussian,400,0.10000000000000001,upwind,9.25,2.0621671839623482e-21,1.8465760180528026e-241,9.7650168813216812e-62
gaussian,400,0.10000000000000001,upwind,9.75,1.9921861502908032e-20,4.5640760406601197e-238,1.3909102857767057e-60
gaussian,400,0.10000000000000001,upwind,10.25,1.8209442012348391e-19,1.0671674647092527e-234,1.9042416214357954e-59
gaussian,400,0.10000000000000001,upwind,10.75,1.574798474153022e-18,2.3605140557182057e-231,2.5069049053941314e-58
gaussian,400,0.10000000000000001,upwind,11.25,1.2885933928463541e-17,4.9394114690073506e-228,3.1749971620494353e-57
gaussian,400,0.10000000000000001,upwind,11.75,9.9763187299063161e-17,9.7777452307610052e-225,3.8702226245136554e-56
gaussian,400,0.10000000000000001,upwind,12.25,7.3078421136059479e-16,1.8310382879326304e-221,4.5426954006602164e-55
gaussian,400,0.10000000000000001,upwind,12.75,5.0649286703574024e-15,3.2437818404201462e-218,5.1365864268577159e-54
gaussian,400,0.10000000000000001,upwind,13.25,3.32141965274349e-14,5.4362781113090602e-215,5.5977986018813718e-53
gaussian,400,0.10000000000000001,upwind,13.75,2.0608258731883101e-13,8.6188203433280492e-212,5.8822020967301911e-52
gaussian,400,0.10000000000000001,upwind,14.25,1.2098369706947906e-12,1.2926782639492832e-208,5.9626689081610531e-51
gaussian,400,0.10000000000000001,upwind,14.75,6.720185704095718e-12,1.8341288841093893e-205,5.8333387075799546e-50
gaussian,400,0.10000000000000001,upwind,15.25,3.5318757270266376e-11,2.4618771352528383e-202,5.5101893561925336e-49
gaussian,400,0.10000000000000001,upwind,15.75,1.7563056663586188e-10,3.1260819659708616e-199,5.0278813794694937e-48
gaussian,400,0.10000000000000001,upwind,16.25,8.2635404032736578e-10,3.7551920776900123e-196,4.4337186739064135e-47
gaussian,400,0.10000000000000001,upwind,16.75,3.6787846732318305e-09,4.2673878181510019e-193,3.7801605556345746e-46
gaussian,400,0.10000000000000001,upwind,17.25,1.549585421550539e-08,4.5876533240074568e-190,3.117486391328098e-45
gaussian,400,0.10000000000000001,upwind,17.75,6.1759016924693913e-08,4.6657123372592864e-187,2.4879576075289777e-44
gaussian,400,0.10000000000000001,upwind,18.25,2.3289473156464855e-07,4.4889481261414988e-184,1.9222767412812862e-43
gaussian,400,0.10000000000000001,upwind,18.75,8.3098676871119177e-07,4.0857412073436646e-181,1.4385078748715524e-42
gaussian,400,0.10000000000000001,upwind,19.25,2.805462080291371e-06,3.5180106454759892e-178,1.0430837342010711e-41
gaussian,400,0.10000000000000001,upwind,19.75,8.9617168578499812e-06,2.865654733798599e-175,7.3319944114256321e-41
gaussian,400,0.10000000000000001,upwind,20.25,2.7086644187709968e-05,2.2082660613823784e-172,4.9980967618348329e-40
gaussian,400,0.10000000000000001,upwind,20.75,7.7463475660144112e-05,1.6098305307890998e-169,3.305585420673019e-39
gaussian,400,0.10000000000000001,upwind,21.25,0.00020961248401428069,1.110223877799716e-166,2.1219389198002559e-38
gaussian,400,0.10000000000000001,upwind,21.75,0.0005366810613521174,7.2434093904405302e-164,1.3226216363072893e-37
gaussian,400,0.10000000000000001,upwind,22.25,0.0013001543065751825,4.4707253843875347e-161,8.0081451690963567e-37
gaussian,400,0.10000000000000001,upwind,22.75,0.0029802558349892572,2.6104530553256889e-158,4.7118876367396701e-36
gaussian,400,0.10000000000000001,upwind,23.25,0.0064638713079587205,1.4419730959227927e-155,2.6952274814345057e-35
gaussian,400,0.10000000000000001,upwind,23.75,0.01326516998770776,7.535329658772136e-153,1.4993463691079938e-34
gaussian,400,0.10000000000000001,upwind,24.25,0.025758129949459849,3.7252176024985683e-150,8.114854812829668e-34
gaussian,400,0.10000000000000001,upwind,24.75,0.047325763517469137,1.7422312350615947e-147,4.2746010700889581e-33
gaussian,400,0.10000000000000001,upwind,25.25,0.082274089358194719,7.7084166646794762e-145,2.1923399786701761e-32
gaussian,400,0.10000000000000001,upwind,25.75,0.13533528095565894,3.2264897539639332e-142,1.0951578057183653e-31
gaussian,400,0.10000000000000001,upwind,26.25,0.21064044631089568,1.2776197474953692e-139,5.3303848882525121e-31
gaussian,400,0.10000000000000001,upwind,26.75,0.31020983760828968,4.7860767762647408e-137,2.528760190287066e-30
gaussian,400,0.10000000000000001,upwind,27.25,0.43226758151908995,1.6961526594972429e-134,1.169703087936215e-29
gaussian,400,0.10000000000000001,upwind,27.750000000000004,0.5699454223917918,5.6866692041863252e-132,5.2773002286538016e-29
gaussian,400,0.10000000000000001,upwind,28.25,0.71104575448692675,1.8036791093263672e-129,2.3230735856492962e-28
gaussian,400,0.10000000000000001,upwind,28.749999999999996,0.83935491180663779,5.4121447561387576e-127,9.9809877614915878e-28
gaussian,400,0.10000000000000001,upwind,29.25,0.93751373301239194,1.5363455249679772e-124,4.1868311212583731e-27
gaussian,400,0.10000000000000001,upwind,29.75,0.99081739365772359,4.1258964063751506e-122,1.7152929160557173e-26
gaussian,400,0.10000000000000001,upwind,30.25,0.99081739365772359,1.0482339688612536e-119,6.8654537958546969e-26
gaussian,400,0.10000000000000001,upwind,30.75,0.93751373301239227,2.5194700779047881e-117,2.6854255088006747e-25
gaussian,400,0.10000000000000001,upwind,31.25,0.83935491180663835,5.7289077838712314e-115,1.0268389372969878e-24
gaussian,400,0.10000000000000001,upwind,31.75,0.71104575448692653,1.2323858534232878e-112,3.8394324123698633e-24
gaussian,400,0.10000000000000001,upwind,32.25,0.56994542239179147,2.5080398224404083e-110,1.4042195766501408e-23
gaussian,400,0.10000000000000001,upwind,32.75,0.43226758151908928,4.8287599568741481e-108,5.0249513249247651e-23
gaussian,400,0.10000000000000001,upwind,33.25,0.31020983760828968,8.7953048135199631e-106,1.7598709646408097e-22
gaussian,400,0.10000000000000001,upwind,33.75,0.21064044631089568,1.5155870917754113e-103,6.0339678963082244e-22
gaussian,400,0.10000000000000001,upwind,34.25,0.13533528095565894,2.4707355778510861e-101,2.0258964689456441e-21
gaussian,400,0.10000000000000001,upwind,34.75,0.082274089358194719,3.8105499903839356e-99,6.6625472961819277e-21
gaussian,400,0.10000000000000001,upwind,35.25,0.047325763517469137,5.5598841967139978e-97,2.1467761551257684e-20
gaussian,400,0.10000000000000001,upwind,35.75,0.025758129949459849,7.6746961744397911e-95,6.7790544391071256e-20
gaussian,400,0.10000000000000001,upwind,36.25,0.01326516998770776,1.0022468169693816e-92,2.0984461107510991e-19
gaussian,400,0.10000000000000001,upwind,36.75,0.0064638713079587205,1.2382459711806558e-90,6.3691470036741299e-19
gaussian,400,0.10000000000000001,upwind,37.25,0.0029802558349892572,1.4473001645291398e-88,1.8959457062802602e-18
gaussian,400,0.10000000000000001,upwind,37.75,0.0013001543065751825,1.6004070856991646e-86,5.5365108001176525e-18
gaussian,400,0.10000000000000001,upwind,38.25,0.0005366810613521174,1.674261198243687e-84,1.5864068375213402e-17
gaussian,400,0.10000000000000001,upwind,38.75,0.00020961248401428069,1.6570575394038535e-82,4.4613038821319954e-17
gaussian,400,0.10000000000000001,upwind,39.25,7.7463475660144112e-05,1.5515806073559298e-80,1.2316197386346091e-16
gaussian,400,0.10000000000000001,upwind,39.75,2.7086644187709968e-05,1.3744667287824868e-78,3.3385358502235754e-16
gaussian,400,0.10000000000000001,upwind,40.25,8.9617168578499812e-06,1.151908605840987e-76,8.8878189399952782e-16
gaussian,400,0.10000000000000001,upwind,40.75,2.805462080291371e-06,9.1332741774944847e-75,2.3242751178575887e-15
gaussian,400,0.10000000000000001,upwind,41.25,8.3098676871119177e-07,6.8511020544828789e-73,5.9720681789509952e-15
gaussian,400,0.10000000000000001,upwind,41.75,2.3289473156464855e-07,4.8620637210248339e-71,1.5079845647350278e-14
gaussian,400,0.10000000000000001,upwind,42.25,6.1759016924693913e-08,3.264434297492065e-69,3.7427629676498728e-14
gaussian,400,0.10000000000000001,upwind,42.75,1.549585421550539e-08,2.0735910640506034e-67,9.1326706129776732e-14
gaussian,400,0.10000000000000001,upwind,43.25,3.6787846732318305e-09,1.2461405151221231e-65,2.1912830350673186e-13
gaussian,400,0.10000000000000001,upwind,43.75,8.2635404032736578e-10,7.0850102165086812e-64,5.1710410442949324e-13
gaussian,400,0.10000000000000001,upwind,44.25,1.7563056663586188e-10,3.8110474312064361e-62,1.2003790645040311e-12
gaussian,400,0.10000000000000001,upwind,44.75,3.5318757270266376e-11,1.9394540397384177e-60,2.7415764493178386e-12
gaussian,400,0.10000000000000001,upwind,45.25,6.720185704095718e-12,9.3378471821560134e-59,6.1617343690098164e-12
gaussian,400,0.10000000000000001,upwind,45.75,1.2098369706947906e-12,4.2535058912334405e-57,1.3630254308482177e-11
gaussian,400,0.10000000000000001,upwind,46.25,2.0608258731883101e-13,1.8330790986179901e-55,2.9681075530547985e-11
gaussian,400,0.10000000000000001,upwind,46.75,3.32141965274349e-14,7.473949432002463e-54,6.3636302945906076e-11
gaussian,400,0.10000000000000001,upwind,47.25,5.0649286703574024e-15,2.8830673534146148e-52,1.343548907330291e-10
gaussian,400,0.10000000000000001,upwind,47.75,7.3078421136059479e-16,1.0521944676303421e-50,2.7938143318996964e-10
gaussian,400,0.10000000000000001,upwind,48.25,9.9763187299063161e-17,3.6330782212603504e-49,5.7227941776126071e-10
gaussian,400,0.10000000000000001,upwind,48.75,1.2885933928463541e-17,1.1868392918202003e-47,1.15492819283148e-09
gaussian,400,0.10000000000000001,upwind,49.25,1.574798474153022e-18,3.6681614880766029e-46,2.296712450437258e-09
gaussian,400,0.10000000000000001,upwind,49.75,1.8209442012348391e-19,1.0726184913763865e-44,4.5012212633448274e-09
gaussian,400,0.10000000000000001,upwind,50.25,1.9921861502908032e-20,2.9674496460687887e-43,8.6954552654446993e-09
gaussian,400,0.10000000000000001,upwind,50.75,2.0621671839623482e-21,7.7671847010728729e-42,1.6559891695422516e-08
gaussian,400,0.10000000000000001,upwind,51.25,2.0196566623325172e-22,1.9234772699037504e-40,3.1094939105928999e-08
gaussian,400,0.10000000000000001,upwind,51.75,1.8715006371449644e-23,4.5066579469365438e-39,5.7577356818900211e-08
gaussian,400,0.10000000000000001,upwind,52.25,1.6408172091638449e-24,9.9900396552230441e-38,1.0514901144515292e-07
gaussian,400,0.10000000000000001,upwind,52.75,1.3610912551087849e-25,2.0952018778669732e-36,1.8941341076115146e-07
gaussian,400,0.10000000000000001,upwind,53.25,1.0682431775721122e-26,4.1574932920676779e-35,3.366106741133661e-07
gaussian,400,0.10000000000000001,upwind,53.75,7.9324597368587958e-28,7.8052215654120522e-34,5.90221772853489e-07
gaussian,400,0.10000000000000001,upwind,54.25,5.5731343030239449e-29,1.3863978914236972e-32,1.0212458759883502e-06
gaussian,400,0.10000000000000001,upwind,54.750000000000007,3.7046232122634539e-30,2.329917255675422e-31,1.7439327952366985e-06
gaussian,400,0.10000000000000001,upwind,55.250000000000007,2.3299172556752342e-31,3.7046232122637783e-30,2.9394708400906203e-06
gaussian,400,0.10000000000000001,upwind,55.750000000000007,1.3863978914236129e-32,5.5731343030242554e-29,4.891063075739849e-06
gaussian,400,0.10000000000000001,upwind,56.25,7.8052215654118452e-34,7.9324597368586648e-28,8.0349997980240266e-06
gaussian,400,0.10000000000000001,upwind,56.749999999999993,4.1574932920679029e-35,1.0682431775720784e-26,1.3033765084763954e-05
gaussian,400,0.10000000000000001,upwind,57.249999999999993,2.09520187786704e-36,1.3610912551087358e-25,2.0878887875603161e-05
gaussian,400,0.10000000000000001,upwind,57.749999999999993,9.9900396552234596e-38,1.6408172091637804e-24,3.3033111024439161e-05
gaussian,400,0.10000000000000001,upwind,58.25,4.5066579469367624e-39,1.8715006371449415e-23,5.162339795881639e-05
gaussian,400,0.10000000000000001,upwind,58.75,1.9234772699037504e-40,2.0196566623325172e-22,7.9698147811006255e-05
gaussian,400,0.10000000000000001,upwind,59.25,7.7671847010728729e-42,2.0621671839623482e-21,0.00012156348326282453
gaussian,400,0.10000000000000001,upwind,59.75,2.9674496460687887e-43,1.9921861502908032e-20,0.00018321425497553855
gaussian,400,0.10000000000000001,upwind,60.25,1.0726184913763865e-44,1.8209442012348391e-19,0.00027287502486288145
gaussian,400,0.10000000000000001,upwind,60.75,3.6681614880766029e-46,1.574798474153022e-18,0.000401664224138883
gaussian,400,0.10000000000000001,upwind,61.25,1.1868392918202003e-47,1.2885933928463541e-17,0.00058439036573478442
gaussian,400,0.10000000000000001,upwind,61.75,3.6330782212603504e-49,9.9763187299063161e-17,0.00084048207303189686
gaussian,400,0.10000000000000001,upwind,62.25,1.0521944676303421e-50,7.3078421136059479e-16,0.0011950433090406316
gaussian,400,0.10000000000000001,upwind,62.75,2.8830673534146148e-52,5.0649286703574024e-15,0.0016800112843946044
gaussian,400,0.10000000000000001,upwind,63.25,7.473949432002463e-54,3.32141965274349e-14,0.0023353771242700539
gaussian,400,0.10000000000000001,upwind,63.75,1.8330790986179901e-55,2.0608258731883101e-13,0.0032104089363378355
gaussian,400,0.10000000000000001,upwind,64.25,4.2535058912334405e-57,1.2098369706947906e-12,0.0043647944139376333
gaussian,400,0.10000000000000001,upwind,64.75,9.3378471821560134e-59,6.720185704095718e-12,0.0058695970832848077
gaussian,400,0.10000000000000001,upwind,65.25,1.9394540397384177e-60,3.5318757270266376e-11,0.0078078989055787636
gaussian,400,0.10000000000000001,upwind,65.75,3.8110474312064361e-62,1.7563056663586188e-10,0.010274984845793304
gaussian,400,0.10000000000000001,upwind,66.25,7.0850102165086812e-64,8.2635404032736578e-10,0.01337791526117099
gaussian,400,0.10000000000000001,upwind,66.75,1.2461405151221231e-65,3.6787846732318305e-09,0.017234332703096135
gaussian,400,0.10000000000000001,upwind,67.25,2.0735910640506034e-67,1.549585421550539e-08,0.021970363901757151
gaussian,400,0.10000000000000001,upwind,67.75,3.264434297492065e-69,6.1759016924693913e-08,0.027717507619321659
gaussian,400,0.10000000000000001,upwind,68.25,4.8620637210248339e-71,2.3289473156464855e-07,0.034608445955657145
gaussian,400,0.10000000000000001,upwind,68.75,6.8511020544828789e-73,8.3098676871119177e-07,0.042771780339669177
gaussian,400,0.10000000000000001,upwind,69.25,9.1332741774944847e-75,2.805462080291371e-06,0.052325771813118274
gaussian,400,0.10000000000000001,upwind,69.75,1.151908605840987e-76,8.9617168578499812e-06,0.063371254318966841
gaussian,400,0.10000000000000001,upwind,70.25,1.3744667287824868e-78,2.7086644187709968e-05,0.075983983613800682
gaussian,400,0.10000000000000001,upwind,70.75,1.5515806073559298e-80,7.7463475660144112e-05,0.090206775541841422
gaussian,400,0.10000000000000001,upwind,71.25,1.6570575394038535e-82,0.00020961248401428069,0.10604186700667009
gaussian,400,0.10000000000000001,upwind,71.75,1.674261198243687e-84,0.0005366810613521174,0.12344399194164091
gaussian,400,0.10000000000000001,upwind,72.25,1.6004070856991646e-86,0.0013001543065751825,0.14231469433606056
gaussian,400,0.10000000000000001,upwind,72.75,1.4473001645291398e-88,0.0029802558349892572,0.16249839388941761
gaussian,400,0.10000000000000001,upwind,73.25,1.2382459711806558e-90,0.0064638713079587205,0.18378067261930545
gaussian,400,0.10000000000000001,upwind,73.75,1.0022468169693816e-92,0.01326516998770776,0.20588916153786085
gaussian,400,0.10000000000000001,upwind,74.25,7.6746961744397911e-95,0.025758129949459849,0.22849727797980976
gaussian,400,0.10000000000000001,upwind,74.75,5.5598841967139978e-97,0.047325763517469137,0.25123090295169653
gaussian,400,0.10000000000000001,upwind,75.25,3.8105499903839356e-99,0.082274089358194719,0.27367790432837025
gaussian,400,0.10000000000000001,upwind,75.75,2.4707355778510861e-101,0.13533528095565894,0.29540021919155612
gaussian,400,0.10000000000000001,upwind,76.25,1.5155870917754113e-103,0.21064044631089568,0.31594802230822805
gaussian,400,0.10000000000000001,upwind,76.75,8.7953048135199631e-106,0.31020983760828968,0.33487534338945729
gaussian,400,0.10000000000000001,upwind,77.25,4.8287599568741481e-108,0.43226758151908928,0.35175636800977667
gaussian,400,0.10000000000000001,upwind,77.75,2.5080398224404083e-110,0.56994542239179147,0.36620157800939118
gaussian,400,0.10000000000000001,upwind,78.25,1.2323858534232878e-112,0.71104575448692653,0.37787286511217966
gaussian,400,0.10000000000000001,upwind,78.75,5.7289077838712314e-115,0.83935491180663835,0.3864967898684819
gaussian,400,0.10000000000000001,upwind,79.25,2.5194700779047881e-117,0.93751373301239227,0.39187525515393229
gaussian,400,0.10000000000000001,upwind,79.75,1.0482339688612536e-119,0.99081739365772359,0.39389301247784803
gaussian,400,0.10000000000000001,upwind,80.25,4.1258964063751506e-122,0.99081739365772359,0.39252160892433957
gaussian,400,0.10000000000000001,upwind,80.75,1.5363455249679772e-124,0.93751373301239227,0.38781959788958864
gaussian,400,0.10000000000000001,upwind,81.25,5.4121447561387576e-127,0.83935491180663835,0.37992906110820229
gaussian,400,0.10000000000000001,upwind,81.75,1.8036791093263672e-129,0.71104575448692653,0.36906870558927601
gaussian,400,0.10000000000000001,upwind,82.25,5.6866692041863252e-132,0.56994542239179147,0.3555239910009998
gaussian,400,0.10000000000000001,upwind,82.75,1.6961526594972429e-134,0.43226758151908928,0.33963489734488611
gaussian,400,0.10000000000000001,upwind,83.25,4.7860767762647408e-137,0.31020983760828968,0.32178204974125141
gaussian,400,0.10000000000000001,upwind,83.75,1.2776197474953692e-139,0.21064044631089568,0.30237197148108358
gaussian,400,0.10000000000000001,upwind,84.25,3.2264897539639332e-142,0.13533528095565894,0.28182223745373763
gaussian,400,0.10000000000000001,upwind,84.75,7.7084166646794762e-145,0.082274089358194719,0.26054725125055961
gaussian,400,0.10000000000000001,upwind,85.25,1.7422312350615947e-147,0.047325763517469137,0.23894527799032322
gaussian,400,0.10000000000000001,upwind,85.75,3.7252176024985683e-150,0.025758129949459849,0.21738724129063156
gaussian,400,0.10000000000000001,upwind,86.25,7.535329658772136e-153,0.01326516998770776,0.19620764853476672
gaussian,400,0.10000000000000001,upwind,86.75,1.4419730959227927e-155,0.0064638713079587205,0.17569785584066491
gaussian,400,0.10000000000000001,upwind,87.25,2.6104530553256889e-158,0.0029802558349892572,0.15610173449258202
gaussian,400,0.10000000000000001,upwind,87.75,4.4707253843875347e-161,0.0013001543065751825,0.13761366407924233
gaussian,400,0.10000000000000001,upwind,88.25,7.2434093904405302e-164,0.0005366810613521174,0.12037866203097915
gaussian,400,0.10000000000000001,upwind,88.75,1.110223877799716e-166,0.00020961248401428069,0.10449436992098853
gaussian,400,0.10000000000000001,upwind,89.25,1.6098305307890998e-169,7.7463475660144112e-05,0.090014556375411225
gaussian,400,0.10000000000000001,upwind,89.75,2.2082660613823784e-172,2.7086644187709968e-05,0.076953764787944329
gaussian,400,0.10000000000000001,upwind,90.25,2.865654733798599e-175,8.9617168578499812e-06,0.065292729162152882
gaussian,400,0.10000000000000001,upwind,90.75,3.5180106454759892e-178,2.805462080291371e-06,0.054984199551326003
gaussian,400,0.10000000000000001,upwind,91.25,4.0857412073436646e-181,8.3098676871119177e-07,0.045958854877570843
gaussian,400,0.10000000000000001,upwind,91.75,4.4889481261414988e-184,2.3289473156464855e-07,0.038131030007476807
gaussian,400,0.10000000000000001,upwind,92.25,4.6657123372592864e-187,6.1759016924693913e-08,0.031404040451175098
gaussian,400,0.10000000000000001,upwind,92.75,4.5876533240074568e-190,1.549585421550539e-08,0.025674946964996982
gaussian,400,0.10000000000000001,upwind,93.25,4.2673878181510019e-193,3.6787846732318305e-09,0.020838659439831844
gaussian,400,0.10000000000000001,upwind,93.75,3.7551920776900123e-196,8.2635404032736578e-10,0.016791331439932874
gaussian,400,0.10000000000000001,upwind,94.25,3.1260819659708616e-199,1.7563056663586188e-10,0.013433041317179548
gaussian,400,0.10000000000000001,upwind,94.75,2.4618771352528383e-202,3.5318757270266376e-11,0.010669791642302051
gaussian,400,0.10000000000000001,upwind,95.25,1.8341288841093893e-205,6.720185704095718e-12,0.0084148853273248257
gaussian,400,0.10000000000000001,upwind,95.75,1.2926782639492832e-208,1.2098369706947906e-12,0.0065897545514393618
gaussian,400,0.10000000000000001,upwind,96.25,8.6188203433280492e-212,2.0608258731883101e-13,0.0051243282837780115
gaussian,400,0.10000000000000001,upwind,96.75,5.4362781113090602e-215,3.32141965274349e-14,0.0039570270234097048
gaussian,400,0.10000000000000001,upwind,97.25,3.2437818404201462e-218,5.0649286703574024e-15,0.0030344707430506558
gaussian,400,0.10000000000000001,upwind,97.75,1.8310382879326304e-221,7.3078421136059479e-16,0.0023109793655764002
gaussian,400,0.10000000000000001,upwind,98.25,9.7777452307610052e-225,9.9763187299063161e-17,0.0017479357854924304
gaussian,400,0.10000000000000001,upwind,98.75,4.9394114690073506e-228,1.2885933928463541e-17,0.0013130706798029608
gaussian,400,0.10000000000000001,upwind,99.25,2.3605140557182057e-231,1.574798474153022e-18,0.00097971713809787597
gaussian,400,0.10000000000000001,upwind,99.75,1.0671674647092527e-234,1.8209442012348391e-19,0.00072607225840636089
gaussian,400,0.10000000000000001,upwind,100.25,4.5640760406602172e-238,1.9921861502908424e-20,0.00053449285836122305
gaussian,400,0.10000000000000001,upwind,100.75,1.8465760180530717e-241,2.0621671839624332e-21,0.00039084369121282199
gaussian,400,0.10000000000000001,upwind,101.25,7.0676535757226893e-245,2.0196566623325658e-22,0.00028390920963774623
gaussian,400,0.10000000000000001,upwind,101.75,2.5590382982323944e-248,1.8715006371450632e-23,0.00020487402436466913
gaussian,400,0.10000000000000001,upwind,102.25,8.7653954508196459e-252,1.6408172091638786e-24,0.00014687269357805153
gaussian,400,0.10000000000000001,upwind,102.75,2.8402670376555085e-255,1.3610912551088474e-25,0.00010460621772723961
gaussian,400,0.10000000000000001,upwind,103.25,8.7064177757327922e-259,1.0682431775721348e-26,7.4020427632958598e-05
gaussian,400,0.10000000000000001,upwind,103.75,2.5247143272894142e-262,7.9324597368591832e-28,5.2040150291666668e-05
gaussian,400,0.10000000000000001,upwind,104.25,6.9259148259432187e-266,5.5731343030240402e-29,3.6352426911242563e-05
gaussian,400,0.10000000000000001,upwind,104.75,1.7973553963570837e-269,3.7046232122636381e-30,2.5231966003619248e-05
gaussian,400,0.10000000000000001,upwind,105.25,4.4124768654730575e-273,2.3299172556753034e-31,1.740228708606086e-05
gaussian,400,0.10000000000000001,upwind,105.75,1.0247604389836399e-276,1.3863978914236671e-32,1.1926519350406374e-05
gaussian,400,0.10000000000000001,upwind,106.25,2.2514041032861653e-280,7.8052215654120522e-34,8.1224622059544009e-06
gaussian,400,0.10000000000000001,upwind,106.75,4.6792421069904345e-284,4.1574932920676779e-35,5.4972130923230399e-06
gaussian,400,0.10000000000000001,upwind,107.25,9.2000102867270423e-288,2.0952018778669732e-36,3.6973663813872392e-06
gaussian,400,0.10000000000000001,upwind,107.75,1.7111639375053288e-291,9.9900396552230441e-38,2.4714478814464869e-06
gaussian,400,0.10000000000000001,upwind,108.25,3.0108229277994623e-295,4.5066579469365438e-39,1.6418495035130794e-06
gaussian,400,0.10000000000000001,upwind,108.75,5.0115132566240711e-299,1.9234772699036974e-40,1.0840564231268764e-06
gaussian,400,0.10000000000000001,upwind,109.25,7.8911884176594854e-303,7.7671847010722867e-42,7.1141115884340702e-07
gaussian,400,0.10000000000000001,upwind,109.75,1.1754538816430952e-306,2.9674496460687058e-43,4.640375902355793e-07
gaussian,400,0.10000000000000001,upwind,110.25,1.6563733026717291e-310,1.0726184913763019e-44,3.0085877463794885e-07
gaussian,400,0.10000000000000001,upwind,110.75,2.2080052079334144e-314,3.6681614880765345e-46,1.938931322915686e-07
gaussian,400,0.10000000000000001,upwind,111.25,2.7843810569852211e-318,1.1868392918201357e-47,1.2421254538047637e-07
gaussian,400,0.10000000000000001,upwind,111.75,3.4090529563046012e-322,3.6330782212602471e-49,7.9101501176035819e-08
gaussian,400,0.10000000000000001,upwind,112.25,0,1.0521944676302521e-50,5.0076392151298107e-08
gaussian,400,0.10000000000000001,upwind,112.75,0,2.8830673534146975e-52,3.1515417825259838e-08
gaussian,400,0.10000000000000001,upwind,113.25,0,7.4739494320031271e-54,1.9718206260226244e-08
gaussian,400,0.10000000000000001,upwind,113.75,0,1.8330790986180433e-55,1.2265308780008472e-08
gaussian,400,0.10000000000000001,upwind,114.25,0,4.2535058912338327e-57,7.585228003847933e-09
gaussian,400,0.10000000000000001,upwind,114.75,0,9.3378471821561956e-59,4.6639090941499889e-09
gaussian,400,0.10000000000000001,upwind,115.25,0,1.9394540397385407e-60,2.8512473355235188e-09
gaussian,400,0.10000000000000001,upwind,115.75,0,3.8110474312065483e-62,1.7331456742513573e-09
gaussian,400,0.10000000000000001,upwind,116.25,0,7.0850102165093802e-64,1.0475203548545983e-09
gaussian,400,0.10000000000000001,upwind,116.75,0,1.2461405151221231e-65,6.2954801581180768e-10
gaussian,400,0.10000000000000001,upwind,117.25,0,2.0735910640506034e-67,3.7622346759710445e-10
gaussian,400,0.10000000000000001,upwind,117.75,0,3.264434297492065e-69,2.2357594656141766e-10
gaussian,400,0.10000000000000001,upwind,118.25,0,4.8620637210248339e-71,1.3212283424742668e-10
gaussian,400,0.10000000000000001,upwind,118.75,0,6.8511020544828789e-73,7.764538006584843e-11
gaussian,400,0.10000000000000001,upwind,119.25,0,9.1332741774944847e-75,4.5378435482973638e-11
gaussian,400,0.10000000000000001,upwind,119.75,0,1.151908605840987e-76,2.6374892537524233e-11
gaussian,400,0.10000000000000001,upwind,120.25,0,1.3744667287824868e-78,1.5245798714943089e-11
gaussian,400,0.10000000000000001,upwind,120.75,0,1.5515806073559298e-80,8.7647369836239984e-12
gaussian,400,0.10000000000000001,upwind,121.25,0,1.6570575394038199e-82,5.0114989165969573e-12
gaussian,400,0.10000000000000001,upwind,121.75,0,1.6742611982435561e-84,2.8500151265293184e-12
gaussian,400,0.10000000000000001,upwind,122.25,0,1.6004070856991157e-86,1.6120855685361961e-12
gaussian,400,0.10000000000000001,upwind,122.75,0,1.4473001645289649e-88,9.0698676715219322e-13
gaussian,400,0.10000000000000001,upwind,123.25,0,1.2382459711806176e-90,5.0757028380149311e-13
gaussian,400,0.10000000000000001,upwind,123.75,0,1.0022468169692573e-92,2.8254273866553256e-13
gaussian,400,0.10000000000000001,upwind,124.25,0,7.6746961744396341e-95,1.5644983005087882e-13
gaussian,400,0.10000000000000001,upwind,124.75,0,5.5598841967135248e-97,8.6174583162952222e-14
gaussian,400,0.10000000000000001,upwind,125.25,0,3.8105499903840143e-99,4.7217883462843691e-14
gaussian,400,0.10000000000000001,upwind,125.75,0,2.4707355778513018e-101,2.5737541532197459e-14
gaussian,400,0.10000000000000001,upwind,126.25,0,1.5155870917754581e-103,1.3956313902449141e-14
gaussian,400,0.10000000000000001,upwind,126.75,0,8.7953048135211462e-106,7.5288273846951615e-15
gaussian,400,0.10000000000000001,upwind,127.25,0,4.8287599568742986e-108,4.0406071489590993e-15
gaussian,400,0.10000000000000001,upwind,127.75,0,2.508039822440754e-110,2.1574375978688203e-15
gaussian,400,0.10000000000000001,upwind,128.25,0,1.2323858534232878e-112,1.14607160701438e-15
gaussian,400,0.10000000000000001,upwind,128.75,0,5.7289077838712314e-115,6.0572660004162395e-16
gaussian,400,0.10000000000000001,upwind,129.25,0,2.5194700779047881e-117,3.185241214114742e-16
gaussian,400,0.10000000000000001,upwind,129.75,0,1.0482339688612536e-119,1.6665491333057684e-16
gaussian,400,0.10000000000000001,upwind,130.25,0,4.1258964063751506e-122,8.6758748944933897e-17
gaussian,400,0.10000000000000001,upwind,130.75,0,1.5363455249679772e-124,4.4940404134289853e-17
gaussian,400,0.10000000000000001,upwind,131.25,0,5.4121447561387576e-127,2.3163185978878241e-17
gaussian,400,0.10000000000000001,upwind,131.75,0,1.8036791093263672e-129,1.1879721543462746e-17
gaussian,400,0.10000000000000001,upwind,132.25,0,5.6866692041863252e-132,6.0627521985885655e-18
gaussian,400,0.10000000000000001,upwind,132.75,0,1.6961526594972429e-134,3.0789159541175989e-18
gaussian,400,0.10000000000000001,upwind,133.25,0,4.7860767762647408e-137,1.5559624301758777e-18
gaussian,400,0.10000000000000001,upwind,133.75,0,1.2776197474953692e-139,7.8249642035542314e-19
gaussian,400,0.10000000000000001,upwind,134.25,0,3.2264897539639332e-142,3.916122300525341e-19
gaussian,400,0.10000000000000001,upwind,134.75,0,7.7084166646794762e-145,1.9504254258696479e-19
gaussian,400,0.10000000000000001,upwind,135.25,0,1.7422312350615947e-147,9.6674110070041596e-20
gaussian,400,0.10000000000000001,upwind,135.75,0,3.7252176024985683e-150,4.7687789288008964e-20
gaussian,400,0.10000000000000001,upwind,136.25,0,7.535329658772136e-153,2.3411473406849938e-20
gaussian,400,0.10000000000000001,upwind,136.75,0,1.4419730959227927e-155,1.1438871024309142e-20
gaussian,400,0.10000000000000001,upwind,137.25,0,2.6104530553256889e-158,5.5626108841896904e-21
gaussian,400,0.10000000000000001,upwind,137.75,0,4.4707253843875347e-161,2.692300164710358e-21
gaussian,400,0.10000000000000001,upwind,138.25,0,7.2434093904405302e-164,1.2969572607409376e-21
gaussian,400,0.10000000000000001,upwind,138.75,0,1.110223877799716e-166,6.2186095586578769e-22
gaussian,400,0.10000000000000001,upwind,139.25,0,1.6098305307890998e-169,2.9677980003056437e-22
gaussian,400,0.10000000000000001,upwind,139.75,0,2.2082660613823784e-172,1.4097974793295699e-22
gaussian,400,0.10000000000000001,upwind,140.25,0,2.865654733798599e-175,6.666046290651067e-23
gaussian,400,0.10000000000000001,upwind,140.75,0,3.5180106454759892e-178,3.1374507875923747e-23
gaussian,400,0.10000000000000001,upwind,141.25,0,4.0857412073436646e-181,1.4699083569673879e-23
gaussian,400,0.10000000000000001,upwind,141.75,0,4.4889481261414988e-184,6.8551350113869653e-24
gaussian,400,0.10000000000000001,upwind,142.25,0,4.6657123372592864e-187,3.18245155631447e-24
gaussian,400,0.10000000000000001,upwind,142.75,0,4.5876533240074568e-190,1.470737565833424e-24
gaussian,400,0.10000000000000001,upwind,143.25,0,4.2673878181510019e-193,6.7661818530815056e-25
gaussian,400,0.10000000000000001,upwind,143.75,0,3.7551920776900123e-196,3.0988081382407141e-25
gaussian,400,0.10000000000000001,upwind,144.25,0,3.1260819659708616e-199,1.4128486421662327e-25
gaussian,400,0.10000000000000001,upwind,144.75,0,2.4618771352528383e-202,6.4128908750844788e-26
gaussian,400,0.10000000000000001,upwind,145.25,0,1.8341288841093893e-205,2.8978546456419205e-26
gaussian,400,0.10000000000000001,upwind,145.75,0,1.2926782639492832e-208,1.3036803026339324e-26
gaussian,400,0.10000000000000001,upwind,146.25,0,8.6188203433280492e-212,5.8390814723046534e-27
gaussian,400,0.10000000000000001,upwind,146.75,0,5.4362781113090602e-215,2.6037783088156205e-27
gaussian,400,0.10000000000000001,upwind,147.25,0,3.2437818404201462e-218,1.1559966442723131e-27
gaussian,400,0.10000000000000001,upwind,147.75,0,1.8310382879326304e-221,5.1098629095306014e-28
gaussian,400,0.10000000000000001,upwind,148.25,0,9.7777452307610052e-225,2.2488940054032765e-28
gaussian,400,0.10000000000000001,upwind,148.75,0,4.9394114690073506e-228,9.854683754632392e-29
gaussian,400,0.10000000000000001,upwind,149.25,0,2.3605140557182057e-231,4.2996907230225244e-29
gaussian,400,0.10000000000000001,upwind,149.75,0,1.0671674647092527e-234,1.8679247130126827e-29
gaussian,400,0.10000000000000001,upwind,150.25,0,4.5640760406601197e-238,8.0800843729195805e-30
gaussian,400,0.10000000000000001,upwind,150.75,0,1.8465760180528026e-241,3.4802745495015597e-30
gaussian,400,0.10000000000000001,upwind,151.25,0,7.0676535757225397e-245,1.4926529830703635e-30
gaussian,400,0.10000000000000001,upwind,151.75,0,2.5590382982320149e-248,6.3746823093154685e-31
gaussian,400,0.10000000000000001,upwind,152.25,0,8.7653954508192737e-252,2.7109352436711759e-31
gaussian,400,0.10000000000000001,upwind,152.75,0,2.840267037654652e-255,1.1480139325114285e-31
gaussian,400,0.10000000000000001,upwind,153.25,0,8.7064177757326062e-259,4.8411557733995692e-32
gaussian,400,0.10000000000000001,upwind,153.75,0,2.524714327289028e-262,2.0329713499786151e-32
gaussian,400,0.10000000000000001,upwind,154.25,0,6.9259148259432187e-266,8.5015895979087044e-33
gaussian,400,0.10000000000000001,upwind,154.75,0,1.7973553963570837e-269,3.5404789722180716e-33
gaussian,400,0.10000000000000001,upwind,155.25,0,4.4124768654730575e-273,1.4683283752096556e-33
gaussian,400,0.10000000000000001,upwind,155.75,0,1.0247604389836399e-276,6.0644286694601443e-34
gaussian,400,0.10000000000000001,upwind,156.25,0,2.2514041032861653e-280,2.4944127449141413e-34
gaussian,400,0.10000000000000001,upwind,156.75,0,4.6792421069904345e-284,1.021796986489422e-34
gaussian,400,0.10000000000000001,upwind,157.25,0,9.2000102867270423e-288,4.1685489276843793e-35
gaussian,400,0.10000000000000001,upwind,157.75,0,1.7111639375053288e-291,1.6936951377371584e-35
gaussian,400,0.10000000000000001,upwind,158.25,0,3.0108229277994623e-295,6.8536457693129262e-36
gaussian,400,0.10000000000000001,upwind,158.75,0,5.0115132566242844e-299,2.7621682326053575e-36
gaussian,400,0.10000000000000001,upwind,159.25,0,7.8911884176621055e-303,1.1087320406839126e-36
gaussian,400,0.10000000000000001,upwind,159.75,0,1.1754538816431203e-306,4.4325839599871995e-37
gaussian,400,0.10000000000000001,upwind,160.25,0,1.6563733026719762e-310,1.7650097278603486e-37
gaussian,400,0.10000000000000001,upwind,160.75,0,2.2080052079334144e-314,7.0000769872137693e-38
gaussian,400,0.10000000000000001,upwind,161.25,0,2.7843810569852211e-318,2.7652212779370078e-38
gaussian,400,0.10000000000000001,upwind,161.75,0,3.4090529563046012e-322,1.0880129514685131e-38
gaussian,400,0.10000000000000001,upwind,162.25,0,0,4.2640377780520942e-39
gaussian,400,0.10000000000000001,upwind,162.75,0,0,1.6645486367731601e-39
gaussian,400,0.10000000000000001,upwind,163.25,0,0,6.4724101090657952e-40
gaussian,400,0.10000000000000001,upwind,163.75,0,0,2.5068898140041595e-40
gaussian,400,0.10000000000000001,upwind,164.25,0,0,9.6718531569130049e-41
gaussian,400,0.10000000000000001,upwind,164.75,0,0,3.717019900215625e-41
gaussian,400,0.10000000000000001,upwind,165.25,0,0,1.4229718157888686e-41
gaussian,400,0.10000000000000001,upwind,165.75,0,0,5.4264945424196135e-42
gaussian,400,0.10000000000000001,upwind,166.25,0,0,2.0614343444490311e-42
gaussian,400,0.10000000000000001,upwind,166.75,0,0,7.8010323188929645e-43
gaussian,400,0.10000000000000001,upwind,167.25,0,0,2.94084688351525e-43
gaussian,400,0.10000000000000001,upwind,167.75,0,0,1.1044239458744244e-43
gaussian,400,0.10000000000000001,upwind,168.25,0,0,4.1318785139201569e-44
gaussian,400,0.10000000000000001,upwind,168.75,0,0,1.5399720242285285e-44
gaussian,400,0.10000000000000001,upwind,169.25,0,0,5.717904167964588e-45
gaussian,400,0.10000000000000001,upwind,169.75,0,0,2.1150704059278712e-45
gaussian,400,0.10000000000000001,upwind,170.25,0,0,7.7943845528798372e-46
gaussian,400,0.10000000000000001,upwind,170.75,0,0,2.8616266286861238e-46
gaussian,400,0.10000000000000001,upwind,171.25,0,0,1.0467026176866204e-46
gaussian,400,0.10000000000000001,upwind,171.75,0,0,3.8143266718717838e-47
gaussian,400,0.10000000000000001,upwind,172.25,0,0,1.3848466671899409e-47
gaussian,400,0.10000000000000001,upwind,172.75,0,0,5.0093305808261075e-48
gaussian,400,0.10000000000000001,upwind,173.25,0,0,1.8053309531469151e-48
gaussian,400,0.10000000000000001,upwind,173.75,0,0,6.4824324508230744e-49
gaussian,400,0.10000000000000001,upwind,174.25,0,0,2.3191459493157761e-49
gaussian,400,0.10000000000000001,upwind,174.75,0,0,8.2666949636381234e-50
gaussian,400,0.10000000000000001,upwind,175.25,0,0,2.9359882143662517e-50
gaussian,400,0.10000000000000001,upwind,175.75,0,0,1.038962919814853e-50
gaussian,400,0.10000000000000001,upwind,176.25,0,0,3.663311801200377e-51
gaussian,400,0.10000000000000001,upwind,176.75,0,0,1.2870059101938704e-51
gaussian,400,0.10000000000000001,upwind,177.25,0,0,4.5053103190980604e-52
gaussian,400,0.10000000000000001,upwind,177.75,0,0,1.5714879491499998e-52
gaussian,400,0.10000000000000001,upwind,178.25,0,0,5.4619058782516904e-53
gaussian,400,0.10000000000000001,upwind,178.75,0,0,1.8915977446129574e-53
gaussian,400,0.10000000000000001,upwind,179.25,0,0,6.527837884510494e-54
gaussian,400,0.10000000000000001,upwind,179.75,0,0,2.2447629267151514e-54
gaussian,400,0.10000000000000001,upwind,180.25,0,0,7.6919538998515043e-55
gaussian,400,0.10000000000000001,upwind,180.75,0,0,2.6264699143992158e-55
gaussian,400,0.10000000000000001,upwind,181.25,0,0,8.9368037784313135e-56
gaussian,400,0.10000000000000001,upwind,181.75,0,0,3.0301943900430808e-56
gaussian,400,0.10000000000000001,upwind,182.25,0,0,1.023862523985176e-56
gaussian,400,0.10000000000000001,upwind,182.75,0,0,3.4474667143686631e-57
gaussian,400,0.10000000000000001,upwind,183.25,0,0,1.1567783596622231e-57
gaussian,400,0.10000000000000001,upwind,183.75,0,0,3.8680867346609537e-58
gaussian,400,0.10000000000000001,upwind,184.25,0,0,1.2889691884540118e-58
gaussian,400,0.10000000000000001,upwind,184.75,0,0,4.2804895034809366e-59
gaussian,400,0.10000000000000001,upwind,185.25,0,0,1.4166193292484998e-59
gaussian,400,0.10000000000000001,upwind,185.75,0,0,4.672248680606233e-60
gaussian,400,0.10000000000000001,upwind,186.25,0,0,1.5357340204457087e-60
gaussian,400,0.10000000000000001,upwind,186.75,0,0,5.0306894894741604e-61
gaussian,400,0.10000000000000001,upwind,187.25,0,0,1.6423458978242864e-61
gaussian,400,0.10000000000000001,upwind,187.75,0,0,5.3435698874551751e-62
gaussian,400,0.10000000000000001,upwind,188.25,0,0,1.7327352634792899e-62
gaussian,400,0.10000000000000001,upwind,188.75,0,0,5.5997788668059658e-63
gaussian,400,0.10000000000000001,upwind,189.25,0,0,1.8036470116936222e-63
gaussian,400,0.10000000000000001,upwind,189.75,0,0,5.7899959710435942e-64
gaussian,400,0.10000000000000001,upwind,190.25,0,0,1.8524864422789055e-64
gaussian,400,0.10000000000000001,upwind,190.75,0,0,5.907257055276258e-65
gaussian,400,0.10000000000000001,upwind,191.25,0,0,1.877477434936787e-65
gaussian,400,0.10000000000000001,upwind,191.75,0,0,5.9473781720840282e-66
gaussian,400,0.10000000000000001,upwind,192.25,0,0,1.8777694980296491e-66
gaussian,400,0.10000000000000001,upwind,192.75,0,0,5.9092015814611518e-67
gaussian,400,0.10000000000000001,upwind,193.25,0,0,1.8534847211272493e-67
gaussian,400,0.10000000000000001,upwind,193.75,0,0,5.7946439149934619e-68
gaussian,400,0.10000000000000001,upwind,194.25,0,0,1.8057011351124389e-68
gaussian,400,0.10000000000000001,upwind,194.75,0,0,5.6085446041751949e-69
gaussian,400,0.10000000000000001,upwind,195.25,0,0,1.7363747748935575e-69
gaussian,400,0.10000000000000001,upwind,195.75,0,0,5.3583306928405219e-70
gaussian,400,0.10000000000000001,upwind,196.25,0,0,1.6482081742225486e-70
gaussian,400,0.10000000000000001,upwind,196.75,0,0,5.0535300271353106e-71
gaussian,400,0.10000000000000001,upwind,197.25,0,0,1.5444774890476273e-71
gaussian,400,0.10000000000000001,upwind,197.75,0,0,4.7051768236831355e-72
gaussian,400,0.10000000000000001,upwind,198.25,0,0,1.4288334800099427e-72
gaussian,400,0.10000000000000001,upwind,198.75,0,0,4.3251605903887007e-73
gaussian,400,0.10000000000000001,upwind,199.25,0,0,1.3050929234787506e-73
gaussian,400,0.10000000000000001,upwind,199.75,0,0,3.9255708396508701e-74
gaussian,400,0.10000000000000001,TVD_vanLeer,0.25,2.9674496460687887e-43,1.1754538816431203e-306,4.0064693135073889e-87
gaussian,400,0.10000000000000001,TVD_vanLeer,0.75,7.7671847010728729e-42,7.8911884176621055e-303,5.1369118436769971e-85
gaussian,400,0.10000000000000001,TVD_vanLeer,1.25,1.9234772699037504e-40,5.0115132566242844e-299,3.4151920982712571e-83
gaussian,400,0.10000000000000001,TVD_vanLeer,1.75,4.5066579469365438e-39,3.0108229277994623e-295,1.5807335379738096e-81
gaussian,400,0.10000000000000001,TVD_vanLeer,2.25,9.9900396552230441e-38,1.7111639375053288e-291,5.7710921837691228e-80
gaussian,400,0.10000000000000001,TVD_vanLeer,2.75,2.0952018778669732e-36,9.2000102867270423e-288,1.7840060701222542e-78
gaussian,400,0.10000000000000001,TVD_vanLeer,3.25,4.1574932920676779e-35,4.6792421069904345e-284,4.8865384852418166e-77
gaussian,400,0.10000000000000001,TVD_vanLeer,3.75,7.8052215654120522e-34,2.2514041032861653e-280,1.2223443898953767e-75
gaussian,400,0.10000000000000001,TVD_vanLeer,4.25,1.3863978914236671e-32,1.0247604389836399e-276,2.8482127105462964e-74
gaussian,400,0.10000000000000001,TVD_vanLeer,4.75,2.3299172556753034e-31,4.4124768654730575e-273,6.2593612751704919e-73
gaussian,400,0.10000000000000001,TVD_vanLeer,5.25,3.7046232122636381e-30,1.7973553963570837e-269,1.306974068295008e-71
gaussian,400,0.10000000000000001,TVD_vanLeer,5.75,5.5731343030240402e-29,6.9259148259432187e-266,2.603721062040933e-70
gaussian,400,0.10000000000000001,TVD_vanLeer,6.25,7.9324597368587958e-28,2.524714327289028e-262,4.9603931258624442e-69
gaussian,400,0.10000000000000001,TVD_vanLeer,6.75,1.0682431775721122e-26,8.7064177757326062e-259,9.0490789052978359e-68
gaussian,400,0.10000000000000001,TVD_vanLeer,7.25,1.3610912551087849e-25,2.840267037654652e-255,1.582044882141995e-66
gaussian,400,0.10000000000000001,TVD_vanLeer,7.75,1.6408172091638449e-24,8.7653954508192737e-252,2.6522889944369097e-65
gaussian,400,0.10000000000000001,TVD_vanLeer,8.25,1.8715006371449644e-23,2.5590382982320149e-248,4.2660881300267298e-64
gaussian,400,0.10000000000000001,TVD_vanLeer,8.75,2.0196566623325172e-22,7.0676535757225397e-245,6.5864031171807039e-63
gaussian,400,0.10000000000000001,TVD_vanLeer,9.25,2.0621671839623482e-21,1.8465760180528026e-241,9.7650168811717642e-62
gaussian,400,0.10000000000000001,TVD_vanLeer,9.75,1.9921861502908032e-20,4.5640760406601197e-238,1.3909102856291801e-60
gaussian,400,0.10000000000000001,TVD_vanLeer,10.25,1.8209442012348391e-19,1.0671674647092527e-234,1.9042416201215946e-59
gaussian,400,0.10000000000000001,TVD_vanLeer,10.75,1.574798474153022e-18,2.3605140557182057e-231,2.5069048947829573e-58
gaussian,400,0.10000000000000001,TVD_vanLeer,11.25,1.2885933928463541e-17,4.9394114690073506e-228,3.1749970843124581e-57
gaussian,400,0.10000000000000001,TVD_vanLeer,11.75,9.9763187299063161e-17,9.7777452307610052e-225,3.8702221073928081e-56
gaussian,400,0.10000000000000001,TVD_vanLeer,12.25,7.3078421136059479e-16,1.8310382879326304e-221,4.5426922800675783e-55
gaussian,400,0.10000000000000001,TVD_vanLeer,12.75,5.0649286703574024e-15,3.2437818404201462e-218,5.136569474150038e-54
gaussian,400,0.10000000000000001,TVD_vanLeer,13.25,3.32141965274349e-14,5.4362781113090602e-215,5.5977174016793711e-53
gaussian,400,0.10000000000000001,TVD_vanLeer,13.75,2.0608258731883101e-13,8.6188203433280492e-212,5.8818681204990566e-52
gaussian,400,0.10000000000000001,TVD_vanLeer,14.25,1.2098369706947906e-12,1.2926782639492832e-208,5.9615087085580781e-51
gaussian,400,0.10000000000000001,TVD_vanLeer,14.75,6.720185704095718e-12,1.8341288841093893e-205,5.8299417198991499e-50
gaussian,400,0.10000000000000001,TVD_vanLeer,15.25,3.5318757270266376e-11,2.4618771352528383e-202,5.5017415102865391e-49
gaussian,400,0.10000000000000001,TVD_vanLeer,15.75,1.7563056663586188e-10,3.1260819659708616e-199,5.0098206036851178e-48
gaussian,400,0.10000000000000001,TVD_vanLeer,16.25,8.2635404032736578e-10,3.7551920776900123e-196,4.4000863562969733e-47
gaussian,400,0.10000000000000001,TVD_vanLeer,16.75,3.6787846732318305e-09,4.2673878181510019e-193,3.724920392206541e-46
gaussian,400,0.10000000000000001,TVD_vanLeer,17.25,1.549585421550539e-08,4.5876533240074568e-190,3.0365437749655703e-45
gaussian,400,0.10000000000000001,TVD_vanLeer,17.75,6.1759016924693913e-08,4.6657123372592864e-187,2.3810734058542929e-44
gaussian,400,0.10000000000000001,TVD_vanLeer,18.25,2.3289473156464855e-07,4.4889481261414988e-184,1.7939472406486407e-43
gaussian,400,0.10000000000000001,TVD_vanLeer,18.75,8.3098676871119177e-07,4.0857412073436646e-181,1.2973158274709772e-42
gaussian,400,0.10000000000000001,TVD_vanLeer,19.25,2.805462080291371e-06,3.5180106454759892e-178,8.997482662716841e-42
gaussian,400,0.10000000000000001,TVD_vanLeer,19.75,8.9617168578499812e-06,2.865654733798599e-175,5.9811672868215822e-41
gaussian,400,0.10000000000000001,TVD_vanLeer,20.25,2.7086644187709968e-05,2.2082660613823784e-172,3.8098764241977642e-40
gaussian,400,0.10000000000000001,TVD_vanLeer,20.75,7.7463475660144112e-05,1.6098305307890998e-169,2.3253225001590146e-39
gaussian,400,0.10000000000000001,TVD_vanLeer,21.25,0.00020961248401428069,1.110223877799716e-166,1.3601780620966768e-38
gaussian,400,0.10000000000000001,TVD_vanLeer,21.75,0.0005366810613521174,7.2434093904405302e-164,7.628360932856299e-38
gaussian,400,0.10000000000000001,TVD_vanLeer,22.25,0.0013001543065751825,4.4707253843875347e-161,4.1043536932013005e-37
gaussian,400,0.10000000000000001,TVD_vanLeer,22.75,0.0029802558349892572,2.6104530553256889e-158,2.1200573395419795e-36
gaussian,400,0.10000000000000001,TVD_vanLeer,23.25,0.0064638713079587205,1.4419730959227927e-155,1.0521850788938572e-35
gaussian,400,0.10000000000000001,TVD_vanLeer,23.75,0.01326516998770776,7.535329658772136e-153,5.0217998713673566e-35
gaussian,400,0.10000000000000001,TVD_vanLeer,24.25,0.025758129949459849,3.7252176024985683e-150,2.307005700345632e-34
gaussian,400,0.10000000000000001,TVD_vanLeer,24.75,0.047325763517469137,1.7422312350615947e-147,1.0211021398153063e-33
gaussian,400,0.10000000000000001,TVD_vanLeer,25.25,0.082274089358194719,7.7084166646794762e-145,4.3584667388326748e-33
gaussian,400,0.10000000000000001,TVD_vanLeer,25.75,0.13533528095565894,3.2264897539639332e-142,1.795782412323409e-32
gaussian,400,0.10000000000000001,TVD_vanLeer,26.25,0.21064044631089568,1.2776197474953692e-139,7.1488382999914752e-32
gaussian,400,0.10000000000000001,TVD_vanLeer,26.75,0.31020983760828968,4.7860767762647408e-137,2.752185282651696e-31
gaussian,400,0.10000000000000001,TVD_vanLeer,27.25,0.43226758151908995,1.6961526594972429e-134,1.0255796025553077e-30
gaussian,400,0.10000000000000001,TVD_vanLeer,27.750000000000004,0.5699454223917918,5.6866692041863252e-132,3.7024468970655502e-30
gaussian,400,0.10000000000000001,TVD_vanLeer,28.25,0.71104575448692675,1.8036791093263672e-129,1.2959930753333022e-29
gaussian,400,0.10000000000000001,TVD_vanLeer,28.749999999999996,0.83935491180663779,5.4121447561387576e-127,4.4021564227245622e-29
gaussian,400,0.10000000000000001,TVD_vanLeer,29.25,0.93751373301239194,1.5363455249679772e-124,1.4521770028761319e-28
gaussian,400,0.10000000000000001,TVD_vanLeer,29.75,0.99081739365772359,4.1258964063751506e-122,4.6558083920454567e-28
gaussian,400,0.10000000000000001,TVD_vanLeer,30.25,0.99081739365772359,1.0482339688612536e-119,1.4518115978690898e-27
gaussian,400,0.10000000000000001,TVD_vanLeer,30.75,0.93751373301239227,2.5194700779047881e-117,4.4062737970719104e-27
gaussian,400,0.10000000000000001,TVD_vanLeer,31.25,0.83935491180663835,5.7289077838712314e-115,1.3024882764226317e-26
gaussian,400,0.10000000000000001,TVD_vanLeer,31.75,0.71104575448692653,1.2323858534232878e-112,3.7523331800178524e-26
gaussian,400,0.10000000000000001,TVD_vanLeer,32.25,0.56994542239179147,2.5080398224404083e-110,1.0542115247752368e-25
gaussian,400,0.10000000000000001,TVD_vanLeer,32.75,0.43226758151908928,4.8287599568741481e-108,2.8901234932427712e-25
gaussian,400,0.10000000000000001,TVD_vanLeer,33.25,0.31020983760828968,8.7953048135199631e-106,7.7360836648310063e-25
gaussian,400,0.10000000000000001,TVD_vanLeer,33.75,0.21064044631089568,1.5155870917754113e-103,2.0229571687425269e-24
gaussian,400,0.10000000000000001,TVD_vanLeer,34.25,0.13533528095565894,2.4707355778510861e-101,5.1706947378976761e-24
gaussian,400,0.10000000000000001,TVD_vanLeer,34.75,0.082274089358194719,3.8105499903839356e-99,1.2925143867100459e-23
gaussian,400,0.10000000000000001,TVD_vanLeer,35.25,0.047325763517469137,5.5598841967139978e-97,3.1613009475193656e-23
gaussian,400,0.10000000000000001,TVD_vanLeer,35.75,0.025758129949459849,7.6746961744397911e-95,7.5692431891254782e-23
gaussian,400,0.10000000000000001,TVD_vanLeer,36.25,0.01326516998770776,1.0022468169693816e-92,1.7750079849450265e-22
gaussian,400,0.10000000000000001,TVD_vanLeer,36.75,0.0064638713079587205,1.2382459711806558e-90,4.0785680877330987e-22
gaussian,400,0.10000000000000001,TVD_vanLeer,37.25,0.0029802558349892572,1.4473001645291398e-88,9.1868491332989728e-22
gaussian,400,0.10000000000000001,TVD_vanLeer,37.75,0.0013001543065751825,1.6004070856991646e-86,2.0293770273408519e-21
gaussian,400,0.10000000000000001,TVD_vanLeer,38.25,0.0005366810613521174,1.674261198243687e-84,4.3982127734729157e-21
gaussian,400,0.10000000000000001,TVD_vanLeer,38.75,0.00020961248401428069,1.6570575394038535e-82,9.3558153549539814e-21
gaussian,400,0.10000000000000001,TVD_vanLeer,39.25,7.7463475660144112e-05,1.5515806073559298e-80,1.9541069185873854e-20
gaussian,400,0.10000000000000001,TVD_vanLeer,39.75,2.7086644187709968e-05,1.3744667287824868e-78,4.0090427701205432e-20
gaussian,400,0.10000000000000001,TVD_vanLeer,40.25,8.9617168578499812e-06,1.151908605840987e-76,8.0819926006060663e-20
gaussian,400,0.10000000000000001,TVD_vanLeer,40.75,2.805462080291371e-06,9.1332741774944847e-75,1.6015364353006399e-19
gaussian,400,0.10000000000000001,TVD_vanLeer,41.25,8.3098676871119177e-07,6.8511020544828789e-73,3.1206622731328213e-19
gaussian,400,0.10000000000000001,TVD_vanLeer,41.75,2.3289473156464855e-07,4.8620637210248339e-71,5.9812944128009097e-19
gaussian,400,0.10000000000000001,TVD_vanLeer,42.25,6.1759016924693913e-08,3.264434297492065e-69,1.128041467761231e-18
gaussian,400,0.10000000000000001,TVD_vanLeer,42.75,1.549585421550539e-08,2.0735910640506034e-67,2.0939955144685499e-18
gaussian,400,0.10000000000000001,TVD_vanLeer,43.25,3.6787846732318305e-09,1.2461405151221231e-65,3.827216534555956e-18
gaussian,400,0.10000000000000001,TVD_vanLeer,43.75,8.2635404032736578e-10,7.0850102165086812e-64,6.8893683081023831e-18
gaussian,400,0.10000000000000001,TVD_vanLeer,44.25,1.7563056663586188e-10,3.8110474312064361e-62,1.221783308890605e-17
gaussian,400,0.10000000000000001,TVD_vanLeer,44.75,3.5318757270266376e-11,1.9394540397384177e-60,2.1352748815991071e-17
gaussian,400,0.10000000000000001,TVD_vanLeer,45.25,6.720185704095718e-12,9.3378471821560134e-59,3.6785945606363339e-17
gaussian,400,0.10000000000000001,TVD_vanLeer,45.75,1.2098369706947906e-12,4.2535058912334405e-57,6.2488471019255397e-17
gaussian,400,0.10000000000000001,TVD_vanLeer,46.25,2.0608258731883101e-13,1.8330790986179901e-55,1.0469525250383316e-16
gaussian,400,0.10000000000000001,TVD_vanLeer,46.75,3.32141965274349e-14,7.473949432002463e-54,1.7305370413690696e-16
gaussian,400,0.10000000000000001,TVD_vanLeer,47.25,5.0649286703574024e-15,2.8830673534146148e-52,2.8227886777387469e-16
gaussian,400,0.10000000000000001,TVD_vanLeer,47.75,7.3078421136059479e-16,1.0521944676303421e-50,4.5450214657341956e-16
gaussian,400,0.10000000000000001,TVD_vanLeer,48.25,9.9763187299063161e-17,3.6330782212603504e-49,7.2255512978686028e-16
gaussian,400,0.10000000000000001,TVD_vanLeer,48.75,1.2885933928463541e-17,1.1868392918202003e-47,1.1344961231791835e-15
gaussian,400,0.10000000000000001,TVD_vanLeer,49.25,1.574798474153022e-18,3.6681614880766029e-46,1.7597675464299094e-15
gaussian,400,0.10000000000000001,TVD_vanLeer,49.75,1.8209442012348391e-19,1.0726184913763865e-44,2.6974724010368705e-15
gaussian,400,0.10000000000000001,TVD_vanLeer,50.25,1.9921861502908032e-20,2.9674496460687887e-43,4.0873871666017845e-15
gaussian,400,0.10000000000000001,TVD_vanLeer,50.75,2.0621671839623482e-21,7.7671847010728729e-42,6.1245047760963028e-15
gaussian,400,0.10000000000000001,TVD_vanLeer,51.25,2.0196566623325172e-22,1.9234772699037504e-40,9.0781577032673021e-15
gaussian,400,0.10000000000000001,TVD_vanLeer,51.75,1.8715006371449644e-23,4.5066579469365438e-39,1.3317166692852101e-14
gaussian,400,0.10000000000000001,TVD_vanLeer,52.25,1.6408172091638449e-24,9.9900396552230441e-38,1.9343100169896213e-14
gaussian,400,0.10000000000000001,TVD_vanLeer,52.75,1.3610912551087849e-25,2.0952018778669732e-36,2.7834800743493947e-14
gaussian,400,0.10000000000000001,TVD_vanLeer,53.25,1.0682431775721122e-26,4.1574932920676779e-35,3.9709183264393918e-14
gaussian,400,0.10000000000000001,TVD_vanLeer,53.75,7.9324597368587958e-28,7.8052215654120522e-34,5.6206592138876649e-14
gaussian,400,0.10000000000000001,TVD_vanLeer,54.25,5.5731343030239449e-29,1.3863978914236972e-32,7.9015050183152785e-14
gaussian,400,0.10000000000000001,TVD_vanLeer,54.750000000000007,3.7046232122634539e-30,2.329917255675422e-31,1.1045938508974561e-13
gaussian,400,0.10000000000000001,TVD_vanLeer,55.250000000000007,2.3299172556752342e-31,3.7046232122637783e-30,1.5380508414546401e-13
gaussian,400,0.10000000000000001,TVD_vanLeer,55.750000000000007,1.3863978914236129e-32,5.5731343030242554e-29,2.137796076705327e-13
gaussian,400,0.10000000000000001,TVD_vanLeer,56.25,7.8052215654118452e-34,7.9324597368586648e-28,2.9754416428887859e-13
gaussian,400,0.10000000000000001,TVD_vanLeer,56.749999999999993,4.1574932920679029e-35,1.0682431775720784e-26,4.1672233856895045e-13
gaussian,400,0.10000000000000001,TVD_vanLeer,57.249999999999993,2.09520187786704e-36,1.3610912551087358e-25,5.9240611337512798e-13
gaussian,400,0.10000000000000001,TVD_vanLeer,57.749999999999993,9.9900396552234596e-38,1.6408172091637804e-24,8.7046064141345557e-13
gaussian,400,0.10000000000000001,TVD_vanLeer,58.25,4.5066579469367624e-39,1.8715006371449415e-23,1.3747878216103273e-12
gaussian,400,0.10000000000000001,TVD_vanLeer,58.75,1.9234772699037504e-40,2.0196566623325172e-22,2.4812773633072659e-12
gaussian,400,0.10000000000000001,TVD_vanLeer,59.25,7.7671847010728729e-42,2.0621671839623482e-21,5.3122276944352625e-12
gaussian,400,0.10000000000000001,TVD_vanLeer,59.75,2.9674496460687887e-43,1.9921861502908032e-20,1.3056345257588359e-11
gaussian,400,0.10000000000000001,TVD_vanLeer,60.25,1.0726184913763865e-44,1.8209442012348391e-19,3.4473476654608288e-11
gaussian,400,0.10000000000000001,TVD_vanLeer,60.75,3.6681614880766029e-46,1.574798474153022e-18,9.309037939532509e-11
gaussian,400,0.10000000000000001,TVD_vanLeer,61.25,1.1868392918202003e-47,1.2885933928463541e-17,2.5084960301480031e-10
gaussian,400,0.10000000000000001,TVD_vanLeer,61.75,3.6330782212603504e-49,9.9763187299063161e-17,6.6765857852718624e-10
gaussian,400,0.10000000000000001,TVD_vanLeer,62.25,1.0521944676303421e-50,7.3078421136059479e-16,1.7482020715321661e-09
gaussian,400,0.10000000000000001,TVD_vanLeer,62.75,2.8830673534146148e-52,5.0649286703574024e-15,4.4962532960948058e-09
gaussian,400,0.10000000000000001,TVD_vanLeer,63.25,7.473949432002463e-54,3.32141965274349e-14,1.13514506868001e-08
gaussian,400,0.10000000000000001,TVD_vanLeer,63.75,1.8330790986179901e-55,2.0608258731883101e-13,2.8122537721633363e-08
gaussian,400,0.10000000000000001,TVD_vanLeer,64.25,4.2535058912334405e-57,1.2098369706947906e-12,6.8354978079751294e-08
gaussian,400,0.10000000000000001,TVD_vanLeer,64.75,9.3378471821560134e-59,6.720185704095718e-12,1.6297586520023642e-07
gaussian,400,0.10000000000000001,TVD_vanLeer,65.25,1.9394540397384177e-60,3.5318757270266376e-11,3.8110229457952925e-07
gaussian,400,0.10000000000000001,TVD_vanLeer,65.75,3.8110474312064361e-62,1.7563056663586188e-10,8.738772071613383e-07
gaussian,400,0.10000000000000001,TVD_vanLeer,66.25,7.0850102165086812e-64,8.2635404032736578e-10,1.964586181505286e-06
gaussian,400,0.10000000000000001,TVD_vanLeer,66.75,1.2461405151221231e-65,3.6787846732318305e-09,4.3293175929313259e-06
gaussian,400,0.10000000000000001,TVD_vanLeer,67.25,2.0735910640506034e-67,1.549585421550539e-08,9.3498585164056355e-06
gaussian,400,0.10000000000000001,TVD_vanLeer,67.75,3.264434297492065e-69,6.1759016924693913e-08,1.978473062530133e-05
gaussian,400,0.10000000000000001,TVD_vanLeer,68.25,4.8620637210248339e-71,2.3289473156464855e-07,4.1009905793572248e-05
gaussian,400,0.10000000000000001,TVD_vanLeer,68.75,6.8511020544828789e-73,8.3098676871119177e-07,8.3246447028350869e-05
gaussian,400,0.10000000000000001,TVD_vanLeer,69.25,9.1332741774944847e-75,2.805462080291371e-06,0.00016543815510366126
gaussian,400,0.10000000000000001,TVD_vanLeer,69.75,1.151908605840987e-76,8.9617168578499812e-06,0.00032178292865414377
gaussian,400,0.10000000000000001,TVD_vanLeer,70.25,1.3744667287824868e-78,2.7086644187709968e-05,0.0006123532139055666
gaussian,400,0.10000000000000001,TVD_vanLeer,70.75,1.5515806073559298e-80,7.7463475660144112e-05,0.0011397215166047035
gaussian,400,0.10000000000000001,TVD_vanLeer,71.25,1.6570575394038535e-82,0.00020961248401428069,0.0020739324648904561
gaussian,400,0.10000000000000001,TVD_vanLeer,71.75,1.674261198243687e-84,0.0005366810613521174,0.0036883515190650217
gaussian,400,0.10000000000000001,TVD_vanLeer,72.25,1.6004070856991646e-86,0.0013001543065751825,0.006408625726127889
gaussian,400,0.10000000000000001,TVD_vanLeer,72.75,1.4473001645291398e-88,0.0029802558349892572,0.010875972504069915
gaussian,400,0.10000000000000001,TVD_vanLeer,73.25,1.2382459711806558e-90,0.0064638713079587205,0.018024168637273505
gaussian,400,0.10000000000000001,TVD_vanLeer,73.75,1.0022468169693816e-92,0.01326516998770776,0.029167138537751082
gaussian,400,0.10000000000000001,TVD_vanLeer,74.25,7.6746961744397911e-95,0.025758129949459849,0.046091426063623701
gaussian,400,0.10000000000000001,TVD_vanLeer,74.75,5.5598841967139978e-97,0.047325763517469137,0.071145366942953397
gaussian,400,0.10000000000000001,TVD_vanLeer,75.25,3.8105499903839356e-99,0.082274089358194719,0.1073129886800019
gaussian,400,0.10000000000000001,TVD_vanLeer,75.75,2.4707355778510861e-101,0.13533528095565894,0.15824811589804974
gaussian,400,0.10000000000000001,TVD_vanLeer,76.25,1.5155870917754113e-103,0.21064044631089568,0.22819608650378942
gaussian,400,0.10000000000000001,TVD_vanLeer,76.75,8.7953048135199631e-106,0.31020983760828968,0.32155305155924369
gaussian,400,0.10000000000000001,TVD_vanLeer,77.25,4.8287599568741481e-108,0.43226758151908928,0.44119923948272494
gaussian,400,0.10000000000000001,TVD_vanLeer,77.75,2.5080398224404083e-110,0.56994542239179147,0.58305355530207481
gaussian,400,0.10000000000000001,TVD_vanLeer,78.25,1.2323858534232878e-112,0.71104575448692653,0.72332450401515447
gaussian,400,0.10000000000000001,TVD_vanLeer,78.75,5.7289077838712314e-115,0.83935491180663835,0.81408372318191269
gaussian,400,0.10000000000000001,TVD_vanLeer,79.25,2.5194700779047881e-117,0.93751373301239227,0.83835366227427444
gaussian,400,0.10000000000000001,TVD_vanLeer,79.75,1.0482339688612536e-119,0.99081739365772359,0.83892219134501889
gaussian,400,0.10000000000000001,TVD_vanLeer,80.25,4.1258964063751506e-122,0.99081739365772359,0.83606765080702572
gaussian,400,0.10000000000000001,TVD_vanLeer,80.75,1.5363455249679772e-124,0.93751373301239227,0.82490089620940776
gaussian,400,0.10000000000000001,TVD_vanLeer,81.25,5.4121447561387576e-127,0.83935491180663835,0.79866513699608477
gaussian,400,0.10000000000000001,TVD_vanLeer,81.75,1.8036791093263672e-129,0.71104575448692653,0.75049106498315721
gaussian,400,0.10000000000000001,TVD_vanLeer,82.25,5.6866692041863252e-132,0.56994542239179147,0.67508666773183967
gaussian,400,0.10000000000000001,TVD_vanLeer,82.75,1.6961526594972429e-134,0.43226758151908928,0.57036328793393543
gaussian,400,0.10000000000000001,TVD_vanLeer,83.25,4.7860767762647408e-137,0.31020983760828968,0.4390278579593242
gaussian,400,0.10000000000000001,TVD_vanLeer,83.75,1.2776197474953692e-139,0.21064044631089568,0.29116180236328615
gaussian,400,0.10000000000000001,TVD_vanLeer,84.25,3.2264897539639332e-142,0.13533528095565894,0.14921690883049554
gaussian,400,0.10000000000000001,TVD_vanLeer,84.75,7.7084166646794762e-145,0.082274089358194719,0.048211391312419569
gaussian,400,0.10000000000000001,TVD_vanLeer,85.25,1.7422312350615947e-147,0.047325763517469137,0.0070916529816993203
gaussian,400,0.10000000000000001,TVD_vanLeer,85.75,3.7252176024985683e-150,0.025758129949459849,0.00031346428367236149
gaussian,400,0.10000000000000001,TVD_vanLeer,86.25,7.535329658772136e-153,0.01326516998770776,2.7054634515769957e-06
gaussian,400,0.10000000000000001,TVD_vanLeer,86.75,1.4419730959227927e-155,0.0064638713079587205,3.095208937924854e-09
gaussian,400,0.10000000000000001,TVD_vanLeer,87.25,2.6104530553256889e-158,0.0029802558349892572,6.1380795935592064e-12
gaussian,400,0.10000000000000001,TVD_vanLeer,87.75,4.4707253843875347e-161,0.0013001543065751825,5.7540312229278158e-12
gaussian,400,0.10000000000000001,TVD_vanLeer,88.25,7.2434093904405302e-164,0.0005366810613521174,5.5520795806553398e-12
gaussian,400,0.10000000000000001,TVD_vanLeer,88.75,1.110223877799716e-166,0.00020961248401428069,5.3379155652068987e-12
gaussian,400,0.10000000000000001,TVD_vanLeer,89.25,1.6098305307890998e-169,7.7463475660144112e-05,5.1111237534438363e-12
gaussian,400,0.10000000000000001,TVD_vanLeer,89.75,2.2082660613823784e-172,2.7086644187709968e-05,4.8749857271443421e-12
gaussian,400,0.10000000000000001,TVD_vanLeer,90.25,2.865654733798599e-175,8.9617168578499812e-06,4.6311999495390761e-12
gaussian,400,0.10000000000000001,TVD_vanLeer,90.75,3.5180106454759892e-178,2.805462080291371e-06,4.3812986908788131e-12
gaussian,400,0.10000000000000001,TVD_vanLeer,91.25,4.0857412073436646e-181,8.3098676871119177e-07,4.1268947598409971e-12
gaussian,400,0.10000000000000001,TVD_vanLeer,91.75,4.4889481261414988e-184,2.3289473156464855e-07,3.8696968702093816e-12
gaussian,400,0.10000000000000001,TVD_vanLeer,92.25,4.6657123372592864e-187,6.1759016924693913e-08,3.6114958136248139e-12
gaussian,400,0.10000000000000001,TVD_vanLeer,92.75,4.5876533240074568e-190,1.549585421550539e-08,3.3541343005549453e-12
gaussian,400,0.10000000000000001,TVD_vanLeer,93.25,4.2673878181510019e-193,3.6787846732318305e-09,3.0994665078813106e-12
gaussian,400,0.10000000000000001,TVD_vanLeer,93.75,3.7551920776900123e-196,8.2635404032736578e-10,2.8493135881394366e-12
gaussian,400,0.10000000000000001,TVD_vanLeer,94.25,3.1260819659708616e-199,1.7563056663586188e-10,2.6054193775602525e-12
gaussian,400,0.10000000000000001,TVD_vanLeer,94.75,2.4618771352528383e-202,3.5318757270266376e-11,2.3694089581321615e-12
gaussian,400,0.10000000000000001,TVD_vanLeer,95.25,1.8341288841093893e-205,6.720185704095718e-12,2.1427518766941933e-12
gaussian,400,0.10000000000000001,TVD_vanLeer,95.75,1.2926782639492832e-208,1.2098369706947906e-12,1.9267313684598676e-12
gaussian,400,0.10000000000000001,TVD_vanLeer,96.25,8.6188203433280492e-212,2.0608258731883101e-13,1.7224205956724885e-12
gaussian,400,0.10000000000000001,TVD_vanLeer,96.75,5.4362781113090602e-215,3.32141965274349e-14,1.5306665637790484e-12
gaussian,400,0.10000000000000001,TVD_vanLeer,97.25,3.2437818404201462e-218,5.0649286703574024e-15,1.3520819926863469e-12
gaussian,400,0.10000000000000001,TVD_vanLeer,97.75,1.8310382879326304e-221,7.3078421136059479e-16,1.1870450239253521e-12
gaussian,400,0.10000000000000001,TVD_vanLeer,98.25,9.7777452307610052e-225,9.9763187299063161e-17,1.0357062721122742e-12
gaussian,400,0.10000000000000001,TVD_vanLeer,98.75,4.9394114690073506e-228,1.2885933928463541e-17,8.9800241110446047e-13
gaussian,400,0.10000000000000001,TVD_vanLeer,99.25,2.3605140557182057e-231,1.574798474153022e-18,7.7367524077254054e-13
gaussian,400,0.10000000000000001,TVD_vanLeer,99.75,1.0671674647092527e-234,1.8209442012348391e-19,6.622950179983637e-13
gaussian,400,0.10000000000000001,TVD_vanLeer,100.25,4.5640760406602172e-238,1.9921861502908424e-20,5.6328675590365998e-13
gaussian,400,0.10000000000000001,TVD_vanLeer,100.75,1.8465760180530717e-241,2.0621671839624332e-21,4.759581931087783e-13
gaussian,400,0.10000000000000001,TVD_vanLeer,101.25,7.0676535757226893e-245,2.0196566623325658e-22,3.9952820062533858e-13
gaussian,400,0.10000000000000001,TVD_vanLeer,101.75,2.5590382982323944e-248,1.8715006371450632e-23,3.3315451567152768e-13
gaussian,400,0.10000000000000001,TVD_vanLeer,102.25,8.7653954508196459e-252,1.6408172091638786e-24,2.7595985547585996e-13
gaussian,400,0.10000000000000001,TVD_vanLeer,102.75,2.8402670376555085e-255,1.3610912551088474e-25,2.2705565551090608e-13
gaussian,400,0.10000000000000001,TVD_vanLeer,103.25,8.7064177757327922e-259,1.0682431775721348e-26,1.8556288126752113e-13
gaussian,400,0.10000000000000001,TVD_vanLeer,103.75,2.5247143272894142e-262,7.9324597368591832e-28,1.506295673443681e-13
gaussian,400,0.10000000000000001,TVD_vanLeer,104.25,6.9259148259432187e-266,5.5731343030240402e-29,1.2144493071253786e-13
gaussian,400,0.10000000000000001,TVD_vanLeer,104.75,1.7973553963570837e-269,3.7046232122636381e-30,9.7250077216574057e-14
gaussian,400,0.10000000000000001,TVD_vanLeer,105.25,4.4124768654730575e-273,2.3299172556753034e-31,7.7345465002971199e-14
gaussian,400,0.10000000000000001,TVD_vanLeer,105.75,1.0247604389836399e-276,1.3863978914236671e-32,6.1095401665233137e-14
gaussian,400,0.10000000000000001,TVD_vanLeer,106.25,2.2514041032861653e-280,7.8052215654120522e-34,4.7929932122812318e-14
gaussian,400,0.10000000000000001,TVD_vanLeer,106.75,4.6792421069904345e-284,4.1574932920676779e-35,3.7344522593176329e-14
gaussian,400,0.10000000000000001,TVD_vanLeer,107.25,9.2000102867270423e-288,2.0952018778669732e-36,2.889796533663771e-14
gaussian,400,0.10000000000000001,TVD_vanLeer,107.75,1.7111639375053288e-291,9.9900396552230441e-38,2.2208923375408447e-14
gaussian,400,0.10000000000000001,TVD_vanLeer,108.25,3.0108229277994623e-295,4.5066579469365438e-39,1.6951509148044349e-14
gaussian,400,0.10000000000000001,TVD_vanLeer,108.75,5.0115132566240711e-299,1.9234772699036974e-40,1.2850251394247871e-14
gaussian,400,0.10000000000000001,TVD_vanLeer,109.25,7.8911884176594854e-303,7.7671847010722867e-42,9.6747556671669104e-15
gaussian,400,0.10000000000000001,TVD_vanLeer,109.75,1.1754538816430952e-306,2.9674496460687058e-43,7.2343104494405222e-15
gaussian,400,0.10000000000000001,TVD_vanLeer,110.25,1.6563733026717291e-310,1.0726184913763019e-44,5.3726368936258558e-15
gaussian,400,0.10000000000000001,TVD_vanLeer,110.75,2.2080052079334144e-314,3.6681614880765345e-46,3.962928857917289e-15
gaussian,400,0.10000000000000001,TVD_vanLeer,111.25,2.7843810569852211e-318,1.1868392918201357e-47,2.9032834249448546e-15
gaussian,400,0.10000000000000001,TVD_vanLeer,111.75,3.4090529563046012e-322,3.6330782212602471e-49,2.1125818998273153e-15
gaussian,400,0.10000000000000001,TVD_vanLeer,112.25,0,1.0521944676302521e-50,1.5268480718836615e-15
gaussian,400,0.10000000000000001,TVD_vanLeer,112.75,0,2.8830673534146975e-52,1.0960843763751276e-15
gaussian,400,0.10000000000000001,TVD_vanLeer,113.25,0,7.4739494320031271e-54,7.8156713386515695e-16
gaussian,400,0.10000000000000001,TVD_vanLeer,113.75,0,1.8330790986180433e-55,5.5356858609042902e-16
gaussian,400,0.10000000000000001,TVD_vanLeer,114.25,0,4.2535058912338327e-57,3.8946511497587001e-16
gaussian,400,0.10000000000000001,TVD_vanLeer,114.75,0,9.3378471821561956e-59,2.7218687664227628e-16
gaussian,400,0.10000000000000001,TVD_vanLeer,115.25,0,1.9394540397385407e-60,1.8896316568232212e-16
gaussian,400,0.10000000000000001,TVD_vanLeer,115.75,0,3.8110474312065483e-62,1.303192775536257e-16
gaussian,400,0.10000000000000001,TVD_vanLeer,116.25,0,7.0850102165093802e-64,8.9283697825266166e-17
gaussian,400,0.10000000000000001,TVD_vanLeer,116.75,0,1.2461405151221231e-65,6.0768482637548809e-17
gaussian,400,0.10000000000000001,TVD_vanLeer,117.25,0,2.0735910640506034e-67,4.1090202823111165e-17
gaussian,400,0.10000000000000001,TVD_vanLeer,117.75,0,3.264434297492065e-69,2.7603427021708919e-17
gaussian,400,0.10000000000000001,TVD_vanLeer,118.25,0,4.8620637210248339e-71,1.8423150071373419e-17
gaussian,400,0.10000000000000001,TVD_vanLeer,118.75,0,6.8511020544828789e-73,1.2216658819040939e-17
gaussian,400,0.10000000000000001,TVD_vanLeer,119.25,0,9.1332741774944847e-75,8.0489701365759816e-18
gaussian,400,0.10000000000000001,TVD_vanLeer,119.75,0,1.151908605840987e-76,5.2691343556262147e-18
gaussian,400,0.10000000000000001,TVD_vanLeer,120.25,0,1.3744667287824868e-78,3.4273715981274056e-18
gaussian,400,0.10000000000000001,TVD_vanLeer,120.75,0,1.5515806073559298e-80,2.2152260503738321e-18
gaussian,400,0.10000000000000001,TVD_vanLeer,121.25,0,1.6570575394038199e-82,1.4227280417335435e-18
gaussian,400,0.10000000000000001,TVD_vanLeer,121.75,0,1.6742611982435561e-84,9.0799787633479481e-19
gaussian,400,0.10000000000000001,TVD_vanLeer,122.25,0,1.6004070856991157e-86,5.7586282235879851e-19
gaussian,400,0.10000000000000001,TVD_vanLeer,122.75,0,1.4473001645289649e-88,3.6294158090239432e-19
gaussian,400,0.10000000000000001,TVD_vanLeer,123.25,0,1.2382459711806176e-90,2.2732653306215061e-19
gaussian,400,0.10000000000000001,TVD_vanLeer,123.75,0,1.0022468169692573e-92,1.4150490994002728e-19
gaussian,400,0.10000000000000001,TVD_vanLeer,124.25,0,7.6746961744396341e-95,8.7541330530859928e-20
gaussian,400,0.10000000000000001,TVD_vanLeer,124.75,0,5.5598841967135248e-97,5.382540533988015e-20
gaussian,400,0.10000000000000001,TVD_vanLeer,125.25,0,3.8105499903840143e-99,3.2893211897379989e-20
gaussian,400,0.10000000000000001,TVD_vanLeer,125.75,0,2.4707355778513018e-101,1.9979394856001735e-20
gaussian,400,0.10000000000000001,TVD_vanLeer,126.25,0,1.5155870917754581e-103,1.2062232628746242e-20
gaussian,400,0.10000000000000001,TVD_vanLeer,126.75,0,8.7953048135211462e-106,7.2386006781224145e-21
gaussian,400,0.10000000000000001,TVD_vanLeer,127.25,0,4.8287599568742986e-108,4.3179269098339443e-21
gaussian,400,0.10000000000000001,TVD_vanLeer,127.75,0,2.508039822440754e-110,2.5603649217904743e-21
gaussian,400,0.10000000000000001,TVD_vanLeer,128.25,0,1.2323858534232878e-112,1.5091989461988171e-21
gaussian,400,0.10000000000000001,TVD_vanLeer,128.75,0,5.7289077838712314e-115,8.8434402927202969e-22
gaussian,400,0.10000000000000001,TVD_vanLeer,129.25,0,2.5194700779047881e-117,5.1515530229058883e-22
gaussian,400,0.10000000000000001,TVD_vanLeer,129.75,0,1.0482339688612536e-119,2.9833847438435836e-22
gaussian,400,0.10000000000000001,TVD_vanLeer,130.25,0,4.1258964063751506e-122,1.717696613476499e-22
gaussian,400,0.10000000000000001,TVD_vanLeer,130.75,0,1.5363455249679772e-124,9.8324476804604842e-23
gaussian,400,0.10000000000000001,TVD_vanLeer,131.25,0,5.4121447561387576e-127,5.5958574970854893e-23
gaussian,400,0.10000000000000001,TVD_vanLeer,131.75,0,1.8036791093263672e-129,3.1664543641669171e-23
gaussian,400,0.10000000000000001,TVD_vanLeer,132.25,0,5.6866692041863252e-132,1.7815298764211693e-23
gaussian,400,0.10000000000000001,TVD_vanLeer,132.75,0,1.6961526594972429e-134,9.9663908987321967e-24
gaussian,400,0.10000000000000001,TVD_vanLeer,133.25,0,4.7860767762647408e-137,5.5439490294899622e-24
gaussian,400,0.10000000000000001,TVD_vanLeer,133.75,0,1.2776197474953692e-139,3.0665394214488274e-24
gaussian,400,0.10000000000000001,TVD_vanLeer,134.25,0,3.2264897539639332e-142,1.6866979780784606e-24
gaussian,400,0.10000000000000001,TVD_vanLeer,134.75,0,7.7084166646794762e-145,9.2256486840076045e-25
gaussian,400,0.10000000000000001,TVD_vanLeer,135.25,0,1.7422312350615947e-147,5.0180919154329335e-25
gaussian,400,0.10000000000000001,TVD_vanLeer,135.75,0,3.7252176024985683e-150,2.7143987419550186e-25
gaussian,400,0.10000000000000001,TVD_vanLeer,136.25,0,7.535329658772136e-153,1.4602027497104486e-25
gaussian,400,0.10000000000000001,TVD_vanLeer,136.75,0,1.4419730959227927e-155,7.8121079625137908e-26
gaussian,400,0.10000000000000001,TVD_vanLeer,137.25,0,2.6104530553256889e-158,4.1567113683086977e-26
gaussian,400,0.10000000000000001,TVD_vanLeer,137.75,0,4.4707253843875347e-161,2.1997280074648006e-26
gaussian,400,0.10000000000000001,TVD_vanLeer,138.25,0,7.2434093904405302e-164,1.1578076920934429e-26
gaussian,400,0.10000000000000001,TVD_vanLeer,138.75,0,1.110223877799716e-166,6.0612609246308761e-27
gaussian,400,0.10000000000000001,TVD_vanLeer,139.25,0,1.6098305307890998e-169,3.1561622998724753e-27
gaussian,400,0.10000000000000001,TVD_vanLeer,139.75,0,2.2082660613823784e-172,1.6346925873772654e-27
gaussian,400,0.10000000000000001,TVD_vanLeer,140.25,0,2.865654733798599e-175,8.421778553138603e-28
gaussian,400,0.10000000000000001,TVD_vanLeer,140.75,0,3.5180106454759892e-178,4.3159158214888697e-28
gaussian,400,0.10000000000000001,TVD_vanLeer,141.25,0,4.0857412073436646e-181,2.2001582751350261e-28
gaussian,400,0.10000000000000001,TVD_vanLeer,141.75,0,4.4889481261414988e-184,1.1157245880703666e-28
gaussian,400,0.10000000000000001,TVD_vanLeer,142.25,0,4.6657123372592864e-187,5.6284969891264164e-29
gaussian,400,0.10000000000000001,TVD_vanLeer,142.75,0,4.5876533240074568e-190,2.8246873342184023e-29
gaussian,400,0.10000000000000001,TVD_vanLeer,143.25,0,4.2673878181510019e-193,1.4102656143419066e-29
gaussian,400,0.10000000000000001,TVD_vanLeer,143.75,0,3.7551920776900123e-196,7.0047726442588282e-30
gaussian,400,0.10000000000000001,TVD_vanLeer,144.25,0,3.1260819659708616e-199,3.4614629689535949e-30
gaussian,400,0.10000000000000001,TVD_vanLeer,144.75,0,2.4618771352528383e-202,1.7017968100542682e-30
gaussian,400,0.10000000000000001,TVD_vanLeer,145.25,0,1.8341288841093893e-205,8.3243027062842703e-31
gaussian,400,0.10000000000000001,TVD_vanLeer,145.75,0,1.2926782639492832e-208,4.0512576757219663e-31
gaussian,400,0.10000000000000001,TVD_vanLeer,146.25,0,8.6188203433280492e-212,1.9617485309798568e-31
gaussian,400,0.10000000000000001,TVD_vanLeer,146.75,0,5.4362781113090602e-215,9.4518717751076255e-32
gaussian,400,0.10000000000000001,TVD_vanLeer,147.25,0,3.2437818404201462e-218,4.5312998055841256e-32
gaussian,400,0.10000000000000001,TVD_vanLeer,147.75,0,1.8310382879326304e-221,2.1615618431816328e-32
gaussian,400,0.10000000000000001,TVD_vanLeer,148.25,0,9.7777452307610052e-225,1.0260340002876564e-32
gaussian,400,0.10000000000000001,TVD_vanLeer,148.75,0,4.9394114690073506e-228,4.8463448412937599e-33
gaussian,400,0.10000000000000001,TVD_vanLeer,149.25,0,2.3605140557182057e-231,2.2778993411649791e-33
gaussian,400,0.10000000000000001,TVD_vanLeer,149.75,0,1.0671674647092527e-234,1.0654461633616333e-33
gaussian,400,0.10000000000000001,TVD_vanLeer,150.25,0,4.5640760406601197e-238,4.9592304935235286e-34
gaussian,400,0.10000000000000001,TVD_vanLeer,150.75,0,1.8465760180528026e-241,2.2971631858905554e-34
gaussian,400,0.10000000000000001,TVD_vanLeer,151.25,0,7.0676535757225397e-245,1.0589441807259075e-34
gaussian,400,0.10000000000000001,TVD_vanLeer,151.75,0,2.5590382982320149e-248,4.8581037041040716e-35
gaussian,400,0.10000000000000001,TVD_vanLeer,152.25,0,8.7653954508192737e-252,2.2181031783076396e-35
gaussian,400,0.10000000000000001,TVD_vanLeer,152.75,0,2.840267037654652e-255,1.0079213496491727e-35
gaussian,400,0.10000000000000001,TVD_vanLeer,153.25,0,8.7064177757326062e-259,4.5583755424569376e-36
gaussian,400,0.10000000000000001,TVD_vanLeer,153.75,0,2.524714327289028e-262,2.0518266554904956e-36
gaussian,400,0.10000000000000001,TVD_vanLeer,154.25,0,6.9259148259432187e-266,9.1923558017650225e-37
gaussian,400,0.10000000000000001,TVD_vanLeer,154.75,0,1.7973553963570837e-269,4.0989912809141401e-37
gaussian,400,0.10000000000000001,TVD_vanLeer,155.25,0,4.4124768654730575e-273,1.819279913407968e-37
gaussian,400,0.10000000000000001,TVD_vanLeer,155.75,0,1.0247604389836399e-276,8.0371616172614564e-38
gaussian,400,0.10000000000000001,TVD_vanLeer,156.25,0,2.2514041032861653e-280,3.5342294880716761e-38
gaussian,400,0.10000000000000001,TVD_vanLeer,156.75,0,4.6792421069904345e-284,1.5469768487869163e-38
gaussian,400,0.10000000000000001,TVD_vanLeer,157.25,0,9.2000102867270423e-288,6.740280934581309e-39
gaussian,400,0.10000000000000001,TVD_vanLeer,157.75,0,1.7111639375053288e-291,2.9233803721684626e-39
gaussian,400,0.10000000000000001,TVD_vanLeer,158.25,0,3.0108229277994623e-295,1.2621581201551139e-39
gaussian,400,0.10000000000000001,TVD_vanLeer,158.75,0,5.0115132566242844e-299,5.4246437080856677e-40
gaussian,400,0.10000000000000001,TVD_vanLeer,159.25,0,7.8911884176621055e-303,2.3209486311817322e-40
gaussian,400,0.10000000000000001,TVD_vanLeer,159.75,0,1.1754538816431203e-306,9.8856328184664754e-41
gaussian,400,0.10000000000000001,TVD_vanLeer,160.25,0,1.6563733026719762e-310,4.1917539319902268e-41
gaussian,400,0.10000000000000001,TVD_vanLeer,160.75,0,2.2080052079334144e-314,1.7694858899519535e-41
gaussian,400,0.10000000000000001,TVD_vanLeer,161.25,0,2.7843810569852211e-318,7.4364565906899824e-42
gaussian,400,0.10000000000000001,TVD_vanLeer,161.75,0,3.4090529563046012e-322,3.1114308438576291e-42
gaussian,400,0.10000000000000001,TVD_vanLeer,162.25,0,0,1.2960952063480735e-42
gaussian,400,0.10000000000000001,TVD_vanLeer,162.75,0,0,5.3753126411103858e-43
gaussian,400,0.10000000000000001,TVD_vanLeer,163.25,0,0,2.219565652807305e-43
gaussian,400,0.10000000000000001,TVD_vanLeer,163.75,0,0,9.1250870696877521e-44
gaussian,400,0.10000000000000001,TVD_vanLeer,164.25,0,0,3.7352360296696356e-44
gaussian,400,0.10000000000000001,TVD_vanLeer,164.75,0,0,1.5223632650784209e-44
gaussian,400,0.10000000000000001,TVD_vanLeer,165.25,0,0,6.1779572735115164e-45
gaussian,400,0.10000000000000001,TVD_vanLeer,165.75,0,0,2.4963470130834499e-45
gaussian,400,0.10000000000000001,TVD_vanLeer,166.25,0,0,1.0043972148971939e-45
gaussian,400,0.10000000000000001,TVD_vanLeer,166.75,0,0,4.0239587218676281e-46
gaussian,400,0.10000000000000001,TVD_vanLeer,167.25,0,0,1.6052990152550306e-46
gaussian,400,0.10000000000000001,TVD_vanLeer,167.75,0,0,6.3770474131015907e-47
gaussian,400,0.10000000000000001,TVD_vanLeer,168.25,0,0,2.5226178515639477e-47
gaussian,400,0.10000000000000001,TVD_vanLeer,168.75,0,0,9.9370659466145255e-48
gaussian,400,0.10000000000000001,TVD_vanLeer,169.25,0,0,3.8980418132026203e-48
gaussian,400,0.10000000000000001,TVD_vanLeer,169.75,0,0,1.5227307017961392e-48
gaussian,400,0.10000000000000001,TVD_vanLeer,170.25,0,0,5.9237214715140249e-49
gaussian,400,0.10000000000000001,TVD_vanLeer,170.75,0,0,2.294920511325212e-49
gaussian,400,0.10000000000000001,TVD_vanLeer,171.25,0,0,8.8541868777907066e-50
gaussian,400,0.10000000000000001,TVD_vanLeer,171.75,0,0,3.4020776264352254e-50
gaussian,400,0.10000000000000001,TVD_vanLeer,172.25,0,0,1.301849209002769e-50
gaussian,400,0.10000000000000001,TVD_vanLeer,172.75,0,0,4.9614025136082336e-51
gaussian,400,0.10000000000000001,TVD_vanLeer,173.25,0,0,1.883136896299319e-51
gaussian,400,0.10000000000000001,TVD_vanLeer,173.75,0,0,7.1186766294002181e-52
gaussian,400,0.10000000000000001,TVD_vanLeer,174.25,0,0,2.6801729856592412e-52
gaussian,400,0.10000000000000001,TVD_vanLeer,174.75,0,0,1.005029415156128e-52
gaussian,400,0.10000000000000001,TVD_vanLeer,175.25,0,0,3.7536455626256419e-53
gaussian,400,0.10000000000000001,TVD_vanLeer,175.75,0,0,1.3963439353852264e-53
gaussian,400,0.10000000000000001,TVD_vanLeer,176.25,0,0,5.1737121495408302e-54
gaussian,400,0.10000000000000001,TVD_vanLeer,176.75,0,0,1.9093645783614957e-54
gaussian,400,0.10000000000000001,TVD_vanLeer,177.25,0,0,7.0187242491870551e-55
gaussian,400,0.10000000000000001,TVD_vanLeer,177.75,0,0,2.5698995883050304e-55
gaussian,400,0.10000000000000001,TVD_vanLeer,178.25,0,0,9.3727855233479904e-56
gaussian,400,0.10000000000000001,TVD_vanLeer,178.75,0,0,3.4050351976042972e-56
gaussian,400,0.10000000000000001,TVD_vanLeer,179.25,0,0,1.2321986946258603e-56
gaussian,400,0.10000000000000001,TVD_vanLeer,179.75,0,0,4.4417270308692571e-57
gaussian,400,0.10000000000000001,TVD_vanLeer,180.25,0,0,1.5949265837954267e-57
gaussian,400,0.10000000000000001,TVD_vanLeer,180.75,0,0,5.7049642562209612e-58
gaussian,400,0.10000000000000001,TVD_vanLeer,181.25,0,0,2.0327979152565002e-58
gaussian,400,0.10000000000000001,TVD_vanLeer,181.75,0,0,7.2155616672088223e-59
gaussian,400,0.10000000000000001,TVD_vanLeer,182.25,0,0,2.5514455583915139e-59
gaussian,400,0.10000000000000001,TVD_vanLeer,182.75,0,0,8.9876929676664409e-60
gaussian,400,0.10000000000000001,TVD_vanLeer,183.25,0,0,3.1539979119655833e-60
gaussian,400,0.10000000000000001,TVD_vanLeer,183.75,0,0,1.1026337511178924e-60
gaussian,400,0.10000000000000001,TVD_vanLeer,184.25,0,0,3.840283503647579e-61
gaussian,400,0.10000000000000001,TVD_vanLeer,184.75,0,0,1.3324864346474073e-61
gaussian,400,0.10000000000000001,TVD_vanLeer,185.25,0,0,4.6061190060818798e-62
gaussian,400,0.10000000000000001,TVD_vanLeer,185.75,0,0,1.5863012555396183e-62
gaussian,400,0.10000000000000001,TVD_vanLeer,186.25,0,0,5.4427653091534703e-63
gaussian,400,0.10000000000000001,TVD_vanLeer,186.75,0,0,1.8605537025645997e-63
gaussian,400,0.10000000000000001,TVD_vanLeer,187.25,0,0,6.3366347323513711e-64
gaussian,400,0.10000000000000001,TVD_vanLeer,187.75,0,0,2.1501767602001128e-64
gaussian,400,0.10000000000000001,TVD_vanLeer,188.25,0,0,7.2693203869650522e-65
gaussian,400,0.10000000000000001,TVD_vanLeer,188.75,0,0,2.4486274259007286e-65
gaussian,400,0.10000000000000001,TVD_vanLeer,189.25,0,0,8.2179959499432199e-66
gaussian,400,0.10000000000000001,TVD_vanLeer,189.75,0,0,2.748074349981193e-66
gaussian,400,0.10000000000000001,TVD_vanLeer,190.25,0,0,9.1562021208726362e-67
gaussian,400,0.10000000000000001,TVD_vanLeer,190.75,0,0,3.0397058698338318e-67
gaussian,400,0.10000000000000001,TVD_vanLeer,191.25,0,0,1.0054997817491907e-67
gaussian,400,0.10000000000000001,TVD_vanLeer,191.75,0,0,3.3141451332177199e-68
gaussian,400,0.10000000000000001,TVD_vanLeer,192.25,0,0,1.0884414042778091e-68
gaussian,400,0.10000000000000001,TVD_vanLeer,192.75,0,0,3.5619466117126403e-69
gaussian,400,0.10000000000000001,TVD_vanLeer,193.25,0,0,1.1615111403875065e-69
gaussian,400,0.10000000000000001,TVD_vanLeer,193.75,0,0,3.7741377352069776e-70
gaussian,400,0.10000000000000001,TVD_vanLeer,194.25,0,0,1.2220113578282282e-70
gaussian,400,0.10000000000000001,TVD_vanLeer,194.75,0,0,3.9427621516687291e-71
gaussian,400,0.10000000000000001,TVD_vanLeer,195.25,0,0,1.2676472923729274e-71
gaussian,400,0.10000000000000001,TVD_vanLeer,195.75,0,0,4.061378385896781e-72
gaussian,400,0.10000000000000001,TVD_vanLeer,196.25,0,0,1.2966723724551438e-72
gaussian,400,0.10000000000000001,TVD_vanLeer,196.75,0,0,4.1254700196312119e-73
gaussian,400,0.10000000000000001,TVD_vanLeer,197.25,0,0,1.3079994044886383e-73
gaussian,400,0.10000000000000001,TVD_vanLeer,197.75,0,0,4.1327308411037209e-74
gaussian,400,0.10000000000000001,TVD_vanLeer,198.25,0,0,1.3012677380320211e-74
gaussian,400,0.10000000000000001,TVD_vanLeer,198.75,0,0,4.083199921015188e-75
gaussian,400,0.10000000000000001,TVD_vanLeer,199.25,0,0,1.2768606767437969e-75
gaussian,400,0.10000000000000001,TVD_vanLeer,199.75,0,0,3.9792358861883717e-76
gaussian,400,0.10000000000000001,PLM_MC,0.25,2.9674496460687887e-43,1.1754538816431203e-306,4.0064693135073889e-87
gaussian,400,0.10000000000000001,PLM_MC,0.75,7.7671847010728729e-42,7.8911884176621055e-303,8.0129386270147778e-87
gaussian,400,0.10000000000000001,PLM_MC,1.25,1.9234772699037504e-40,5.0115132566242844e-299,2.1372753939088812e-86
gaussian,400,0.10000000000000001,PLM_MC,1.75,4.5066579469365438e-39,3.0108229277994623e-295,5.9225068777362643e-86
gaussian,400,0.10000000000000001,PLM_MC,2.25,9.9900396552230441e-38,1.7111639375053288e-291,1.4487586788903506e-85
gaussian,400,0.10000000000000001,PLM_MC,2.75,2.0952018778669732e-36,9.2000102867270423e-288,3.9438352787744505e-85
gaussian,400,0.10000000000000001,PLM_MC,3.25,4.1574932920676779e-35,4.6792421069904345e-284,1.2704000710800506e-84
gaussian,400,0.10000000000000001,PLM_MC,3.75,7.8052215654120522e-34,2.2514041032861653e-280,3.2584442262949423e-84
gaussian,400,0.10000000000000001,PLM_MC,4.25,1.3863978914236671e-32,1.0247604389836399e-276,8.2937870231414247e-84
gaussian,400,0.10000000000000001,PLM_MC,4.75,2.3299172556753034e-31,4.4124768654730575e-273,2.3808844955937691e-83
gaussian,400,0.10000000000000001,PLM_MC,5.25,3.7046232122636381e-30,1.7973553963570837e-269,6.0651040496353006e-83
gaussian,400,0.10000000000000001,PLM_MC,5.75,5.5731343030240402e-29,6.9259148259432187e-266,1.6479142847654151e-82
gaussian,400,0.10000000000000001,PLM_MC,6.25,7.9324597368587958e-28,2.524714327289028e-262,5.163780752089971e-82
gaussian,400,0.10000000000000001,PLM_MC,6.75,1.0682431775721122e-26,8.7064177757326062e-259,1.3819214133548117e-81
gaussian,400,0.10000000000000001,PLM_MC,7.25,1.3610912551087849e-25,2.840267037654652e-255,3.2772789905509069e-81
gaussian,400,0.10000000000000001,PLM_MC,7.75,1.6408172091638449e-24,8.7653954508192737e-252,9.0127426598383517e-81
gaussian,400,0.10000000000000001,PLM_MC,8.25,1.8715006371449644e-23,2.5590382982320149e-248,2.9024749898553263e-80
gaussian,400,0.10000000000000001,PLM_MC,8.75,2.0196566623325172e-22,7.0676535757225397e-245,7.299091358516753e-80
gaussian,400,0.10000000000000001,PLM_MC,9.25,2.0621671839623482e-21,1.8465760180528026e-241,1.9818405574779186e-79
gaussian,400,0.10000000000000001,PLM_MC,9.75,1.9921861502908032e-20,4.5640760406601197e-238,5.4824584984828977e-79
gaussian,400,0.10000000000000001,PLM_MC,10.25,1.8209442012348391e-19,1.0671674647092527e-234,1.3673321886532576e-78
gaussian,400,0.10000000000000001,PLM_MC,10.75,1.574798474153022e-18,2.3605140557182057e-231,3.8343177497351e-78
gaussian,400,0.10000000000000001,PLM_MC,11.25,1.2885933928463541e-17,4.9394114690073506e-228,1.2063247868480745e-77
gaussian,400,0.10000000000000001,PLM_MC,11.75,9.9763187299063161e-17,9.7777452307610052e-225,2.9809755215923093e-77
gaussian,400,0.10000000000000001,PLM_MC,12.25,7.3078421136059479e-16,1.8310382879326304e-221,7.764656064811191e-77
gaussian,400,0.10000000000000001,PLM_MC,12.75,5.0649286703574024e-15,3.2437818404201462e-218,2.2671563270510626e-76
gaussian,400,0.10000000000000001,PLM_MC,13.25,3.32141965274349e-14,5.4362781113090602e-215,5.76099562321355e-76
gaussian,400,0.10000000000000001,PLM_MC,13.75,2.0608258731883101e-13,8.6188203433280492e-212,1.5551946756263791e-75
gaussian,400,0.10000000000000001,PLM_MC,14.25,1.2098369706947906e-12,1.2926782639492832e-208,4.8437107886108243e-75
gaussian,400,0.10000000000000001,PLM_MC,14.75,6.720185704095718e-12,1.8341288841093893e-205,1.3066522493548863e-74
gaussian,400,0.10000000000000001,PLM_MC,15.25,3.5318757270266376e-11,2.4618771352528383e-202,3.0742046544799983e-74
gaussian,400,0.10000000000000001,PLM_MC,15.75,1.7563056663586188e-10,3.1260819659708616e-199,8.2229495467864708e-74
gaussian,400,0.10000000000000001,PLM_MC,16.25,8.2635404032736578e-10,3.7551920776900123e-196,2.7131038804905778e-73
gaussian,400,0.10000000000000001,PLM_MC,16.75,3.6787846732318305e-09,4.2673878181510019e-193,7.501446386153641e-73
gaussian,400,0.10000000000000001,PLM_MC,17.25,1.549585421550539e-08,4.5876533240074568e-190,1.8462702390760971e-72
gaussian,400,0.10000000000000001,PLM_MC,17.75,6.1759016924693913e-08,4.6657123372592864e-187,5.0805257752156857e-72
gaussian,400,0.10000000000000001,PLM_MC,18.25,2.3289473156464855e-07,4.4889481261414988e-184,1.2953581416631374e-71
gaussian,400,0.10000000000000001,PLM_MC,18.75,8.3098676871119177e-07,4.0857412073436646e-181,3.4839955391130222e-71
gaussian,400,0.10000000000000001,PLM_MC,19.25,2.805462080291371e-06,3.5180106454759892e-178,1.082906748201785e-70
gaussian,400,0.10000000000000001,PLM_MC,19.75,8.9617168578499812e-06,2.865654733798599e-175,3.2298794601422361e-70
gaussian,400,0.10000000000000001,PLM_MC,20.25,2.7086644187709968e-05,2.2082660613823784e-172,7.5928347581621266e-70
gaussian,400,0.10000000000000001,PLM_MC,20.75,7.7463475660144112e-05,1.6098305307890998e-169,1.9066650631380357e-69
gaussian,400,0.10000000000000001,PLM_MC,21.25,0.00020961248401428069,1.110223877799716e-166,5.8995051026253774e-69
gaussian,400,0.10000000000000001,PLM_MC,21.75,0.0005366810613521174,7.2434093904405302e-164,1.6867003912531846e-68
gaussian,400,0.10000000000000001,PLM_MC,22.25,0.0013001543065751825,4.4707253843875347e-161,4.1857015649970527e-68
gaussian,400,0.10000000000000001,PLM_MC,22.75,0.0029802558349892572,2.6104530553256889e-158,1.2096961687087902e-67
gaussian,400,0.10000000000000001,PLM_MC,23.25,0.0064638713079587205,1.4419730959227927e-155,3.365059103472699e-67
gaussian,400,0.10000000000000001,PLM_MC,23.75,0.01326516998770776,7.535329658772136e-153,8.164862503781917e-67
gaussian,400,0.10000000000000001,PLM_MC,24.25,0.025758129949459849,3.7252176024985683e-150,2.2421020890092351e-66
gaussian,400,0.10000000000000001,PLM_MC,24.75,0.047325763517469137,1.7422312350615947e-147,7.9968712406439717e-66
gaussian,400,0.10000000000000001,PLM_MC,25.25,0.082274089358194719,7.7084166646794762e-145,4.2918185117759793e-65
gaussian,400,0.10000000000000001,PLM_MC,25.75,0.13533528095565894,3.2264897539639332e-142,3.1753600988549999e-64
gaussian,400,0.10000000000000001,PLM_MC,26.25,0.21064044631089568,1.2776197474953692e-139,2.672764941223073e-63
gaussian,400,0.10000000000000001,PLM_MC,26.75,0.31020983760828968,4.7860767762647408e-137,2.3101302253529819e-62
gaussian,400,0.10000000000000001,PLM_MC,27.25,0.43226758151908995,1.6961526594972429e-134,1.9820344650056409e-61
gaussian,400,0.10000000000000001,PLM_MC,27.750000000000004,0.5699454223917918,5.6866692041863252e-132,1.6720738600627154e-60
gaussian,400,0.10000000000000001,PLM_MC,28.25,0.71104575448692675,1.8036791093263672e-129,1.3835482642787744e-59
gaussian,400,0.10000000000000001,PLM_MC,28.749999999999996,0.83935491180663779,5.4121447561387576e-127,1.1222612445723141e-58
gaussian,400,0.10000000000000001,PLM_MC,29.25,0.93751373301239194,1.5363455249679772e-124,8.923833376583596e-58
gaussian,400,0.10000000000000001,PLM_MC,29.75,0.99081739365772359,4.1258964063751506e-122,6.9570833196986513e-57
gaussian,400,0.10000000000000001,PLM_MC,30.25,0.99081739365772359,1.0482339688612536e-119,5.3186143005256158e-56
gaussian,400,0.10000000000000001,PLM_MC,30.75,0.93751373301239227,2.5194700779047881e-117,3.9879185603344899e-55
gaussian,400,0.10000000000000001,PLM_MC,31.25,0.83935491180663835,5.7289077838712314e-115,2.9332656113908447e-54
gaussian,400,0.10000000000000001,PLM_MC,31.75,0.71104575448692653,1.2323858534232878e-112,2.116866378049397e-53
gaussian,400,0.10000000000000001,PLM_MC,32.25,0.56994542239179147,2.5080398224404083e-110,1.4991687966269416e-52
gaussian,400,0.10000000000000001,PLM_MC,32.75,0.43226758151908928,4.8287599568741481e-108,1.0420754068750807e-51
gaussian,400,0.10000000000000001,PLM_MC,33.25,0.31020983760828968,8.7953048135199631e-106,7.1107296327329706e-51
gaussian,400,0.10000000000000001,PLM_MC,33.75,0.21064044631089568,1.5155870917754113e-103,4.7639686348591204e-50
gaussian,400,0.10000000000000001,PLM_MC,34.25,0.13533528095565894,2.4707355778510861e-101,3.1342604017223266e-49
gaussian,400,0.10000000000000001,PLM_MC,34.75,0.082274089358194719,3.8105499903839356e-99,2.025270039347246e-48
gaussian,400,0.10000000000000001,PLM_MC,35.25,0.047325763517469137,5.5598841967139978e-97,1.2855270459491448e-47
gaussian,400,0.10000000000000001,PLM_MC,35.75,0.025758129949459849,7.6746961744397911e-95,8.0167290186920353e-47
gaussian,400,0.10000000000000001,PLM_MC,36.25,0.01326516998770776,1.0022468169693816e-92,4.9124344988826447e-46
gaussian,400,0.10000000000000001,PLM_MC,36.75,0.0064638713079587205,1.2382459711806558e-90,2.9583151296679066e-45
gaussian,400,0.10000000000000001,PLM_MC,37.25,0.0029802558349892572,1.4473001645291398e-88,1.7510694839088609e-44
gaussian,400,0.10000000000000001,PLM_MC,37.75,0.0013001543065751825,1.6004070856991646e-86,1.0189093069128238e-43
gaussian,400,0.10000000000000001,PLM_MC,38.25,0.0005366810613521174,1.674261198243687e-84,5.8291011936673516e-43
gaussian,400,0.10000000000000001,PLM_MC,38.75,0.00020961248401428069,1.6570575394038535e-82,3.279148934149815e-42
gaussian,400,0.10000000000000001,PLM_MC,39.25,7.7463475660144112e-05,1.5515806073559298e-80,1.8141477899610542e-41
gaussian,400,0.10000000000000001,PLM_MC,39.75,2.7086644187709968e-05,1.3744667287824868e-78,9.8717389396511612e-41
gaussian,400,0.10000000000000001,PLM_MC,40.25,8.9617168578499812e-06,1.151908605840987e-76,5.2842181299838681e-40
gaussian,400,0.10000000000000001,PLM_MC,40.75,2.805462080291371e-06,9.1332741774944847e-75,2.7828493296711658e-39
gaussian,400,0.10000000000000001,PLM_MC,41.25,8.3098676871119177e-07,6.8511020544828789e-73,1.4420345091937408e-38
gaussian,400,0.10000000000000001,PLM_MC,41.75,2.3289473156464855e-07,4.8620637210248339e-71,7.3534846072433821e-38
gaussian,400,0.10000000000000001,PLM_MC,42.25,6.1759016924693913e-08,3.264434297492065e-69,3.6905955745540919e-37
gaussian,400,0.10000000000000001,PLM_MC,42.75,1.549585421550539e-08,2.0735910640506034e-67,1.8232212483638124e-36
gaussian,400,0.10000000000000001,PLM_MC,43.25,3.6787846732318305e-09,1.2461405151221231e-65,8.8669810874978994e-36
gaussian,400,0.10000000000000001,PLM_MC,43.75,8.2635404032736578e-10,7.0850102165086812e-64,4.2458011909666508e-35
gaussian,400,0.10000000000000001,PLM_MC,44.25,1.7563056663586188e-10,3.8110474312064361e-62,2.0019135129875493e-34
gaussian,400,0.10000000000000001,PLM_MC,44.75,3.5318757270266376e-11,1.9394540397384177e-60,9.2958190914397374e-34
gaussian,400,0.10000000000000001,PLM_MC,45.25,6.720185704095718e-12,9.3378471821560134e-59,4.2515029215607682e-33
gaussian,400,0.10000000000000001,PLM_MC,45.75,1.2098369706947906e-12,4.2535058912334405e-57,1.915431804882364e-32
gaussian,400,0.10000000000000001,PLM_MC,46.25,2.0608258731883101e-13,1.8330790986179901e-55,8.5019532520969045e-32
gaussian,400,0.10000000000000001,PLM_MC,46.75,3.32141965274349e-14,7.473949432002463e-54,3.7184230248109766e-31
gaussian,400,0.10000000000000001,PLM_MC,47.25,5.0649286703574024e-15,2.8830673534146148e-52,1.6026897167558242e-30
gaussian,400,0.10000000000000001,PLM_MC,47.75,7.3078421136059479e-16,1.0521944676303421e-50,6.8085695337930867e-30
gaussian,400,0.10000000000000001,PLM_MC,48.25,9.9763187299063161e-17,3.6330782212603504e-49,2.8513232867067579e-29
gaussian,400,0.10000000000000001,PLM_MC,48.75,1.2885933928463541e-17,1.1868392918202003e-47,1.1773167388782827e-28
gaussian,400,0.10000000000000001,PLM_MC,49.25,1.574798474153022e-18,3.6681614880766029e-46,4.7937226788943638e-28
gaussian,400,0.10000000000000001,PLM_MC,49.75,1.8209442012348391e-19,1.0726184913763865e-44,1.9251593886901936e-27
gaussian,400,0.10000000000000001,PLM_MC,50.25,1.9921861502908032e-20,2.9674496460687887e-43,7.6271433201428069e-27
gaussian,400,0.10000000000000001,PLM_MC,50.75,2.0621671839623482e-21,7.7671847010728729e-42,2.9816206058762561e-26
gaussian,400,0.10000000000000001,PLM_MC,51.25,2.0196566623325172e-22,1.9234772699037504e-40,1.1503750761773761e-25
gaussian,400,0.10000000000000001,PLM_MC,51.75,1.8715006371449644e-23,4.5066579469365438e-39,4.3816032788080442e-25
gaussian,400,0.10000000000000001,PLM_MC,52.25,1.6408172091638449e-24,9.9900396552230441e-38,1.6479829963801643e-24
gaussian,400,0.10000000000000001,PLM_MC,52.75,1.3610912551087849e-25,2.0952018778669732e-36,6.12250272717662e-24
gaussian,400,0.10000000000000001,PLM_MC,53.25,1.0682431775721122e-26,4.1574932920676779e-35,2.2475254694312169e-23
gaussian,400,0.10000000000000001,PLM_MC,53.75,7.9324597368587958e-28,7.8052215654120522e-34,8.1552291383121117e-23
gaussian,400,0.10000000000000001,PLM_MC,54.25,5.5731343030239449e-29,1.3863978914236972e-32,2.9261425279921781e-22
gaussian,400,0.10000000000000001,PLM_MC,54.750000000000007,3.7046232122634539e-30,2.329917255675422e-31,1.0386550596413164e-21
gaussian,400,0.10000000000000001,PLM_MC,55.250000000000007,2.3299172556752342e-31,3.7046232122637783e-30,3.6489772316927021e-21
gaussian,400,0.10000000000000001,PLM_MC,55.750000000000007,1.3863978914236129e-32,5.5731343030242554e-29,1.2694701834157984e-20
gaussian,400,0.10000000000000001,PLM_MC,56.25,7.8052215654118452e-34,7.9324597368586648e-28,4.3759730717460868e-20
gaussian,400,0.10000000000000001,PLM_MC,56.749999999999993,4.1574932920679029e-35,1.0682431775720784e-26,1.4955454866370883e-19
gaussian,400,0.10000000000000001,PLM_MC,57.249999999999993,2.09520187786704e-36,1.3610912551087358e-25,5.0709933629826482e-19
gaussian,400,0.10000000000000001,PLM_MC,57.749999999999993,9.9900396552234596e-38,1.6408172091637804e-24,1.7071590727829657e-18
gaussian,400,0.10000000000000001,PLM_MC,58.25,4.5066579469367624e-39,1.8715006371449415e-23,5.7106319164032089e-18
gaussian,400,0.10000000000000001,PLM_MC,58.75,1.9234772699037504e-40,2.0196566623325172e-22,1.899703163626416e-17
gaussian,400,0.10000000000000001,PLM_MC,59.25,7.7671847010728729e-42,2.0621671839623482e-21,6.2901040895820269e-17
gaussian,400,0.10000000000000001,PLM_MC,59.75,2.9674496460687887e-43,1.9921861502908032e-20,2.0748723336444561e-16
gaussian,400,0.10000000000000001,PLM_MC,60.25,1.0726184913763865e-44,1.8209442012348391e-19,6.8246837802637328e-16
gaussian,400,0.10000000000000001,PLM_MC,60.75,3.6681614880766029e-46,1.574798474153022e-18,2.2403951279491194e-15
gaussian,400,0.10000000000000001,PLM_MC,61.25,1.1868392918202003e-47,1.2885933928463541e-17,7.3468169305849722e-15
gaussian,400,0.10000000000000001,PLM_MC,61.75,3.6330782212603504e-49,9.9763187299063161e-17,2.4086127225133327e-14
gaussian,400,0.10000000000000001,PLM_MC,62.25,1.0521944676303421e-50,7.3078421136059479e-16,7.9005803756921417e-14
gaussian,400,0.10000000000000001,PLM_MC,62.75,2.8830673534146148e-52,5.0649286703574024e-15,2.5945954894432052e-13
gaussian,400,0.10000000000000001,PLM_MC,63.25,7.473949432002463e-54,3.32141965274349e-14,8.5359451764603557e-13
gaussian,400,0.10000000000000001,PLM_MC,63.75,1.8330790986179901e-55,2.0608258731883101e-13,2.8145786671462924e-12
gaussian,400,0.10000000000000001,PLM_MC,64.25,4.2535058912334405e-57,1.2098369706947906e-12,9.3050694564154449e-12
gaussian,400,0.10000000000000001,PLM_MC,64.75,9.3378471821560134e-59,6.720185704095718e-12,3.0852728410021022e-11
gaussian,400,0.10000000000000001,PLM_MC,65.25,1.9394540397384177e-60,3.5318757270266376e-11,1.0261746678483933e-10
gaussian,400,0.10000000000000001,PLM_MC,65.75,3.8110474312064361e-62,1.7563056663586188e-10,3.4241785153355008e-10
gaussian,400,0.10000000000000001,PLM_MC,66.25,7.0850102165086812e-64,8.2635404032736578e-10,1.1463704411173276e-09
gaussian,400,0.10000000000000001,PLM_MC,66.75,1.2461405151221231e-65,3.6787846732318305e-09,3.8506120836082941e-09
gaussian,400,0.10000000000000001,PLM_MC,67.25,2.0735910640506034e-67,1.549585421550539e-08,1.2976378473389386e-08
gaussian,400,0.10000000000000001,PLM_MC,67.75,3.264434297492065e-69,6.1759016924693913e-08,4.3869372009496404e-08
gaussian,400,0.10000000000000001,PLM_MC,68.25,4.8620637210248339e-71,2.3289473156464855e-07,1.4876582664277937e-07
gaussian,400,0.10000000000000001,PLM_MC,68.75,6.8511020544828789e-73,8.3098676871119177e-07,5.0595819894276629e-07
gaussian,400,0.10000000000000001,PLM_MC,69.25,9.1332741774944847e-75,2.805462080291371e-06,1.7255184784541212e-06
gaussian,400,0.10000000000000001,PLM_MC,69.75,1.151908605840987e-76,8.9617168578499812e-06,5.8997312595027247e-06
gaussian,400,0.10000000000000001,PLM_MC,70.25,1.3744667287824868e-78,2.7086644187709968e-05,2.0219002844009317e-05
gaussian,400,0.10000000000000001,PLM_MC,70.75,1.5515806073559298e-80,7.7463475660144112e-05,6.9439170641192281e-05
gaussian,400,0.10000000000000001,PLM_MC,71.25,1.6570575394038535e-82,0.00020961248401428069,0.00023892909174477801
gaussian,400,0.10000000000000001,PLM_MC,71.75,1.674261198243687e-84,0.0005366810613521174,0.00079375388110871671
gaussian,400,0.10000000000000001,PLM_MC,72.25,1.6004070856991646e-86,0.0013001543065751825,0.0021868570637235706
gaussian,400,0.10000000000000001,PLM_MC,72.75,1.4473001645291398e-88,0.0029802558349892572,0.0051128719149375482
gaussian,400,0.10000000000000001,PLM_MC,73.25,1.2382459711806558e-90,0.0064638713079587205,0.010645722403328879
gaussian,400,0.10000000000000001,PLM_MC,73.75,1.0022468169693816e-92,0.01326516998770776,0.020321720290174445
gaussian,400,0.10000000000000001,PLM_MC,74.25,7.6746961744397911e-95,0.025758129949459849,0.036196252960724255
gaussian,400,0.10000000000000001,PLM_MC,74.75,5.5598841967139978e-97,0.047325763517469137,0.060857589644901525
gaussian,400,0.10000000000000001,PLM_MC,75.25,3.8105499903839356e-99,0.082274089358194719,0.097385267809939363
gaussian,400,0.10000000000000001,PLM_MC,75.75,2.4707355778510861e-101,0.13533528095565894,0.14922745038169885
gaussian,400,0.10000000000000001,PLM_MC,76.25,1.5155870917754113e-103,0.21064044631089568,0.21993015727240503
gaussian,400,0.10000000000000001,PLM_MC,76.75,8.7953048135199631e-106,0.31020983760828968,0.31256696456020649
gaussian,400,0.10000000000000001,PLM_MC,77.25,4.8287599568741481e-108,0.43226758151908928,0.42857196637463379
gaussian,400,0.10000000000000001,PLM_MC,77.75,2.5080398224404083e-110,0.56994542239179147,0.56542935835916341
gaussian,400,0.10000000000000001,PLM_MC,78.25,1.2323858534232878e-112,0.71104575448692653,0.71220095777766901
gaussian,400,0.10000000000000001,PLM_MC,78.75,5.7289077838712314e-115,0.83935491180663835,0.84095257428483317
gaussian,400,0.10000000000000001,PLM_MC,79.25,2.5194700779047881e-117,0.93751373301239227,0.89389218164487061
gaussian,400,0.10000000000000001,PLM_MC,79.75,1.0482339688612536e-119,0.99081739365772359,0.89376911447343943
gaussian,400,0.10000000000000001,PLM_MC,80.25,4.1258964063751506e-122,0.99081739365772359,0.8901044006847153
gaussian,400,0.10000000000000001,PLM_MC,80.75,1.5363455249679772e-124,0.93751373301239227,0.87364647222895209
gaussian,400,0.10000000000000001,PLM_MC,81.25,5.4121447561387576e-127,0.83935491180663835,0.8323675913902655
gaussian,400,0.10000000000000001,PLM_MC,81.75,1.8036791093263672e-129,0.71104575448692653,0.76342447401173508
gaussian,400,0.10000000000000001,PLM_MC,82.25,5.6866692041863252e-132,0.56994542239179147,0.66733354509360621
gaussian,400,0.10000000000000001,PLM_MC,82.75,1.6961526594972429e-134,0.43226758151908928,0.5474345038712225
gaussian,400,0.10000000000000001,PLM_MC,83.25,4.7860767762647408e-137,0.31020983760828968,0.4093960309534449
gaussian,400,0.10000000000000001,PLM_MC,83.75,1.2776197474953692e-139,0.21064044631089568,0.26180888138853525
gaussian,400,0.10000000000000001,PLM_MC,84.25,3.2264897539639332e-142,0.13533528095565894,0.12023545473893556
gaussian,400,0.10000000000000001,PLM_MC,84.75,7.7084166646794762e-145,0.082274089358194719,0.018594060402955099
gaussian,400,0.10000000000000001,PLM_MC,85.25,1.7422312350615947e-147,0.047325763517469137,-1.4206240110307578e-18
gaussian,400,0.10000000000000001,PLM_MC,85.75,3.7252176024985683e-150,0.025758129949459849,-1.3949431975005898e-18
gaussian,400,0.10000000000000001,PLM_MC,86.25,7.535329658772136e-153,0.01326516998770776,-1.2627669216631249e-18
gaussian,400,0.10000000000000001,PLM_MC,86.75,1.4419730959227927e-155,0.0064638713079587205,-1.0134009391267396e-18
gaussian,400,0.10000000000000001,PLM_MC,87.25,2.6104530553256889e-158,0.0029802558349892572,-6.6834807943852572e-19
gaussian,400,0.10000000000000001,PLM_MC,87.75,4.4707253843875347e-161,0.0013001543065751825,-3.0458182273644243e-19
gaussian,400,0.10000000000000001,PLM_MC,88.25,7.2434093904405302e-164,0.0005366810613521174,-4.3023740567691826e-20
gaussian,400,0.10000000000000001,PLM_MC,88.75,1.110223877799716e-166,0.00020961248401428069,6.5481978933808073e-22
gaussian,400,0.10000000000000001,PLM_MC,89.25,1.6098305307890998e-169,7.7463475660144112e-05,6.4246946639837953e-22
gaussian,400,0.10000000000000001,PLM_MC,89.75,2.2082660613823784e-172,2.7086644187709968e-05,5.6816269394459702e-22
gaussian,400,0.10000000000000001,PLM_MC,90.25,2.865654733798599e-175,8.9617168578499812e-06,3.9660387939052454e-22
gaussian,400,0.10000000000000001,PLM_MC,90.75,3.5180106454759892e-178,2.805462080291371e-06,1.8547556754832904e-22
gaussian,400,0.10000000000000001,PLM_MC,91.25,4.0857412073436646e-181,8.3098676871119177e-07,2.7256460516731335e-23
gaussian,400,0.10000000000000001,PLM_MC,91.75,4.4889481261414988e-184,2.3289473156464855e-07,5.4792291006192698e-188
gaussian,400,0.10000000000000001,PLM_MC,92.25,4.6657123372592864e-187,6.1759016924693913e-08,5.7654228348669389e-187
gaussian,400,0.10000000000000001,PLM_MC,92.75,4.5876533240074568e-190,1.549585421550539e-08,5.0206550621449431e-186
gaussian,400,0.10000000000000001,PLM_MC,93.25,4.2673878181510019e-193,3.6787846732318305e-09,3.878739163822966e-185
gaussian,400,0.10000000000000001,PLM_MC,93.75,3.7551920776900123e-196,8.2635404032736578e-10,2.6966736341880318e-184
gaussian,400,0.10000000000000001,PLM_MC,94.25,3.1260819659708616e-199,1.7563056663586188e-10,1.704376601268769e-183
gaussian,400,0.10000000000000001,PLM_MC,94.75,2.4618771352528383e-202,3.5318757270266376e-11,9.8744019295176505e-183
gaussian,400,0.10000000000000001,PLM_MC,95.25,1.8341288841093893e-205,6.720185704095718e-12,5.2807390498895008e-182
gaussian,400,0.10000000000000001,PLM_MC,95.75,1.2926782639492832e-208,1.2098369706947906e-12,2.6224006247820715e-181
gaussian,400,0.10000000000000001,PLM_MC,96.25,8.6188203433280492e-212,2.0608258731883101e-13,1.2154855687101998e-180
gaussian,400,0.10000000000000001,PLM_MC,96.75,5.4362781113090602e-215,3.32141965274349e-14,5.281852695372667e-180
gaussian,400,0.10000000000000001,PLM_MC,97.25,3.2437818404201462e-218,5.0649286703574024e-15,2.1602960847263853e-179
gaussian,400,0.10000000000000001,PLM_MC,97.75,1.8310382879326304e-221,7.3078421136059479e-16,8.3452897557008906e-179
gaussian,400,0.10000000000000001,PLM_MC,98.25,9.7777452307610052e-225,9.9763187299063161e-17,3.0543496531083575e-178
gaussian,400,0.10000000000000001,PLM_MC,98.75,4.9394114690073506e-228,1.2885933928463541e-17,1.0620765593953781e-177
gaussian,400,0.10000000000000001,PLM_MC,99.25,2.3605140557182057e-231,1.574798474153022e-18,3.5175954667856116e-177
gaussian,400,0.10000000000000001,PLM_MC,99.75,1.0671674647092527e-234,1.8209442012348391e-19,1.1121961078174198e-176
gaussian,400,0.10000000000000001,PLM_MC,100.25,4.5640760406602172e-238,1.9921861502908424e-20,3.3640879872484808e-176
gaussian,400,0.10000000000000001,PLM_MC,100.75,1.8465760180530717e-241,2.0621671839624332e-21,9.752878419524317e-176
gaussian,400,0.10000000000000001,PLM_MC,101.25,7.0676535757226893e-245,2.0196566623325658e-22,2.7148138487206735e-175
gaussian,400,0.10000000000000001,PLM_MC,101.75,2.5590382982323944e-248,1.8715006371450632e-23,7.2676266119686158e-175
gaussian,400,0.10000000000000001,PLM_MC,102.25,8.7653954508196459e-252,1.6408172091638786e-24,1.8738807719682489e-174
gaussian,400,0.10000000000000001,PLM_MC,102.75,2.8402670376555085e-255,1.3610912551088474e-25,4.6600795354988872e-174
gaussian,400,0.10000000000000001,PLM_MC,103.25,8.7064177757327922e-259,1.0682431775721348e-26,1.1192076136240973e-173
gaussian,400,0.10000000000000001,PLM_MC,103.75,2.5247143272894142e-262,7.9324597368591832e-28,2.5990872593710875e-173
gaussian,400,0.10000000000000001,PLM_MC,104.25,6.9259148259432187e-266,5.5731343030240402e-29,5.8427541104134491e-173
gaussian,400,0.10000000000000001,PLM_MC,104.75,1.7973553963570837e-269,3.7046232122636381e-30,1.2728129672793617e-172
gaussian,400,0.10000000000000001,PLM_MC,105.25,4.4124768654730575e-273,2.3299172556753034e-31,2.6896662796728775e-172
gaussian,400,0.10000000000000001,PLM_MC,105.75,1.0247604389836399e-276,1.3863978914236671e-32,5.5186275074098407e-172
gaussian,400,0.10000000000000001,PLM_MC,106.25,2.2514041032861653e-280,7.8052215654120522e-34,1.1004046488944116e-171
gaussian,400,0.10000000000000001,PLM_MC,106.75,4.6792421069904345e-284,4.1574932920676779e-35,2.1341843494774869e-171
gaussian,400,0.10000000000000001,PLM_MC,107.25,9.2000102867270423e-288,2.0952018778669732e-36,4.0292175781638375e-171
gaussian,400,0.10000000000000001,PLM_MC,107.75,1.7111639375053288e-291,9.9900396552230441e-38,7.41059514223635e-171
gaussian,400,0.10000000000000001,PLM_MC,108.25,3.0108229277994623e-295,4.5066579469365438e-39,1.3287645383318102e-170
gaussian,400,0.10000000000000001,PLM_MC,108.75,5.0115132566240711e-299,1.9234772699036974e-40,2.3243985025326422e-170
gaussian,400,0.10000000000000001,PLM_MC,109.25,7.8911884176594854e-303,7.7671847010722867e-42,3.9694751299764784e-170
gaussian,400,0.10000000000000001,PLM_MC,109.75,1.1754538816430952e-306,2.9674496460687058e-43,6.6221081901373253e-170
gaussian,400,0.10000000000000001,PLM_MC,110.25,1.6563733026717291e-310,1.0726184913763019e-44,1.0798672537769325e-169
gaussian,400,0.10000000000000001,PLM_MC,110.75,2.2080052079334144e-314,3.6681614880765345e-46,1.7223288207833119e-169
gaussian,400,0.10000000000000001,PLM_MC,111.25,2.7843810569852211e-318,1.1868392918201357e-47,2.6883476280275276e-169
gaussian,400,0.10000000000000001,PLM_MC,111.75,3.4090529563046012e-322,3.6330782212602471e-49,4.1088733130724711e-169
gaussian,400,0.10000000000000001,PLM_MC,112.25,0,1.0521944676302521e-50,6.1526954303252813e-169
gaussian,400,0.10000000000000001,PLM_MC,112.75,0,2.8830673534146975e-52,9.0311831421281287e-169
gaussian,400,0.10000000000000001,PLM_MC,113.25,0,7.4739494320031271e-54,1.3001284923278494e-168
gaussian,400,0.10000000000000001,PLM_MC,113.75,0,1.8330790986180433e-55,1.8365867958788308e-168
gaussian,400,0.10000000000000001,PLM_MC,114.25,0,4.2535058912338327e-57,2.547049556372838e-168
gaussian,400,0.10000000000000001,PLM_MC,114.75,0,9.3378471821561956e-59,3.46958889855892e-168
gaussian,400,0.10000000000000001,PLM_MC,115.25,0,1.9394540397385407e-60,4.6445610314852074e-168
gaussian,400,0.10000000000000001,PLM_MC,115.75,0,3.8110474312065483e-62,6.1128927940735009e-168
gaussian,400,0.10000000000000001,PLM_MC,116.25,0,7.0850102165093802e-64,7.9139352780265567e-168
gaussian,400,0.10000000000000001,PLM_MC,116.75,0,1.2461405151221231e-65,1.0082990666468088e-167
gaussian,400,0.10000000000000001,PLM_MC,117.25,0,2.0735910640506034e-67,1.2648673022427927e-167
gaussian,400,0.10000000000000001,PLM_MC,117.75,0,3.264434297492065e-69,1.5630307494101349e-167
gaussian,400,0.10000000000000001,PLM_MC,118.25,0,4.8620637210248339e-71,1.9035597637338494e-167
gaussian,400,0.10000000000000001,PLM_MC,118.75,0,6.8511020544828789e-73,2.2858791522128357e-167
gaussian,400,0.10000000000000001,PLM_MC,119.25,0,9.1332741774944847e-75,2.7079551254351663e-167
gaussian,400,0.10000000000000001,PLM_MC,119.75,0,1.151908605840987e-76,3.166267852596166e-167
gaussian,400,0.10000000000000001,PLM_MC,120.25,0,1.3744667287824868e-78,3.6558775683368451e-167
gaussian,400,0.10000000000000001,PLM_MC,120.75,0,1.5515806073559298e-80,4.1705835745733274e-167
gaussian,400,0.10000000000000001,PLM_MC,121.25,0,1.6570575394038199e-82,4.7031666122653178e-167
gaussian,400,0.10000000000000001,PLM_MC,121.75,0,1.6742611982435561e-84,5.2456970384189321e-167
gaussian,400,0.10000000000000001,PLM_MC,122.25,0,1.6004070856991157e-86,5.7898850185305065e-167
gaussian,400,0.10000000000000001,PLM_MC,122.75,0,1.4473001645289649e-88,6.3274452690916158e-167
gaussian,400,0.10000000000000001,PLM_MC,123.25,0,1.2382459711806176e-90,6.850448140752771e-167
gaussian,400,0.10000000000000001,PLM_MC,123.75,0,1.0022468169692573e-92,7.3516310078557861e-167
gaussian,400,0.10000000000000001,PLM_MC,124.25,0,7.6746961744396341e-95,7.8246486399225797e-167
gaussian,400,0.10000000000000001,PLM_MC,124.75,0,5.5598841967135248e-97,8.2642477974458056e-167
gaussian,400,0.10000000000000001,PLM_MC,125.25,0,3.8105499903840143e-99,8.666358863271681e-167
gaussian,400,0.10000000000000001,PLM_MC,125.75,0,2.4707355778513018e-101,9.0281049924604182e-167
gaussian,400,0.10000000000000001,PLM_MC,126.25,0,1.5155870917754581e-103,9.3477362175455884e-167
gaussian,400,0.10000000000000001,PLM_MC,126.75,0,8.7953048135211462e-106,9.6245015389837943e-167
gaussian,400,0.10000000000000001,PLM_MC,127.25,0,4.8287599568742986e-108,9.8584758539492744e-167
gaussian,400,0.10000000000000001,PLM_MC,127.75,0,2.508039822440754e-110,1.0050360473976431e-166
gaussian,400,0.10000000000000001,PLM_MC,128.25,0,1.2323858534232878e-112,1.0201276027388552e-166
gaussian,400,0.10000000000000001,PLM_MC,128.75,0,5.7289077838712314e-115,1.031256499166039e-166
gaussian,400,0.10000000000000001,PLM_MC,129.25,0,2.5194700779047881e-117,1.0385618327064891e-166
gaussian,400,0.10000000000000001,PLM_MC,129.75,0,1.0482339688612536e-119,1.0421737110696966e-166
gaussian,400,0.10000000000000001,PLM_MC,130.25,0,4.1258964063751506e-122,1.0422036117238337e-166
gaussian,400,0.10000000000000001,PLM_MC,130.75,0,1.5363455249679772e-124,1.0387392328282834e-166
gaussian,400,0.10000000000000001,PLM_MC,131.25,0,5.4121447561387576e-127,1.0318437669952394e-166
gaussian,400,0.10000000000000001,PLM_MC,131.75,0,1.8036791093263672e-129,1.0215592090378491e-166
gaussian,400,0.10000000000000001,PLM_MC,132.25,0,5.6866692041863252e-132,1.0079130527629467e-166
gaussian,400,0.10000000000000001,PLM_MC,132.75,0,1.6961526594972429e-134,9.9092754523003556e-167
gaussian,400,0.10000000000000001,PLM_MC,133.25,0,4.7860767762647408e-137,9.7063055144027027e-167
gaussian,400,0.10000000000000001,PLM_MC,133.75,0,1.2776197474953692e-139,9.4706703625865032e-167
gaussian,400,0.10000000000000001,PLM_MC,134.25,0,3.2264897539639332e-142,9.2031018910850353e-167
gaussian,400,0.10000000000000001,PLM_MC,134.75,0,7.7084166646794762e-145,8.9047129432353396e-167
gaussian,400,0.10000000000000001,PLM_MC,135.25,0,1.7422312350615947e-147,8.5770757808128361e-167
gaussian,400,0.10000000000000001,PLM_MC,135.75,0,3.7252176024985683e-150,8.2222743204973024e-167
gaussian,400,0.10000000000000001,PLM_MC,136.25,0,7.535329658772136e-153,7.8429261311972832e-167
gaussian,400,0.10000000000000001,PLM_MC,136.75,0,1.4419730959227927e-155,7.4421723525373543e-167
gaussian,400,0.10000000000000001,PLM_MC,137.25,0,2.6104530553256889e-158,7.0236358984935058e-167
gaussian,400,0.10000000000000001,PLM_MC,137.75,0,4.4707253843875347e-161,6.5913504098239778e-167
gaussian,400,0.10000000000000001,PLM_MC,138.25,0,7.2434093904405302e-164,6.1496642787298758e-167
gaussian,400,0.10000000000000001,PLM_MC,138.75,0,1.110223877799716e-166,5.703125569180485e-167
gaussian,400,0.10000000000000001,PLM_MC,139.25,0,1.6098305307890998e-169,5.2563547030840716e-167
gaussian,400,0.10000000000000001,PLM_MC,139.75,0,2.2082660613823784e-172,4.8139123176640462e-167
gaussian,400,0.10000000000000001,PLM_MC,140.25,0,2.865654733798599e-175,4.3801697053979289e-167
gaussian,400,0.10000000000000001,PLM_MC,140.75,0,3.5180106454759892e-178,3.9591887492433215e-167
gaussian,400,0.10000000000000001,PLM_MC,141.25,0,4.0857412073436646e-181,3.554617326421984e-167
gaussian,400,0.10000000000000001,PLM_MC,141.75,0,4.4889481261414988e-184,3.1696048698994062e-167
gaussian,400,0.10000000000000001,PLM_MC,142.25,0,4.6657123372592864e-187,2.8067412662849862e-167
gaussian,400,0.10000000000000001,PLM_MC,142.75,0,4.5876533240074568e-190,2.4680206609408369e-167
gaussian,400,0.10000000000000001,PLM_MC,143.25,0,4.2673878181510019e-193,2.1548301624351455e-167
gaussian,400,0.10000000000000001,PLM_MC,143.75,0,3.7551920776900123e-196,1.8679620027126015e-167
gaussian,400,0.10000000000000001,PLM_MC,144.25,0,3.1260819659708616e-199,1.6076465078342594e-167
gaussian,400,0.10000000000000001,PLM_MC,144.75,0,2.4618771352528383e-202,1.3736023299487987e-167
gaussian,400,0.10000000000000001,PLM_MC,145.25,0,1.8341288841093893e-205,1.1650998164880875e-167
gaussian,400,0.10000000000000001,PLM_MC,145.75,0,1.2926782639492832e-208,9.8103314941384818e-168
gaussian,400,0.10000000000000001,PLM_MC,146.25,0,8.6188203433280492e-212,8.1999695098892929e-168
gaussian,400,0.10000000000000001,PLM_MC,146.75,0,5.4362781113090602e-215,6.8036337730252646e-168
gaussian,400,0.10000000000000001,PLM_MC,147.25,0,3.2437818404201462e-218,5.6035624682516254e-168
gaussian,400,0.10000000000000001,PLM_MC,147.75,0,1.8310382879326304e-221,4.5811941191610736e-168
gaussian,400,0.10000000000000001,PLM_MC,148.25,0,9.7777452307610052e-225,3.7177730967897148e-168
gaussian,400,0.10000000000000001,PLM_MC,148.75,0,4.9394114690073506e-228,2.9948636371096344e-168
gaussian,400,0.10000000000000001,PLM_MC,149.25,0,2.3605140557182057e-231,2.3947659882205958e-168
gaussian,400,0.10000000000000001,PLM_MC,149.75,0,1.0671674647092527e-234,1.9008343785000526e-168
gaussian,400,0.10000000000000001,PLM_MC,150.25,0,4.5640760406601197e-238,1.4977014780834021e-168
gaussian,400,0.10000000000000001,PLM_MC,150.75,0,1.8465760180528026e-241,1.171417792930441e-168
gaussian,400,0.10000000000000001,PLM_MC,151.25,0,7.0676535757225397e-245,9.0951697308661672e-169
gaussian,400,0.10000000000000001,PLM_MC,151.75,0,2.5590382982320149e-248,7.0101941642665557e-169
gaussian,400,0.10000000000000001,PLM_MC,152.25,0,8.7653954508192737e-252,5.36386954285878e-169
gaussian,400,0.10000000000000001,PLM_MC,152.75,0,2.840267037654652e-255,4.0744100412764621e-169
gaussian,400,0.10000000000000001,PLM_MC,153.25,0,8.7064177757326062e-259,3.0725557113213424e-169
gaussian,400,0.10000000000000001,PLM_MC,153.75,0,2.524714327289028e-262,2.3003507601127963e-169
gaussian,400,0.10000000000000001,PLM_MC,154.25,0,6.9259148259432187e-266,1.7098536256833728e-169
gaussian,400,0.10000000000000001,PLM_MC,154.75,0,1.7973553963570837e-269,1.2618454932473617e-169
gaussian,400,0.10000000000000001,PLM_MC,155.25,0,4.4124768654730575e-273,9.2458755478568086e-170
gaussian,400,0.10000000000000001,PLM_MC,155.75,0,1.0247604389836399e-276,6.7266238945903298e-170
gaussian,400,0.10000000000000001,PLM_MC,156.25,0,2.2514041032861653e-280,4.8592187737738573e-170
gaussian,400,0.10000000000000001,PLM_MC,156.75,0,4.6792421069904345e-284,3.4855332250896102e-170
gaussian,400,0.10000000000000001,PLM_MC,157.25,0,9.2000102867270423e-288,2.4826699762860564e-170
gaussian,400,0.10000000000000001,PLM_MC,157.75,0,1.7111639375053288e-291,1.7560201587904606e-170
gaussian,400,0.10000000000000001,PLM_MC,158.25,0,3.0108229277994623e-295,1.2334305040888426e-170
gaussian,400,0.10000000000000001,PLM_MC,158.75,0,5.0115132566242844e-299,8.6037674442287792e-171
gaussian,400,0.10000000000000001,PLM_MC,159.25,0,7.8911884176621055e-303,5.9602665100230305e-171
gaussian,400,0.10000000000000001,PLM_MC,159.75,0,1.1754538816431203e-306,4.1007198114634256e-171
gaussian,400,0.10000000000000001,PLM_MC,160.25,0,1.6563733026719762e-310,2.8021176809383262e-171
gaussian,400,0.10000000000000001,PLM_MC,160.75,0,2.2080052079334144e-314,1.9017745531637838e-171
gaussian,400,0.10000000000000001,PLM_MC,161.25,0,2.7843810569852211e-318,1.2820137038825785e-171
gaussian,400,0.10000000000000001,PLM_MC,161.75,0,3.4090529563046012e-322,8.5842410321730465e-172
gaussian,400,0.10000000000000001,PLM_MC,162.25,0,0,5.7095435660726477e-172
gaussian,400,0.10000000000000001,PLM_MC,162.75,0,0,3.7722962651149288e-172
gaussian,400,0.10000000000000001,PLM_MC,163.25,0,0,2.4758810354381852e-172
gaussian,400,0.10000000000000001,PLM_MC,163.75,0,0,1.6143138795295841e-172
gaussian,400,0.10000000000000001,PLM_MC,164.25,0,0,1.0456709549503738e-172
gaussian,400,0.10000000000000001,PLM_MC,164.75,0,0,6.7292329705750834e-173
gaussian,400,0.10000000000000001,PLM_MC,165.25,0,0,4.3024328126854806e-173
gaussian,400,0.10000000000000001,PLM_MC,165.75,0,0,2.7330976969136332e-173
gaussian,400,0.10000000000000001,PLM_MC,166.25,0,0,1.7250560104351824e-173
gaussian,400,0.10000000000000001,PLM_MC,166.75,0,0,1.0818639018506406e-173
gaussian,400,0.10000000000000001,PLM_MC,167.25,0,0,6.7418297220765543e-174
gaussian,400,0.10000000000000001,PLM_MC,167.75,0,0,4.1747734564814881e-174
gaussian,400,0.10000000000000001,PLM_MC,168.25,0,0,2.5689297212794925e-174
gaussian,400,0.10000000000000001,PLM_MC,168.75,0,0,1.5709046363114633e-174
gaussian,400,0.10000000000000001,PLM_MC,169.25,0,0,9.5464024432285042e-175
gaussian,400,0.10000000000000001,PLM_MC,169.75,0,0,5.7654859917416864e-175
gaussian,400,0.10000000000000001,PLM_MC,170.25,0,0,3.4606065652221621e-175
gaussian,400,0.10000000000000001,PLM_MC,170.75,0,0,2.0644407603952433e-175
gaussian,400,0.10000000000000001,PLM_MC,171.25,0,0,1.2240529100501824e-175
gaussian,400,0.10000000000000001,PLM_MC,171.75,0,0,7.2137170828967017e-176
gaussian,400,0.10000000000000001,PLM_MC,172.25,0,0,4.2256415633255049e-176
gaussian,400,0.10000000000000001,PLM_MC,172.75,0,0,2.4604482173662341e-176
gaussian,400,0.10000000000000001,PLM_MC,173.25,0,0,1.4240889503608126e-176
gaussian,400,0.10000000000000001,PLM_MC,173.75,0,0,8.1935952813453677e-177
gaussian,400,0.10000000000000001,PLM_MC,174.25,0,0,4.6864015119212602e-177
gaussian,400,0.10000000000000001,PLM_MC,174.75,0,0,2.6646800107180194e-177
gaussian,400,0.10000000000000001,PLM_MC,175.25,0,0,1.5062744335202928e-177
gaussian,400,0.10000000000000001,PLM_MC,175.75,0,0,8.46504755249244e-178
gaussian,400,0.10000000000000001,PLM_MC,176.25,0,0,4.7297004872691602e-178
gaussian,400,0.10000000000000001,PLM_MC,176.75,0,0,2.6274193733548324e-178
gaussian,400,0.10000000000000001,PLM_MC,177.25,0,0,1.451206302031574e-178
gaussian,400,0.10000000000000001,PLM_MC,177.75,0,0,7.9697608387620624e-179
gaussian,400,0.10000000000000001,PLM_MC,178.25,0,0,4.3520118741126077e-179
gaussian,400,0.10000000000000001,PLM_MC,178.75,0,0,2.3630650400582243e-179
gaussian,400,0.10000000000000001,PLM_MC,179.25,0,0,1.275892749250918e-179
gaussian,400,0.10000000000000001,PLM_MC,179.75,0,0,6.8504251068688517e-180
gaussian,400,0.10000000000000001,PLM_MC,180.25,0,0,3.6576117368326418e-180
gaussian,400,0.10000000000000001,PLM_MC,180.75,0,0,1.9420757919762257e-180
gaussian,400,0.10000000000000001,PLM_MC,181.25,0,0,1.0254982098602644e-180
gaussian,400,0.10000000000000001,PLM_MC,181.75,0,0,5.3853677407393207e-181
gaussian,400,0.10000000000000001,PLM_MC,182.25,0,0,2.8126715244139053e-181
gaussian,400,0.10000000000000001,PLM_MC,182.75,0,0,1.4610236014892154e-181
gaussian,400,0.10000000000000001,PLM_MC,183.25,0,0,7.5481632051309032e-182
gaussian,400,0.10000000000000001,PLM_MC,183.75,0,0,3.8786656286325255e-182
gaussian,400,0.10000000000000001,PLM_MC,184.25,0,0,1.9824009136470353e-182
gaussian,400,0.10000000000000001,PLM_MC,184.75,0,0,1.0078124221146989e-182
gaussian,400,0.10000000000000001,PLM_MC,185.25,0,0,5.0963340028629632e-183
gaussian,400,0.10000000000000001,PLM_MC,185.75,0,0,2.5635205925981104e-183
gaussian,400,0.10000000000000001,PLM_MC,186.25,0,0,1.2827061874079449e-183
gaussian,400,0.10000000000000001,PLM_MC,186.75,0,0,6.3846872469230539e-184
gaussian,400,0.10000000000000001,PLM_MC,187.25,0,0,3.1614378037083611e-184
gaussian,400,0.10000000000000001,PLM_MC,187.75,0,0,1.5573013367391611e-184
gaussian,400,0.10000000000000001,PLM_MC,188.25,0,0,7.6315719973131488e-185
gaussian,400,0.10000000000000001,PLM_MC,188.75,0,0,3.7206510102205572e-185
gaussian,400,0.10000000000000001,PLM_MC,189.25,0,0,1.8046691907730685e-185
gaussian,400,0.10000000000000001,PLM_MC,189.75,0,0,8.7088353521771918e-186
gaussian,400,0.10000000000000001,PLM_MC,190.25,0,0,4.1813483101505535e-186
gaussian,400,0.10000000000000001,PLM_MC,190.75,0,0,1.9974517615105501e-186
gaussian,400,0.10000000000000001,PLM_MC,191.25,0,0,9.4940114901706535e-187
gaussian,400,0.10000000000000001,PLM_MC,191.75,0,0,4.4900009533305192e-187
gaussian,400,0.10000000000000001,PLM_MC,192.25,0,0,2.1128856082815791e-187
gaussian,400,0.10000000000000001,PLM_MC,192.75,0,0,9.8934547131717133e-188
gaussian,400,0.10000000000000001,PLM_MC,193.25,0,0,4.6096915792679325e-188
gaussian,400,0.10000000000000001,PLM_MC,193.75,0,0,2.137258637913839e-188
gaussian,400,0.10000000000000001,PLM_MC,194.25,0,0,9.8608176008572389e-189
gaussian,400,0.10000000000000001,PLM_MC,194.75,0,0,4.5273976707950192e-189
gaussian,400,0.10000000000000001,PLM_MC,195.25,0,0,2.0685851162825666e-189
gaussian,400,0.10000000000000001,PLM_MC,195.75,0,0,9.4058114280900319e-190
gaussian,400,0.10000000000000001,PLM_MC,196.25,0,0,4.2562415497393373e-190
gaussian,400,0.10000000000000001,PLM_MC,196.75,0,0,1.916780250472785e-190
gaussian,400,0.10000000000000001,PLM_MC,197.25,0,0,8.5909917407788508e-191
gaussian,400,0.10000000000000001,PLM_MC,197.75,0,0,3.8321983225209521e-191
gaussian,400,0.10000000000000001,PLM_MC,198.25,0,0,1.7013554638992026e-191
gaussian,400,0.10000000000000001,PLM_MC,198.75,0,0,7.5178419207366686e-192
gaussian,400,0.10000000000000001,PLM_MC,199.25,0,0,3.3063660223562209e-192
gaussian,400,0.10000000000000001,PLM_MC,199.75,0,0,1.4473606913748544e-192
gaussian,400,1,upwind,0.25,2.9674496460687887e-43,1.1754538816431203e-306,1.0408229366559002e-91
gaussian,400,1,upwind,0.75,7.7671847010728729e-42,7.8911884176621055e-303,1.5734600497593323e-89
gaussian,400,1,upwind,1.25,1.9234772699037504e-40,5.0115132566242844e-299,1.219521172417195e-87
gaussian,400,1,upwind,1.75,4.5066579469365438e-39,3.0108229277994623e-295,6.4932933826010441e-86
gaussian,400,1,upwind,2.25,9.9900396552230441e-38,1.7111639375053288e-291,2.6862733221856855e-84
gaussian,400,1,upwind,2.75,2.0952018778669732e-36,9.2000102867270423e-288,9.2594720135796506e-83
gaussian,400,1,upwind,3.25,4.1574932920676779e-35,4.6792421069904345e-284,2.7833564454462033e-81
gaussian,400,1,upwind,3.75,7.8052215654120522e-34,2.2514041032861653e-280,7.5314478366301924e-80
gaussian,400,1,upwind,4.25,1.3863978914236671e-32,1.0247604389836399e-276,1.876142375594175e-78
gaussian,400,1,upwind,4.75,2.3299172556753034e-31,4.4124768654730575e-273,4.3703144485684577e-77
gaussian,400,1,upwind,5.25,3.7046232122636381e-30,1.7973553963570837e-269,9.6197122637933323e-76
gaussian,400,1,upwind,5.75,5.5731343030240402e-29,6.9259148259432187e-266,2.0142875415708436e-74
gaussian,400,1,upwind,6.25,7.9324597368587958e-28,2.524714327289028e-262,4.0288095322579715e-73
gaussian,400,1,upwind,6.75,1.0682431775721122e-26,8.7064177757326062e-259,7.7161397296466186e-72
gaussian,400,1,upwind,7.25,1.3610912551087849e-25,2.840267037654652e-255,1.4172368113829622e-70
gaussian,400,1,upwind,7.75,1.6408172091638449e-24,8.7653954508192737e-252,2.4987497563191626e-69
gaussian,400,1,upwind,8.25,1.8715006371449644e-23,2.5590382982320149e-248,4.2319467091378247e-68
gaussian,400,1,upwind,8.75,2.0196566623325172e-22,7.0676535757225397e-245,6.8886659774822956e-67
gaussian,400,1,upwind,9.25,2.0621671839623482e-21,1.8465760180528026e-241,1.0782530955211807e-65
gaussian,400,1,upwind,9.75,1.9921861502908032e-20,4.5640760406601197e-238,1.6236707704494668e-64
gaussian,400,1,upwind,10.25,1.8209442012348391e-19,1.0671674647092527e-234,2.35322129122936e-63
gaussian,400,1,upwind,10.75,1.574798474153022e-18,2.3605140557182057e-231,3.284042966767257e-62
gaussian,400,1,upwind,11.25,1.2885933928463541e-17,4.9394114690073506e-228,4.414982178771085e-61
gaussian,400,1,upwind,11.75,9.9763187299063161e-17,9.7777452307610052e-225,5.7202554091436405e-60
gaussian,400,1,upwind,12.25,7.3078421136059479e-16,1.8310382879326304e-221,7.145951358399672e-59
gaussian,400,1,upwind,12.75,5.0649286703574024e-15,3.2437818404201462e-218,8.6110114932318605e-58
gaussian,400,1,upwind,13.25,3.32141965274349e-14,5.4362781113090602e-215,1.0013558168705646e-56
gaussian,400,1,upwind,13.75,2.0608258731883101e-13,8.6188203433280492e-212,1.1242236174541803e-55
gaussian,400,1,upwind,14.25,1.2098369706947906e-12,1.2926782639492832e-208,1.2190905386802119e-54
gaussian,400,1,upwind,14.75,6.720185704095718e-12,1.8341288841093893e-205,1.2773975487023563e-53
gaussian,400,1,upwind,15.25,3.5318757270266376e-11,2.4618771352528383e-202,1.2939268975113714e-52
gaussian,400,1,upwind,15.75,1.7563056663586188e-10,3.1260819659708616e-199,1.2675710222699625e-51
gaussian,400,1,upwind,16.25,8.2635404032736578e-10,3.7551920776900123e-196,1.201427776927186e-50
gaussian,400,1,upwind,16.75,3.6787846732318305e-09,4.2673878181510019e-193,1.1022197419511577e-49
gaussian,400,1,upwind,17.25,1.549585421550539e-08,4.5876533240074568e-190,9.7918450991612661e-49
gaussian,400,1,upwind,17.75,6.1759016924693913e-08,4.6657123372592864e-187,8.42685726139381e-48
gaussian,400,1,upwind,18.25,2.3289473156464855e-07,4.4889481261414988e-184,7.0282721174931556e-47
gaussian,400,1,upwind,18.75,8.3098676871119177e-07,4.0857412073436646e-181,5.6831415051583262e-46
gaussian,400,1,upwind,19.25,2.805462080291371e-06,3.5180106454759892e-178,4.4571626747613614e-45
gaussian,400,1,upwind,19.75,8.9617168578499812e-06,2.865654733798599e-175,3.3917957192795096e-44
gaussian,400,1,upwind,20.25,2.7086644187709968e-05,2.2082660613823784e-172,2.5053651099637847e-43
gaussian,400,1,upwind,20.75,7.7463475660144112e-05,1.6098305307890998e-169,1.7970049169899979e-42
gaussian,400,1,upwind,21.25,0.00020961248401428069,1.110223877799716e-166,1.2520709894424653e-41
gaussian,400,1,upwind,21.75,0.0005366810613521174,7.2434093904405302e-164,8.4775892194736603e-41
gaussian,400,1,upwind,22.25,0.0013001543065751825,4.4707253843875347e-161,5.5800680923839099e-40
gaussian,400,1,upwind,22.75,0.0029802558349892572,2.6104530553256889e-158,3.5718071584003487e-39
gaussian,400,1,upwind,23.25,0.0064638713079587205,1.4419730959227927e-155,2.2241967401892931e-38
gaussian,400,1,upwind,23.75,0.01326516998770776,7.535329658772136e-153,1.3478701114949766e-37
gaussian,400,1,upwind,24.25,0.025758129949459849,3.7252176024985683e-150,7.95175725954598e-37
gaussian,400,1,upwind,24.75,0.047325763517469137,1.7422312350615947e-147,4.5684261925152262e-36
gaussian,400,1,upwind,25.25,0.082274089358194719,7.7084166646794762e-145,2.5568447313985644e-35
gaussian,400,1,upwind,25.75,0.13533528095565894,3.2264897539639332e-142,1.3945040345083878e-34
gaussian,400,1,upwind,26.25,0.21064044631089568,1.2776197474953692e-139,7.4140229398610011e-34
gaussian,400,1,upwind,26.75,0.31020983760828968,4.7860767762647408e-137,3.8436646534088851e-33
gaussian,400,1,upwind,27.25,0.43226758151908995,1.6961526594972429e-134,1.9437069695542323e-32
gaussian,400,1,upwind,27.750000000000004,0.5699454223917918,5.6866692041863252e-132,9.5905565113856261e-32
gaussian,400,1,upwind,28.25,0.71104575448692675,1.8036791093263672e-129,4.6186620734972004e-31
gaussian,400,1,upwind,28.749999999999996,0.83935491180663779,5.4121447561387576e-127,2.1715871686938647e-30
gaussian,400,1,upwind,29.25,0.93751373301239194,1.5363455249679772e-124,9.9713530240158026e-30
gaussian,400,1,upwind,29.75,0.99081739365772359,4.1258964063751506e-122,4.4727172477045339e-29
gaussian,400,1,upwind,30.25,0.99081739365772359,1.0482339688612536e-119,1.9604323506754541e-28
gaussian,400,1,upwind,30.75,0.93751373301239227,2.5194700779047881e-117,8.3987695066605181e-28
gaussian,400,1,upwind,31.25,0.83935491180663835,5.7289077838712314e-115,3.5178796982014123e-27
gaussian,400,1,upwind,31.75,0.71104575448692653,1.2323858534232878e-112,1.4409993872092358e-26
gaussian,400,1,upwind,32.25,0.56994542239179147,2.5080398224404083e-110,5.7740154631112263e-26
gaussian,400,1,upwind,32.75,0.43226758151908928,4.8287599568741481e-108,2.2637849381504222e-25
gaussian,400,1,upwind,33.25,0.31020983760828968,8.7953048135199631e-106,8.686506344019215e-25
gaussian,400,1,upwind,33.75,0.21064044631089568,1.5155870917754113e-103,3.2629882235417733e-24
gaussian,400,1,upwind,34.25,0.13533528095565894,2.4707355778510861e-101,1.2001952301483956e-23
gaussian,400,1,upwind,34.75,0.082274089358194719,3.8105499903839356e-99,4.3237241184123469e-23
gaussian,400,1,upwind,35.25,0.047325763517469137,5.5598841967139978e-97,1.5259330153410477e-22
gaussian,400,1,upwind,35.75,0.025758129949459849,7.6746961744397911e-95,5.27696485193744e-22
gaussian,400,1,upwind,36.25,0.01326516998770776,1.0022468169693816e-92,1.7885542720863661e-21
gaussian,400,1,upwind,36.75,0.0064638713079587205,1.2382459711806558e-90,5.9427211038710495e-21
gaussian,400,1,upwind,37.25,0.0029802558349892572,1.4473001645291398e-88,1.9361018115450948e-20
gaussian,400,1,upwind,37.75,0.0013001543065751825,1.6004070856991646e-86,6.1861891077239964e-20
gaussian,400,1,upwind,38.25,0.0005366810613521174,1.674261198243687e-84,1.9389256530720824e-19
gaussian,400,1,upwind,38.75,0.00020961248401428069,1.6570575394038535e-82,5.9625383849851675e-19
gaussian,400,1,upwind,39.25,7.7463475660144112e-05,1.5515806073559298e-80,1.7993710058993204e-18
gaussian,400,1,upwind,39.75,2.7086644187709968e-05,1.3744667287824868e-78,5.3298568213979374e-18
gaussian,400,1,upwind,40.25,8.9617168578499812e-06,1.151908605840987e-76,1.5498863404015588e-17
gaussian,400,1,upwind,40.75,2.805462080291371e-06,9.1332741774944847e-75,4.4254379896961212e-17
gaussian,400,1,upwind,41.25,8.3098676871119177e-07,6.8511020544828789e-73,1.2409830361812905e-16
gaussian,400,1,upwind,41.75,2.3289473156464855e-07,4.8620637210248339e-71,3.4182842315323443e-16
gaussian,400,1,upwind,42.25,6.1759016924693913e-08,3.264434297492065e-69,9.2504173231444732e-16
gaussian,400,1,upwind,42.75,1.549585421550539e-08,2.0735910640506034e-67,2.4598121644838803e-15
gaussian,400,1,upwind,43.25,3.6787846732318305e-09,1.2461405151221231e-65,6.4284348460896008e-15
gaussian,400,1,upwind,43.75,8.2635404032736578e-10,7.0850102165086812e-64,1.6513725433313964e-14
gaussian,400,1,upwind,44.25,1.7563056663586188e-10,3.8110474312064361e-62,4.1705549870842852e-14
gaussian,400,1,upwind,44.75,3.5318757270266376e-11,1.9394540397384177e-60,1.0356732486143441e-13
gaussian,400,1,upwind,45.25,6.720185704095718e-12,9.3378471821560134e-59,2.5293073856859677e-13
gaussian,400,1,upwind,45.75,1.2098369706947906e-12,4.2535058912334405e-57,6.0757370132250107e-13
gaussian,400,1,upwind,46.25,2.0608258731883101e-13,1.8330790986179901e-55,1.4357609230497208e-12
gaussian,400,1,upwind,46.75,3.32141965274349e-14,7.473949432002463e-54,3.3382370986543266e-12
gaussian,400,1,upwind,47.25,5.0649286703574024e-15,2.8830673534146148e-52,7.6378126707896786e-12
gaussian,400,1,upwind,47.75,7.3078421136059479e-16,1.0521944676303421e-50,1.7198925328699803e-11
gaussian,400,1,upwind,48.25,9.9763187299063161e-17,3.6330782212603504e-49,3.812208717820601e-11
gaussian,400,1,upwind,48.75,1.2885933928463541e-17,1.1868392918202003e-47,8.318720307384843e-11
gaussian,400,1,upwind,49.25,1.574798474153022e-18,3.6681614880766029e-46,1.7873154608217146e-10
gaussian,400,1,upwind,49.75,1.8209442012348391e-19,1.0726184913763865e-44,3.7815513918936447e-10
gaussian,400,1,upwind,50.25,1.9921861502908032e-20,2.9674496460687887e-43,7.8799075553711312e-10
gaussian,400,1,upwind,50.75,2.0621671839623482e-21,7.7671847010728729e-42,1.617378792954859e-09
gaussian,400,1,upwind,51.25,2.0196566623325172e-22,1.9234772699037504e-40,3.2703787290566745e-09
gaussian,400,1,upwind,51.75,1.8715006371449644e-23,4.5066579469365438e-39,6.5153121513323673e-09
gaussian,400,1,upwind,52.25,1.6408172091638449e-24,9.9900396552230441e-38,1.2790204943035062e-08
gaussian,400,1,upwind,52.75,1.3610912551087849e-25,2.0952018778669732e-36,2.4744469924704578e-08
gaussian,400,1,upwind,53.25,1.0682431775721122e-26,4.1574932920676779e-35,4.7183432828930581e-08
gaussian,400,1,upwind,53.75,7.9324597368587958e-28,7.8052215654120522e-34,8.8687638328053018e-08
gaussian,400,1,upwind,54.25,5.5731343030239449e-29,1.3863978914236972e-32,1.6434230764358038e-07
gaussian,400,1,upwind,54.750000000000007,3.7046232122634539e-30,2.329917255675422e-31,3.002604274915296e-07
gaussian,400,1,upwind,55.250000000000007,2.3299172556752342e-31,3.7046232122637783e-30,5.4095119533155017e-07
gaussian,400,1,upwind,55.750000000000007,1.3863978914236129e-32,5.5731343030242554e-29,9.611194118647046e-07
gaussian,400,1,upwind,56.25,7.8052215654118452e-34,7.9324597368586648e-28,1.6842365399904363e-06
gaussian,400,1,upwind,56.749999999999993,4.1574932920679029e-35,1.0682431775720784e-26,2.9112646745986087e-06
gaussian,400,1,upwind,57.249999999999993,2.09520187786704e-36,1.3610912551087358e-25,4.9643087072298758e-06
gaussian,400,1,upwind,57.749999999999993,9.9900396552234596e-38,1.6408172091637804e-24,8.3517830587724436e-06
gaussian,400,1,upwind,58.25,4.5066579469367624e-39,1.8715006371449415e-23,1.3863952600780635e-05
gaussian,400,1,upwind,58.75,1.9234772699037504e-40,2.0196566623325172e-22,2.2710449384678772e-05
gaussian,400,1,upwind,59.25,7.7671847010728729e-42,2.0621671839623482e-21,3.6714518965028836e-05
gaussian,400,1,upwind,59.75,2.9674496460687887e-43,1.9921861502908032e-20,5.8582156264090998e-05
gaussian,400,1,upwind,60.25,1.0726184913763865e-44,1.8209442012348391e-19,9.2267661650216647e-05
gaussian,400,1,upwind,60.75,3.6681614880766029e-46,1.574798474153022e-18,0.00014346002628835413
gaussian,400,1,upwind,61.25,1.1868392918202003e-47,1.2885933928463541e-17,0.00022021629190745849
gaussian,400,1,upwind,61.75,3.6330782212603504e-49,9.9763187299063161e-17,0.00033376777355306894
gaussian,400,1,upwind,62.25,1.0521944676303421e-50,7.3078421136059479e-16,0.00049952175610400054
gaussian,400,1,upwind,62.75,2.8830673534146148e-52,5.0649286703574024e-15,0.00073827383302692393
gaussian,400,1,upwind,63.25,7.473949432002463e-54,3.32141965274349e-14,0.0010776333053445909
gaussian,400,1,upwind,63.75,1.8330790986179901e-55,2.0608258731883101e-13,0.0015536450262577869
gaussian,400,1,upwind,64.25,4.2535058912334405e-57,1.2098369706947906e-12,0.0022125651810188333
gaussian,400,1,upwind,64.75,9.3378471821560134e-59,6.720185704095718e-12,0.0031127158045123316
gaussian,400,1,upwind,65.25,1.9394540397384177e-60,3.5318757270266376e-11,0.0043263043564767062
gaussian,400,1,upwind,65.75,3.8110474312064361e-62,1.7563056663586188e-10,0.0059410525550912998
gaussian,400,1,upwind,66.25,7.0850102165086812e-64,8.2635404032736578e-10,0.0080614363893629082
gaussian,400,1,upwind,66.75,1.2461405151221231e-65,3.6787846732318305e-09,0.010809301592878547
gaussian,400,1,upwind,67.25,2.0735910640506034e-67,1.549585421550539e-08,0.014323591810447588
gaussian,400,1,upwind,67.75,3.264434297492065e-69,6.1759016924693913e-08,0.018758916885591531
gaussian,400,1,upwind,68.25,4.8620637210248339e-71,2.3289473156464855e-07,0.0242827028436466
gaussian,400,1,upwind,68.75,6.8511020544828789e-73,8.3098676871119177e-07,0.031070709091673476
gaussian,400,1,upwind,69.25,9.1332741774944847e-75,2.805462080291371e-06,0.039300776054376728
gaussian,400,1,upwind,69.75,1.151908605840987e-76,8.9617168578499812e-06,0.049144778899216868
gaussian,400,1,upwind,70.25,1.3744667287824868e-78,2.7086644187709968e-05,0.060758907253555657
gaussian,400,1,upwind,70.75,1.5515806073559298e-80,7.7463475660144112e-05,0.07427255943332943
gaussian,400,1,upwind,71.25,1.6570575394038535e-82,0.00020961248401428069,0.089776320573133034
gaussian,400,1,upwind,71.75,1.674261198243687e-84,0.0005366810613521174,0.10730967088098253
gaussian,400,1,upwind,72.25,1.6004070856991646e-86,0.0013001543065751825,0.12684922374472474
gaussian,400,1,upwind,72.75,1.4473001645291398e-88,0.0029802558349892572,0.14829840312832909
gaussian,400,1,upwind,73.25,1.2382459711806558e-90,0.0064638713079587205,0.1714795163272842
gaussian,400,1,upwind,73.75,1.0022468169693816e-92,0.01326516998770776,0.19612914619685384
gaussian,400,1,upwind,74.25,7.6746961744397911e-95,0.025758129949459849,0.22189766723333421
gaussian,400,1,upwind,74.75,5.5598841967139978e-97,0.047325763517469137,0.24835348158017226
gaussian,400,1,upwind,75.25,3.8105499903839356e-99,0.082274089358194719,0.27499228301098788
gaussian,400,1,upwind,75.75,2.4707355778510861e-101,0.13533528095565894,0.301251307892835
gaussian,400,1,upwind,76.25,1.5155870917754113e-103,0.21064044631089568,0.32652814945691488
gaussian,400,1,upwind,76.75,8.7953048135199631e-106,0.31020983760828968,0.35020332917616454
gaussian,400,1,upwind,77.25,4.8287599568741481e-108,0.43226758151908928,0.37166547343602252
gaussian,400,1,upwind,77.75,2.5080398224404083e-110,0.56994542239179147,0.39033767069742575
gaussian,400,1,upwind,78.25,1.2323858534232878e-112,0.71104575448692653,0.40570341444196345
gaussian,400,1,upwind,78.75,5.7289077838712314e-115,0.83935491180663835,0.41733049175000214
gaussian,400,1,upwind,79.25,2.5194700779047881e-117,0.93751373301239227,0.42489126585920356
gaussian,400,1,upwind,79.75,1.0482339688612536e-119,0.99081739365772359,0.42817801951487505
gaussian,400,1,upwind,80.25,4.1258964063751506e-122,0.99081739365772359,0.42711235704547296
gaussian,400,1,upwind,80.75,1.5363455249679772e-124,0.93751373301239227,0.42174807794061175
gaussian,400,1,upwind,81.25,5.4121447561387576e-127,0.83935491180663835,0.41226739584393857
gaussian,400,1,upwind,81.75,1.8036791093263672e-129,0.71104575448692653,0.3989708425141969
gaussian,400,1,upwind,82.25,5.6866692041863252e-132,0.56994542239179147,0.38226162492581894
gaussian,400,1,upwind,82.75,1.6961526594972429e-134,0.43226758151908928,0.36262555848334088
gaussian,400,1,upwind,83.25,4.7860767762647408e-137,0.31020983760828968,0.34060795204316963
gaussian,400,1,upwind,83.75,1.2776197474953692e-139,0.21064044631089568,0.31678895396899093
gaussian,400,1,upwind,84.25,3.2264897539639332e-142,0.13533528095565894,0.29175887807903844
gaussian,400,1,upwind,84.75,7.7084166646794762e-145,0.082274089358194719,0.26609492147980612
gaussian,400,1,upwind,85.25,1.7422312350615947e-147,0.047325763517469137,0.24034048081813619
gaussian,400,1,upwind,85.75,3.7252176024985683e-150,0.025758129949459849,0.21498799512268213
gaussian,400,1,upwind,86.25,7.535329658772136e-153,0.01326516998770776,0.19046592232085036
gaussian,400,1,upwind,86.75,1.4419730959227927e-155,0.0064638713079587205,0.16713012384343434
gaussian,400,1,upwind,87.25,2.6104530553256889e-158,0.0029802558349892572,0.14525961630602882
gaussian,400,1,upwind,87.75,4.4707253843875347e-161,0.0013001543065751825,0.12505637498873856
gaussian,400,1,upwind,88.25,7.2434093904405302e-164,0.0005366810613521174,0.10664865790921327
gaussian,400,1,upwind,88.75,1.110223877799716e-166,0.00020961248401428069,0.09009717133744391
gaussian,400,1,upwind,89.25,1.6098305307890998e-169,7.7463475660144112e-05,0.07540331982339829
gaussian,400,1,upwind,89.75,2.2082660613823784e-172,2.7086644187709968e-05,0.062518771819452937
gaussian,400,1,upwind,90.25,2.865654733798599e-175,8.9617168578499812e-06,0.051355616269664887
gaussian,400,1,upwind,90.75,3.5180106454759892e-178,2.805462080291371e-06,0.041796473221901033
gaussian,400,1,upwind,91.25,4.0857412073436646e-181,8.3098676871119177e-07,0.033704038146127283
gaussian,400,1,upwind,91.75,4.4889481261414988e-184,2.3289473156464855e-07,0.026929670852842771
gaussian,400,1,upwind,92.25,4.6657123372592864e-187,6.1759016924693913e-08,0.02132077277385603
gaussian,400,1,upwind,92.75,4.5876533240074568e-190,1.549585421550539e-08,0.016726820341783827
gaussian,400,1,upwind,93.25,4.2673878181510019e-193,3.6787846732318305e-09,0.013004029619631863
gaussian,400,1,upwind,93.75,3.7551920776900123e-196,8.2635404032736578e-10,0.01001871352331605
gaussian,400,1,upwind,94.25,3.1260819659708616e-199,1.7563056663586188e-10,0.0076494560726022825
gaussian,400,1,upwind,94.75,2.4618771352528383e-202,3.5318757270266376e-11,0.0057882685684561312
gaussian,400,1,upwind,95.25,1.8341288841093893e-205,6.720185704095718e-12,0.0043409126628336826
gaussian,400,1,upwind,95.75,1.2926782639492832e-208,1.2098369706947906e-12,0.0032265783455095666
gaussian,400,1,upwind,96.25,8.6188203433280492e-212,2.0608258731883101e-13,0.002377094873591213
gaussian,400,1,upwind,96.75,5.4362781113090602e-215,3.32141965274349e-14,0.0017358336375514179
gaussian,400,1,upwind,97.25,3.2437818404201462e-218,5.0649286703574024e-15,0.0012564376139161167
gaussian,400,1,upwind,97.75,1.8310382879326304e-221,7.3078421136059479e-16,0.0009014855670859633
gaussian,400,1,upwind,98.25,9.7777452307610052e-225,9.9763187299063161e-17,0.00064117301586902602
gaussian,400,1,upwind,98.75,4.9394114690073506e-228,1.2885933928463541e-17,0.00045206794605399763
gaussian,400,1,upwind,99.25,2.3605140557182057e-231,1.574798474153022e-18,0.00031597843393870963
gaussian,400,1,upwind,99.75,1.0671674647092527e-234,1.8209442012348391e-19,0.00021895228133512473
gaussian,400,1,upwind,100.25,4.5640760406602172e-238,1.9921861502908424e-20,0.00015041553469794503
gaussian,400,1,upwind,100.75,1.8465760180530717e-241,2.0621671839624332e-21,0.00010244713159244792
gaussian,400,1,upwind,101.25,7.0676535757226893e-245,2.0196566623325658e-22,6.9180444517820283e-05
gaussian,400,1,upwind,101.75,2.5590382982323944e-248,1.8715006371450632e-23,4.6318629428778988e-05
gaussian,400,1,upwind,102.25,8.7653954508196459e-252,1.6408172091638786e-24,3.0748863386760067e-05
gaussian,400,1,upwind,102.75,2.8402670376555085e-255,1.3610912551088474e-25,2.0240232388495233e-05
gaussian,400,1,upwind,103.25,8.7064177757327922e-259,1.0682431775721348e-26,1.3210731570187833e-05
gaussian,400,1,upwind,103.75,2.5247143272894142e-262,7.9324597368591832e-28,8.5501732524462092e-06
gaussian,400,1,upwind,104.25,6.9259148259432187e-266,5.5731343030240402e-29,5.4874579543986808e-06
gaussian,400,1,upwind,104.75,1.7973553963570837e-269,3.7046232122636381e-30,3.492425551103902e-06
gaussian,400,1,upwind,105.25,4.4124768654730575e-273,2.3299172556753034e-31,2.2042154043490216e-06
gaussian,400,1,upwind,105.75,1.0247604389836399e-276,1.3863978914236671e-32,1.3796310132577746e-06
gaussian,400,1,upwind,106.25,2.2514041032861653e-280,7.8052215654120522e-34,8.5637675106495326e-07
gaussian,400,1,upwind,106.75,4.6792421069904345e-284,4.1574932920676779e-35,5.2719418649443588e-07
gaussian,400,1,upwind,107.25,9.2000102867270423e-288,2.0952018778669732e-36,3.2187767444358332e-07
gaussian,400,1,upwind,107.75,1.7111639375053288e-291,9.9900396552230441e-38,1.9491090015344116e-07
gaussian,400,1,upwind,108.25,3.0108229277994623e-295,4.5066579469365438e-39,1.1706223720422018e-07
gaussian,400,1,upwind,108.75,5.0115132566240711e-299,1.9234772699036974e-40,6.9733776195505662e-08
gaussian,400,1,upwind,109.25,7.8911884176594854e-303,7.7671847010722867e-42,4.1202667335026483e-08
gaussian,400,1,upwind,109.75,1.1754538816430952e-306,2.9674496460687058e-43,2.4147559322498101e-08
gaussian,400,1,upwind,110.25,1.6563733026717291e-310,1.0726184913763019e-44,1.403772582015611e-08
gaussian,400,1,upwind,110.75,2.2080052079334144e-314,3.6681614880765345e-46,8.0947899473541031e-09
gaussian,400,1,upwind,111.25,2.7843810569852211e-318,1.1868392918201357e-47,4.6303018552342312e-09
gaussian,400,1,upwind,111.75,3.4090529563046012e-322,3.6330782212602471e-49,2.6273465820354782e-09
gaussian,400,1,upwind,112.25,0,1.0521944676302521e-50,1.4789009539287332e-09
gaussian,400,1,upwind,112.75,0,2.8830673534146975e-52,8.2581671242407871e-10
gaussian,400,1,upwind,113.25,0,7.4739494320031271e-54,4.5746741998339689e-10
gaussian,400,1,upwind,113.75,0,1.8330790986180433e-55,2.5140710091025464e-10
gaussian,400,1,upwind,114.25,0,4.2535058912338327e-57,1.3707069036639864e-10
gaussian,400,1,upwind,114.75,0,9.3378471821561956e-59,7.4142982288347295e-11
gaussian,400,1,upwind,115.25,0,1.9394540397385407e-60,3.9788949502114652e-11
gaussian,400,1,upwind,115.75,0,3.8110474312065483e-62,2.1185090783653024e-11
gaussian,400,1,upwind,116.25,0,7.0850102165093802e-64,1.1191336771899927e-11
gaussian,400,1,upwind,116.75,0,1.2461405151221231e-65,5.865777814604173e-12
gaussian,400,1,upwind,117.25,0,2.0735910640506034e-67,3.0504883831952589e-12
gaussian,400,1,upwind,117.75,0,3.264434297492065e-69,1.5740599404956659e-12
gaussian,400,1,upwind,118.25,0,4.8620637210248339e-71,8.059148719823974e-13
gaussian,400,1,upwind,118.75,0,6.8511020544828789e-73,4.0943113418588689e-13
gaussian,400,1,upwind,119.25,0,9.1332741774944847e-75,2.0639730252374021e-13
gaussian,400,1,upwind,119.75,0,1.151908605840987e-76,1.0324432442791249e-13
gaussian,400,1,upwind,120.25,0,1.3744667287824868e-78,5.1247752627484504e-14
gaussian,400,1,upwind,120.75,0,1.5515806073559298e-80,2.5242785448927389e-14
gaussian,400,1,upwind,121.25,0,1.6570575394038199e-82,1.2338454926346324e-14
gaussian,400,1,upwind,121.75,0,1.6742611982435561e-84,5.9848389485329789e-15
gaussian,400,1,upwind,122.25,0,1.6004070856991157e-86,2.8808415651707223e-15
gaussian,400,1,upwind,122.75,0,1.4473001645289649e-88,1.3761584036094178e-15
gaussian,400,1,upwind,123.25,0,1.2382459711806176e-90,6.5238873177086954e-16
gaussian,400,1,upwind,123.75,0,1.0022468169692573e-92,3.0693059044413533e-16
gaussian,400,1,upwind,124.25,0,7.6746961744396341e-95,1.4330991034313689e-16
gaussian,400,1,upwind,124.75,0,5.5598841967135248e-97,6.6408111144893958e-17
gaussian,400,1,upwind,125.25,0,3.8105499903840143e-99,3.0540863748204778e-17
gaussian,400,1,upwind,125.75,0,2.4707355778513018e-101,1.3940011151385499e-17
gaussian,400,1,upwind,126.25,0,1.5155870917754581e-103,6.314991675057525e-18
gaussian,400,1,upwind,126.75,0,8.7953048135211462e-106,2.8393337290163062e-18
gaussian,400,1,upwind,127.25,0,4.8287599568742986e-108,1.2670686536079137e-18
gaussian,400,1,upwind,127.75,0,2.508039822440754e-110,5.612157534295689e-19
gaussian,400,1,upwind,128.25,0,1.2323858534232878e-112,2.4672401439065051e-19
gaussian,400,1,upwind,128.75,0,5.7289077838712314e-115,1.0765907044457939e-19
gaussian,400,1,upwind,129.25,0,2.5194700779047881e-117,4.662868215910646e-20
gaussian,400,1,upwind,129.75,0,1.0482339688612536e-119,2.0045853812993256e-20
gaussian,400,1,upwind,130.25,0,4.1258964063751506e-122,8.5540222903327191e-21
gaussian,400,1,upwind,130.75,0,1.5363455249679772e-124,3.6232308734235789e-21
gaussian,400,1,upwind,131.25,0,5.4121447561387576e-127,1.5233748225058045e-21
gaussian,400,1,upwind,131.75,0,1.8036791093263672e-129,6.357815321348357e-22
gaussian,400,1,upwind,132.25,0,5.6866692041863252e-132,2.6339320207112042e-22
gaussian,400,1,upwind,132.75,0,1.6961526594972429e-134,1.0831829029965802e-22
gaussian,400,1,upwind,133.25,0,4.7860767762647408e-137,4.4218559357976146e-23
gaussian,400,1,upwind,133.75,0,1.2776197474953692e-139,1.791916764736109e-23
gaussian,400,1,upwind,134.25,0,3.2264897539639332e-142,7.2085237802890209e-24
gaussian,400,1,upwind,134.75,0,7.7084166646794762e-145,2.8786894941734514e-24
gaussian,400,1,upwind,135.25,0,1.7422312350615947e-147,1.1412162236038444e-24
gaussian,400,1,upwind,135.75,0,3.7252176024985683e-150,4.491281105790739e-25
gaussian,400,1,upwind,136.25,0,7.535329658772136e-153,1.7547134483168243e-25
gaussian,400,1,upwind,136.75,0,1.4419730959227927e-155,6.8058164781232574e-26
gaussian,400,1,upwind,137.25,0,2.6104530553256889e-158,2.6205752996075004e-26
gaussian,400,1,upwind,137.75,0,4.4707253843875347e-161,1.0017507342027679e-26
gaussian,400,1,upwind,138.25,0,7.2434093904405302e-164,3.801661723056722e-27
gaussian,400,1,upwind,138.75,0,1.110223877799716e-166,1.4323268205485537e-27
gaussian,400,1,upwind,139.25,0,1.6098305307890998e-169,5.3575919342697141e-28
gaussian,400,1,upwind,139.75,0,2.2082660613823784e-172,1.9895731729750783e-28
gaussian,400,1,upwind,140.25,0,2.865654733798599e-175,7.3352821275515826e-29
gaussian,400,1,upwind,140.75,0,3.5180106454759892e-178,2.684998936587966e-29
gaussian,400,1,upwind,141.25,0,4.0857412073436646e-181,9.7576558314004479e-30
gaussian,400,1,upwind,141.75,0,4.4889481261414988e-184,3.5206639346508528e-30
gaussian,400,1,upwind,142.25,0,4.6657123372592864e-187,1.2612026816972155e-30
gaussian,400,1,upwind,142.75,0,4.5876533240074568e-190,4.4856966798469348e-31
gaussian,400,1,upwind,143.25,0,4.2673878181510019e-193,1.5840285912291854e-31
gaussian,400,1,upwind,143.75,0,3.7551920776900123e-196,5.5537655244690266e-32
gaussian,400,1,upwind,144.25,0,3.1260819659708616e-199,1.9333332423338296e-32
gaussian,400,1,upwind,144.75,0,2.4618771352528383e-202,6.6822653931240591e-33
gaussian,400,1,upwind,145.25,0,1.8341288841093893e-205,2.29319846139849e-33
gaussian,400,1,upwind,145.75,0,1.2926782639492832e-208,7.8138218789560881e-34
gaussian,400,1,upwind,146.25,0,8.6188203433280492e-212,2.6435788422678898e-34
gaussian,400,1,upwind,146.75,0,5.4362781113090602e-215,8.8803647120664736e-35
gaussian,400,1,upwind,147.25,0,3.2437818404201462e-218,2.961978624620335e-35
gaussian,400,1,upwind,147.75,0,1.8310382879326304e-221,9.8095335558416541e-36
gaussian,400,1,upwind,148.25,0,9.7777452307610052e-225,3.2257654009497609e-36
gaussian,400,1,upwind,148.75,0,4.9394114690073506e-228,1.0532653138617713e-36
gaussian,400,1,upwind,149.25,0,2.3605140557182057e-231,3.4148048577349339e-37
gaussian,400,1,upwind,149.75,0,1.0671674647092527e-234,1.09930843276262e-37
gaussian,400,1,upwind,150.25,0,4.5640760406601197e-238,3.5139952836529794e-38
gaussian,400,1,upwind,150.75,0,1.8465760180528026e-241,1.1153548266768804e-38
gaussian,400,1,upwind,151.25,0,7.0676535757225397e-245,3.5152598722368782e-39
gaussian,400,1,upwind,151.75,0,2.5590382982320149e-248,1.1001110045403895e-39
gaussian,400,1,upwind,152.25,0,8.7653954508192737e-252,3.4186321906489587e-40
gaussian,400,1,upwind,152.75,0,2.840267037654652e-255,1.0548897777840504e-40
gaussian,400,1,upwind,153.25,0,8.7064177757326062e-259,3.2322325578473241e-41
gaussian,400,1,upwind,153.75,0,2.524714327289028e-262,9.8342406794350049e-42
gaussian,400,1,upwind,154.25,0,6.9259148259432187e-266,2.9711434351363732e-42
gaussian,400,1,upwind,154.75,0,1.7973553963570837e-269,8.9135915041810256e-43
gaussian,400,1,upwind,155.25,0,4.4124768654730575e-273,2.6553994579584224e-43
gaussian,400,1,upwind,155.75,0,1.0247604389836399e-276,7.8551893739934441e-44
gaussian,400,1,upwind,156.25,0,2.2514041032861653e-280,2.3074626929092417e-44
gaussian,400,1,upwind,156.75,0,4.6792421069904345e-284,6.7307808489326856e-45
gaussian,400,1,upwind,157.25,0,9.2000102867270423e-288,1.9496218452278076e-45
gaussian,400,1,upwind,157.75,0,1.7111639375053288e-291,5.6077785351102426e-46
gaussian,400,1,upwind,158.25,0,3.0108229277994623e-295,1.6017257907170765e-46
gaussian,400,1,upwind,158.75,0,5.0115132566242844e-299,4.5430086519257836e-47
gaussian,400,1,upwind,159.25,0,7.8911884176621055e-303,1.2795528007335765e-47
gaussian,400,1,upwind,159.75,0,1.1754538816431203e-306,3.5787653038149969e-48
gaussian,400,1,upwind,160.25,0,1.6563733026719762e-310,9.9396163956926299e-49
gaussian,400,1,upwind,160.75,0,2.2080052079334144e-314,2.7413747203767103e-49
gaussian,400,1,upwind,161.25,0,2.7843810569852211e-318,7.5081072449558802e-50
gaussian,400,1,upwind,161.75,0,3.4090529563046012e-322,2.042004335010177e-50
gaussian,400,1,upwind,162.25,0,0,5.5150284857094584e-51
gaussian,400,1,upwind,162.75,0,0,1.4791236545482693e-51
gaussian,400,1,upwind,163.25,0,0,3.9393763807446753e-52
gaussian,400,1,upwind,163.75,0,0,1.041879102191556e-52
gaussian,400,1,upwind,164.25,0,0,2.7363683181897388e-53
gaussian,400,1,upwind,164.75,0,0,7.1367356551691324e-54
gaussian,400,1,upwind,165.25,0,0,1.8483869312001685e-54
gaussian,400,1,upwind,165.75,0,0,4.7539511468494322e-55
gaussian,400,1,upwind,166.25,0,0,1.2141863536028302e-55
gaussian,400,1,upwind,166.75,0,0,3.0795338675837296e-56
gaussian,400,1,upwind,167.25,0,0,7.7562849873503988e-57
gaussian,400,1,upwind,167.75,0,0,1.9399553503846042e-57
gaussian,400,1,upwind,168.25,0,0,4.8183563627872545e-58
gaussian,400,1,upwind,168.75,0,0,1.188434481121432e-58
gaussian,400,1,upwind,169.25,0,0,2.9108551104457631e-59
gaussian,400,1,upwind,169.75,0,0,7.0800245003275027e-60
gaussian,400,1,upwind,170.25,0,0,1.710084237561134e-60
gaussian,400,1,upwind,170.75,0,0,4.1017435024997163e-61
gaussian,400,1,upwind,171.25,0,0,9.769837952329393e-62
gaussian,400,1,upwind,171.75,0,0,2.3108600208379645e-62
gaussian,400,1,upwind,172.25,0,0,5.4278372968934815e-63
gaussian,400,1,upwind,172.75,0,0,1.2660367918191395e-63
gaussian,400,1,upwind,173.25,0,0,2.93245605550109e-64
gaussian,400,1,upwind,173.75,0,0,6.7449955882005419e-65
gaussian,400,1,upwind,174.25,0,0,1.5406217493705452e-65
gaussian,400,1,upwind,174.75,0,0,3.4944090200705306e-66
gaussian,400,1,upwind,175.25,0,0,7.8707098939020525e-67
gaussian,400,1,upwind,175.75,0,0,1.7604170131556257e-67
gaussian,400,1,upwind,176.25,0,0,3.910008114992183e-68
gaussian,400,1,upwind,176.75,0,0,8.6238086108735877e-69
gaussian,400,1,upwind,177.25,0,0,1.8887685531582463e-69
gaussian,400,1,upwind,177.75,0,0,4.107857106409957e-70
gaussian,400,1,upwind,178.25,0,0,8.8717146683410534e-71
gaussian,400,1,upwind,178.75,0,0,1.9026289118341997e-71
gaussian,400,1,upwind,179.25,0,0,4.051851092771144e-72
gaussian,400,1,upwind,179.75,0,0,8.5684885856879565e-73
gaussian,400,1,upwind,180.25,0,0,1.7993049161795256e-73
gaussian,400,1,upwind,180.75,0,0,3.7519192112001753e-74
gaussian,400,1,upwind,181.25,0,0,7.7687055379680767e-75
gaussian,400,1,upwind,181.75,0,0,1.5973075648909663e-75
gaussian,400,1,upwind,182.25,0,0,3.2611540212265853e-76
gaussian,400,1,upwind,182.75,0,0,6.6114245676667782e-77
gaussian,400,1,upwind,183.25,0,0,1.3309378964345391e-77
gaussian,400,1,upwind,183.75,0,0,2.6604647355566555e-78
gaussian,400,1,upwind,184.25,0,0,5.280707231434874e-79
gaussian,400,1,upwind,184.75,0,0,1.0407810343916106e-79
gaussian,400,1,upwind,185.25,0,0,2.0368408837207564e-80
gaussian,400,1,upwind,185.75,0,0,3.9580655455289594e-81
gaussian,400,1,upwind,186.25,0,0,7.6372081053118953e-82
gaussian,400,1,upwind,186.75,0,0,1.4632198469137366e-82
gaussian,400,1,upwind,187.25,0,0,2.7835904503717028e-83
gaussian,400,1,upwind,187.75,0,0,5.2579844740864822e-84
gaussian,400,1,upwind,188.25,0,0,9.8616323502019809e-85
gaussian,400,1,upwind,188.75,0,0,1.8365008419722126e-85
gaussian,400,1,upwind,189.25,0,0,3.3958106787781427e-86
gaussian,400,1,upwind,189.75,0,0,6.2345189275935616e-87
gaussian,400,1,upwind,190.25,0,0,1.1364926212255737e-87
gaussian,400,1,upwind,190.75,0,0,2.0569866340754216e-88
gaussian,400,1,upwind,191.25,0,0,3.6965314491252514e-89
gaussian,400,1,upwind,191.75,0,0,6.5955689372444269e-90
gaussian,400,1,upwind,192.25,0,0,1.1684276039677548e-90
gaussian,400,1,upwind,192.75,0,0,2.0551320332950734e-91
gaussian,400,1,upwind,193.25,0,0,3.5889105932818924e-92
gaussian,400,1,upwind,193.75,0,0,6.2225311778086341e-93
gaussian,400,1,upwind,194.25,0,0,1.0711480957638681e-93
gaussian,400,1,upwind,194.75,0,0,1.8306543238310071e-94
gaussian,400,1,upwind,195.25,0,0,3.1062318781877141e-95
gaussian,400,1,upwind,195.75,0,0,5.2327301382427176e-96
gaussian,400,1,upwind,196.25,0,0,8.7515686369081226e-97
gaussian,400,1,upwind,196.75,0,0,1.4531239203351171e-97
gaussian,400,1,upwind,197.25,0,0,2.3953809407825646e-98
gaussian,400,1,upwind,197.75,0,0,3.9201044977818893e-99
gaussian,400,1,upwind,198.25,0,0,6.3689474234479444e-100
gaussian,400,1,upwind,198.75,0,0,1.0272600950217503e-100
gaussian,400,1,upwind,199.25,0,0,1.6448700603307551e-101
gaussian,400,1,upwind,199.75,0,0,2.6146695325562555e-102
gaussian,400,1,TVD_vanLeer,0.25,2.9674496460687887e-43,1.1754538816431203e-306,1.0408229366559002e-91
gaussian,400,1,TVD_vanLeer,0.75,7.7671847010728729e-42,7.8911884176621055e-303,1.5734600497593323e-89
gaussian,400,1,TVD_vanLeer,1.25,1.9234772699037504e-40,5.0115132566242844e-299,1.219521172417195e-87
gaussian,400,1,TVD_vanLeer,1.75,4.5066579469365438e-39,3.0108229277994623e-295,6.4932933826010441e-86
gaussian,400,1,TVD_vanLeer,2.25,9.9900396552230441e-38,1.7111639375053288e-291,2.6862733221856855e-84
gaussian,400,1,TVD_vanLeer,2.75,2.0952018778669732e-36,9.2000102867270423e-288,9.2594720135796506e-83
gaussian,400,1,TVD_vanLeer,3.25,4.1574932920676779e-35,4.6792421069904345e-284,2.7833564454462033e-81
gaussian,400,1,TVD_vanLeer,3.75,7.8052215654120522e-34,2.2514041032861653e-280,7.5314478366301924e-80
gaussian,400,1,TVD_vanLeer,4.25,1.3863978914236671e-32,1.0247604389836399e-276,1.876142375594175e-78
gaussian,400,1,TVD_vanLeer,4.75,2.3299172556753034e-31,4.4124768654730575e-273,4.3703144485684577e-77
gaussian,400,1,TVD_vanLeer,5.25,3.7046232122636381e-30,1.7973553963570837e-269,9.6197122637933323e-76
gaussian,400,1,TVD_vanLeer,5.75,5.5731343030240402e-29,6.9259148259432187e-266,2.0142875415708436e-74
gaussian,400,1,TVD_vanLeer,6.25,7.9324597368587958e-28,2.524714327289028e-262,4.0288095322579715e-73
gaussian,400,1,TVD_vanLeer,6.75,1.0682431775721122e-26,8.7064177757326062e-259,7.7161397296466136e-72
gaussian,400,1,TVD_vanLeer,7.25,1.3610912551087849e-25,2.840267037654652e-255,1.4172368113829593e-70
gaussian,400,1,TVD_vanLeer,7.75,1.6408172091638449e-24,8.7653954508192737e-252,2.4987497563191291e-69
gaussian,400,1,TVD_vanLeer,8.25,1.8715006371449644e-23,2.5590382982320149e-248,4.2319467091373923e-68
gaussian,400,1,TVD_vanLeer,8.75,2.0196566623325172e-22,7.0676535757225397e-245,6.8886659774769981e-67
gaussian,400,1,TVD_vanLeer,9.25,2.0621671839623482e-21,1.8465760180528026e-241,1.0782530955153057e-65
gaussian,400,1,TVD_vanLeer,9.75,1.9921861502908032e-20,4.5640760406601197e-238,1.6236707703904055e-64
gaussian,400,1,TVD_vanLeer,10.25,1.8209442012348391e-19,1.0671674647092527e-234,2.3532212906906877e-63
gaussian,400,1,TVD_vanLeer,10.75,1.574798474153022e-18,2.3605140557182057e-231,3.2840429623048753e-62
gaussian,400,1,TVD_vanLeer,11.25,1.2885933928463541e-17,4.9394114690073506e-228,4.4149821451552874e-61
gaussian,400,1,TVD_vanLeer,11.75,9.9763187299063161e-17,9.7777452307610052e-225,5.7202551786413392e-60
gaussian,400,1,TVD_vanLeer,12.25,7.3078421136059479e-16,1.8310382879326304e-221,7.1459499203156086e-59
gaussian,400,1,TVD_vanLeer,12.75,5.0649286703574024e-15,3.2437818404201462e-218,8.6110033754363586e-58
gaussian,400,1,TVD_vanLeer,13.25,3.32141965274349e-14,5.4362781113090602e-215,1.0013517349959518e-56
gaussian,400,1,TVD_vanLeer,13.75,2.0608258731883101e-13,8.6188203433280492e-212,1.1242057075710565e-55
gaussian,400,1,TVD_vanLeer,14.25,1.2098369706947906e-12,1.2926782639492832e-208,1.219022959890027e-54
gaussian,400,1,TVD_vanLeer,14.75,6.720185704095718e-12,1.8341288841093893e-205,1.2771791296156906e-53
gaussian,400,1,TVD_vanLeer,15.25,3.5318757270266376e-11,2.4618771352528383e-202,1.2933195773933491e-52
gaussian,400,1,TVD_vanLeer,15.75,1.7563056663586188e-10,3.1260819659708616e-199,1.2661054658277621e-51
gaussian,400,1,TVD_vanLeer,16.25,8.2635404032736578e-10,3.7551920776900123e-196,1.1983263797525271e-50
gaussian,400,1,TVD_vanLeer,16.75,3.6787846732318305e-09,4.2673878181510019e-193,1.0964037608759214e-49
gaussian,400,1,TVD_vanLeer,17.25,1.549585421550539e-08,4.5876533240074568e-190,9.6942425560938971e-49
gaussian,400,1,TVD_vanLeer,17.75,6.1759016924693913e-08,4.6657123372592864e-187,8.2789656104510078e-48
gaussian,400,1,TVD_vanLeer,18.25,2.3289473156464855e-07,4.4889481261414988e-184,6.8243162116205997e-47
gaussian,400,1,TVD_vanLeer,18.75,8.3098676871119177e-07,4.0857412073436646e-181,5.4253172846096349e-46
gaussian,400,1,TVD_vanLeer,19.25,2.805462080291371e-06,3.5180106454759892e-178,4.1565207578719317e-45
gaussian,400,1,TVD_vanLeer,19.75,8.9617168578499812e-06,2.865654733798599e-175,3.0665895093968439e-44
gaussian,400,1,TVD_vanLeer,20.25,2.7086644187709968e-05,2.2082660613823784e-172,2.1773920142549401e-43
gaussian,400,1,TVD_vanLeer,20.75,7.7463475660144112e-05,1.6098305307890998e-169,1.4872263625102521e-42
gaussian,400,1,TVD_vanLeer,21.25,0.00020961248401428069,1.110223877799716e-166,9.7692099147542694e-42
gaussian,400,1,TVD_vanLeer,21.75,0.0005366810613521174,7.2434093904405302e-164,6.1708547458684757e-41
gaussian,400,1,TVD_vanLeer,22.25,0.0013001543065751825,4.4707253843875347e-161,3.7486145374098945e-40
gaussian,400,1,TVD_vanLeer,22.75,0.0029802558349892572,2.6104530553256889e-158,2.190474458993992e-39
gaussian,400,1,TVD_vanLeer,23.25,0.0064638713079587205,1.4419730959227927e-155,1.2317040343226849e-38
gaussian,400,1,TVD_vanLeer,23.75,0.01326516998770776,7.535329658772136e-153,6.6677653570434401e-38
gaussian,400,1,TVD_vanLeer,24.25,0.025758129949459849,3.7252176024985683e-150,3.4769741089377776e-37
gaussian,400,1,TVD_vanLeer,24.75,0.047325763517469137,1.7422312350615947e-147,1.747587097079511e-36
gaussian,400,1,TVD_vanLeer,25.25,0.082274089358194719,7.7084166646794762e-145,8.47191094634276e-36
gaussian,400,1,TVD_vanLeer,25.75,0.13533528095565894,3.2264897539639332e-142,3.9639809746236546e-35
gaussian,400,1,TVD_vanLeer,26.25,0.21064044631089568,1.2776197474953692e-139,1.7914307018816816e-34
gaussian,400,1,TVD_vanLeer,26.75,0.31020983760828968,4.7860767762647408e-137,7.8253057742283141e-34
gaussian,400,1,TVD_vanLeer,27.25,0.43226758151908995,1.6961526594972429e-134,3.3063636389025315e-33
gaussian,400,1,TVD_vanLeer,27.750000000000004,0.5699454223917918,5.6866692041863252e-132,1.3522624886090073e-32
gaussian,400,1,TVD_vanLeer,28.25,0.71104575448692675,1.8036791093263672e-129,5.3572450138191067e-32
gaussian,400,1,TVD_vanLeer,28.749999999999996,0.83935491180663779,5.4121447561387576e-127,2.0572905896421799e-31
gaussian,400,1,TVD_vanLeer,29.25,0.93751373301239194,1.5363455249679772e-124,7.663378377311296e-31
gaussian,400,1,TVD_vanLeer,29.75,0.99081739365772359,4.1258964063751506e-122,2.7707982164176389e-30
gaussian,400,1,TVD_vanLeer,30.25,0.99081739365772359,1.0482339688612536e-119,9.7304103535033712e-30
gaussian,400,1,TVD_vanLeer,30.75,0.93751373301239227,2.5194700779047881e-117,3.3210276520387048e-29
gaussian,400,1,TVD_vanLeer,31.25,0.83935491180663835,5.7289077838712314e-115,1.1022853766351567e-28
gaussian,400,1,TVD_vanLeer,31.75,0.71104575448692653,1.2323858534232878e-112,3.5600215067235723e-28
gaussian,400,1,TVD_vanLeer,32.25,0.56994542239179147,2.5080398224404083e-110,1.1194295207470367e-27
gaussian,400,1,TVD_vanLeer,32.75,0.43226758151908928,4.8287599568741481e-108,3.4289950329225543e-27
gaussian,400,1,TVD_vanLeer,33.25,0.31020983760828968,8.7953048135199631e-106,1.0237534782649952e-26
gaussian,400,1,TVD_vanLeer,33.75,0.21064044631089568,1.5155870917754113e-103,2.9806234172671086e-26
gaussian,400,1,TVD_vanLeer,34.25,0.13533528095565894,2.4707355778510861e-101,8.4667998872962619e-26
gaussian,400,1,TVD_vanLeer,34.75,0.082274089358194719,3.8105499903839356e-99,2.3476969133826866e-25
gaussian,400,1,TVD_vanLeer,35.25,0.047325763517469137,5.5598841967139978e-97,6.3573842606438455e-25
gaussian,400,1,TVD_vanLeer,35.75,0.025758129949459849,7.6746961744397911e-95,1.6819965458403281e-24
gaussian,400,1,TVD_vanLeer,36.25,0.01326516998770776,1.0022468169693816e-92,4.3498279203030048e-24
gaussian,400,1,TVD_vanLeer,36.75,0.0064638713079587205,1.2382459711806558e-90,1.1000272381462e-23
gaussian,400,1,TVD_vanLeer,37.25,0.0029802558349892572,1.4473001645291398e-88,2.7214315548466911e-23
gaussian,400,1,TVD_vanLeer,37.75,0.0013001543065751825,1.6004070856991646e-86,6.5891089421546285e-23
gaussian,400,1,TVD_vanLeer,38.25,0.0005366810613521174,1.674261198243687e-84,1.5619195000717975e-22
gaussian,400,1,TVD_vanLeer,38.75,0.00020961248401428069,1.6570575394038535e-82,3.6262325295940709e-22
gaussian,400,1,TVD_vanLeer,39.25,7.7463475660144112e-05,1.5515806073559298e-80,8.2485053783433911e-22
gaussian,400,1,TVD_vanLeer,39.75,2.7086644187709968e-05,1.3744667287824868e-78,1.838952436784079e-21
gaussian,400,1,TVD_vanLeer,40.25,8.9617168578499812e-06,1.151908605840987e-76,4.0196666658610947e-21
gaussian,400,1,TVD_vanLeer,40.75,2.805462080291371e-06,9.1332741774944847e-75,8.617444079176093e-21
gaussian,400,1,TVD_vanLeer,41.25,8.3098676871119177e-07,6.8511020544828789e-73,1.8124936103237484e-20
gaussian,400,1,TVD_vanLeer,41.75,2.3289473156464855e-07,4.8620637210248339e-71,3.7412873822175707e-20
gaussian,400,1,TVD_vanLeer,42.25,6.1759016924693913e-08,3.264434297492065e-69,7.581335830783944e-20
gaussian,400,1,TVD_vanLeer,42.75,1.549585421550539e-08,2.0735910640506034e-67,1.5086228697895598e-19
gaussian,400,1,TVD_vanLeer,43.25,3.6787846732318305e-09,1.2461405151221231e-65,2.9488522729818893e-19
gaussian,400,1,TVD_vanLeer,43.75,8.2635404032736578e-10,7.0850102165086812e-64,5.6635257865911814e-19
gaussian,400,1,TVD_vanLeer,44.25,1.7563056663586188e-10,3.8110474312064361e-62,1.069063966042721e-18
gaussian,400,1,TVD_vanLeer,44.75,3.5318757270266376e-11,1.9394540397384177e-60,1.9839114338984929e-18
gaussian,400,1,TVD_vanLeer,45.25,6.720185704095718e-12,9.3378471821560134e-59,3.6204212066353404e-18
gaussian,400,1,TVD_vanLeer,45.75,1.2098369706947906e-12,4.2535058912334405e-57,6.4987287533097277e-18
gaussian,400,1,TVD_vanLeer,46.25,2.0608258731883101e-13,1.8330790986179901e-55,1.1477372867020564e-17
gaussian,400,1,TVD_vanLeer,46.75,3.32141965274349e-14,7.473949432002463e-54,1.9948574754538445e-17
gaussian,400,1,TVD_vanLeer,47.25,5.0649286703574024e-15,2.8830673534146148e-52,3.4130732337336096e-17
gaussian,400,1,TVD_vanLeer,47.75,7.3078421136059479e-16,1.0521944676303421e-50,5.7497846385872617e-17
gaussian,400,1,TVD_vanLeer,48.25,9.9763187299063161e-17,3.6330782212603504e-49,9.5397474172725173e-17
gaussian,400,1,TVD_vanLeer,48.75,1.2885933928463541e-17,1.1868392918202003e-47,1.5592230399037396e-16
gaussian,400,1,TVD_vanLeer,49.25,1.574798474153022e-18,3.6681614880766029e-46,2.5111497668765568e-16
gaussian,400,1,TVD_vanLeer,49.75,1.8209442012348391e-19,1.0726184913763865e-44,3.9860042754717707e-16
gaussian,400,1,TVD_vanLeer,50.25,1.9921861502908032e-20,2.9674496460687887e-43,6.2375356655721338e-16
gaussian,400,1,TVD_vanLeer,50.75,2.0621671839623482e-21,7.7671847010728729e-42,9.6252118933254606e-16
gaussian,400,1,TVD_vanLeer,51.25,2.0196566623325172e-22,1.9234772699037504e-40,1.4650243700007538e-15
gaussian,400,1,TVD_vanLeer,51.75,1.8715006371449644e-23,4.5066579469365438e-39,2.2000705218173748e-15
gaussian,400,1,TVD_vanLeer,52.25,1.6408172091638449e-24,9.9900396552230441e-38,3.260703170015338e-15
gaussian,400,1,TVD_vanLeer,52.75,1.3610912551087849e-25,2.0952018778669732e-36,4.7709142437276629e-15
gaussian,400,1,TVD_vanLeer,53.25,1.0682431775721122e-26,4.1574932920676779e-35,6.8936424988957897e-15
gaussian,400,1,TVD_vanLeer,53.75,7.9324597368587958e-28,7.8052215654120522e-34,9.8401892287464965e-15
gaussian,400,1,TVD_vanLeer,54.25,5.5731343030239449e-29,1.3863978914236972e-32,1.3881208189799469e-14
gaussian,400,1,TVD_vanLeer,54.750000000000007,3.7046232122634539e-30,2.329917255675422e-31,1.9359483104108915e-14
gaussian,400,1,TVD_vanLeer,55.250000000000007,2.3299172556752342e-31,3.7046232122637783e-30,2.6704808941444014e-14
gaussian,400,1,TVD_vanLeer,55.750000000000007,1.3863978914236129e-32,5.5731343030242554e-29,3.6451462623738554e-14
gaussian,400,1,TVD_vanLeer,56.25,7.8052215654118452e-34,7.9324597368586648e-28,4.9259012220212905e-14
gaussian,400,1,TVD_vanLeer,56.749999999999993,4.1574932920679029e-35,1.0682431775720784e-26,6.5937611552899193e-14
gaussian,400,1,TVD_vanLeer,57.249999999999993,2.09520187786704e-36,1.3610912551087358e-25,8.7479524227003164e-14
gaussian,400,1,TVD_vanLeer,57.749999999999993,9.9900396552234596e-38,1.6408172091637804e-24,1.1509952807401781e-13
gaussian,400,1,TVD_vanLeer,58.25,4.5066579469367624e-39,1.8715006371449415e-23,1.5028826548105908e-13
gaussian,400,1,TVD_vanLeer,58.75,1.9234772699037504e-40,2.0196566623325172e-22,1.9488489434375573e-13
gaussian,400,1,TVD_vanLeer,59.25,7.7671847010728729e-42,2.0621671839623482e-21,2.511792717601955e-13
gaussian,400,1,TVD_vanLeer,59.75,2.9674496460687887e-43,1.9921861502908032e-20,3.2206083631287099e-13
gaussian,400,1,TVD_vanLeer,60.25,1.0726184913763865e-44,1.8209442012348391e-19,4.1124465366586816e-13
gaussian,400,1,TVD_vanLeer,60.75,3.6681614880766029e-46,1.574798474153022e-18,5.2363379584325186e-13
gaussian,400,1,TVD_vanLeer,61.25,1.1868392918202003e-47,1.2885933928463541e-17,6.6595789959369127e-13
gaussian,400,1,TVD_vanLeer,61.75,3.6330782212603504e-49,9.9763187299063161e-17,8.4817340057272903e-13
gaussian,400,1,TVD_vanLeer,62.25,1.0521944676303421e-50,7.3078421136059479e-16,1.0879810959624365e-12
gaussian,400,1,TVD_vanLeer,62.75,2.8830673534146148e-52,5.0649286703574024e-15,1.4299690885184006e-12
gaussian,400,1,TVD_vanLeer,63.25,7.473949432002463e-54,3.32141965274349e-14,2.0250434315070171e-12
gaussian,400,1,TVD_vanLeer,63.75,1.8330790986179901e-55,2.0608258731883101e-13,3.4152666176380375e-12
gaussian,400,1,TVD_vanLeer,64.25,4.2535058912334405e-57,1.2098369706947906e-12,7.4570063860188898e-12
gaussian,400,1,TVD_vanLeer,64.75,9.3378471821560134e-59,6.720185704095718e-12,2.023005691359993e-11
gaussian,400,1,TVD_vanLeer,65.25,1.9394540397384177e-60,3.5318757270266376e-11,6.1082002106338555e-11
gaussian,400,1,TVD_vanLeer,65.75,3.8110474312064361e-62,1.7563056663586188e-10,1.9018566444288152e-10
gaussian,400,1,TVD_vanLeer,66.25,7.0850102165086812e-64,8.2635404032736578e-10,5.9065335025721993e-10
gaussian,400,1,TVD_vanLeer,66.75,1.2461405151221231e-65,3.6787846732318305e-09,1.8077287925746142e-09
gaussian,400,1,TVD_vanLeer,67.25,2.0735910640506034e-67,1.549585421550539e-08,5.42959142142986e-09
gaussian,400,1,TVD_vanLeer,67.75,3.264434297492065e-69,6.1759016924693913e-08,1.5979343135788633e-08
gaussian,400,1,TVD_vanLeer,68.25,4.8620637210248339e-71,2.3289473156464855e-07,4.6043047424612921e-08
gaussian,400,1,TVD_vanLeer,68.75,6.8511020544828789e-73,8.3098676871119177e-07,1.2980670583253702e-07
gaussian,400,1,TVD_vanLeer,69.25,9.1332741774944847e-75,2.805462080291371e-06,3.5781853015303791e-07
gaussian,400,1,TVD_vanLeer,69.75,1.151908605840987e-76,8.9617168578499812e-06,9.6382390948858639e-07
gaussian,400,1,TVD_vanLeer,70.25,1.3744667287824868e-78,2.7086644187709968e-05,2.5362728349932521e-06
gaussian,400,1,TVD_vanLeer,70.75,1.5515806073559298e-80,7.7463475660144112e-05,6.5233094619536466e-06
gaussian,400,1,TVD_vanLeer,71.25,1.6570575394038535e-82,0.00020961248401428069,1.642094338097885e-05
gaussian,400,1,TVD_vanLeer,71.75,1.674261198243687e-84,0.0005366810613521174,4.0521710386471734e-05
gaussian,400,1,TVD_vanLeer,72.25,1.6004070856991646e-86,0.0013001543065751825,9.8038593717262175e-05
gaussian,400,1,TVD_vanLeer,72.75,1.4473001645291398e-88,0.0029802558349892572,0.00023162150542402037
gaussian,400,1,TVD_vanLeer,73.25,1.2382459711806558e-90,0.0064638713079587205,0.00052899081040985285
gaussian,400,1,TVD_vanLeer,73.75,1.0022468169693816e-92,0.01326516998770776,0.0011521929582162308
gaussian,400,1,TVD_vanLeer,74.25,7.6746961744397911e-95,0.025758129949459849,0.0023793225966931624
gaussian,400,1,TVD_vanLeer,74.75,5.5598841967139978e-97,0.047325763517469137,0.0047454469199283969
gaussian,400,1,TVD_vanLeer,75.25,3.8105499903839356e-99,0.082274089358194719,0.0096263373920829169
gaussian,400,1,TVD_vanLeer,75.75,2.4707355778510861e-101,0.13533528095565894,0.021323448756284412
gaussian,400,1,TVD_vanLeer,76.25,1.5155870917754113e-103,0.21064044631089568,0.054113095035769526
gaussian,400,1,TVD_vanLeer,76.75,8.7953048135199631e-106,0.31020983760828968,0.15263361543131837
gaussian,400,1,TVD_vanLeer,77.25,4.8287599568741481e-108,0.43226758151908928,0.41009016994157432
gaussian,400,1,TVD_vanLeer,77.75,2.5080398224404083e-110,0.56994542239179147,0.78733397022976326
gaussian,400,1,TVD_vanLeer,78.25,1.2323858534232878e-112,0.71104575448692653,0.95563517746603521
gaussian,400,1,TVD_vanLeer,78.75,5.7289077838712314e-115,0.83935491180663835,0.96804647329897708
gaussian,400,1,TVD_vanLeer,79.25,2.5194700779047881e-117,0.93751373301239227,0.96809897043168702
gaussian,400,1,TVD_vanLeer,79.75,1.0482339688612536e-119,0.99081739365772359,0.96801396070307766
gaussian,400,1,TVD_vanLeer,80.25,4.1258964063751506e-122,0.99081739365772359,0.96746707051255521
gaussian,400,1,TVD_vanLeer,80.75,1.5363455249679772e-124,0.93751373301239227,0.96512778124959397
gaussian,400,1,TVD_vanLeer,81.25,5.4121447561387576e-127,0.83935491180663835,0.95624854720966868
gaussian,400,1,TVD_vanLeer,81.75,1.8036791093263672e-129,0.71104575448692653,0.92431777938710846
gaussian,400,1,TVD_vanLeer,82.25,5.6866692041863252e-132,0.56994542239179147,0.81764543563096848
gaussian,400,1,TVD_vanLeer,82.75,1.6961526594972429e-134,0.43226758151908928,0.53629111364792337
gaussian,400,1,TVD_vanLeer,83.25,4.7860767762647408e-137,0.31020983760828968,0.15481319959642559
gaussian,400,1,TVD_vanLeer,83.75,1.2776197474953692e-139,0.21064044631089568,0.0086577917466432487
gaussian,400,1,TVD_vanLeer,84.25,3.2264897539639332e-142,0.13533528095565894,3.6012475751508772e-05
gaussian,400,1,TVD_vanLeer,84.75,7.7084166646794762e-145,0.082274089358194719,7.1763911118760932e-09
gaussian,400,1,TVD_vanLeer,85.25,1.7422312350615947e-147,0.047325763517469137,3.0008167445386812e-09
gaussian,400,1,TVD_vanLeer,85.75,3.7252176024985683e-150,0.025758129949459849,2.8765189354224087e-09
gaussian,400,1,TVD_vanLeer,86.25,7.535329658772136e-153,0.01326516998770776,2.6060794534051932e-09
gaussian,400,1,TVD_vanLeer,86.75,1.4419730959227927e-155,0.0064638713079587205,1.7808264284946812e-09
gaussian,400,1,TVD_vanLeer,87.25,2.6104530553256889e-158,0.0029802558349892572,5.3804913692801945e-10
gaussian,400,1,TVD_vanLeer,87.75,4.4707253843875347e-161,0.0013001543065751825,3.5386689351745904e-11
gaussian,400,1,TVD_vanLeer,88.25,7.2434093904405302e-164,0.0005366810613521174,5.5603069942539665e-12
gaussian,400,1,TVD_vanLeer,88.75,1.110223877799716e-166,0.00020961248401428069,5.3099134603365207e-12
gaussian,400,1,TVD_vanLeer,89.25,1.6098305307890998e-169,7.7463475660144112e-05,5.0414329369353296e-12
gaussian,400,1,TVD_vanLeer,89.75,2.2082660613823784e-172,2.7086644187709968e-05,4.7485739154796177e-12
gaussian,400,1,TVD_vanLeer,90.25,2.865654733798599e-175,8.9617168578499812e-06,4.4507644232715536e-12
gaussian,400,1,TVD_vanLeer,90.75,3.5180106454759892e-178,2.805462080291371e-06,4.1545992677453058e-12
gaussian,400,1,TVD_vanLeer,91.25,4.0857412073436646e-181,8.3098676871119177e-07,3.8634527316765871e-12
gaussian,400,1,TVD_vanLeer,91.75,4.4889481261414988e-184,2.3289473156464855e-07,3.5784497698372417e-12
gaussian,400,1,TVD_vanLeer,92.25,4.6657123372592864e-187,6.1759016924693913e-08,3.3000320968820857e-12
gaussian,400,1,TVD_vanLeer,92.75,4.5876533240074568e-190,1.549585421550539e-08,3.0287969807274204e-12
gaussian,400,1,TVD_vanLeer,93.25,4.2673878181510019e-193,3.6787846732318305e-09,2.7656382013251745e-12
gaussian,400,1,TVD_vanLeer,93.75,3.7551920776900123e-196,8.2635404032736578e-10,2.5116363694986592e-12
gaussian,400,1,TVD_vanLeer,94.25,3.1260819659708616e-199,1.7563056663586188e-10,2.2679277552501023e-12
gaussian,400,1,TVD_vanLeer,94.75,2.4618771352528383e-202,3.5318757270266376e-11,2.0356118717423914e-12
gaussian,400,1,TVD_vanLeer,95.25,1.8341288841093893e-205,6.720185704095718e-12,1.815691310203638e-12
gaussian,400,1,TVD_vanLeer,95.75,1.2926782639492832e-208,1.2098369706947906e-12,1.6090289234412388e-12
gaussian,400,1,TVD_vanLeer,96.25,8.6188203433280492e-212,2.0608258731883101e-13,1.4163147589548771e-12
gaussian,400,1,TVD_vanLeer,96.75,5.4362781113090602e-215,3.32141965274349e-14,1.2380411563141268e-12
gaussian,400,1,TVD_vanLeer,97.25,3.2437818404201462e-218,5.0649286703574024e-15,1.0744867051083006e-12
gaussian,400,1,TVD_vanLeer,97.75,1.8310382879326304e-221,7.3078421136059479e-16,9.2570983516685025e-13
gaussian,400,1,TVD_vanLeer,98.25,9.7777452307610052e-225,9.9763187299063161e-17,7.9155211895016136e-13
gaussian,400,1,TVD_vanLeer,98.75,4.9394114690073506e-228,1.2885933928463541e-17,6.7165060754447618e-13
gaussian,400,1,TVD_vanLeer,99.25,2.3605140557182057e-231,1.574798474153022e-18,5.6545792496214771e-13
gaussian,400,1,TVD_vanLeer,99.75,1.0671674647092527e-234,1.8209442012348391e-19,4.7226844702008021e-13
gaussian,400,1,TVD_vanLeer,100.25,4.5640760406602172e-238,1.9921861502908424e-20,3.9124867556184357e-13
gaussian,400,1,TVD_vanLeer,100.75,1.8465760180530717e-241,2.0621671839624332e-21,3.2146986422210841e-13
gaussian,400,1,TVD_vanLeer,101.25,7.0676535757226893e-245,2.0196566623325658e-22,2.6194103624537152e-13
gaussian,400,1,TVD_vanLeer,101.75,2.5590382982323944e-248,1.8715006371450632e-23,2.1164073333081853e-13
gaussian,400,1,TVD_vanLeer,102.25,8.7653954508196459e-252,1.6408172091638786e-24,1.6954611824002263e-13
gaussian,400,1,TVD_vanLeer,102.75,2.8402670376555085e-255,1.3610912551088474e-25,1.34658391164906e-13
gaussian,400,1,TVD_vanLeer,103.25,8.7064177757327922e-259,1.0682431775721348e-26,1.0602383843890133e-13
gaussian,400,1,TVD_vanLeer,103.75,2.5247143272894142e-262,7.9324597368591832e-28,8.2750182417369587e-14
gaussian,400,1,TVD_vanLeer,104.25,6.9259148259432187e-266,5.5731343030240402e-29,6.4018218499068441e-14
gaussian,400,1,TVD_vanLeer,104.75,1.7973553963570837e-269,3.7046232122636381e-30,4.9088991065330192e-14
gaussian,400,1,TVD_vanLeer,105.25,4.4124768654730575e-273,2.3299172556753034e-31,3.7306963547597641e-14
gaussian,400,1,TVD_vanLeer,105.75,1.0247604389836399e-276,1.3863978914236671e-32,2.8099774928349418e-14
gaussian,400,1,TVD_vanLeer,106.25,2.2514041032861653e-280,7.8052215654120522e-34,2.0975247978454505e-14
gaussian,400,1,TVD_vanLeer,106.75,4.6792421069904345e-284,4.1574932920676779e-35,1.5516330551832148e-14
gaussian,400,1,TVD_vanLeer,107.25,9.2000102867270423e-288,2.0952018778669732e-36,1.1374620696154522e-14
gaussian,400,1,TVD_vanLeer,107.75,1.7111639375053288e-291,9.9900396552230441e-38,8.2630612654505259e-15
gaussian,400,1,TVD_vanLeer,108.25,3.0108229277994623e-295,4.5066579469365438e-39,5.9483024211088162e-15
gaussian,400,1,TVD_vanLeer,108.75,5.0115132566240711e-299,1.9234772699036974e-40,4.2431322168536247e-15
gaussian,400,1,TVD_vanLeer,109.25,7.8911884176594854e-303,7.7671847010722867e-42,2.9992759577878562e-15
gaussian,400,1,TVD_vanLeer,109.75,1.1754538816430952e-306,2.9674496460687058e-43,2.1007715779690292e-15
gaussian,400,1,TVD_vanLeer,110.25,1.6563733026717291e-310,1.0726184913763019e-44,1.4580459484924034e-15
gaussian,400,1,TVD_vanLeer,110.75,2.2080052079334144e-314,3.6681614880765345e-46,1.002748680971028e-15
gaussian,400,1,TVD_vanLeer,111.25,2.7843810569852211e-318,1.1868392918201357e-47,6.8334663848838657e-16
gaussian,400,1,TVD_vanLeer,111.75,3.4090529563046012e-322,3.6330782212602471e-49,4.614435671659256e-16
gaussian,400,1,TVD_vanLeer,112.25,0,1.0521944676302521e-50,3.0876356730263988e-16
gaussian,400,1,TVD_vanLeer,112.75,0,2.8830673534146975e-52,2.0472248857119646e-16
gaussian,400,1,TVD_vanLeer,113.25,0,7.4739494320031271e-54,1.345054680357814e-16
gaussian,400,1,TVD_vanLeer,113.75,0,1.8330790986180433e-55,8.7569465071050541e-17
gaussian,400,1,TVD_vanLeer,114.25,0,4.2535058912338327e-57,5.6494724184242901e-17
gaussian,400,1,TVD_vanLeer,114.75,0,9.3378471821561956e-59,3.6116872107155482e-17
gaussian,400,1,TVD_vanLeer,115.25,0,1.9394540397385407e-60,2.2880446733496628e-17
gaussian,400,1,TVD_vanLeer,115.75,0,3.8110474312065483e-62,1.4364037248826602e-17
gaussian,400,1,TVD_vanLeer,116.25,0,7.0850102165093802e-64,8.936184379122319e-18
gaussian,400,1,TVD_vanLeer,116.75,0,1.2461405151221231e-65,5.5093145924620126e-18
gaussian,400,1,TVD_vanLeer,117.25,0,2.0735910640506034e-67,3.3660415707664887e-18
gaussian,400,1,TVD_vanLeer,117.75,0,3.264434297492065e-69,2.0380963804677086e-18
gaussian,400,1,TVD_vanLeer,118.25,0,4.8620637210248339e-71,1.2229830704763939e-18
gaussian,400,1,TVD_vanLeer,118.75,0,6.8511020544828789e-73,7.2730074710367234e-19
gaussian,400,1,TVD_vanLeer,119.25,0,9.1332741774944847e-75,4.2866010252251081e-19
gaussian,400,1,TVD_vanLeer,119.75,0,1.151908605840987e-76,2.5039479430098581e-19
gaussian,400,1,TVD_vanLeer,120.25,0,1.3744667287824868e-78,1.4496349459356225e-19
gaussian,400,1,TVD_vanLeer,120.75,0,1.5515806073559298e-80,8.3180434395812319e-20
gaussian,400,1,TVD_vanLeer,121.25,0,1.6570575394038199e-82,4.7306528095228662e-20
gaussian,400,1,TVD_vanLeer,121.75,0,1.6742611982435561e-84,2.6666535980324863e-20
gaussian,400,1,TVD_vanLeer,122.25,0,1.6004070856991157e-86,1.4899309235834405e-20
gaussian,400,1,TVD_vanLeer,122.75,0,1.4473001645289649e-88,8.2514087631211351e-21
gaussian,400,1,TVD_vanLeer,123.25,0,1.2382459711806176e-90,4.5296119781752849e-21
gaussian,400,1,TVD_vanLeer,123.75,0,1.0022468169692573e-92,2.4647527861756345e-21
gaussian,400,1,TVD_vanLeer,124.25,0,7.6746961744396341e-95,1.3294553858739823e-21
gaussian,400,1,TVD_vanLeer,124.75,0,5.5598841967135248e-97,7.1083825886771527e-22
gaussian,400,1,TVD_vanLeer,125.25,0,3.8105499903840143e-99,3.7676716373655919e-22
gaussian,400,1,TVD_vanLeer,125.75,0,2.4707355778513018e-101,1.9796532275146061e-22
gaussian,400,1,TVD_vanLeer,126.25,0,1.5155870917754581e-103,1.0311636991006486e-22
gaussian,400,1,TVD_vanLeer,126.75,0,8.7953048135211462e-106,5.3247240004952853e-23
gaussian,400,1,TVD_vanLeer,127.25,0,4.8287599568742986e-108,2.725876218982578e-23
gaussian,400,1,TVD_vanLeer,127.75,0,2.508039822440754e-110,1.383449218771437e-23
gaussian,400,1,TVD_vanLeer,128.25,0,1.2323858534232878e-112,6.9610837276684145e-24
gaussian,400,1,TVD_vanLeer,128.75,0,5.7289077838712314e-115,3.4726056865942779e-24
gaussian,400,1,TVD_vanLeer,129.25,0,2.5194700779047881e-117,1.7175423409660698e-24
gaussian,400,1,TVD_vanLeer,129.75,0,1.0482339688612536e-119,8.4225020922749751e-25
gaussian,400,1,TVD_vanLeer,130.25,0,4.1258964063751506e-122,4.0951024146362324e-25
gaussian,400,1,TVD_vanLeer,130.75,0,1.5363455249679772e-124,1.9741792179802193e-25
gaussian,400,1,TVD_vanLeer,131.25,0,5.4121447561387576e-127,9.4365813112235762e-26
gaussian,400,1,TVD_vanLeer,131.75,0,1.8036791093263672e-129,4.4725701354183586e-26
gaussian,400,1,TVD_vanLeer,132.25,0,5.6866692041863252e-132,2.1019480503598134e-26
gaussian,400,1,TVD_vanLeer,132.75,0,1.6961526594972429e-134,9.7952842780202601e-27
gaussian,400,1,TVD_vanLeer,133.25,0,4.7860767762647408e-137,4.52637130467538e-27
gaussian,400,1,TVD_vanLeer,133.75,0,1.2776197474953692e-139,2.0740972071031541e-27
gaussian,400,1,TVD_vanLeer,134.25,0,3.2264897539639332e-142,9.4245685192813486e-28
gaussian,400,1,TVD_vanLeer,134.75,0,7.7084166646794762e-145,4.2467318165231111e-28
gaussian,400,1,TVD_vanLeer,135.25,0,1.7422312350615947e-147,1.8976523047232987e-28
gaussian,400,1,TVD_vanLeer,135.75,0,3.7252176024985683e-150,8.4091917535099061e-29
gaussian,400,1,TVD_vanLeer,136.25,0,7.535329658772136e-153,3.6955147428014717e-29
gaussian,400,1,TVD_vanLeer,136.75,0,1.4419730959227927e-155,1.6105931807221528e-29
gaussian,400,1,TVD_vanLeer,137.25,0,2.6104530553256889e-158,6.9613596011910422e-30
gaussian,400,1,TVD_vanLeer,137.75,0,4.4707253843875347e-161,2.984053034606884e-30
gaussian,400,1,TVD_vanLeer,138.25,0,7.2434093904405302e-164,1.2686158104196834e-30
gaussian,400,1,TVD_vanLeer,138.75,0,1.110223877799716e-166,5.3489873119137313e-31
gaussian,400,1,TVD_vanLeer,139.25,0,1.6098305307890998e-169,2.2368534375760182e-31
gaussian,400,1,TVD_vanLeer,139.75,0,2.2082660613823784e-172,9.2775765372502986e-32
gaussian,400,1,TVD_vanLeer,140.25,0,2.865654733798599e-175,3.8165332652862043e-32
gaussian,400,1,TVD_vanLeer,140.75,0,3.5180106454759892e-178,1.5572106873882411e-32
gaussian,400,1,TVD_vanLeer,141.25,0,4.0857412073436646e-181,6.3019613688929769e-33
gaussian,400,1,TVD_vanLeer,141.75,0,4.4889481261414988e-184,2.5296488939079883e-33
gaussian,400,1,TVD_vanLeer,142.25,0,4.6657123372592864e-187,1.0071795755238397e-33
gaussian,400,1,TVD_vanLeer,142.75,0,4.5876533240074568e-190,3.9776047165698173e-34
gaussian,400,1,TVD_vanLeer,143.25,0,4.2673878181510019e-193,1.5581532468807712e-34
gaussian,400,1,TVD_vanLeer,143.75,0,3.7551920776900123e-196,6.0544992498096027e-35
gaussian,400,1,TVD_vanLeer,144.25,0,3.1260819659708616e-199,2.333626640495393e-35
gaussian,400,1,TVD_vanLeer,144.75,0,2.4618771352528383e-202,8.9222638782523141e-36
gaussian,400,1,TVD_vanLeer,145.25,0,1.8341288841093893e-205,3.3838776464552239e-36
gaussian,400,1,TVD_vanLeer,145.75,0,1.2926782639492832e-208,1.2730790861623672e-36
gaussian,400,1,TVD_vanLeer,146.25,0,8.6188203433280492e-212,4.7511899975643778e-37
gaussian,400,1,TVD_vanLeer,146.75,0,5.4362781113090602e-215,1.7589792851172156e-37
gaussian,400,1,TVD_vanLeer,147.25,0,3.2437818404201462e-218,6.4600412096393577e-38
gaussian,400,1,TVD_vanLeer,147.75,0,1.8310382879326304e-221,2.3535905181596398e-38
gaussian,400,1,TVD_vanLeer,148.25,0,9.7777452307610052e-225,8.5065270677645241e-39
gaussian,400,1,TVD_vanLeer,148.75,0,4.9394114690073506e-228,3.0500295139089641e-39
gaussian,400,1,TVD_vanLeer,149.25,0,2.3605140557182057e-231,1.0849023939015047e-39
gaussian,400,1,TVD_vanLeer,149.75,0,1.0671674647092527e-234,3.8283934259058557e-40
gaussian,400,1,TVD_vanLeer,150.25,0,4.5640760406601197e-238,1.3402506224865729e-40
gaussian,400,1,TVD_vanLeer,150.75,0,1.8465760180528026e-241,4.6548235696172153e-41
gaussian,400,1,TVD_vanLeer,151.25,0,7.0676535757225397e-245,1.6038814715540209e-41
gaussian,400,1,TVD_vanLeer,151.75,0,2.5590382982320149e-248,5.4827335434793485e-42
gaussian,400,1,TVD_vanLeer,152.25,0,8.7653954508192737e-252,1.85943806890399e-42
gaussian,400,1,TVD_vanLeer,152.75,0,2.840267037654652e-255,6.2564760844154545e-43
gaussian,400,1,TVD_vanLeer,153.25,0,8.7064177757326062e-259,2.0885507672436326e-43
gaussian,400,1,TVD_vanLeer,153.75,0,2.524714327289028e-262,6.9172113620417694e-44
gaussian,400,1,TVD_vanLeer,154.25,0,6.9259148259432187e-266,2.272957449994333e-44
gaussian,400,1,TVD_vanLeer,154.75,0,1.7973553963570837e-269,7.4101876368081005e-45
gaussian,400,1,TVD_vanLeer,155.25,0,4.4124768654730575e-273,2.396889636225938e-45
gaussian,400,1,TVD_vanLeer,155.75,0,1.0247604389836399e-276,7.6922076760236022e-46
gaussian,400,1,TVD_vanLeer,156.25,0,2.2514041032861653e-280,2.4492955742038607e-46
gaussian,400,1,TVD_vanLeer,156.75,0,4.6792421069904345e-284,7.7378736975679589e-47
gaussian,400,1,TVD_vanLeer,157.25,0,9.2000102867270423e-288,2.4254662324571072e-47
gaussian,400,1,TVD_vanLeer,157.75,0,1.7111639375053288e-291,7.5433595520848645e-48
gaussian,400,1,TVD_vanLeer,158.25,0,3.0108229277994623e-295,2.3277326359248759e-48
gaussian,400,1,TVD_vanLeer,158.75,0,5.0115132566242844e-299,7.126933944933641e-49
gaussian,400,1,TVD_vanLeer,159.25,0,7.8911884176621055e-303,2.1650915885570042e-49
gaussian,400,1,TVD_vanLeer,159.75,0,1.1754538816431203e-306,6.5261368141042818e-50
gaussian,400,1,TVD_vanLeer,160.25,0,1.6563733026719762e-310,1.9518426799999332e-50
gaussian,400,1,TVD_vanLeer,160.75,0,2.2080052079334144e-314,5.7922122325351227e-51
gaussian,400,1,TVD_vanLeer,161.25,0,2.7843810569852211e-318,1.7055220604777197e-51
gaussian,400,1,TVD_vanLeer,161.75,0,3.4090529563046012e-322,4.9829387337085458e-52
gaussian,400,1,TVD_vanLeer,162.25,0,0,1.4445451249303747e-52
gaussian,400,1,TVD_vanLeer,162.75,0,0,4.1552387425276701e-53
gaussian,400,1,TVD_vanLeer,163.25,0,0,1.1859926947185392e-53
gaussian,400,1,TVD_vanLeer,163.75,0,0,3.3588529300856321e-54
gaussian,400,1,TVD_vanLeer,164.25,0,0,9.4389699088033092e-55
gaussian,400,1,TVD_vanLeer,164.75,0,0,2.6319914235345339e-55
gaussian,400,1,TVD_vanLeer,165.25,0,0,7.2823597495984341e-56
gaussian,400,1,TVD_vanLeer,165.75,0,0,1.999350970008504e-56
gaussian,400,1,TVD_vanLeer,166.25,0,0,5.4467391170854319e-57
gaussian,400,1,TVD_vanLeer,166.75,0,0,1.4723668857491475e-57
gaussian,400,1,TVD_vanLeer,167.25,0,0,3.9493776559405915e-58
gaussian,400,1,TVD_vanLeer,167.75,0,0,1.0511763828596777e-58
gaussian,400,1,TVD_vanLeer,168.25,0,0,2.7762457551855126e-59
gaussian,400,1,TVD_vanLeer,168.75,0,0,7.2757305129297177e-60
gaussian,400,1,TVD_vanLeer,169.25,0,0,1.8920500295263956e-60
gaussian,400,1,TVD_vanLeer,169.75,0,0,4.8823262621181102e-61
gaussian,400,1,TVD_vanLeer,170.25,0,0,1.2501437007766907e-61
gaussian,400,1,TVD_vanLeer,170.75,0,0,3.1763821647879737e-62
gaussian,400,1,TVD_vanLeer,171.25,0,0,8.0084022691355555e-63
gaussian,400,1,TVD_vanLeer,171.75,0,0,2.0035487240160471e-63
gaussian,400,1,TVD_vanLeer,172.25,0,0,4.9738804716122526e-64
gaussian,400,1,TVD_vanLeer,172.75,0,0,1.2252723456628548e-64
gaussian,400,1,TVD_vanLeer,173.25,0,0,2.9951056596483276e-65
gaussian,400,1,TVD_vanLeer,173.75,0,0,7.2649763665185432e-66
gaussian,400,1,TVD_vanLeer,174.25,0,0,1.7486345484247475e-66
gaussian,400,1,TVD_vanLeer,174.75,0,0,4.1764460913109213e-67
gaussian,400,1,TVD_vanLeer,175.25,0,0,9.8982360260453634e-68
gaussian,400,1,TVD_vanLeer,175.75,0,0,2.3278333903702509e-68
gaussian,400,1,TVD_vanLeer,176.25,0,0,5.4323675440177084e-69
gaussian,400,1,TVD_vanLeer,176.75,0,0,1.2579677441276326e-69
gaussian,400,1,TVD_vanLeer,177.25,0,0,2.8906323340263086e-70
gaussian,400,1,TVD_vanLeer,177.75,0,0,6.5911170658300186e-71
gaussian,400,1,TVD_vanLeer,178.25,0,0,1.4913094935881449e-71
gaussian,400,1,TVD_vanLeer,178.75,0,0,3.3482574423465367e-72
gaussian,400,1,TVD_vanLeer,179.25,0,0,7.4595368938324479e-73
gaussian,400,1,TVD_vanLeer,179.75,0,0,1.6490979787990016e-73
gaussian,400,1,TVD_vanLeer,180.25,0,0,3.6176135885097508e-74
gaussian,400,1,TVD_vanLeer,180.75,0,0,7.8747816292815111e-75
gaussian,400,1,TVD_vanLeer,181.25,0,0,1.7009632902949098e-75
gaussian,400,1,TVD_vanLeer,181.75,0,0,3.6457832311739269e-76
gaussian,400,1,TVD_vanLeer,182.25,0,0,7.7539961322910639e-77
gaussian,400,1,TVD_vanLeer,182.75,0,0,1.6364338655394993e-77
gaussian,400,1,TVD_vanLeer,183.25,0,0,3.4269576607115065e-78
gaussian,400,1,TVD_vanLeer,183.75,0,0,7.1212402220023309e-79
gaussian,400,1,TVD_vanLeer,184.25,0,0,1.4683795292129291e-79
gaussian,400,1,TVD_vanLeer,184.75,0,0,3.0043873333489756e-80
gaussian,400,1,TVD_vanLeer,185.25,0,0,6.099686645533017e-81
gaussian,400,1,TVD_vanLeer,185.75,0,0,1.2288310432715108e-81
gaussian,400,1,TVD_vanLeer,186.25,0,0,2.4564553542777809e-82
gaussian,400,1,TVD_vanLeer,186.75,0,0,4.8725532598831569e-83
gaussian,400,1,TVD_vanLeer,187.25,0,0,9.5903456938246266e-84
gaussian,400,1,TVD_vanLeer,187.75,0,0,1.8730129036225287e-84
gaussian,400,1,TVD_vanLeer,188.25,0,0,3.6297354595390776e-85
gaussian,400,1,TVD_vanLeer,188.75,0,0,6.9796830198188107e-86
gaussian,400,1,TVD_vanLeer,189.25,0,0,1.3317470276426092e-86
gaussian,400,1,TVD_vanLeer,189.75,0,0,2.5213424842292009e-87
gaussian,400,1,TVD_vanLeer,190.25,0,0,4.7365785477790091e-88
gaussian,400,1,TVD_vanLeer,190.75,0,0,8.8291549755699188e-89
gaussian,400,1,TVD_vanLeer,191.25,0,0,1.6330282562578202e-89
gaussian,400,1,TVD_vanLeer,191.75,0,0,2.9970022126072069e-90
gaussian,400,1,TVD_vanLeer,192.25,0,0,5.4575515608519252e-91
gaussian,400,1,TVD_vanLeer,192.75,0,0,9.8610835962088878e-92
gaussian,400,1,TVD_vanLeer,193.25,0,0,1.7679338359617642e-92
gaussian,400,1,TVD_vanLeer,193.75,0,0,3.1449988474532396e-93
gaussian,400,1,TVD_vanLeer,194.25,0,0,5.5511965951610632e-94
gaussian,400,1,TVD_vanLeer,194.75,0,0,9.7221620889972804e-95
gaussian,400,1,TVD_vanLeer,195.25,0,0,1.6894592264118594e-95
gaussian,400,1,TVD_vanLeer,195.75,0,0,2.9129943149234426e-96
gaussian,400,1,TVD_vanLeer,196.25,0,0,4.9835298148901848e-97
gaussian,400,1,TVD_vanLeer,196.75,0,0,8.4593774809479092e-98
gaussian,400,1,TVD_vanLeer,197.25,0,0,1.4247611665360275e-98
gaussian,400,1,TVD_vanLeer,197.75,0,0,2.3809289610939839e-99
gaussian,400,1,TVD_vanLeer,198.25,0,0,3.947752122134206e-100
gaussian,400,1,TVD_vanLeer,198.75,0,0,6.4945749433817465e-101
gaussian,400,1,TVD_vanLeer,199.25,0,0,1.0601012379147522e-101
gaussian,400,1,TVD_vanLeer,199.75,0,0,1.7168724012442035e-102
gaussian,400,1,PLM_MC,0.25,2.9674496460687887e-43,1.1754538816431203e-306,1.0408229366559002e-91
gaussian,400,1,PLM_MC,0.75,7.7671847010728729e-42,7.8911884176621055e-303,2.0816458733118002e-91
gaussian,400,1,PLM_MC,1.25,1.9234772699037504e-40,5.0115132566242844e-299,5.2283735834323891e-91
gaussian,400,1,PLM_MC,1.75,4.5066579469365438e-39,3.0108229277994623e-295,1.4607290267520082e-90
gaussian,400,1,PLM_MC,2.25,9.9900396552230441e-38,1.7111639375053288e-291,4.6255731434170828e-90
gaussian,400,1,PLM_MC,2.75,2.0952018778669732e-36,9.2000102867270423e-288,1.1295971165095271e-89
gaussian,400,1,PLM_MC,3.25,4.1574932920676779e-35,4.6792421069904345e-284,2.6814522540616371e-89
gaussian,400,1,PLM_MC,3.75,7.8052215654120522e-34,2.2514041032861653e-280,7.6673482625678576e-89
gaussian,400,1,PLM_MC,4.25,1.3863978914236671e-32,1.0247604389836399e-276,2.8464112121425391e-88
gaussian,400,1,PLM_MC,4.75,2.3299172556753034e-31,4.4124768654730575e-273,7.7831185815778349e-88
gaussian,400,1,PLM_MC,5.25,3.7046232122636381e-30,1.7973553963570837e-269,1.6662426234998104e-87
gaussian,400,1,PLM_MC,5.75,5.5731343030240402e-29,6.9259148259432187e-266,4.1979401786859373e-87
gaussian,400,1,PLM_MC,6.25,7.9324597368587958e-28,2.524714327289028e-262,1.4145237274772293e-86
gaussian,400,1,PLM_MC,6.75,1.0682431775721122e-26,8.7064177757326062e-259,5.3301687427210392e-86
gaussian,400,1,PLM_MC,7.25,1.3610912551087849e-25,2.840267037654652e-255,1.2294332751906314e-85
gaussian,400,1,PLM_MC,7.75,1.6408172091638449e-24,8.7653954508192737e-252,2.6527401214884123e-85
gaussian,400,1,PLM_MC,8.25,1.8715006371449644e-23,2.5590382982320149e-248,7.2921454364537877e-85
gaussian,400,1,PLM_MC,8.75,2.0196566623325172e-22,7.0676535757225397e-245,2.8562178208908959e-84
gaussian,400,1,PLM_MC,9.25,2.0621671839623482e-21,1.8465760180528026e-241,9.2275732081025916e-84
gaussian,400,1,PLM_MC,9.75,1.9921861502908032e-20,4.5640760406601197e-238,1.9420674924717799e-83
gaussian,400,1,PLM_MC,10.25,1.8209442012348391e-19,1.0671674647092527e-234,4.434406443007174e-83
gaussian,400,1,PLM_MC,10.75,1.574798474153022e-18,2.3605140557182057e-231,1.3526488711360841e-82
gaussian,400,1,PLM_MC,11.25,1.2885933928463541e-17,4.9394114690073506e-228,5.6173161871866216e-82
gaussian,400,1,PLM_MC,11.75,9.9763187299063161e-17,9.7777452307610052e-225,1.5263333081475103e-81
gaussian,400,1,PLM_MC,12.25,7.3078421136059479e-16,1.8310382879326304e-221,3.1301552892890721e-81
gaussian,400,1,PLM_MC,12.75,5.0649286703574024e-15,3.2437818404201462e-218,7.6955747364532508e-81
gaussian,400,1,PLM_MC,13.25,3.32141965274349e-14,5.4362781113090602e-215,2.6290364881198913e-80
gaussian,400,1,PLM_MC,13.75,2.0608258731883101e-13,8.6188203433280492e-212,1.0470927598371734e-79
gaussian,400,1,PLM_MC,14.25,1.2098369706947906e-12,1.2926782639492832e-208,2.4629391242648728e-79
gaussian,400,1,PLM_MC,14.75,6.720185704095718e-12,1.8341288841093893e-205,5.1676051071898429e-79
gaussian,400,1,PLM_MC,15.25,3.5318757270266376e-11,2.4618771352528383e-202,1.3798624529701103e-78
gaussian,400,1,PLM_MC,15.75,1.7563056663586188e-10,3.1260819659708616e-199,5.3058273885045761e-78
gaussian,400,1,PLM_MC,16.25,8.2635404032736578e-10,3.7551920776900123e-196,1.8440948692467763e-77
gaussian,400,1,PLM_MC,16.75,3.6787846732318305e-09,4.2673878181510019e-193,3.9350610666778718e-77
gaussian,400,1,PLM_MC,17.25,1.549585421550539e-08,4.5876533240074568e-190,8.7156367772768889e-77
gaussian,400,1,PLM_MC,17.75,6.1759016924693913e-08,4.6657123372592864e-187,2.5634818689738112e-76
gaussian,400,1,PLM_MC,18.25,2.3289473156464855e-07,4.4889481261414988e-184,1.0641746756784326e-75
gaussian,400,1,PLM_MC,18.75,8.3098676871119177e-07,4.0857412073436646e-181,3.0915849693199591e-75
gaussian,400,1,PLM_MC,19.25,2.805462080291371e-06,3.5180106454759892e-178,6.3396550559643055e-75
gaussian,400,1,PLM_MC,19.75,8.9617168578499812e-06,2.865654733798599e-175,1.5075545961380403e-74
gaussian,400,1,PLM_MC,20.25,2.7086644187709968e-05,2.2082660613823784e-172,4.9139967710880741e-74
gaussian,400,1,PLM_MC,20.75,7.7463475660144112e-05,1.6098305307890998e-169,2.0282541849256232e-73
gaussian,400,1,PLM_MC,21.25,0.00020961248401428069,1.110223877799716e-166,5.0642790484046278e-73
gaussian,400,1,PLM_MC,21.75,0.0005366810613521174,7.2434093904405302e-164,1.0434401608383753e-72
gaussian,400,1,PLM_MC,22.25,0.0013001543065751825,4.4707253843875347e-161,2.6700773957037435e-72
gaussian,400,1,PLM_MC,22.75,0.0029802558349892572,2.6104530553256889e-158,9.7128928240479061e-72
gaussian,400,1,PLM_MC,23.25,0.0064638713079587205,1.4419730959227927e-155,3.7117043227719236e-71
gaussian,400,1,PLM_MC,23.75,0.01326516998770776,7.535329658772136e-153,8.2960854539396341e-71
gaussian,400,1,PLM_MC,24.25,0.025758129949459849,3.7252176024985683e-150,1.7578463101436082e-70
gaussian,400,1,PLM_MC,24.75,0.047325763517469137,1.7422312350615947e-147,4.83065289447973e-70
gaussian,400,1,PLM_MC,25.25,0.082274089358194719,7.7084166646794762e-145,1.9196186470415259e-69
gaussian,400,1,PLM_MC,25.75,0.13533528095565894,3.2264897539639332e-142,6.8265479427371104e-69
gaussian,400,1,PLM_MC,26.25,0.21064044631089568,1.2776197474953692e-139,1.4443109317701567e-68
gaussian,400,1,PLM_MC,26.75,0.31020983760828968,4.7860767762647408e-137,3.087729876252531e-68
gaussian,400,1,PLM_MC,27.25,0.43226758151908995,1.6961526594972429e-134,8.7373086446890114e-68
gaussian,400,1,PLM_MC,27.750000000000004,0.5699454223917918,5.6866692041863252e-132,3.5859248493126174e-67
gaussian,400,1,PLM_MC,28.25,0.71104575448692675,1.8036791093263672e-129,1.4011949272778788e-66
gaussian,400,1,PLM_MC,28.749999999999996,0.83935491180663779,5.4121447561387576e-127,3.0168210504922359e-66
gaussian,400,1,PLM_MC,29.25,0.93751373301239194,1.5363455249679772e-124,5.991531069487577e-66
gaussian,400,1,PLM_MC,29.75,0.99081739365772359,4.1258964063751506e-122,1.5561288773197478e-65
gaussian,400,1,PLM_MC,30.25,0.99081739365772359,1.0482339688612536e-119,5.8702079660026615e-65
gaussian,400,1,PLM_MC,30.75,0.93751373301239227,2.5194700779047881e-117,3.0329789854196995e-64
gaussian,400,1,PLM_MC,31.25,0.83935491180663835,5.7289077838712314e-115,9.9738565422009999e-64
gaussian,400,1,PLM_MC,31.75,0.71104575448692653,1.2323858534232878e-112,1.8773300860635693e-63
gaussian,400,1,PLM_MC,32.25,0.56994542239179147,2.5080398224404083e-110,3.566314723916857e-63
gaussian,400,1,PLM_MC,32.75,0.43226758151908928,4.8287599568741481e-108,9.493277380713127e-63
gaussian,400,1,PLM_MC,33.25,0.31020983760828968,8.7953048135199631e-106,3.9258273001226785e-62
gaussian,400,1,PLM_MC,33.75,0.21064044631089568,1.5155870917754113e-103,2.2233642581496397e-61
gaussian,400,1,PLM_MC,34.25,0.13533528095565894,2.4707355778510861e-101,1.0246014542562978e-60
gaussian,400,1,PLM_MC,34.75,0.082274089358194719,3.8105499903839356e-99,2.2148087954354695e-60
gaussian,400,1,PLM_MC,35.25,0.047325763517469137,5.5598841967139978e-97,4.3061146941287351e-60
gaussian,400,1,PLM_MC,35.75,0.025758129949459849,7.6746961744397911e-95,1.1808222152950833e-59
gaussian,400,1,PLM_MC,36.25,0.01326516998770776,1.0022468169693816e-92,5.5468344401221535e-59
gaussian,400,1,PLM_MC,36.75,0.0064638713079587205,1.2382459711806558e-90,3.7662263781493362e-58
gaussian,400,1,PLM_MC,37.25,0.0029802558349892572,1.4473001645291398e-88,2.8643770922219422e-57
gaussian,400,1,PLM_MC,37.75,0.0013001543065751825,1.6004070856991646e-86,2.2102689304148197e-56
gaussian,400,1,PLM_MC,38.25,0.0005366810613521174,1.674261198243687e-84,1.688968736767937e-55
gaussian,400,1,PLM_MC,38.75,0.00020961248401428069,1.6570575394038535e-82,1.2714446859352402e-54
gaussian,400,1,PLM_MC,39.25,7.7463475660144112e-05,1.5515806073559298e-80,9.4192946510154737e-54
gaussian,400,1,PLM_MC,39.75,2.7086644187709968e-05,1.3744667287824868e-78,6.8661968976716532e-53
gaussian,400,1,PLM_MC,40.25,8.9617168578499812e-06,1.151908605840987e-76,4.925012237320697e-52
gaussian,400,1,PLM_MC,40.75,2.805462080291371e-06,9.1332741774944847e-75,3.476377287073604e-51
gaussian,400,1,PLM_MC,41.25,8.3098676871119177e-07,6.8511020544828789e-73,2.4149857795873727e-50
gaussian,400,1,PLM_MC,41.75,2.3289473156464855e-07,4.8620637210248339e-71,1.6512407196588036e-49
gaussian,400,1,PLM_MC,42.25,6.1759016924693913e-08,3.264434297492065e-69,1.1113577107874714e-48
gaussian,400,1,PLM_MC,42.75,1.549585421550539e-08,2.0735910640506034e-67,7.3634900945418922e-48
gaussian,400,1,PLM_MC,43.25,3.6787846732318305e-09,1.2461405151221231e-65,4.8032776297947367e-47
gaussian,400,1,PLM_MC,43.75,8.2635404032736578e-10,7.0850102165086812e-64,3.0849821896926426e-46
gaussian,400,1,PLM_MC,44.25,1.7563056663586188e-10,3.8110474312064361e-62,1.951032665649154e-45
gaussian,400,1,PLM_MC,44.75,3.5318757270266376e-11,1.9394540397384177e-60,1.2150896967568547e-44
gaussian,400,1,PLM_MC,45.25,6.720185704095718e-12,9.3378471821560134e-59,7.4527778430691874e-44
gaussian,400,1,PLM_MC,45.75,1.2098369706947906e-12,4.2535058912334405e-57,4.5022262097303718e-43
gaussian,400,1,PLM_MC,46.25,2.0608258731883101e-13,1.8330790986179901e-55,2.6789719801230204e-42
gaussian,400,1,PLM_MC,46.75,3.32141965274349e-14,7.473949432002463e-54,1.5702629206606458e-41
gaussian,400,1,PLM_MC,47.25,5.0649286703574024e-15,2.8830673534146148e-52,9.0671495838410931e-41
gaussian,400,1,PLM_MC,47.75,7.3078421136059479e-16,1.0521944676303421e-50,5.1581446477775949e-40
gaussian,400,1,PLM_MC,48.25,9.9763187299063161e-17,3.6330782212603504e-49,2.8911460954990341e-39
gaussian,400,1,PLM_MC,48.75,1.2885933928463541e-17,1.1868392918202003e-47,1.596721509664313e-38
gaussian,400,1,PLM_MC,49.25,1.574798474153022e-18,3.6681614880766029e-46,8.6895883320052634e-38
gaussian,400,1,PLM_MC,49.75,1.8209442012348391e-19,1.0726184913763865e-44,4.6602359280560683e-37
gaussian,400,1,PLM_MC,50.25,1.9921861502908032e-20,2.9674496460687887e-43,2.463103518182424e-36
gaussian,400,1,PLM_MC,50.75,2.0621671839623482e-21,7.7671847010728729e-42,1.2830706337405587e-35
gaussian,400,1,PLM_MC,51.25,2.0196566623325172e-22,1.9234772699037504e-40,6.5877710188088104e-35
gaussian,400,1,PLM_MC,51.75,1.8715006371449644e-23,4.5066579469365438e-39,3.3340590334902043e-34
gaussian,400,1,PLM_MC,52.25,1.6408172091638449e-24,9.9900396552230441e-38,1.6633431669097815e-33
gaussian,400,1,PLM_MC,52.75,1.3610912551087849e-25,2.0952018778669732e-36,8.1807177504564592e-33
gaussian,400,1,PLM_MC,53.25,1.0682431775721122e-26,4.1574932920676779e-35,3.9667023069416127e-32
gaussian,400,1,PLM_MC,53.75,7.9324597368587958e-28,7.8052215654120522e-34,1.8963777427918484e-31
gaussian,400,1,PLM_MC,54.25,5.5731343030239449e-29,1.3863978914236972e-32,8.9393620449167498e-31
gaussian,400,1,PLM_MC,54.750000000000007,3.7046232122634539e-30,2.329917255675422e-31,4.1553286032014384e-30
gaussian,400,1,PLM_MC,55.250000000000007,2.3299172556752342e-31,3.7046232122637783e-30,1.9048196229330466e-29
gaussian,400,1,PLM_MC,55.750000000000007,1.3863978914236129e-32,5.5731343030242554e-29,8.6116554090626786e-29
gaussian,400,1,PLM_MC,56.25,7.8052215654118452e-34,7.9324597368586648e-28,3.8400878832092354e-28
gaussian,400,1,PLM_MC,56.749999999999993,4.1574932920679029e-35,1.0682431775720784e-26,1.6891113437866514e-27
gaussian,400,1,PLM_MC,57.249999999999993,2.09520187786704e-36,1.3610912551087358e-25,7.3296476007700434e-27
gaussian,400,1,PLM_MC,57.749999999999993,9.9900396552234596e-38,1.6408172091637804e-24,3.1380940694727477e-26
gaussian,400,1,PLM_MC,58.25,4.5066579469367624e-39,1.8715006371449415e-23,1.3257562673806606e-25
gaussian,400,1,PLM_MC,58.75,1.9234772699037504e-40,2.0196566623325172e-22,5.5276578712019171e-25
gaussian,400,1,PLM_MC,59.25,7.7671847010728729e-42,2.0621671839623482e-21,2.2749577673897147e-24
gaussian,400,1,PLM_MC,59.75,2.9674496460687887e-43,1.9921861502908032e-20,9.2437496294623196e-24
gaussian,400,1,PLM_MC,60.25,1.0726184913763865e-44,1.8209442012348391e-19,3.7091179582653966e-23
gaussian,400,1,PLM_MC,60.75,3.6681614880766029e-46,1.574798474153022e-18,1.4701750534731962e-22
gaussian,400,1,PLM_MC,61.25,1.1868392918202003e-47,1.2885933928463541e-17,5.7584429924868037e-22
gaussian,400,1,PLM_MC,61.75,3.6330782212603504e-49,9.9763187299063161e-17,2.2299273778943074e-21
gaussian,400,1,PLM_MC,62.25,1.0521944676303421e-50,7.3078421136059479e-16,8.5431430368866128e-21
gaussian,400,1,PLM_MC,62.75,2.8830673534146148e-52,5.0649286703574024e-15,3.2412247878898386e-20
gaussian,400,1,PLM_MC,63.25,7.473949432002463e-54,3.32141965274349e-14,1.2195845610840894e-19
gaussian,400,1,PLM_MC,63.75,1.8330790986179901e-55,2.0608258731883101e-13,4.5620315754455818e-19
gaussian,400,1,PLM_MC,64.25,4.2535058912334405e-57,1.2098369706947906e-12,1.7031101147883205e-18
gaussian,400,1,PLM_MC,64.75,9.3378471821560134e-59,6.720185704095718e-12,6.3865207746042089e-18
gaussian,400,1,PLM_MC,65.25,1.9394540397384177e-60,3.5318757270266376e-11,2.4307542810445562e-17
gaussian,400,1,PLM_MC,65.75,3.8110474312064361e-62,1.7563056663586188e-10,9.5389934153050405e-17
gaussian,400,1,PLM_MC,66.25,7.0850102165086812e-64,8.2635404032736578e-10,3.9410342414980472e-16
gaussian,400,1,PLM_MC,66.75,1.2461405151221231e-65,3.6787846732318305e-09,1.7520171965333363e-15
gaussian,400,1,PLM_MC,67.25,2.0735910640506034e-67,1.549585421550539e-08,8.4998474042127767e-15
gaussian,400,1,PLM_MC,67.75,3.264434297492065e-69,6.1759016924693913e-08,4.4950939187029058e-14
gaussian,400,1,PLM_MC,68.25,4.8620637210248339e-71,2.3289473156464855e-07,2.5521892462031494e-13
gaussian,400,1,PLM_MC,68.75,6.8511020544828789e-73,8.3098676871119177e-07,1.5237306796505778e-12
gaussian,400,1,PLM_MC,69.25,9.1332741774944847e-75,2.805462080291371e-06,9.390456184187429e-12
gaussian,400,1,PLM_MC,69.75,1.151908605840987e-76,8.9617168578499812e-06,5.8954892959563846e-11
gaussian,400,1,PLM_MC,70.25,1.3744667287824868e-78,2.7086644187709968e-05,3.7395747523593692e-10
gaussian,400,1,PLM_MC,70.75,1.5515806073559298e-80,7.7463475660144112e-05,2.3850808229258612e-09
gaussian,400,1,PLM_MC,71.25,1.6570575394038535e-82,0.00020961248401428069,1.5255287243412052e-08
gaussian,400,1,PLM_MC,71.75,1.674261198243687e-84,0.0005366810613521174,9.7723162308958616e-08
gaussian,400,1,PLM_MC,72.25,1.6004070856991646e-86,0.0013001543065751825,6.2607596580981176e-07
gaussian,400,1,PLM_MC,72.75,1.4473001645291398e-88,0.0029802558349892572,4.0125469315588683e-06
gaussian,400,1,PLM_MC,73.25,1.2382459711806558e-90,0.0064638713079587205,2.5751965775010784e-05
gaussian,400,1,PLM_MC,73.75,1.0022468169693816e-92,0.01326516998770776,0.00013370367932911292
gaussian,400,1,PLM_MC,74.25,7.6746961744397911e-95,0.025758129949459849,0.00031250349520793569
gaussian,400,1,PLM_MC,74.75,5.5598841967139978e-97,0.047325763517469137,0.00050933233516383823
gaussian,400,1,PLM_MC,75.25,3.8105499903839356e-99,0.082274089358194719,0.00099056834875374577
gaussian,400,1,PLM_MC,75.75,2.4707355778510861e-101,0.13533528095565894,0.0029565822663958283
gaussian,400,1,PLM_MC,76.25,1.5155870917754113e-103,0.21064044631089568,0.013846537587800741
gaussian,400,1,PLM_MC,76.75,8.7953048135199631e-106,0.31020983760828968,0.081937088366645899
gaussian,400,1,PLM_MC,77.25,4.8287599568741481e-108,0.43226758151908928,0.4064158144275698
gaussian,400,1,PLM_MC,77.75,2.5080398224404083e-110,0.56994542239179147,0.86511720324153729
gaussian,400,1,PLM_MC,78.25,1.2323858534232878e-112,0.71104575448692653,0.985378007852726
gaussian,400,1,PLM_MC,78.75,5.7289077838712314e-115,0.83935491180663835,0.9853779018284673
gaussian,400,1,PLM_MC,79.25,2.5194700779047881e-117,0.93751373301239227,0.98537675045048578
gaussian,400,1,PLM_MC,79.75,1.0482339688612536e-119,0.99081739365772359,0.98536837247637066
gaussian,400,1,PLM_MC,80.25,4.1258964063751506e-122,0.99081739365772359,0.98531257741594958
gaussian,400,1,PLM_MC,80.75,1.5363455249679772e-124,0.93751373301239227,0.98494734490753111
gaussian,400,1,PLM_MC,81.25,5.4121447561387576e-127,0.83935491180663835,0.98256474055623122
gaussian,400,1,PLM_MC,81.75,1.8036791093263672e-129,0.71104575448692653,0.9670318225578256
gaussian,400,1,PLM_MC,82.25,5.6866692041863252e-132,0.56994542239179147,0.86577956697101155
gaussian,400,1,PLM_MC,82.75,1.6961526594972429e-134,0.43226758151908928,0.47504340165910858
gaussian,400,1,PLM_MC,83.25,4.7860767762647408e-137,0.31020983760828968,0.060292778612641137
gaussian,400,1,PLM_MC,83.75,1.2776197474953692e-139,0.21064044631089568,-3.8886733985283593e-17
gaussian,400,1,PLM_MC,84.25,3.2264897539639332e-142,0.13533528095565894,-3.7362775763681098e-17
gaussian,400,1,PLM_MC,84.75,7.7084166646794762e-145,0.082274089358194719,-2.5665586560836957e-17
gaussian,400,1,PLM_MC,85.25,1.7422312350615947e-147,0.047325763517469137,-6.243586144883993e-18
gaussian,400,1,PLM_MC,85.75,3.7252176024985683e-150,0.025758129949459849,1.4242869246214768e-20
gaussian,400,1,PLM_MC,86.25,7.535329658772136e-153,0.01326516998770776,1.4061501725230784e-20
gaussian,400,1,PLM_MC,86.75,1.4419730959227927e-155,0.0064638713079587205,1.215612916766576e-20
gaussian,400,1,PLM_MC,87.25,2.6104530553256889e-158,0.0029802558349892572,5.6121173423261387e-21
gaussian,400,1,PLM_MC,87.75,4.4707253843875347e-161,0.0013001543065751825,3.2233076600929641e-22
gaussian,400,1,PLM_MC,88.25,7.2434093904405302e-164,0.0005366810613521174,2.3481110908189604e-124
gaussian,400,1,PLM_MC,88.75,1.110223877799716e-166,0.00020961248401428069,5.7731140245888465e-198
gaussian,400,1,PLM_MC,89.25,1.6098305307890998e-169,7.7463475660144112e-05,4.7161955701179389e-196
gaussian,400,1,PLM_MC,89.75,2.2082660613823784e-172,2.7086644187709968e-05,1.9208555378120794e-194
gaussian,400,1,PLM_MC,90.25,2.865654733798599e-175,8.9617168578499812e-06,5.200635860968963e-193
gaussian,400,1,PLM_MC,90.75,3.5180106454759892e-178,2.805462080291371e-06,1.0530004301775903e-191
gaussian,400,1,PLM_MC,91.25,4.0857412073436646e-181,8.3098676871119177e-07,1.7007436117753768e-190
gaussian,400,1,PLM_MC,91.75,4.4889481261414988e-184,2.3289473156464855e-07,2.2825240166265199e-189
gaussian,400,1,PLM_MC,92.25,4.6657123372592864e-187,6.1759016924693913e-08,2.6181342337259283e-188
gaussian,400,1,PLM_MC,92.75,4.5876533240074568e-190,1.549585421550539e-08,2.6201302553751912e-187
gaussian,400,1,PLM_MC,93.25,4.2673878181510019e-193,3.6787846732318305e-09,2.3240602793918691e-186
gaussian,400,1,PLM_MC,93.75,3.7551920776900123e-196,8.2635404032736578e-10,1.8499514046332365e-185
gaussian,400,1,PLM_MC,94.25,3.1260819659708616e-199,1.7563056663586188e-10,1.3348317490013607e-184
gaussian,400,1,PLM_MC,94.75,2.4618771352528383e-202,3.5318757270266376e-11,8.8033987947753009e-184
gaussian,400,1,PLM_MC,95.25,1.8341288841093893e-205,6.720185704095718e-12,5.3439055237882176e-183
gaussian,400,1,PLM_MC,95.75,1.2926782639492832e-208,1.2098369706947906e-12,3.0035150836766298e-182
gaussian,400,1,PLM_MC,96.25,8.6188203433280492e-212,2.0608258731883101e-13,1.5710351330260343e-181
gaussian,400,1,PLM_MC,96.75,5.4362781113090602e-215,3.32141965274349e-14,7.6817947337421036e-181
gaussian,400,1,PLM_MC,97.25,3.2437818404201462e-218,5.0649286703574024e-15,3.5250191029856533e-180
gaussian,400,1,PLM_MC,97.75,1.8310382879326304e-221,7.3078421136059479e-16,1.5233137334930731e-179
gaussian,400,1,PLM_MC,98.25,9.7777452307610052e-225,9.9763187299063161e-17,6.2185758737797919e-179
gaussian,400,1,PLM_MC,98.75,4.9394114690073506e-228,1.2885933928463541e-17,2.4047690545808257e-178
gaussian,400,1,PLM_MC,99.25,2.3605140557182057e-231,1.574798474153022e-18,8.8313400056774509e-178
gaussian,400,1,PLM_MC,99.75,1.0671674647092527e-234,1.8209442012348391e-19,3.0870225187630266e-177
gaussian,400,1,PLM_MC,100.25,4.5640760406602172e-238,1.9921861502908424e-20,1.0292357996032641e-176
gaussian,400,1,PLM_MC,100.75,1.8465760180530717e-241,2.0621671839624332e-21,3.2792747054084224e-176
gaussian,400,1,PLM_MC,101.25,7.0676535757226893e-245,2.0196566623325658e-22,1.0002023990655386e-175
gaussian,400,1,PLM_MC,101.75,2.5590382982323944e-248,1.8715006371450632e-23,2.9251346821088197e-175
gaussian,400,1,PLM_MC,102.25,8.7653954508196459e-252,1.6408172091638786e-24,8.2148670893370562e-175
gaussian,400,1,PLM_MC,102.75,2.8402670376555085e-255,1.3610912551088474e-25,2.2184754420733355e-174
gaussian,400,1,PLM_MC,103.25,8.7064177757327922e-259,1.0682431775721348e-26,5.7685904919749915e-174
gaussian,400,1,PLM_MC,103.75,2.5247143272894142e-262,7.9324597368591832e-28,1.4460076268918035e-173
gaussian,400,1,PLM_MC,104.25,6.9259148259432187e-266,5.5731343030240402e-29,3.498235201435745e-173
gaussian,400,1,PLM_MC,104.75,1.7973553963570837e-269,3.7046232122636381e-30,8.1764918775695769e-173
gaussian,400,1,PLM_MC,105.25,4.4124768654730575e-273,2.3299172556753034e-31,1.8482461988838464e-172
gaussian,400,1,PLM_MC,105.75,1.0247604389836399e-276,1.3863978914236671e-32,4.0442542175700901e-172
gaussian,400,1,PLM_MC,106.25,2.2514041032861653e-280,7.8052215654120522e-34,8.5741678008599359e-172
gaussian,400,1,PLM_MC,106.75,4.6792421069904345e-284,4.1574932920676779e-35,1.7627457137884809e-171
gaussian,400,1,PLM_MC,107.25,9.2000102867270423e-288,2.0952018778669732e-36,3.5170844050059184e-171
gaussian,400,1,PLM_MC,107.75,1.7111639375053288e-291,9.9900396552230441e-38,6.8156354013231296e-171
gaussian,400,1,PLM_MC,108.25,3.0108229277994623e-295,4.5066579469365438e-39,1.2837504788909656e-170
gaussian,400,1,PLM_MC,108.75,5.0115132566240711e-299,1.9234772699036974e-40,2.3518659759937707e-170
gaussian,400,1,PLM_MC,109.25,7.8911884176594854e-303,7.7671847010722867e-42,4.1936984051669258e-170
gaussian,400,1,PLM_MC,109.75,1.1754538816430952e-306,2.9674496460687058e-43,7.2831413555950998e-170
gaussian,400,1,PLM_MC,110.25,1.6563733026717291e-310,1.0726184913763019e-44,1.2326842899083948e-169
gaussian,400,1,PLM_MC,110.75,2.2080052079334144e-314,3.6681614880765345e-46,2.0345236009585482e-169
gaussian,400,1,PLM_MC,111.25,2.7843810569852211e-318,1.1868392918201357e-47,3.2764993902439693e-169
gaussian,400,1,PLM_MC,111.75,3.4090529563046012e-322,3.6330782212602471e-49,5.1516489826172378e-169
gaussian,400,1,PLM_MC,112.25,0,1.0521944676302521e-50,7.9125806888138357e-169
gaussian,400,1,PLM_MC,112.75,0,2.8830673534146975e-52,1.1878680760461526e-168
gaussian,400,1,PLM_MC,113.25,0,7.4739494320031271e-54,1.7439555745089502e-168
gaussian,400,1,PLM_MC,113.75,0,1.8330790986180433e-55,2.5052797988591421e-168
gaussian,400,1,PLM_MC,114.25,0,4.2535058912338327e-57,3.5234295644117215e-168
gaussian,400,1,PLM_MC,114.75,0,9.3378471821561956e-59,4.8539786716959873e-168
gaussian,400,1,PLM_MC,115.25,0,1.9394540397385407e-60,6.5537197692221833e-168
gaussian,400,1,PLM_MC,115.75,0,3.8110474312065483e-62,8.677045918409812e-168
gaussian,400,1,PLM_MC,116.25,0,7.0850102165093802e-64,1.1271682462669879e-167
gaussian,400,1,PLM_MC,116.75,0,1.2461405151221231e-65,1.4374103719437967e-167
gaussian,400,1,PLM_MC,117.25,0,2.0735910640506034e-67,1.8005076055883324e-167
gaussian,400,1,PLM_MC,117.75,0,3.264434297492065e-69,2.2165828146312744e-167
gaussian,400,1,PLM_MC,118.25,0,4.8620637210248339e-71,2.6835343154311369e-167
gaussian,400,1,PLM_MC,118.75,0,6.8511020544828789e-73,3.1969188595487281e-167
gaussian,400,1,PLM_MC,119.25,0,9.1332741774944847e-75,3.7500152648014389e-167
gaussian,400,1,PLM_MC,119.75,0,1.151908605840987e-76,4.3340758396144018e-167
gaussian,400,1,PLM_MC,120.25,0,1.3744667287824868e-78,4.938750783701532e-167
gaussian,400,1,PLM_MC,120.75,0,1.5515806073559298e-80,5.5526498680761279e-167
gaussian,400,1,PLM_MC,121.25,0,1.6570575394038199e-82,6.1639891352333976e-167
gaussian,400,1,PLM_MC,121.75,0,1.6742611982435561e-84,6.7612606451820294e-167
gaussian,400,1,PLM_MC,122.25,0,1.6004070856991157e-86,7.3338617829975751e-167
gaussian,400,1,PLM_MC,122.75,0,1.4473001645289649e-88,7.872627304650837e-167
gaussian,400,1,PLM_MC,123.25,0,1.2382459711806176e-90,8.3702207686611774e-167
gaussian,400,1,PLM_MC,123.75,0,1.0022468169692573e-92,8.8213599156064623e-167
gaussian,400,1,PLM_MC,124.25,0,7.6746961744396341e-95,9.2228700395590771e-167
gaussian,400,1,PLM_MC,124.75,0,5.5598841967135248e-97,9.5735776074567831e-167
gaussian,400,1,PLM_MC,125.25,0,3.8105499903840143e-99,9.8740710091400452e-167
gaussian,400,1,PLM_MC,125.75,0,2.4707355778513018e-101,1.0126364897875606e-166
gaussian,400,1,PLM_MC,126.25,0,1.5155870917754581e-103,1.0333508621350608e-166
gaussian,400,1,PLM_MC,126.75,0,8.7953048135211462e-106,1.0499178164545177e-166
gaussian,400,1,PLM_MC,127.25,0,4.8287599568742986e-108,1.0627285927683852e-166
gaussian,400,1,PLM_MC,127.75,0,2.508039822440754e-110,1.0721635016782603e-166
gaussian,400,1,PLM_MC,128.25,0,1.2323858534232878e-112,1.0785636059549572e-166
gaussian,400,1,PLM_MC,128.75,0,5.7289077838712314e-115,1.0822096196628362e-166
gaussian,400,1,PLM_MC,129.25,0,2.5194700779047881e-117,1.0833082779738412e-166
gaussian,400,1,PLM_MC,129.75,0,1.0482339688612536e-119,1.0819858931245143e-166
gaussian,400,1,PLM_MC,130.25,0,4.1258964063751506e-122,1.0782884563591892e-166
gaussian,400,1,PLM_MC,130.75,0,1.5363455249679772e-124,1.0721874479557692e-166
gaussian,400,1,PLM_MC,131.25,0,5.4121447561387576e-127,1.0635904342311469e-166
gaussian,400,1,PLM_MC,131.75,0,1.8036791093263672e-129,1.0523555128177154e-166
gaussian,400,1,PLM_MC,132.25,0,5.6866692041863252e-132,1.0383086722307712e-166
gaussian,400,1,PLM_MC,132.75,0,1.6961526594972429e-134,1.0212631289405157e-166
gaussian,400,1,PLM_MC,133.25,0,4.7860767762647408e-137,1.0010396818582855e-166
gaussian,400,1,PLM_MC,133.75,0,1.2776197474953692e-139,9.7748708387415041e-167
gaussian,400,1,PLM_MC,134.25,0,3.2264897539639332e-142,9.5050138934675126e-167
gaussian,400,1,PLM_MC,134.75,0,7.7084166646794762e-145,9.2004321922621075e-167
gaussian,400,1,PLM_MC,135.25,0,1.7422312350615947e-147,8.8615191696643676e-167
gaussian,400,1,PLM_MC,135.75,0,3.7252176024985683e-150,8.4895566899709705e-167
gaussian,400,1,PLM_MC,136.25,0,7.535329658772136e-153,8.0867684429847993e-167
gaussian,400,1,PLM_MC,136.75,0,1.4419730959227927e-155,7.6563206734162379e-167
gaussian,400,1,PLM_MC,137.25,0,2.6104530553256889e-158,7.2022686324325298e-167
gaussian,400,1,PLM_MC,137.75,0,4.4707253843875347e-161,6.7294507801589603e-167
gaussian,400,1,PLM_MC,138.25,0,7.2434093904405302e-164,6.2433364683758615e-167
gaussian,400,1,PLM_MC,138.75,0,1.110223877799716e-166,5.7498362246822557e-167
gaussian,400,1,PLM_MC,139.25,0,1.6098305307890998e-169,5.2550864911248206e-167
gaussian,400,1,PLM_MC,139.75,0,2.2082660613823784e-172,4.7652224546549837e-167
gaussian,400,1,PLM_MC,140.25,0,2.865654733798599e-175,4.2861532598476628e-167
gaussian,400,1,PLM_MC,140.75,0,3.5180106454759892e-178,3.8233533584280862e-167
gaussian,400,1,PLM_MC,141.25,0,4.0857412073436646e-181,3.3816820990392733e-167
gaussian,400,1,PLM_MC,141.75,0,4.4889481261414988e-184,2.9652410866493426e-167
gaussian,400,1,PLM_MC,142.25,0,4.6657123372592864e-187,2.5772756269175609e-167
gaussian,400,1,PLM_MC,142.75,0,4.5876533240074568e-190,2.220123051820895e-167
gaussian,400,1,PLM_MC,143.25,0,4.2673878181510019e-193,1.8952072436727439e-167
gaussian,400,1,PLM_MC,143.75,0,3.7551920776900123e-196,1.60307554923528e-167
gaussian,400,1,PLM_MC,144.25,0,3.1260819659708616e-199,1.3434717537703441e-167
gaussian,400,1,PLM_MC,144.75,0,2.4618771352528383e-202,1.1154370303898623e-167
gaussian,400,1,PLM_MC,145.25,0,1.8341288841093893e-205,9.1742986170450235e-168
gaussian,400,1,PLM_MC,145.75,0,1.2926782639492832e-208,7.4745582587494094e-168
gaussian,400,1,PLM_MC,146.25,0,8.6188203433280492e-212,6.0319874792519739e-168
gaussian,400,1,PLM_MC,146.75,0,5.4362781113090602e-215,4.8214588413582389e-168
gaussian,400,1,PLM_MC,147.25,0,3.2437818404201462e-218,3.817013464138102e-168
gaussian,400,1,PLM_MC,147.75,0,1.8310382879326304e-221,2.9928369272159226e-168
gaussian,400,1,PLM_MC,148.25,0,9.7777452307610052e-225,2.3240533231454425e-168
gaussian,400,1,PLM_MC,148.75,0,4.9394114690073506e-228,1.7873297527907613e-168
gaussian,400,1,PLM_MC,149.25,0,2.3605140557182057e-231,1.3612968984934215e-168
gaussian,400,1,PLM_MC,149.75,0,1.0671674647092527e-234,1.0268015689792912e-168
gaussian,400,1,PLM_MC,150.25,0,4.5640760406601197e-238,7.6701408505997641e-169
gaussian,400,1,PLM_MC,150.75,0,1.8465760180528026e-241,5.6741720661082868e-169
gaussian,400,1,PLM_MC,151.25,0,7.0676535757225397e-245,4.1570438354364979e-169
gaussian,400,1,PLM_MC,151.75,0,2.5590382982320149e-248,3.0161399772441802e-169
gaussian,400,1,PLM_MC,152.25,0,8.7653954508192737e-252,2.1672356522718069e-169
gaussian,400,1,PLM_MC,152.75,0,2.840267037654652e-255,1.5422419367914178e-169
gaussian,400,1,PLM_MC,153.25,0,8.7064177757326062e-259,1.0869147479780094e-169
gaussian,400,1,PLM_MC,153.75,0,2.524714327289028e-262,7.586487247981357e-170
gaussian,400,1,PLM_MC,154.25,0,6.9259148259432187e-266,5.2443860254064441e-170
gaussian,400,1,PLM_MC,154.75,0,1.7973553963570837e-269,3.5905771873754308e-170
gaussian,400,1,PLM_MC,155.25,0,4.4124768654730575e-273,2.4347656831957475e-170
gaussian,400,1,PLM_MC,155.75,0,1.0247604389836399e-276,1.635239831984835e-170
gaussian,400,1,PLM_MC,156.25,0,2.2514041032861653e-280,1.08779148705395e-170
gaussian,400,1,PLM_MC,156.75,0,4.6792421069904345e-284,7.167351216948865e-171
gaussian,400,1,PLM_MC,157.25,0,9.2000102867270423e-288,4.6776724459642184e-171
gaussian,400,1,PLM_MC,157.75,0,1.7111639375053288e-291,3.0239079698811303e-171
gaussian,400,1,PLM_MC,158.25,0,3.0108229277994623e-295,1.9363541049278121e-171
gaussian,400,1,PLM_MC,158.75,0,5.0115132566242844e-299,1.2282547835132951e-171
gaussian,400,1,PLM_MC,159.25,0,7.8911884176621055e-303,7.717734429631549e-172
gaussian,400,1,PLM_MC,159.75,0,1.1754538816431203e-306,4.8039584615231694e-172
gaussian,400,1,PLM_MC,160.25,0,1.6563733026719762e-310,2.9622874386738034e-172
gaussian,400,1,PLM_MC,160.75,0,2.2080052079334144e-314,1.809607081068554e-172
gaussian,400,1,PLM_MC,161.25,0,2.7843810569852211e-318,1.0951691232198738e-172
gaussian,400,1,PLM_MC,161.75,0,3.4090529563046012e-322,6.5664198404143939e-173
gaussian,400,1,PLM_MC,162.25,0,0,3.9006540590590044e-173
gaussian,400,1,PLM_MC,162.75,0,0,2.2957170609865211e-173
gaussian,400,1,PLM_MC,163.25,0,0,1.3386968520737738e-173
gaussian,400,1,PLM_MC,163.75,0,0,7.7346361527082309e-174
gaussian,400,1,PLM_MC,164.25,0,0,4.4279437736483762e-174
gaussian,400,1,PLM_MC,164.75,0,0,2.5117686575983773e-174
gaussian,400,1,PLM_MC,165.25,0,0,1.4118327023202269e-174
gaussian,400,1,PLM_MC,165.75,0,0,7.8636392471975728e-175
gaussian,400,1,PLM_MC,166.25,0,0,4.3402155336754787e-175
gaussian,400,1,PLM_MC,166.75,0,0,2.3738700818155009e-175
gaussian,400,1,PLM_MC,167.25,0,0,1.2866814051140004e-175
gaussian,400,1,PLM_MC,167.75,0,0,6.9113668562542944e-176
gaussian,400,1,PLM_MC,168.25,0,0,3.6791377162117353e-176
gaussian,400,1,PLM_MC,168.75,0,0,1.9410090752005111e-176
gaussian,400,1,PLM_MC,169.25,0,0,1.0148892764928271e-176
gaussian,400,1,PLM_MC,169.75,0,0,5.2593175609731404e-177
gaussian,400,1,PLM_MC,170.25,0,0,2.7012806965370732e-177
gaussian,400,1,PLM_MC,170.75,0,0,1.3751481157807057e-177
gaussian,400,1,PLM_MC,171.25,0,0,6.9387050937805227e-178
gaussian,400,1,PLM_MC,171.75,0,0,3.4702934980713317e-178
gaussian,400,1,PLM_MC,172.25,0,0,1.7203718738261803e-178
gaussian,400,1,PLM_MC,172.75,0,0,8.4538827895138327e-179
gaussian,400,1,PLM_MC,173.25,0,0,4.1179130024646311e-179
gaussian,400,1,PLM_MC,173.75,0,0,1.9883569270299028e-179
gaussian,400,1,PLM_MC,174.25,0,0,9.5173670623687797e-180
gaussian,400,1,PLM_MC,174.75,0,0,4.5159957461399999e-180
gaussian,400,1,PLM_MC,175.25,0,0,2.1242874269507813e-180
gaussian,400,1,PLM_MC,175.75,0,0,9.9061472257175511e-181
gaussian,400,1,PLM_MC,176.25,0,0,4.5796954178558548e-181
gaussian,400,1,PLM_MC,176.75,0,0,2.0990229104840803e-181
gaussian,400,1,PLM_MC,177.25,0,0,9.5379458754982457e-182
gaussian,400,1,PLM_MC,177.75,0,0,4.2969254596103457e-182
gaussian,400,1,PLM_MC,178.25,0,0,1.9192615063700597e-182
gaussian,400,1,PLM_MC,178.75,0,0,8.4994691756056356e-183
gaussian,400,1,PLM_MC,179.25,0,0,3.7319738814676774e-183
gaussian,400,1,PLM_MC,179.75,0,0,1.6247338547411491e-183
gaussian,400,1,PLM_MC,180.25,0,0,7.0134269961882036e-184
gaussian,400,1,PLM_MC,180.75,0,0,3.0018583622570333e-184
gaussian,400,1,PLM_MC,181.25,0,0,1.2739996321901272e-184
gaussian,400,1,PLM_MC,181.75,0,0,5.3613578637757986e-185
gaussian,400,1,PLM_MC,182.25,0,0,2.2372460689247407e-185
gaussian,400,1,PLM_MC,182.75,0,0,9.2574872556683627e-186
gaussian,400,1,PLM_MC,183.25,0,0,3.7985664644988454e-186
gaussian,400,1,PLM_MC,183.75,0,0,1.5456112702007905e-186
gaussian,400,1,PLM_MC,184.25,0,0,6.2365059195840725e-187
gaussian,400,1,PLM_MC,184.75,0,0,2.4954528785062035e-187
gaussian,400,1,PLM_MC,185.25,0,0,9.9021776020316806e-188
gaussian,400,1,PLM_MC,185.75,0,0,3.8966514623784608e-188
gaussian,400,1,PLM_MC,186.25,0,0,1.5206806233073269e-188
gaussian,400,1,PLM_MC,186.75,0,0,5.8854005824229309e-189
gaussian,400,1,PLM_MC,187.25,0,0,2.2589751510356755e-189
gaussian,400,1,PLM_MC,187.75,0,0,8.5990408742543655e-190
gaussian,400,1,PLM_MC,188.25,0,0,3.246364723667438e-190
gaussian,400,1,PLM_MC,188.75,0,0,1.2155108200825017e-190
gaussian,400,1,PLM_MC,189.25,0,0,4.5137752818262463e-191
gaussian,400,1,PLM_MC,189.75,0,0,1.6624395823097162e-191
gaussian,400,1,PLM_MC,190.25,0,0,6.0726991669023903e-192
gaussian,400,1,PLM_MC,190.75,0,0,2.200151735202117e-192
gaussian,400,1,PLM_MC,191.25,0,0,7.9061192623726524e-193
gaussian,400,1,PLM_MC,191.75,0,0,2.8178555536974388e-193
gaussian,400,1,PLM_MC,192.25,0,0,9.9614690396841622e-194
gaussian,400,1,PLM_MC,192.75,0,0,3.4928657400670954e-194
gaussian,400,1,PLM_MC,193.25,0,0,1.2147828823969005e-194
gaussian,400,1,PLM_MC,193.75,0,0,4.1906174409312487e-195
gaussian,400,1,PLM_MC,194.25,0,0,1.4339174454494707e-195
gaussian,400,1,PLM_MC,194.75,0,0,4.8667736187487269e-196
gaussian,400,1,PLM_MC,195.25,0,0,1.6384491863543794e-196
gaussian,400,1,PLM_MC,195.75,0,0,5.4714634404465921e-197
gaussian,400,1,PLM_MC,196.25,0,0,1.812410059544656e-197
gaussian,400,1,PLM_MC,196.75,0,0,5.9551882780069523e-198
gaussian,400,1,PLM_MC,197.25,0,0,1.9409936744569637e-198
gaussian,400,1,PLM_MC,197.75,0,0,6.2754625681863951e-199
gaussian,400,1,PLM_MC,198.25,0,0,2.0126287149667181e-199
gaussian,400,1,PLM_MC,198.75,0,0,6.4029641578919106e-200
gaussian,400,1,PLM_MC,199.25,0,0,2.0206962637149466e-200
gaussian,400,1,PLM_MC,199.75,0,0,6.3259613516217899e-201
gaussian,400,2,upwind,0.25,2.9674496460687887e-43,1.1754538816431203e-306,1.0237548074169983e-98
gaussian,400,2,upwind,0.75,7.7671847010728729e-42,7.8911884176621055e-303,1.9742218744731365e-96
gaussian,400,2,upwind,1.25,1.9234772699037504e-40,5.0115132566242844e-299,1.9291595598631908e-94
gaussian,400,2,upwind,1.75,4.5066579469365438e-39,3.0108229277994623e-295,1.2773096994493315e-92
gaussian,400,2,upwind,2.25,9.9900396552230441e-38,1.7111639375053288e-291,6.4674143183760457e-91
gaussian,400,2,upwind,2.75,2.0952018778669732e-36,9.2000102867270423e-288,2.6804893620568336e-89
gaussian,400,2,upwind,3.25,4.1574932920676779e-35,4.6792421069904345e-284,9.5067833819697438e-88
gaussian,400,2,upwind,3.75,7.8052215654120522e-34,2.2514041032861653e-280,2.9779648443274226e-86
gaussian,400,2,upwind,4.25,1.3863978914236671e-32,1.0247604389836399e-276,8.4357997984706522e-85
gaussian,400,2,upwind,4.75,2.3299172556753034e-31,4.4124768654730575e-273,2.2001808532708352e-83
gaussian,400,2,upwind,5.25,3.7046232122636381e-30,1.7973553963570837e-269,5.3559100202510421e-82
gaussian,400,2,upwind,5.75,5.5731343030240402e-29,6.9259148259432187e-266,1.2292644599419365e-80
gaussian,400,2,upwind,6.25,7.9324597368587958e-28,2.524714327289028e-262,2.6795255735418674e-79
gaussian,400,2,upwind,6.75,1.0682431775721122e-26,8.7064177757326062e-259,5.5753328180460057e-78
gaussian,400,2,upwind,7.25,1.3610912551087849e-25,2.840267037654652e-255,1.1111371642388614e-76
gaussian,400,2,upwind,7.75,1.6408172091638449e-24,8.7653954508192737e-252,2.1258426986002744e-75
gaussian,400,2,upwind,8.25,1.8715006371449644e-23,2.5590382982320149e-248,3.9103344432931364e-74
gaussian,400,2,upwind,8.75,2.0196566623325172e-22,7.0676535757225397e-245,6.9225131686139316e-73
gaussian,400,2,upwind,9.25,2.0621671839623482e-21,1.8465760180528026e-241,1.1803413823974383e-71
gaussian,400,2,upwind,9.75,1.9921861502908032e-20,4.5640760406601197e-238,1.9395636096964033e-70
gaussian,400,2,upwind,10.25,1.8209442012348391e-19,1.0671674647092527e-234,3.0730837390859686e-69
gaussian,400,2,upwind,10.75,1.574798474153022e-18,2.3605140557182057e-231,4.6969980118076417e-68
gaussian,400,2,upwind,11.25,1.2885933928463541e-17,4.9394114690073506e-228,6.928402578618754e-67
gaussian,400,2,upwind,11.75,9.9763187299063161e-17,9.7777452307610052e-225,9.8672924063934745e-66
gaussian,400,2,upwind,12.25,7.3078421136059479e-16,1.8310382879326304e-221,1.3573660437750668e-64
gaussian,400,2,upwind,12.75,5.0649286703574024e-15,3.2437818404201462e-218,1.8043037471379915e-63
gaussian,400,2,upwind,13.25,3.32141965274349e-14,5.4362781113090602e-215,2.318535166786703e-62
gaussian,400,2,upwind,13.75,2.0608258731883101e-13,8.6188203433280492e-212,2.8812769988788162e-61
gaussian,400,2,upwind,14.25,1.2098369706947906e-12,1.2926782639492832e-208,3.4641589558174794e-60
gaussian,400,2,upwind,14.75,6.720185704095718e-12,1.8341288841093893e-205,4.0311085829956709e-59
gaussian,400,2,upwind,15.25,3.5318757270266376e-11,2.4618771352528383e-202,4.5418798234032507e-58
gaussian,400,2,upwind,15.75,1.7563056663586188e-10,3.1260819659708616e-199,4.9567829537811111e-57
gaussian,400,2,upwind,16.25,8.2635404032736578e-10,3.7551920776900123e-196,5.2418426079031636e-56
gaussian,400,2,upwind,16.75,3.6787846732318305e-09,4.2673878181510019e-193,5.373441319973456e-55
gaussian,400,2,upwind,17.25,1.549585421550539e-08,4.5876533240074568e-190,5.3415593389206698e-54
gaussian,400,2,upwind,17.75,6.1759016924693913e-08,4.6657123372592864e-187,5.1509937347468216e-53
gaussian,400,2,upwind,18.25,2.3289473156464855e-07,4.4889481261414988e-184,4.8203615682542182e-52
gaussian,400,2,upwind,18.75,8.3098676871119177e-07,4.0857412073436646e-181,4.3791499609638247e-51
gaussian,400,2,upwind,19.25,2.805462080291371e-06,3.5180106454759892e-178,3.8634504144000686e-50
gaussian,400,2,upwind,19.75,8.9617168578499812e-06,2.865654733798599e-175,3.3112167610778214e-49
gaussian,400,2,upwind,20.25,2.7086644187709968e-05,2.2082660613823784e-172,2.7578823227541311e-48
gaussian,400,2,upwind,20.75,7.7463475660144112e-05,1.6098305307890998e-169,2.2329884409332252e-47
gaussian,400,2,upwind,21.25,0.00020961248401428069,1.110223877799716e-166,1.7581837950441277e-46
gaussian,400,2,upwind,21.75,0.0005366810613521174,7.2434093904405302e-164,1.3466390448072139e-45
gaussian,400,2,upwind,22.25,0.0013001543065751825,4.4707253843875347e-161,1.0036608518451396e-44
gaussian,400,2,upwind,22.75,0.0029802558349892572,2.6104530553256889e-158,7.2813010105403911e-44
gaussian,400,2,upwind,23.25,0.0064638713079587205,1.4419730959227927e-155,5.1434227021325404e-43
gaussian,400,2,upwind,23.75,0.01326516998770776,7.535329658772136e-153,3.5387456580583337e-42
gaussian,400,2,upwind,24.25,0.025758129949459849,3.7252176024985683e-150,2.372087554429462e-41
gaussian,400,2,upwind,24.75,0.047325763517469137,1.7422312350615947e-147,1.5496168326688921e-40
gaussian,400,2,upwind,25.25,0.082274089358194719,7.7084166646794762e-145,9.8686077145058135e-40
gaussian,400,2,upwind,25.75,0.13533528095565894,3.2264897539639332e-142,6.1284241208760476e-39
gaussian,400,2,upwind,26.25,0.21064044631089568,1.2776197474953692e-139,3.7121392248779483e-38
gaussian,400,2,upwind,26.75,0.31020983760828968,4.7860767762647408e-137,2.1938206320973445e-37
gaussian,400,2,upwind,27.25,0.43226758151908995,1.6961526594972429e-134,1.2653074742093154e-36
gaussian,400,2,upwind,27.750000000000004,0.5699454223917918,5.6866692041863252e-132,7.1239950382359708e-36
gaussian,400,2,upwind,28.25,0.71104575448692675,1.8036791093263672e-129,3.916481067344209e-35
gaussian,400,2,upwind,28.749999999999996,0.83935491180663779,5.4121447561387576e-127,2.1029236717642607e-34
gaussian,400,2,upwind,29.25,0.93751373301239194,1.5363455249679772e-124,1.1030979948343569e-33
gaussian,400,2,upwind,29.75,0.99081739365772359,4.1258964063751506e-122,5.6542336997986555e-33
gaussian,400,2,upwind,30.25,0.99081739365772359,1.0482339688612536e-119,2.8327379484133799e-32
gaussian,400,2,upwind,30.75,0.93751373301239227,2.5194700779047881e-117,1.3874390735190951e-31
gaussian,400,2,upwind,31.25,0.83935491180663835,5.7289077838712314e-115,6.6450187747104241e-31
gaussian,400,2,upwind,31.75,0.71104575448692653,1.2323858534232878e-112,3.1127999438389333e-30
gaussian,400,2,upwind,32.25,0.56994542239179147,2.5080398224404083e-110,1.4265103316390306e-29
gaussian,400,2,upwind,32.75,0.43226758151908928,4.8287599568741481e-108,6.3967806449025673e-29
gaussian,400,2,upwind,33.25,0.31020983760828968,8.7953048135199631e-106,2.8073920723753136e-28
gaussian,400,2,upwind,33.75,0.21064044631089568,1.5155870917754113e-103,1.2061190352703684e-27
gaussian,400,2,upwind,34.25,0.13533528095565894,2.4707355778510861e-101,5.0735434663325875e-27
gaussian,400,2,upwind,34.75,0.082274089358194719,3.8105499903839356e-99,2.0900350276308843e-26
gaussian,400,2,upwind,35.25,0.047325763517469137,5.5598841967139978e-97,8.4333831194651347e-26
gaussian,400,2,upwind,35.75,0.025758129949459849,7.6746961744397911e-95,3.3338004611562681e-25
gaussian,400,2,upwind,36.25,0.01326516998770776,1.0022468169693816e-92,1.2913638706524296e-24
gaussian,400,2,upwind,36.75,0.0064638713079587205,1.2382459711806558e-90,4.9024032556829099e-24
gaussian,400,2,upwind,37.25,0.0029802558349892572,1.4473001645291398e-88,1.8243128240211529e-23
gaussian,400,2,upwind,37.75,0.0013001543065751825,1.6004070856991646e-86,6.6557408138673618e-23
gaussian,400,2,upwind,38.25,0.0005366810613521174,1.674261198243687e-84,2.381089345871362e-22
gaussian,400,2,upwind,38.75,0.00020961248401428069,1.6570575394038535e-82,8.3543190458460908e-22
gaussian,400,2,upwind,39.25,7.7463475660144112e-05,1.5515806073559298e-80,2.8752451959544626e-21
gaussian,400,2,upwind,39.75,2.7086644187709968e-05,1.3744667287824868e-78,9.7081866391962217e-21
gaussian,400,2,upwind,40.25,8.9617168578499812e-06,1.151908605840987e-76,3.2164015168795395e-20
gaussian,400,2,upwind,40.75,2.805462080291371e-06,9.1332741774944847e-75,1.0457778112684236e-19
gaussian,400,2,upwind,41.25,8.3098676871119177e-07,6.8511020544828789e-73,3.3374314540319556e-19
gaussian,400,2,upwind,41.75,2.3289473156464855e-07,4.8620637210248339e-71,1.0455732296289619e-18
gaussian,400,2,upwind,42.25,6.1759016924693913e-08,3.264434297492065e-69,3.2161019826492343e-18
gaussian,400,2,upwind,42.75,1.549585421550539e-08,2.0735910640506034e-67,9.7140698797526293e-18
gaussian,400,2,upwind,43.25,3.6787846732318305e-09,1.2461405151221231e-65,2.8815769845482927e-17
gaussian,400,2,upwind,43.75,8.2635404032736578e-10,7.0850102165086812e-64,8.3960907162958645e-17
gaussian,400,2,upwind,44.25,1.7563056663586188e-10,3.8110474312064361e-62,2.4032613314860006e-16
gaussian,400,2,upwind,44.75,3.5318757270266376e-11,1.9394540397384177e-60,6.758646897112169e-16
gaussian,400,2,upwind,45.25,6.720185704095718e-12,9.3378471821560134e-59,1.8677129803794464e-15
gaussian,400,2,upwind,45.75,1.2098369706947906e-12,4.2535058912334405e-57,5.0723327540519285e-15
gaussian,400,2,upwind,46.25,2.0608258731883101e-13,1.8330790986179901e-55,1.3539637506454426e-14
gaussian,400,2,upwind,46.75,3.32141965274349e-14,7.473949432002463e-54,3.5527236566231339e-14
gaussian,400,2,upwind,47.25,5.0649286703574024e-15,2.8830673534146148e-52,9.1648048933928858e-14
gaussian,400,2,upwind,47.75,7.3078421136059479e-16,1.0521944676303421e-50,2.3245756820090819e-13
gaussian,400,2,upwind,48.25,9.9763187299063161e-17,3.6330782212603504e-49,5.7979312628339756e-13
gaussian,400,2,upwind,48.75,1.2885933928463541e-17,1.1868392918202003e-47,1.422199645753867e-12
gaussian,400,2,upwind,49.25,1.574798474153022e-18,3.6681614880766029e-46,3.43126640925408e-12
gaussian,400,2,upwind,49.75,1.8209442012348391e-19,1.0726184913763865e-44,8.1433283682289048e-12
gaussian,400,2,upwind,50.25,1.9921861502908032e-20,2.9674496460687887e-43,1.9012945764677858e-11
gaussian,400,2,upwind,50.75,2.0621671839623482e-21,7.7671847010728729e-42,4.367593486583905e-11
gaussian,400,2,upwind,51.25,2.0196566623325172e-22,1.9234772699037504e-40,9.872447208453188e-11
gaussian,400,2,upwind,51.75,1.8715006371449644e-23,4.5066579469365438e-39,2.1960428838114197e-10
gaussian,400,2,upwind,52.25,1.6408172091638449e-24,9.9900396552230441e-38,4.807650595668141e-10
gaussian,400,2,upwind,52.75,1.3610912551087849e-25,2.0952018778669732e-36,1.0359597864973071e-09
gaussian,400,2,upwind,53.25,1.0682431775721122e-26,4.1574932920676779e-35,2.1974136060158754e-09
gaussian,400,2,upwind,53.75,7.9324597368587958e-28,7.8052215654120522e-34,4.5885957133786818e-09
gaussian,400,2,upwind,54.25,5.5731343030239449e-29,1.3863978914236972e-32,9.4337899995811831e-09
gaussian,400,2,upwind,54.750000000000007,3.7046232122634539e-30,2.329917255675422e-31,1.9097195287142874e-08
gaussian,400,2,upwind,55.250000000000007,2.3299172556752342e-31,3.7046232122637783e-30,3.8068671254513501e-08
gaussian,400,2,upwind,55.750000000000007,1.3863978914236129e-32,5.5731343030242554e-29,7.4733890833012538e-08
gaussian,400,2,upwind,56.25,7.8052215654118452e-34,7.9324597368586648e-28,1.4449587878001497e-07
gaussian,400,2,upwind,56.749999999999993,4.1574932920679029e-35,1.0682431775720784e-26,2.7517997528416057e-07
gaussian,400,2,upwind,57.249999999999993,2.09520187786704e-36,1.3610912551087358e-25,5.1622195804297195e-07
gaussian,400,2,upwind,57.749999999999993,9.9900396552234596e-38,1.6408172091637804e-24,9.5400020250521702e-07
gaussian,400,2,upwind,58.25,4.5066579469367624e-39,1.8715006371449415e-23,1.7369454245857333e-06
gaussian,400,2,upwind,58.75,1.9234772699037504e-40,2.0196566623325172e-22,3.1158910966429759e-06
gaussian,400,2,upwind,59.25,7.7671847010728729e-42,2.0621671839623482e-21,5.5076807802030888e-06
gaussian,400,2,upwind,59.75,2.9674496460687887e-43,1.9921861502908032e-20,9.5934978716829958e-06
gaussian,400,2,upwind,60.25,1.0726184913763865e-44,1.8209442012348391e-19,1.6467877341189214e-05
gaussian,400,2,upwind,60.75,3.6681614880766029e-46,1.574798474153022e-18,2.7859975206066537e-05
gaussian,400,2,upwind,61.25,1.1868392918202003e-47,1.2885933928463541e-17,4.6455346519296277e-05
gaussian,400,2,upwind,61.75,3.6330782212603504e-49,9.9763187299063161e-17,7.6353922567960359e-05
gaussian,400,2,upwind,62.25,1.0521944676303421e-50,7.3078421136059479e-16,0.0001237074511706115
gaussian,400,2,upwind,62.75,2.8830673534146148e-52,5.0649286703574024e-15,0.00019758629037056445
gaussian,400,2,upwind,63.25,7.473949432002463e-54,3.32141965274349e-14,0.00031112950375596684
gaussian,400,2,upwind,63.75,1.8330790986179901e-55,2.0608258731883101e-13,0.00048303148825318103
gaussian,400,2,upwind,64.25,4.2535058912334405e-57,1.2098369706947906e-12,0.00073941012721696041
gaussian,400,2,upwind,64.75,9.3378471821560134e-59,6.720185704095718e-12,0.0011160826005967735
gaussian,400,2,upwind,65.25,1.9394540397384177e-60,3.5318757270266376e-11,0.0016612423964839909
gaussian,400,2,upwind,65.75,3.8110474312064361e-62,1.7563056663586188e-10,0.002438482203498168
gaussian,400,2,upwind,66.25,7.0850102165086812e-64,8.2635404032736578e-10,0.0035300409645671361
gaussian,400,2,upwind,66.75,1.2461405151221231e-65,3.6787846732318305e-09,0.0050400703512923604
gaussian,400,2,upwind,67.25,2.0735910640506034e-67,1.549585421550539e-08,0.0070976202467316115
gaussian,400,2,upwind,67.75,3.264434297492065e-69,6.1759016924693913e-08,0.0098589422745968096
gaussian,400,2,upwind,68.25,4.8620637210248339e-71,2.3289473156464855e-07,0.013508616919030814
gaussian,400,2,upwind,68.75,6.8511020544828789e-73,8.3098676871119177e-07,0.018258939191022394
gaussian,400,2,upwind,69.25,9.1332741774944847e-75,2.805462080291371e-06,0.024346968812965802
gaussian,400,2,upwind,69.75,1.151908605840987e-76,8.9617168578499812e-06,0.032028683052157336
gaussian,400,2,upwind,70.25,1.3744667287824868e-78,2.7086644187709968e-05,0.041569781107675334
gaussian,400,2,upwind,70.75,1.5515806073559298e-80,7.7463475660144112e-05,0.053232890157710162
gaussian,400,2,upwind,71.25,1.6570575394038535e-82,0.00020961248401428069,0.067261217158674988
gaussian,400,2,upwind,71.75,1.674261198243687e-84,0.0005366810613521174,0.08385906676997662
gaussian,400,2,upwind,72.25,1.6004070856991646e-86,0.0013001543065751825,0.10317007886892313
gaussian,400,2,upwind,72.75,1.4473001645291398e-88,0.0029802558349892572,0.12525448831554076
gaussian,400,2,upwind,73.25,1.2382459711806558e-90,0.0064638713079587205,0.15006712135409275
gaussian,400,2,upwind,73.75,1.0022468169693816e-92,0.01326516998770776,0.17743815598370963
gaussian,400,2,upwind,74.25,7.6746961744397911e-95,0.025758129949459849,0.20705882640449386
gaussian,400,2,upwind,74.75,5.5598841967139978e-97,0.047325763517469137,0.23847419217049676
gaussian,400,2,upwind,75.25,3.8105499903839356e-99,0.082274089358194719,0.27108478799168167
gaussian,400,2,upwind,75.75,2.4707355778510861e-101,0.13533528095565894,0.30415841491096407
gaussian,400,2,upwind,76.25,1.5155870917754113e-103,0.21064044631089568,0.33685255572142236
gaussian,400,2,upwind,76.75,8.7953048135199631e-106,0.31020983760828968,0.36824695912190025
gaussian,400,2,upwind,77.25,4.8287599568741481e-108,0.43226758151908928,0.39738493034473155
gaussian,400,2,upwind,77.75,2.5080398224404083e-110,0.56994542239179147,0.42332090326209693
gaussian,400,2,upwind,78.25,1.2323858534232878e-112,0.71104575448692653,0.44517106903876241
gaussian,400,2,upwind,78.75,5.7289077838712314e-115,0.83935491180663835,0.46216330784043436
gaussian,400,2,upwind,79.25,2.5194700779047881e-117,0.93751373301239227,0.47368249496641812
gaussian,400,2,upwind,79.75,1.0482339688612536e-119,0.99081739365772359,0.47930747298010817
gaussian,400,2,upwind,80.25,4.1258964063751506e-122,0.99081739365772359,0.47883659051600136
gaussian,400,2,upwind,80.75,1.5363455249679772e-124,0.93751373301239227,0.47229965032621485
gaussian,400,2,upwind,81.25,5.4121447561387576e-127,0.83935491180663835,0.45995528416603754
gaussian,400,2,upwind,81.75,1.8036791093263672e-129,0.71104575448692653,0.44227405004098019
gaussian,400,2,upwind,82.25,5.6866692041863252e-132,0.56994542239179147,0.41990878484268013
gaussian,400,2,upwind,82.75,1.6961526594972429e-134,0.43226758151908928,0.3936548056771022
gaussian,400,2,upwind,83.25,4.7860767762647408e-137,0.31020983760828968,0.36440332425436961
gaussian,400,2,upwind,83.75,1.2776197474953692e-139,0.21064044631089568,0.33309184767246897
gaussian,400,2,upwind,84.25,3.2264897539639332e-142,0.13533528095565894,0.30065536005141497
gaussian,400,2,upwind,84.75,7.7084166646794762e-145,0.082274089358194719,0.26798173506717149
gaussian,400,2,upwind,85.25,1.7422312350615947e-147,0.047325763517469137,0.23587418380387321
gaussian,400,2,upwind,85.75,3.7252176024985683e-150,0.025758129949459849,0.2050226902195981
gaussian,400,2,upwind,86.25,7.535329658772136e-153,0.01326516998770776,0.17598543814378143
gaussian,400,2,upwind,86.75,1.4419730959227927e-155,0.0064638713079587205,0.14918029915000475
gaussian,400,2,upwind,87.25,2.6104530553256889e-158,0.0029802558349892572,0.12488562573047904
gaussian,400,2,upwind,87.75,4.4707253843875347e-161,0.0013001543065751825,0.10324895015426139
gaussian,400,2,upwind,88.25,7.2434093904405302e-164,0.0005366810613521174,0.084301767065259867
gaussian,400,2,upwind,88.75,1.110223877799716e-166,0.00020961248401428069,0.067978386937917107
gaussian,400,2,upwind,89.25,1.6098305307890998e-169,7.7463475660144112e-05,0.054136869991240608
gaussian,400,2,upwind,89.75,2.2082660613823784e-172,2.7086644187709968e-05,0.042580247164561338
gaussian,400,2,upwind,90.25,2.865654733798599e-175,8.9617168578499812e-06,0.033076554823924395
gaussian,400,2,upwind,90.75,3.5180106454759892e-178,2.805462080291371e-06,0.025376597540131739
gaussian,400,2,upwind,91.25,4.0857412073436646e-181,8.3098676871119177e-07,0.019228756581938056
gaussian,400,2,upwind,91.75,4.4889481261414988e-184,2.3289473156464855e-07,0.01439053775037916
gaussian,400,2,upwind,92.25,4.6657123372592864e-187,6.1759016924693913e-08,0.010636870139157957
gaussian,400,2,upwind,92.75,4.5876533240074568e-190,1.549585421550539e-08,0.0077654098219019189
gaussian,400,2,upwind,93.25,4.2673878181510019e-193,3.6787846732318305e-09,0.0055992640330173185
gaussian,400,2,upwind,93.75,3.7551920776900123e-196,8.2635404032736578e-10,0.0039876367257107911
gaussian,400,2,upwind,94.25,3.1260819659708616e-199,1.7563056663586188e-10,0.002804916966567093
gaussian,400,2,upwind,94.75,2.4618771352528383e-202,3.5318757270266376e-11,0.0019487027634330148
gaussian,400,2,upwind,95.25,1.8341288841093893e-205,6.720185704095718e-12,0.001337190947101841
gaussian,400,2,upwind,95.75,1.2926782639492832e-208,1.2098369706947906e-12,0.00090628383652960245
gaussian,400,2,upwind,96.25,8.6188203433280492e-212,2.0608258731883101e-13,0.00060667827819621523
gaussian,400,2,upwind,96.75,5.4362781113090602e-215,3.32141965274349e-14,0.00040112170684010213
gaussian,400,2,upwind,97.25,3.2437818404201462e-218,5.0649286703574024e-15,0.00026194925938478241
gaussian,400,2,upwind,97.75,1.8310382879326304e-221,7.3078421136059479e-16,0.00016895884769682647
gaussian,400,2,upwind,98.25,9.7777452307610052e-225,9.9763187299063161e-17,0.0001076382426519087
gaussian,400,2,upwind,98.75,4.9394114690073506e-228,1.2885933928463541e-17,6.7728736667845268e-05
gaussian,400,2,upwind,99.25,2.3605140557182057e-231,1.574798474153022e-18,4.2091903596079925e-05
gaussian,400,2,upwind,99.75,1.0671674647092527e-234,1.8209442012348391e-19,2.5836968336772696e-05
gaussian,400,2,upwind,100.25,4.5640760406602172e-238,1.9921861502908424e-20,1.5663895895366142e-05
gaussian,400,2,upwind,100.75,1.8465760180530717e-241,2.0621671839624332e-21,9.3793081576084034e-06
gaussian,400,2,upwind,101.25,7.0676535757226893e-245,2.0196566623325658e-22,5.5469188483101208e-06
gaussian,400,2,upwind,101.75,2.5590382982323944e-248,1.8715006371450632e-23,3.2399603425705591e-06
gaussian,400,2,upwind,102.25,8.7653954508196459e-252,1.6408172091638786e-24,1.8690934289179308e-06
gaussian,400,2,upwind,102.75,2.8402670376555085e-255,1.3610912551088474e-25,1.0649322850205264e-06
gaussian,400,2,upwind,103.25,8.7064177757327922e-259,1.0682431775721348e-26,5.9925069750523748e-07
gaussian,400,2,upwind,103.75,2.5247143272894142e-262,7.9324597368591832e-28,3.3303221910475417e-07
gaussian,400,2,upwind,104.25,6.9259148259432187e-266,5.5731343030240402e-29,1.8278912299496392e-07
gaussian,400,2,upwind,104.75,1.7973553963570837e-269,3.7046232122636381e-30,9.9082226495980803e-08
gaussian,400,2,upwind,105.25,4.4124768654730575e-273,2.3299172556753034e-31,5.3041653917062976e-08
gaussian,400,2,upwind,105.75,1.0247604389836399e-276,1.3863978914236671e-32,2.8041968574029745e-08
gaussian,400,2,upwind,106.25,2.2514041032861653e-280,7.8052215654120522e-34,1.464077245841373e-08
gaussian,400,2,upwind,106.75,4.6792421069904345e-284,4.1574932920676779e-35,7.548785928744991e-09
gaussian,400,2,upwind,107.25,9.2000102867270423e-288,2.0952018778669732e-36,3.8436256957698498e-09
gaussian,400,2,upwind,107.75,1.7111639375053288e-291,9.9900396552230441e-38,1.9326304526909475e-09
gaussian,400,2,upwind,108.25,3.0108229277994623e-295,4.5066579469365438e-39,9.5960576623143351e-10
gaussian,400,2,upwind,108.75,5.0115132566240711e-299,1.9234772699036974e-40,4.7050623345645279e-10
gaussian,400,2,upwind,109.25,7.8911884176594854e-303,7.7671847010722867e-42,2.2780238655061285e-10
gaussian,400,2,upwind,109.75,1.1754538816430952e-306,2.9674496460687058e-43,1.0890881077526862e-10
gaussian,400,2,upwind,110.25,1.6563733026717291e-310,1.0726184913763019e-44,5.1412742284890606e-11
gaussian,400,2,upwind,110.75,2.2080052079334144e-314,3.6681614880765345e-46,2.3964717981713715e-11
gaussian,400,2,upwind,111.25,2.7843810569852211e-318,1.1868392918201357e-47,1.1029558029934887e-11
gaussian,400,2,upwind,111.75,3.4090529563046012e-322,3.6330782212602471e-49,5.0120824154840035e-12
gaussian,400,2,upwind,112.25,0,1.0521944676302521e-50,2.2487558743916667e-12
gaussian,400,2,upwind,112.75,0,2.8830673534146975e-52,9.9613860427080523e-13
gaussian,400,2,upwind,113.25,0,7.4739494320031271e-54,4.3565183974276676e-13
gaussian,400,2,upwind,113.75,0,1.8330790986180433e-55,1.8810062931066474e-13
gaussian,400,2,upwind,114.25,0,4.2535058912338327e-57,8.0178896548023705e-14
gaussian,400,2,upwind,114.75,0,9.3378471821561956e-59,3.3739361982697975e-14
gaussian,400,2,upwind,115.25,0,1.9394540397385407e-60,1.4015483003463023e-14
gaussian,400,2,upwind,115.75,0,3.8110474312065483e-62,5.7472586693977746e-15
gaussian,400,2,upwind,116.25,0,7.0850102165093802e-64,2.3263848255368286e-15
gaussian,400,2,upwind,116.75,0,1.2461405151221231e-65,9.2951579541401051e-16
gaussian,400,2,upwind,117.25,0,2.0735910640506034e-67,3.6658295172057934e-16
gaussian,400,2,upwind,117.75,0,3.264434297492065e-69,1.4269655396065923e-16
gaussian,400,2,upwind,118.25,0,4.8620637210248339e-71,5.4823339647485806e-17
gaussian,400,2,upwind,118.75,0,6.8511020544828789e-73,2.0788009408107126e-17
gaussian,400,2,upwind,119.25,0,9.1332741774944847e-75,7.7792897787624031e-18
gaussian,400,2,upwind,119.75,0,1.151908605840987e-76,2.8729654877194648e-18
gaussian,400,2,upwind,120.25,0,1.3744667287824868e-78,1.0470505288300944e-18
gaussian,400,2,upwind,120.75,0,1.5515806073559298e-80,3.7656032882319305e-19
gaussian,400,2,upwind,121.25,0,1.6570575394038199e-82,1.3363298212742243e-19
gaussian,400,2,upwind,121.75,0,1.6742611982435561e-84,4.6793653947756361e-20
gaussian,400,2,upwind,122.25,0,1.6004070856991157e-86,1.6167245741568824e-20
gaussian,400,2,upwind,122.75,0,1.4473001645289649e-88,5.5111473308790694e-21
gaussian,400,2,upwind,123.25,0,1.2382459711806176e-90,1.8534699863857182e-21
gaussian,400,2,upwind,123.75,0,1.0022468169692573e-92,6.1495994775264348e-22
gaussian,400,2,upwind,124.25,0,7.6746961744396341e-95,2.0128228078124139e-22
gaussian,400,2,upwind,124.75,0,5.5598841967135248e-97,6.4989159052622773e-23
gaussian,400,2,upwind,125.25,0,3.8105499903840143e-99,2.0698156890533993e-23
gaussian,400,2,upwind,125.75,0,2.4707355778513018e-101,6.5021359144376951e-24
gaussian,400,2,upwind,126.25,0,1.5155870917754581e-103,2.0146135178034447e-24
gaussian,400,2,upwind,126.75,0,8.7953048135211462e-106,6.1562462213615545e-25
gaussian,400,2,upwind,127.25,0,4.8287599568742986e-108,1.8552628129995229e-25
gaussian,400,2,upwind,127.75,0,2.508039822440754e-110,5.5136129035712676e-26
gaussian,400,2,upwind,128.25,0,1.2323858534232878e-112,1.6157869410638165e-26
gaussian,400,2,upwind,128.75,0,5.7289077838712314e-115,4.6690010617921131e-27
gaussian,400,2,upwind,129.25,0,2.5194700779047881e-117,1.3302412819813504e-27
gaussian,400,2,upwind,129.75,0,1.0482339688612536e-119,3.7366066968380179e-28
gaussian,400,2,upwind,130.25,0,4.1258964063751506e-122,1.0347566981709018e-28
gaussian,400,2,upwind,130.75,0,1.5363455249679772e-124,2.8247875346675838e-29
gaussian,400,2,upwind,131.25,0,5.4121447561387576e-127,7.6013759296489859e-30
gaussian,400,2,upwind,131.75,0,1.8036791093263672e-129,2.0161791137953043e-30
gaussian,400,2,upwind,132.25,0,5.6866692041863252e-132,5.2706899674901177e-31
gaussian,400,2,upwind,132.75,0,1.6961526594972429e-134,1.3579308299565534e-31
gaussian,400,2,upwind,133.25,0,4.7860767762647408e-137,3.4476992047663322e-32
gaussian,400,2,upwind,133.75,0,1.2776197474953692e-139,8.6256475885247798e-33
gaussian,400,2,upwind,134.25,0,3.2264897539639332e-142,2.1263418956352851e-33
gaussian,400,2,upwind,134.75,0,7.7084166646794762e-145,5.1644167324042745e-34
gaussian,400,2,upwind,135.25,0,1.7422312350615947e-147,1.2357292700707901e-34
gaussian,400,2,upwind,135.75,0,3.7252176024985683e-150,2.9127662861130911e-35
gaussian,400,2,upwind,136.25,0,7.535329658772136e-153,6.7629140984978303e-36
gaussian,400,2,upwind,136.75,0,1.4419730959227927e-155,1.5465821241391138e-36
gaussian,400,2,upwind,137.25,0,2.6104530553256889e-158,3.4832705614818549e-37
gaussian,400,2,upwind,137.75,0,4.4707253843875347e-161,7.7257387929419379e-38
gaussian,400,2,upwind,138.25,0,7.2434093904405302e-164,1.6873071239139264e-38
gaussian,400,2,upwind,138.75,0,1.110223877799716e-166,3.628369560784581e-39
gaussian,400,2,upwind,139.25,0,1.6098305307890998e-169,7.6816285587997965e-40
gaussian,400,2,upwind,139.75,0,2.2082660613823784e-172,1.6009577105252771e-40
gaussian,400,2,upwind,140.25,0,2.865654733798599e-175,3.284359752240113e-41
gaussian,400,2,upwind,140.75,0,3.5180106454759892e-178,6.6316956738685483e-42
gaussian,400,2,upwind,141.25,0,4.0857412073436646e-181,1.3178297598202467e-42
gaussian,400,2,upwind,141.75,0,4.4889481261414988e-184,2.5769848816433233e-43
gaussian,400,2,upwind,142.25,0,4.6657123372592864e-187,4.9583635386670955e-44
gaussian,400,2,upwind,142.75,0,4.5876533240074568e-190,9.386290458039068e-45
gaussian,400,2,upwind,143.25,0,4.2673878181510019e-193,1.7479661446882639e-45
gaussian,400,2,upwind,143.75,0,3.7551920776900123e-196,3.2019075125691713e-46
gaussian,400,2,upwind,144.25,0,3.1260819659708616e-199,5.768643039488748e-47
gaussian,400,2,upwind,144.75,0,2.4618771352528383e-202,1.022066292534638e-47
gaussian,400,2,upwind,145.25,0,1.8341288841093893e-205,1.7806369699237361e-48
gaussian,400,2,upwind,145.75,0,1.2926782639492832e-208,3.0500855011707104e-49
gaussian,400,2,upwind,146.25,0,8.6188203433280492e-212,5.1361452593249346e-50
gaussian,400,2,upwind,146.75,0,5.4362781113090602e-215,8.5015581167136272e-51
gaussian,400,2,upwind,147.25,0,3.2437818404201462e-218,1.3830628418540789e-51
gaussian,400,2,upwind,147.75,0,1.8310382879326304e-221,2.2111212612504805e-52
gaussian,400,2,upwind,148.25,0,9.7777452307610052e-225,3.4733972022875003e-53
gaussian,400,2,upwind,148.75,0,4.9394114690073506e-228,5.3605631196427358e-54
gaussian,400,2,upwind,149.25,0,2.3605140557182057e-231,8.126847533656307e-55
gaussian,400,2,upwind,149.75,0,1.0671674647092527e-234,1.2101243700398401e-55
gaussian,400,2,upwind,150.25,0,4.5640760406601197e-238,1.7695927915033759e-56
gaussian,400,2,upwind,150.75,0,1.8465760180528026e-241,2.5409148270892645e-57
gaussian,400,2,upwind,151.25,0,7.0676535757225397e-245,3.5819294744949525e-58
gaussian,400,2,upwind,151.75,0,2.5590382982320149e-248,4.9566646160011712e-59
gaussian,400,2,upwind,152.25,0,8.7653954508192737e-252,6.7319629429272475e-60
gaussian,400,2,upwind,152.75,0,2.840267037654652e-255,8.9723524379868813e-61
gaussian,400,2,upwind,153.25,0,8.7064177757326062e-259,1.1733152721552859e-61
gaussian,400,2,upwind,153.75,0,2.524714327289028e-262,1.5052092246358909e-62
gaussian,400,2,upwind,154.25,0,6.9259148259432187e-266,1.8940057253785974e-63
gaussian,400,2,upwind,154.75,0,1.7973553963570837e-269,2.3371954171610324e-64
gaussian,400,2,upwind,155.25,0,4.4124768654730575e-273,2.8278973731398861e-65
gaussian,400,2,upwind,155.75,0,1.0247604389836399e-276,3.3543716136515558e-66
gaussian,400,2,upwind,156.25,0,2.2514041032861653e-280,3.8999594370788335e-67
gaussian,400,2,upwind,156.75,0,4.6792421069904345e-284,4.443562359395874e-68
gaussian,400,2,upwind,157.25,0,9.2000102867270423e-288,4.9607119583248071e-69
gaussian,400,2,upwind,157.75,0,1.7111639375053288e-291,5.4252018659792858e-70
gaussian,400,2,upwind,158.25,0,3.0108229277994623e-295,5.8111607739972108e-71
gaussian,400,2,upwind,158.75,0,5.0115132566242844e-299,6.0953577191014112e-72
gaussian,400,2,upwind,159.25,0,7.8911884176621055e-303,6.2594662127809505e-73
gaussian,400,2,upwind,159.75,0,1.1754538816431203e-306,6.2919880821077826e-74
gaussian,400,2,upwind,160.25,0,1.6563733026719762e-310,6.1895611537785516e-75
gaussian,400,2,upwind,160.75,0,2.2080052079334144e-314,5.9574477264065557e-76
gaussian,400,2,upwind,161.25,0,2.7843810569852211e-318,5.6091131497525226e-77
gaussian,400,2,upwind,161.75,0,3.4090529563046012e-322,5.1649365826033117e-78
gaussian,400,2,upwind,162.25,0,0,4.6502246006531159e-79
gaussian,400,2,upwind,162.75,0,0,4.0927983316865771e-80
gaussian,400,2,upwind,163.25,0,0,3.5204775060661886e-81
gaussian,400,2,upwind,163.75,0,0,2.9587815831106101e-82
gaussian,400,2,upwind,164.25,0,0,2.4291121703786384e-83
gaussian,400,2,upwind,164.75,0,0,1.9475862045665119e-84
gaussian,400,2,upwind,165.25,0,0,1.524576651539556e-85
gaussian,400,2,upwind,165.75,0,0,1.1649093636742222e-86
gaussian,400,2,upwind,166.25,0,0,8.6858027623072651e-88
gaussian,400,2,upwind,166.75,0,0,6.3180810581431091e-89
gaussian,400,2,upwind,167.25,0,0,4.4822702744952239e-90
gaussian,400,2,upwind,167.75,0,0,3.1004623319600901e-91
gaussian,400,2,upwind,168.25,0,0,2.0904805291763322e-92
gaussian,400,2,upwind,168.75,0,0,1.3735055554276142e-93
gaussian,400,2,upwind,169.25,0,0,8.7912453695669908e-95
gaussian,400,2,upwind,169.75,0,0,5.4799273654470854e-96
gaussian,400,2,upwind,170.25,0,0,3.3255999905072294e-97
gaussian,400,2,upwind,170.75,0,0,1.9642649306956403e-98
gaussian,400,2,upwind,171.25,0,0,1.1288250522256147e-99
gaussian,400,2,upwind,171.75,0,0,6.3097050383956496e-101
gaussian,400,2,upwind,172.25,0,0,3.4292905088409009e-102
gaussian,400,2,upwind,172.75,0,0,1.8116191549001432e-103
gaussian,400,2,upwind,173.25,0,0,9.2992772833397159e-105
gaussian,400,2,upwind,173.75,0,0,4.6366155562195919e-106
gaussian,400,2,upwind,174.25,0,0,2.2447614371776382e-107
gaussian,400,2,upwind,174.75,0,0,1.0548770469023116e-108
gaussian,400,2,upwind,175.25,0,0,4.8099339031385525e-110
gaussian,400,2,upwind,175.75,0,0,2.1272710953491876e-111
gaussian,400,2,upwind,176.25,0,0,9.1220343081847358e-113
gaussian,400,2,upwind,176.75,0,0,3.7912482929299637e-114
gaussian,400,2,upwind,177.25,0,0,1.5266127010312775e-115
gaussian,400,2,upwind,177.75,0,0,5.9533863281344399e-117
gaussian,400,2,upwind,178.25,0,0,2.2475962274955257e-118
gaussian,400,2,upwind,178.75,0,0,8.2114559078155996e-120
gaussian,400,2,upwind,179.25,0,0,2.9019938874701522e-121
gaussian,400,2,upwind,179.75,0,0,9.9168191175606627e-123
gaussian,400,2,upwind,180.25,0,0,3.2754529794187634e-124
gaussian,400,2,upwind,180.75,0,0,1.0452385915262301e-125
gaussian,400,2,upwind,181.25,0,0,3.2212558244567771e-127
gaussian,400,2,upwind,181.75,0,0,9.5834100787233235e-129
gaussian,400,2,upwind,182.25,0,0,2.7511750677295986e-130
gaussian,400,2,upwind,182.75,0,0,7.6179287499886647e-132
gaussian,400,2,upwind,183.25,0,0,2.0337261758595852e-133
gaussian,400,2,upwind,183.75,0,0,5.2323959922851293e-135
gaussian,400,2,upwind,184.25,0,0,1.2968101314883609e-136
gaussian,400,2,upwind,184.75,0,0,3.0948141389427099e-138
gaussian,400,2,upwind,185.25,0,0,7.1086910346134082e-140
gaussian,400,2,upwind,185.75,0,0,1.5709271632910549e-141
gaussian,400,2,upwind,186.25,0,0,3.3384769955959871e-143
gaussian,400,2,upwind,186.75,0,0,6.8199556482353756e-145
gaussian,400,2,upwind,187.25,0,0,1.3386619712434265e-146
gaussian,400,2,upwind,187.75,0,0,2.5236701184940377e-148
gaussian,400,2,upwind,188.25,0,0,4.5675516413261968e-150
gaussian,400,2,upwind,188.75,0,0,7.933075019898495e-152
gaussian,400,2,upwind,189.25,0,0,1.3216793526900112e-153
gaussian,400,2,upwind,189.75,0,0,2.111337987004386e-155
gaussian,400,2,upwind,190.25,0,0,3.2326508699984784e-157
gaussian,400,2,upwind,190.75,0,0,4.7419098510652849e-159
gaussian,400,2,upwind,191.25,0,0,6.6614268475995849e-161
gaussian,400,2,upwind,191.75,0,0,8.9583675860736756e-163
gaussian,400,2,upwind,192.25,0,0,1.1528388618721389e-164
gaussian,400,2,upwind,192.75,0,0,1.4191208370903103e-166
gaussian,400,2,upwind,193.25,0,0,1.6703855330370449e-168
gaussian,400,2,upwind,193.75,0,0,1.8793121517661712e-170
gaussian,400,2,upwind,194.25,0,0,2.0202594658351028e-172
gaussian,400,2,upwind,194.75,0,0,2.0743669226171987e-174
gaussian,400,2,upwind,195.25,0,0,2.0336747660804044e-176
gaussian,400,2,upwind,195.75,0,0,1.9030290999401548e-178
gaussian,400,2,upwind,196.25,0,0,1.6991479526247126e-180
gaussian,400,2,upwind,196.75,0,0,1.4470916158022058e-182
gaussian,400,2,upwind,197.25,0,0,1.1751697768089125e-184
gaussian,400,2,upwind,197.75,0,0,9.0972299719493104e-187
gaussian,400,2,upwind,198.25,0,0,6.7110349259852367e-189
gaussian,400,2,upwind,198.75,0,0,4.7164256672940743e-191
gaussian,400,2,upwind,199.25,0,0,3.1568554916469455e-193
gaussian,400,2,upwind,199.75,0,0,2.0118394563771075e-195
gaussian,400,2,TVD_vanLeer,0.25,2.9674496460687887e-43,1.1754538816431203e-306,1.0237548074169983e-98
gaussian,400,2,TVD_vanLeer,0.75,7.7671847010728729e-42,7.8911884176621055e-303,1.9742218744731365e-96
gaussian,400,2,TVD_vanLeer,1.25,1.9234772699037504e-40,5.0115132566242844e-299,1.9291595598631908e-94
gaussian,400,2,TVD_vanLeer,1.75,4.5066579469365438e-39,3.0108229277994623e-295,1.2773096994493315e-92
gaussian,400,2,TVD_vanLeer,2.25,9.9900396552230441e-38,1.7111639375053288e-291,6.4674143183760457e-91
gaussian,400,2,TVD_vanLeer,2.75,2.0952018778669732e-36,9.2000102867270423e-288,2.6804893620568336e-89
gaussian,400,2,TVD_vanLeer,3.25,4.1574932920676779e-35,4.6792421069904345e-284,9.5067833819697438e-88
gaussian,400,2,TVD_vanLeer,3.75,7.8052215654120522e-34,2.2514041032861653e-280,2.9779648443274226e-86
gaussian,400,2,TVD_vanLeer,4.25,1.3863978914236671e-32,1.0247604389836399e-276,8.4357997984706522e-85
gaussian,400,2,TVD_vanLeer,4.75,2.3299172556753034e-31,4.4124768654730575e-273,2.2001808532708352e-83
gaussian,400,2,TVD_vanLeer,5.25,3.7046232122636381e-30,1.7973553963570837e-269,5.3559100202510421e-82
gaussian,400,2,TVD_vanLeer,5.75,5.5731343030240402e-29,6.9259148259432187e-266,1.2292644599419365e-80
gaussian,400,2,TVD_vanLeer,6.25,7.9324597368587958e-28,2.524714327289028e-262,2.6795255735418674e-79
gaussian,400,2,TVD_vanLeer,6.75,1.0682431775721122e-26,8.7064177757326062e-259,5.5753328180460057e-78
gaussian,400,2,TVD_vanLeer,7.25,1.3610912551087849e-25,2.840267037654652e-255,1.1111371642388609e-76
gaussian,400,2,TVD_vanLeer,7.75,1.6408172091638449e-24,8.7653954508192737e-252,2.1258426986002697e-75
gaussian,400,2,TVD_vanLeer,8.25,1.8715006371449644e-23,2.5590382982320149e-248,3.9103344432930633e-74
gaussian,400,2,TVD_vanLeer,8.75,2.0196566623325172e-22,7.0676535757225397e-245,6.9225131686129714e-73
gaussian,400,2,TVD_vanLeer,9.25,2.0621671839623482e-21,1.8465760180528026e-241,1.1803413823963284e-71
gaussian,400,2,TVD_vanLeer,9.75,1.9921861502908032e-20,4.5640760406601197e-238,1.939563609684811e-70
gaussian,400,2,TVD_vanLeer,10.25,1.8209442012348391e-19,1.0671674647092527e-234,3.0730837389758942e-69
gaussian,400,2,TVD_vanLeer,10.75,1.574798474153022e-18,2.3605140557182057e-231,4.69699801085522e-68
gaussian,400,2,TVD_vanLeer,11.25,1.2885933928463541e-17,4.9394114690073506e-228,6.9284025710985008e-67
gaussian,400,2,TVD_vanLeer,11.75,9.9763187299063161e-17,9.7777452307610052e-225,9.8672923521388245e-66
gaussian,400,2,TVD_vanLeer,12.25,7.3078421136059479e-16,1.8310382879326304e-221,1.3573660079990292e-64
gaussian,400,2,TVD_vanLeer,12.75,5.0649286703574024e-15,3.2437818404201462e-218,1.804303532148967e-63
gaussian,400,2,TVD_vanLeer,13.25,3.32141965274349e-14,5.4362781113090602e-215,2.3185340003189599e-62
gaussian,400,2,TVD_vanLeer,13.75,2.0608258731883101e-13,8.6188203433280492e-212,2.8812713616006679e-61
gaussian,400,2,TVD_vanLeer,14.25,1.2098369706947906e-12,1.2926782639492832e-208,3.4641349683838055e-60
gaussian,400,2,TVD_vanLeer,14.75,6.720185704095718e-12,1.8341288841093893e-205,4.0310192057800922e-59
gaussian,400,2,TVD_vanLeer,15.25,3.5318757270266376e-11,2.4618771352528383e-202,4.541588054446833e-58
gaussian,400,2,TVD_vanLeer,15.75,1.7563056663586188e-10,3.1260819659708616e-199,4.9559445629022447e-57
gaussian,400,2,TVD_vanLeer,16.25,8.2635404032736578e-10,3.7551920776900123e-196,5.2397075692991693e-56
gaussian,400,2,TVD_vanLeer,16.75,3.6787846732318305e-09,4.2673878181510019e-193,5.3685860429844223e-55
gaussian,400,2,TVD_vanLeer,17.25,1.549585421550539e-08,4.5876533240074568e-190,5.3316242614912911e-54
gaussian,400,2,TVD_vanLeer,17.75,6.1759016924693913e-08,4.6657123372592864e-187,5.1325686114443095e-53
gaussian,400,2,TVD_vanLeer,18.25,2.3289473156464855e-07,4.4889481261414988e-184,4.7891851475172029e-52
gaussian,400,2,TVD_vanLeer,18.75,8.3098676871119177e-07,4.0857412073436646e-181,4.3307263930414939e-51
gaussian,400,2,TVD_vanLeer,19.25,2.805462080291371e-06,3.5180106454759892e-178,3.7940294734614678e-50
gaussian,400,2,TVD_vanLeer,19.75,8.9617168578499812e-06,2.865654733798599e-175,3.21889897892793e-49
gaussian,400,2,TVD_vanLeer,20.25,2.7086644187709968e-05,2.2082660613823784e-172,2.6434913152356461e-48
gaussian,400,2,TVD_vanLeer,20.75,7.7463475660144112e-05,1.6098305307890998e-169,2.1003783911235577e-47
gaussian,400,2,TVD_vanLeer,21.25,0.00020961248401428069,1.110223877799716e-166,1.6138250220900635e-46
gaussian,400,2,TVD_vanLeer,21.75,0.0005366810613521174,7.2434093904405302e-164,1.1985735624548395e-45
gaussian,400,2,TVD_vanLeer,22.25,0.0013001543065751825,4.4707253843875347e-161,8.6013006555885827e-45
gaussian,400,2,TVD_vanLeer,22.75,0.0029802558349892572,2.6104530553256889e-158,5.9626078330683849e-44
gaussian,400,2,TVD_vanLeer,23.25,0.0064638713079587205,1.4419730959227927e-155,3.9921450921794339e-43
gaussian,400,2,TVD_vanLeer,23.75,0.01326516998770776,7.535329658772136e-153,2.5813341106927096e-42
gaussian,400,2,TVD_vanLeer,24.25,0.025758129949459849,3.7252176024985683e-150,1.6119915343058126e-41
gaussian,400,2,TVD_vanLeer,24.75,0.047325763517469137,1.7422312350615947e-147,9.7233120041090005e-41
gaussian,400,2,TVD_vanLeer,25.25,0.082274089358194719,7.7084166646794762e-145,5.6661223726607185e-40
gaussian,400,2,TVD_vanLeer,25.75,0.13533528095565894,3.2264897539639332e-142,3.190769232661037e-39
gaussian,400,2,TVD_vanLeer,26.25,0.21064044631089568,1.2776197474953692e-139,1.7369414145651761e-38
gaussian,400,2,TVD_vanLeer,26.75,0.31020983760828968,4.7860767762647408e-137,9.1436230116586735e-38
gaussian,400,2,TVD_vanLeer,27.25,0.43226758151908995,1.6961526594972429e-134,4.6566538600869316e-37
gaussian,400,2,TVD_vanLeer,27.750000000000004,0.5699454223917918,5.6866692041863252e-132,2.2953213514238223e-36
gaussian,400,2,TVD_vanLeer,28.25,0.71104575448692675,1.8036791093263672e-129,1.0955374841865938e-35
gaussian,400,2,TVD_vanLeer,28.749999999999996,0.83935491180663779,5.4121447561387576e-127,5.0656080739981818e-35
gaussian,400,2,TVD_vanLeer,29.25,0.93751373301239194,1.5363455249679772e-124,2.2702131032160665e-34
gaussian,400,2,TVD_vanLeer,29.75,0.99081739365772359,4.1258964063751506e-122,9.8660702807503175e-34
gaussian,400,2,TVD_vanLeer,30.25,0.99081739365772359,1.0482339688612536e-119,4.1598369460960657e-33
gaussian,400,2,TVD_vanLeer,30.75,0.93751373301239227,2.5194700779047881e-117,1.7024477075571551e-32
gaussian,400,2,TVD_vanLeer,31.25,0.83935491180663835,5.7289077838712314e-115,6.7662074977613556e-32
gaussian,400,2,TVD_vanLeer,31.75,0.71104575448692653,1.2323858534232878e-112,2.6127426628990354e-31
gaussian,400,2,TVD_vanLeer,32.25,0.56994542239179147,2.5080398224404083e-110,9.8068590134905809e-31
gaussian,400,2,TVD_vanLeer,32.75,0.43226758151908928,4.8287599568741481e-108,3.5796730451140659e-30
gaussian,400,2,TVD_vanLeer,33.25,0.31020983760828968,8.7953048135199631e-106,1.2712493756424822e-29
gaussian,400,2,TVD_vanLeer,33.75,0.21064044631089568,1.5155870917754113e-103,4.3942157006881522e-29
gaussian,400,2,TVD_vanLeer,34.25,0.13533528095565894,2.4707355778510861e-101,1.4790395445808271e-28
gaussian,400,2,TVD_vanLeer,34.75,0.082274089358194719,3.8105499903839356e-99,4.8495986000857231e-28
gaussian,400,2,TVD_vanLeer,35.25,0.047325763517469137,5.5598841967139978e-97,1.5496528098324479e-27
gaussian,400,2,TVD_vanLeer,35.75,0.025758129949459849,7.6746961744397911e-95,4.8276511867470735e-27
gaussian,400,2,TVD_vanLeer,36.25,0.01326516998770776,1.0022468169693816e-92,1.4668164680224405e-26
gaussian,400,2,TVD_vanLeer,36.75,0.0064638713079587205,1.2382459711806558e-90,4.3482553339424013e-26
gaussian,400,2,TVD_vanLeer,37.25,0.0029802558349892572,1.4473001645291398e-88,1.258085383810653e-25
gaussian,400,2,TVD_vanLeer,37.75,0.0013001543065751825,1.6004070856991646e-86,3.5539645260156812e-25
gaussian,400,2,TVD_vanLeer,38.25,0.0005366810613521174,1.674261198243687e-84,9.8055462722259615e-25
gaussian,400,2,TVD_vanLeer,38.75,0.00020961248401428069,1.6570575394038535e-82,2.6431997336817222e-24
gaussian,400,2,TVD_vanLeer,39.25,7.7463475660144112e-05,1.5515806073559298e-80,6.9634982062214022e-24
gaussian,400,2,TVD_vanLeer,39.75,2.7086644187709968e-05,1.3744667287824868e-78,1.7934954860007539e-23
gaussian,400,2,TVD_vanLeer,40.25,8.9617168578499812e-06,1.151908605840987e-76,4.5173200416487454e-23
gaussian,400,2,TVD_vanLeer,40.75,2.805462080291371e-06,9.1332741774944847e-75,1.1130076523681789e-22
gaussian,400,2,TVD_vanLeer,41.25,8.3098676871119177e-07,6.8511020544828789e-73,2.6833531490406762e-22
gaussian,400,2,TVD_vanLeer,41.75,2.3289473156464855e-07,4.8620637210248339e-71,6.332022630109138e-22
gaussian,400,2,TVD_vanLeer,42.25,6.1759016924693913e-08,3.264434297492065e-69,1.4628898199532012e-21
gaussian,400,2,TVD_vanLeer,42.75,1.549585421550539e-08,2.0735910640506034e-67,3.3098027113163967e-21
gaussian,400,2,TVD_vanLeer,43.25,3.6787846732318305e-09,1.2461405151221231e-65,7.335472520642958e-21
gaussian,400,2,TVD_vanLeer,43.75,8.2635404032736578e-10,7.0850102165086812e-64,1.592946839624856e-20
gaussian,400,2,TVD_vanLeer,44.25,1.7563056663586188e-10,3.8110474312064361e-62,3.3902449480221708e-20
gaussian,400,2,TVD_vanLeer,44.75,3.5318757270266376e-11,1.9394540397384177e-60,7.0733435891987607e-20
gaussian,400,2,TVD_vanLeer,45.25,6.720185704095718e-12,9.3378471821560134e-59,1.4470636305587611e-19
gaussian,400,2,TVD_vanLeer,45.75,1.2098369706947906e-12,4.2535058912334405e-57,2.9035093308628133e-19
gaussian,400,2,TVD_vanLeer,46.25,2.0608258731883101e-13,1.8330790986179901e-55,5.7152267511716707e-19
gaussian,400,2,TVD_vanLeer,46.75,3.32141965274349e-14,7.473949432002463e-54,1.1038723232543548e-18
gaussian,400,2,TVD_vanLeer,47.25,5.0649286703574024e-15,2.8830673534146148e-52,2.0925634736631161e-18
gaussian,400,2,TVD_vanLeer,47.75,7.3078421136059479e-16,1.0521944676303421e-50,3.894136130689621e-18
gaussian,400,2,TVD_vanLeer,48.25,9.9763187299063161e-17,3.6330782212603504e-49,7.1156378213329328e-18
gaussian,400,2,TVD_vanLeer,48.75,1.2885933928463541e-17,1.1868392918202003e-47,1.2769791540295805e-17
gaussian,400,2,TVD_vanLeer,49.25,1.574798474153022e-18,3.6681614880766029e-46,2.2512201086848428e-17
gaussian,400,2,TVD_vanLeer,49.75,1.8209442012348391e-19,1.0726184913763865e-44,3.8995406827078611e-17
gaussian,400,2,TVD_vanLeer,50.25,1.9921861502908032e-20,2.9674496460687887e-43,6.6384729417010188e-17
gaussian,400,2,TVD_vanLeer,50.75,2.0621671839623482e-21,7.7671847010728729e-42,1.1109163249801387e-16
gaussian,400,2,TVD_vanLeer,51.25,2.0196566623325172e-22,1.9234772699037504e-40,1.8279069799063567e-16
gaussian,400,2,TVD_vanLeer,51.75,1.8715006371449644e-23,4.5066579469365438e-39,2.957946638567293e-16
gaussian,400,2,TVD_vanLeer,52.25,1.6408172091638449e-24,9.9900396552230441e-38,4.7086636309634479e-16
gaussian,400,2,TVD_vanLeer,52.75,1.3610912551087849e-25,2.0952018778669732e-36,7.3754471485621155e-16
gaussian,400,2,TVD_vanLeer,53.25,1.0682431775721122e-26,4.1574932920676779e-35,1.1370522904719678e-15
gaussian,400,2,TVD_vanLeer,53.75,7.9324597368587958e-28,7.8052215654120522e-34,1.7258333059827397e-15
gaussian,400,2,TVD_vanLeer,54.25,5.5731343030239449e-29,1.3863978914236972e-32,2.5797433688729029e-15
gaussian,400,2,TVD_vanLeer,54.750000000000007,3.7046232122634539e-30,2.329917255675422e-31,3.7988778099395507e-15
gaussian,400,2,TVD_vanLeer,55.250000000000007,2.3299172556752342e-31,3.7046232122637783e-30,5.5129876053511955e-15
gaussian,400,2,TVD_vanLeer,55.750000000000007,1.3863978914236129e-32,5.5731343030242554e-29,7.8873957644465947e-15
gaussian,400,2,TVD_vanLeer,56.25,7.8052215654118452e-34,7.9324597368586648e-28,1.1129298159674301e-14
gaussian,400,2,TVD_vanLeer,56.749999999999993,4.1574932920679029e-35,1.0682431775720784e-26,1.5494315914537679e-14
gaussian,400,2,TVD_vanLeer,57.249999999999993,2.09520187786704e-36,1.3610912551087358e-25,2.1293164397688633e-14
gaussian,400,2,TVD_vanLeer,57.749999999999993,9.9900396552234596e-38,1.6408172091637804e-24,2.8898316197086732e-14
gaussian,400,2,TVD_vanLeer,58.25,4.5066579469367624e-39,1.8715006371449415e-23,3.8750557984493626e-14
gaussian,400,2,TVD_vanLeer,58.75,1.9234772699037504e-40,2.0196566623325172e-22,5.1365365831499154e-14
gaussian,400,2,TVD_vanLeer,59.25,7.7671847010728729e-42,2.0621671839623482e-21,6.733903842450721e-14
gaussian,400,2,TVD_vanLeer,59.75,2.9674496460687887e-43,1.9921861502908032e-20,8.7354516990574137e-14
gaussian,400,2,TVD_vanLeer,60.25,1.0726184913763865e-44,1.8209442012348391e-19,1.1218676401355329e-13
gaussian,400,2,TVD_vanLeer,60.75,3.6681614880766029e-46,1.574798474153022e-18,1.4270744220224465e-13
gaussian,400,2,TVD_vanLeer,61.25,1.1868392918202003e-47,1.2885933928463541e-17,1.7988839141755718e-13
gaussian,400,2,TVD_vanLeer,61.75,3.6330782212603504e-49,9.9763187299063161e-17,2.2480298763400217e-13
gaussian,400,2,TVD_vanLeer,62.25,1.0521944676303421e-50,7.3078421136059479e-16,2.7862380308191189e-13
gaussian,400,2,TVD_vanLeer,62.75,2.8830673534146148e-52,5.0649286703574024e-15,3.4261395523261061e-13
gaussian,400,2,TVD_vanLeer,63.25,7.473949432002463e-54,3.32141965274349e-14,4.181079650522001e-13
gaussian,400,2,TVD_vanLeer,63.75,1.8330790986179901e-55,2.0608258731883101e-13,5.0647557734122451e-13
gaussian,400,2,TVD_vanLeer,64.25,4.2535058912334405e-57,1.2098369706947906e-12,6.0905854053721202e-13
gaussian,400,2,TVD_vanLeer,64.75,9.3378471821560134e-59,6.720185704095718e-12,7.2706645851344144e-13
gaussian,400,2,TVD_vanLeer,65.25,1.9394540397384177e-60,3.5318757270266376e-11,8.6141837143930175e-13
gaussian,400,2,TVD_vanLeer,65.75,3.8110474312064361e-62,1.7563056663586188e-10,1.0125335572815798e-12
gaussian,400,2,TVD_vanLeer,66.25,7.0850102165086812e-64,8.2635404032736578e-10,1.1801144744007172e-12
gaussian,400,2,TVD_vanLeer,66.75,1.2461405151221231e-65,3.6787846732318305e-09,1.3629959443999136e-12
gaussian,400,2,TVD_vanLeer,67.25,2.0735910640506034e-67,1.549585421550539e-08,1.5591152784711043e-12
gaussian,400,2,TVD_vanLeer,67.75,3.264434297492065e-69,6.1759016924693913e-08,1.7656705521147171e-12
gaussian,400,2,TVD_vanLeer,68.25,4.8620637210248339e-71,2.3289473156464855e-07,1.9796847458045014e-12
gaussian,400,2,TVD_vanLeer,68.75,6.8511020544828789e-73,8.3098676871119177e-07,2.1990020108370412e-12
gaussian,400,2,TVD_vanLeer,69.25,9.1332741774944847e-75,2.805462080291371e-06,2.4225125849455005e-12
gaussian,400,2,TVD_vanLeer,69.75,1.151908605840987e-76,8.9617168578499812e-06,2.6479767089197805e-12
gaussian,400,2,TVD_vanLeer,70.25,1.3744667287824868e-78,2.7086644187709968e-05,2.87061348188978e-12
gaussian,400,2,TVD_vanLeer,70.75,1.5515806073559298e-80,7.7463475660144112e-05,3.0909468989458739e-12
gaussian,400,2,TVD_vanLeer,71.25,1.6570575394038535e-82,0.00020961248401428069,3.3259079722967196e-12
gaussian,400,2,TVD_vanLeer,71.75,1.674261198243687e-84,0.0005366810613521174,3.5860001583195713e-12
gaussian,400,2,TVD_vanLeer,72.25,1.6004070856991646e-86,0.0013001543065751825,3.820277281908499e-12
gaussian,400,2,TVD_vanLeer,72.75,1.4473001645291398e-88,0.0029802558349892572,4.031532349554974e-12
gaussian,400,2,TVD_vanLeer,73.25,1.2382459711806558e-90,0.0064638713079587205,5.2358097623563868e-12
gaussian,400,2,TVD_vanLeer,73.75,1.0022468169693816e-92,0.01326516998770776,3.5024374097796236e-11
gaussian,400,2,TVD_vanLeer,74.25,7.6746961744397911e-95,0.025758129949459849,9.8765951132376274e-10
gaussian,400,2,TVD_vanLeer,74.75,5.5598841967139978e-97,0.047325763517469137,3.2265004794816972e-08
gaussian,400,2,TVD_vanLeer,75.25,3.8105499903839356e-99,0.082274089358194719,1.0617448328786691e-06
gaussian,400,2,TVD_vanLeer,75.75,2.4707355778510861e-101,0.13533528095565894,3.4920548231303803e-05
gaussian,400,2,TVD_vanLeer,76.25,1.5155870917754113e-103,0.21064044631089568,0.0011351932824068319
gaussian,400,2,TVD_vanLeer,76.75,8.7953048135199631e-106,0.31020983760828968,0.032468937902408429
gaussian,400,2,TVD_vanLeer,77.25,4.8287599568741481e-108,0.43226758151908928,0.39629875566588046
gaussian,400,2,TVD_vanLeer,77.75,2.5080398224404083e-110,0.56994542239179147,0.93265537729173076
gaussian,400,2,TVD_vanLeer,78.25,1.2323858534232878e-112,0.71104575448692653,0.98851651094148141
gaussian,400,2,TVD_vanLeer,78.75,5.7289077838712314e-115,0.83935491180663835,0.9885969022595964
gaussian,400,2,TVD_vanLeer,79.25,2.5194700779047881e-117,0.93751373301239227,0.98859690224774344
gaussian,400,2,TVD_vanLeer,79.75,1.0482339688612536e-119,0.99081739365772359,0.98859690011160062
gaussian,400,2,TVD_vanLeer,80.25,4.1258964063751506e-122,0.99081739365772359,0.98859682725007525
gaussian,400,2,TVD_vanLeer,80.75,1.5363455249679772e-124,0.93751373301239227,0.98859442452276824
gaussian,400,2,TVD_vanLeer,81.25,5.4121447561387576e-127,0.83935491180663835,0.98851546494215858
gaussian,400,2,TVD_vanLeer,81.75,1.8036791093263672e-129,0.71104575448692653,0.98597682108736073
gaussian,400,2,TVD_vanLeer,82.25,5.6866692041863252e-132,0.56994542239179147,0.92088370085581972
gaussian,400,2,TVD_vanLeer,82.75,1.6961526594972429e-134,0.43226758151908928,0.42646933660447806
gaussian,400,2,TVD_vanLeer,83.25,4.7860767762647408e-137,0.31020983760828968,0.018779102180462304
gaussian,400,2,TVD_vanLeer,83.75,1.2776197474953692e-139,0.21064044631089568,5.9325591961260609e-06
gaussian,400,2,TVD_vanLeer,84.25,3.2264897539639332e-142,0.13533528095565894,6.1862338120010842e-12
gaussian,400,2,TVD_vanLeer,84.75,7.7084166646794762e-145,0.082274089358194719,6.0132392170060945e-12
gaussian,400,2,TVD_vanLeer,85.25,1.7422312350615947e-147,0.047325763517469137,5.9191298484960976e-12
gaussian,400,2,TVD_vanLeer,85.75,3.7252176024985683e-150,0.025758129949459849,5.7913611731901078e-12
gaussian,400,2,TVD_vanLeer,86.25,7.535329658772136e-153,0.01326516998770776,5.6447913309881779e-12
gaussian,400,2,TVD_vanLeer,86.75,1.4419730959227927e-155,0.0064638713079587205,5.4799998177430847e-12
gaussian,400,2,TVD_vanLeer,87.25,2.6104530553256889e-158,0.0029802558349892572,5.2979950313658808e-12
gaussian,400,2,TVD_vanLeer,87.75,4.4707253843875347e-161,0.0013001543065751825,5.1002799502967613e-12
gaussian,400,2,TVD_vanLeer,88.25,7.2434093904405302e-164,0.0005366810613521174,4.8884023996618696e-12
gaussian,400,2,TVD_vanLeer,88.75,1.110223877799716e-166,0.00020961248401428069,4.6640195741239183e-12
gaussian,400,2,TVD_vanLeer,89.25,1.6098305307890998e-169,7.7463475660144112e-05,4.4288663670393578e-12
gaussian,400,2,TVD_vanLeer,89.75,2.2082660613823784e-172,2.7086644187709968e-05,4.1847472350744103e-12
gaussian,400,2,TVD_vanLeer,90.25,2.865654733798599e-175,8.9617168578499812e-06,3.9335354254940054e-12
gaussian,400,2,TVD_vanLeer,90.75,3.5180106454759892e-178,2.805462080291371e-06,3.6771753949032831e-12
gaussian,400,2,TVD_vanLeer,91.25,4.0857412073436646e-181,8.3098676871119177e-07,3.4176840473797289e-12
gaussian,400,2,TVD_vanLeer,91.75,4.4889481261414988e-184,2.3289473156464855e-07,3.1571462979732577e-12
gaussian,400,2,TVD_vanLeer,92.25,4.6657123372592864e-187,6.1759016924693913e-08,2.897701474746094e-12
gaussian,400,2,TVD_vanLeer,92.75,4.5876533240074568e-190,1.549585421550539e-08,2.6415184364531696e-12
gaussian,400,2,TVD_vanLeer,93.25,4.2673878181510019e-193,3.6787846732318305e-09,2.3907589253096511e-12
gaussian,400,2,TVD_vanLeer,93.75,3.7551920776900123e-196,8.2635404032736578e-10,2.1475303790059861e-12
gaussian,400,2,TVD_vanLeer,94.25,3.1260819659708616e-199,1.7563056663586188e-10,1.9138309877861414e-12
gaussian,400,2,TVD_vanLeer,94.75,2.4618771352528383e-202,3.5318757270266376e-11,1.6914910112899453e-12
gaussian,400,2,TVD_vanLeer,95.25,1.8341288841093893e-205,6.720185704095718e-12,1.4821151142402214e-12
gaussian,400,2,TVD_vanLeer,95.75,1.2926782639492832e-208,1.2098369706947906e-12,1.2870306503003998e-12
gaussian,400,2,TVD_vanLeer,96.25,8.6188203433280492e-212,2.0608258731883101e-13,1.1072464079577236e-12
gaussian,400,2,TVD_vanLeer,96.75,5.4362781113090602e-215,3.32141965274349e-14,9.4342539995372486e-13
gaussian,400,2,TVD_vanLeer,97.25,3.2437818404201462e-218,5.0649286703574024e-15,7.9587396515507163e-13
gaussian,400,2,TVD_vanLeer,97.75,1.8310382879326304e-221,7.3078421136059479e-16,6.6454793859340883e-13
gaussian,400,2,TVD_vanLeer,98.25,9.7777452307610052e-225,9.9763187299063161e-17,5.4907512452847649e-13
gaussian,400,2,TVD_vanLeer,98.75,4.9394114690073506e-228,1.2885933928463541e-17,4.4879195564686827e-13
gaussian,400,2,TVD_vanLeer,99.25,2.3605140557182057e-231,1.574798474153022e-18,3.6279117697362051e-13
gaussian,400,2,TVD_vanLeer,99.75,1.0671674647092527e-234,1.8209442012348391e-19,2.8997674132448787e-13
gaussian,400,2,TVD_vanLeer,100.25,4.5640760406602172e-238,1.9921861502908424e-20,2.2912187303743939e-13
gaussian,400,2,TVD_vanLeer,100.75,1.8465760180530717e-241,2.0621671839624332e-21,1.789264245490315e-13
gaussian,400,2,TVD_vanLeer,101.25,7.0676535757226893e-245,2.0196566623325658e-22,1.3807015001831131e-13
gaussian,400,2,TVD_vanLeer,101.75,2.5590382982323944e-248,1.8715006371450632e-23,1.0525925717234931e-13
gaussian,400,2,TVD_vanLeer,102.25,8.7653954508196459e-252,1.6408172091638786e-24,7.9264465386583614e-14
gaussian,400,2,TVD_vanLeer,102.75,2.8402670376555085e-255,1.3610912551088474e-25,5.8949688928521026e-14
gaussian,400,2,TVD_vanLeer,103.25,8.7064177757327922e-259,1.0682431775721348e-26,4.3291287429532238e-14
gaussian,400,2,TVD_vanLeer,103.75,2.5247143272894142e-262,7.9324597368591832e-28,3.1388511733315457e-14
gaussian,400,2,TVD_vanLeer,104.25,6.9259148259432187e-266,5.5731343030240402e-29,2.2466280046139921e-14
gaussian,400,2,TVD_vanLeer,104.75,1.7973553963570837e-269,3.7046232122636381e-30,1.5871731799256335e-14
gaussian,400,2,TVD_vanLeer,105.25,4.4124768654730575e-273,2.3299172556753034e-31,1.106613381336484e-14
gaussian,400,2,TVD_vanLeer,105.75,1.0247604389836399e-276,1.3863978914236671e-32,7.6136823817220627e-15
gaussian,400,2,TVD_vanLeer,106.25,2.2514041032861653e-280,7.8052215654120522e-34,5.1685940550674049e-15
gaussian,400,2,TVD_vanLeer,106.75,4.6792421069904345e-284,4.1574932920676779e-35,3.4616496336389765e-15
gaussian,400,2,TVD_vanLeer,107.25,9.2000102867270423e-288,2.0952018778669732e-36,2.2870906846335395e-15
gaussian,400,2,TVD_vanLeer,107.75,1.7111639375053288e-291,9.9900396552230441e-38,1.4905001089421711e-15
gaussian,400,2,TVD_vanLeer,108.25,3.0108229277994623e-295,4.5066579469365438e-39,9.5805347750840573e-16
gaussian,400,2,TVD_vanLeer,108.75,5.0115132566240711e-299,1.9234772699036974e-40,6.0732224258793981e-16
gaussian,400,2,TVD_vanLeer,109.25,7.8911884176594854e-303,7.7671847010722867e-42,3.796510078392469e-16
gaussian,400,2,TVD_vanLeer,109.75,1.1754538816430952e-306,2.9674496460687058e-43,2.3401925830544527e-16
gaussian,400,2,TVD_vanLeer,110.25,1.6563733026717291e-310,1.0726184913763019e-44,1.4222875177300716e-16
gaussian,400,2,TVD_vanLeer,110.75,2.2080052079334144e-314,3.6681614880765345e-46,8.5223674762936635e-17
gaussian,400,2,TVD_vanLeer,111.25,2.7843810569852211e-318,1.1868392918201357e-47,5.0343053614223363e-17
gaussian,400,2,TVD_vanLeer,111.75,3.4090529563046012e-322,3.6330782212602471e-49,2.9315387249666886e-17
gaussian,400,2,TVD_vanLeer,112.25,0,1.0521944676302521e-50,1.6826728549750209e-17
gaussian,400,2,TVD_vanLeer,112.75,0,2.8830673534146975e-52,9.5197083380201396e-18
gaussian,400,2,TVD_vanLeer,113.25,0,7.4739494320031271e-54,5.3081118295147067e-18
gaussian,400,2,TVD_vanLeer,113.75,0,1.8330790986180433e-55,2.9169034868049829e-18
gaussian,400,2,TVD_vanLeer,114.25,0,4.2535058912338327e-57,1.5795856825924068e-18
gaussian,400,2,TVD_vanLeer,114.75,0,9.3378471821561956e-59,8.4290256215156072e-19
gaussian,400,2,TVD_vanLeer,115.25,0,1.9394540397385407e-60,4.4319905032643896e-19
gaussian,400,2,TVD_vanLeer,115.75,0,3.8110474312065483e-62,2.2960531648867889e-19
gaussian,400,2,TVD_vanLeer,116.25,0,7.0850102165093802e-64,1.1719289143600418e-19
gaussian,400,2,TVD_vanLeer,116.75,0,1.2461405151221231e-65,5.8929316969496325e-20
gaussian,400,2,TVD_vanLeer,117.25,0,2.0735910640506034e-67,2.9190863403578385e-20
gaussian,400,2,TVD_vanLeer,117.75,0,3.264434297492065e-69,1.4243685671063912e-20
gaussian,400,2,TVD_vanLeer,118.25,0,4.8620637210248339e-71,6.8459244505911458e-21
gaussian,400,2,TVD_vanLeer,118.75,0,6.8511020544828789e-73,3.2407854386806242e-21
gaussian,400,2,TVD_vanLeer,119.25,0,9.1332741774944847e-75,1.5109525671422237e-21
gaussian,400,2,TVD_vanLeer,119.75,0,1.151908605840987e-76,6.9375698234135278e-22
gaussian,400,2,TVD_vanLeer,120.25,0,1.3744667287824868e-78,3.1368455312851564e-22
gaussian,400,2,TVD_vanLeer,120.75,0,1.5515806073559298e-80,1.3966286950468152e-22
gaussian,400,2,TVD_vanLeer,121.25,0,1.6570575394038199e-82,6.1227033823434852e-23
gaussian,400,2,TVD_vanLeer,121.75,0,1.6742611982435561e-84,2.6427237900713513e-23
gaussian,400,2,TVD_vanLeer,122.25,0,1.6004070856991157e-86,1.1229952877319498e-23
gaussian,400,2,TVD_vanLeer,122.75,0,1.4473001645289649e-88,4.6977772163598356e-24
gaussian,400,2,TVD_vanLeer,123.25,0,1.2382459711806176e-90,1.934484747921313e-24
gaussian,400,2,TVD_vanLeer,123.75,0,1.0022468169692573e-92,7.8409020218945826e-25
gaussian,400,2,TVD_vanLeer,124.25,0,7.6746961744396341e-95,3.1279750314390896e-25
gaussian,400,2,TVD_vanLeer,124.75,0,5.5598841967135248e-97,1.228075398263158e-25
gaussian,400,2,TVD_vanLeer,125.25,0,3.8105499903840143e-99,4.7448062772626402e-26
gaussian,400,2,TVD_vanLeer,125.75,0,2.4707355778513018e-101,1.8038899391510459e-26
gaussian,400,2,TVD_vanLeer,126.25,0,1.5155870917754581e-103,6.747847353010436e-27
gaussian,400,2,TVD_vanLeer,126.75,0,8.7953048135211462e-106,2.4834123392316008e-27
gaussian,400,2,TVD_vanLeer,127.25,0,4.8287599568742986e-108,8.991344126271468e-28
gaussian,400,2,TVD_vanLeer,127.75,0,2.508039822440754e-110,3.2022521734679052e-28
gaussian,400,2,TVD_vanLeer,128.25,0,1.2323858534232878e-112,1.1217693292722273e-28
gaussian,400,2,TVD_vanLeer,128.75,0,5.7289077838712314e-115,3.8648244492601388e-29
gaussian,400,2,TVD_vanLeer,129.25,0,2.5194700779047881e-117,1.3094660782550486e-29
gaussian,400,2,TVD_vanLeer,129.75,0,1.0482339688612536e-119,4.3627077240554468e-30
gaussian,400,2,TVD_vanLeer,130.25,0,4.1258964063751506e-122,1.4291357888724543e-30
gaussian,400,2,TVD_vanLeer,130.75,0,1.5363455249679772e-124,4.602602867512265e-31
gaussian,400,2,TVD_vanLeer,131.25,0,5.4121447561387576e-127,1.4571432721701522e-31
gaussian,400,2,TVD_vanLeer,131.75,0,1.8036791093263672e-129,4.5344523568080736e-32
gaussian,400,2,TVD_vanLeer,132.25,0,5.6866692041863252e-132,1.3868367371093418e-32
gaussian,400,2,TVD_vanLeer,132.75,0,1.6961526594972429e-134,4.1682790532723955e-33
gaussian,400,2,TVD_vanLeer,133.25,0,4.7860767762647408e-137,1.2310373058350732e-33
gaussian,400,2,TVD_vanLeer,133.75,0,1.2776197474953692e-139,3.5720672937161488e-34
gaussian,400,2,TVD_vanLeer,134.25,0,3.2264897539639332e-142,1.0182444270047116e-34
gaussian,400,2,TVD_vanLeer,134.75,0,7.7084166646794762e-145,2.8511328425613707e-35
gaussian,400,2,TVD_vanLeer,135.25,0,1.7422312350615947e-147,7.8408635898046879e-36
gaussian,400,2,TVD_vanLeer,135.75,0,3.7252176024985683e-150,2.1175733351046372e-36
gaussian,400,2,TVD_vanLeer,136.25,0,7.535329658772136e-153,5.6154853021809664e-37
gaussian,400,2,TVD_vanLeer,136.75,0,1.4419730959227927e-155,1.4620279504387871e-37
gaussian,400,2,TVD_vanLeer,137.25,0,2.6104530553256889e-158,3.7366982483415218e-38
gaussian,400,2,TVD_vanLeer,137.75,0,4.4707253843875347e-161,9.3740656147563764e-39
gaussian,400,2,TVD_vanLeer,138.25,0,7.2434093904405302e-164,2.3079078293878903e-39
gaussian,400,2,TVD_vanLeer,138.75,0,1.110223877799716e-166,5.5757293524239184e-40
gaussian,400,2,TVD_vanLeer,139.25,0,1.6098305307890998e-169,1.3216587195964379e-40
gaussian,400,2,TVD_vanLeer,139.75,0,2.2082660613823784e-172,3.0733538247748837e-41
gaussian,400,2,TVD_vanLeer,140.25,0,2.865654733798599e-175,7.0100674683911953e-42
gaussian,400,2,TVD_vanLeer,140.75,0,3.5180106454759892e-178,1.5681542703778942e-42
gaussian,400,2,TVD_vanLeer,141.25,0,4.0857412073436646e-181,3.439955020440815e-43
gaussian,400,2,TVD_vanLeer,141.75,0,4.4889481261414988e-184,7.3986864319369073e-44
gaussian,400,2,TVD_vanLeer,142.25,0,4.6657123372592864e-187,1.5600376140457252e-44
gaussian,400,2,TVD_vanLeer,142.75,0,4.5876533240074568e-190,3.224298512565729e-45
gaussian,400,2,TVD_vanLeer,143.25,0,4.2673878181510019e-193,6.5312591931431388e-46
gaussian,400,2,TVD_vanLeer,143.75,0,3.7551920776900123e-196,1.296470868690593e-46
gaussian,400,2,TVD_vanLeer,144.25,0,3.1260819659708616e-199,2.5216022980985111e-47
gaussian,400,2,TVD_vanLeer,144.75,0,2.4618771352528383e-202,4.8048924015488518e-48
gaussian,400,2,TVD_vanLeer,145.25,0,1.8341288841093893e-205,8.968731149343968e-49
gaussian,400,2,TVD_vanLeer,145.75,0,1.2926782639492832e-208,1.6397125349089329e-49
gaussian,400,2,TVD_vanLeer,146.25,0,8.6188203433280492e-212,2.9359276745508974e-50
gaussian,400,2,TVD_vanLeer,146.75,0,5.4362781113090602e-215,5.1477598575182706e-51
gaussian,400,2,TVD_vanLeer,147.25,0,3.2437818404201462e-218,8.8377975813131736e-52
gaussian,400,2,TVD_vanLeer,147.75,0,1.8310382879326304e-221,1.4855380860132995e-52
gaussian,400,2,TVD_vanLeer,148.25,0,9.7777452307610052e-225,2.444570474484581e-53
gaussian,400,2,TVD_vanLeer,148.75,0,4.9394114690073506e-228,3.9379456187092163e-54
gaussian,400,2,TVD_vanLeer,149.25,0,2.3605140557182057e-231,6.2095366951068546e-55
gaussian,400,2,TVD_vanLeer,149.75,0,1.0671674647092527e-234,9.5840665513813617e-56
gaussian,400,2,TVD_vanLeer,150.25,0,4.5640760406601197e-238,1.4478562092919795e-56
gaussian,400,2,TVD_vanLeer,150.75,0,1.8465760180528026e-241,2.1407946539744379e-57
gaussian,400,2,TVD_vanLeer,151.25,0,7.0676535757225397e-245,3.09807998055611e-58
gaussian,400,2,TVD_vanLeer,151.75,0,2.5590382982320149e-248,4.3881074671171446e-59
gaussian,400,2,TVD_vanLeer,152.25,0,8.7653954508192737e-252,6.0832049292294335e-60
gaussian,400,2,TVD_vanLeer,152.75,0,2.840267037654652e-255,8.2540250646972825e-61
gaussian,400,2,TVD_vanLeer,153.25,0,8.7064177757326062e-259,1.0961958604810998e-61
gaussian,400,2,TVD_vanLeer,153.75,0,2.524714327289028e-262,1.4249934106320505e-62
gaussian,400,2,TVD_vanLeer,154.25,0,6.9259148259432187e-266,1.8132364956720841e-63
gaussian,400,2,TVD_vanLeer,154.75,0,1.7973553963570837e-269,2.2585387153929449e-64
gaussian,400,2,TVD_vanLeer,155.25,0,4.4124768654730575e-273,2.7538821415044898e-65
gaussian,400,2,TVD_vanLeer,155.75,0,1.0247604389836399e-276,3.2871406837046549e-66
gaussian,400,2,TVD_vanLeer,156.25,0,2.2514041032861653e-280,3.8410724058900149e-67
gaussian,400,2,TVD_vanLeer,156.75,0,4.6792421069904345e-284,4.3938822468286678e-68
gaussian,400,2,TVD_vanLeer,157.25,0,9.2000102867270423e-288,4.9203906688740774e-69
gaussian,400,2,TVD_vanLeer,157.75,0,1.7111639375053288e-291,5.3937595349404847e-70
gaussian,400,2,TVD_vanLeer,158.25,0,3.0108229277994623e-295,5.7876361976840632e-71
gaussian,400,2,TVD_vanLeer,158.75,0,5.0115132566242844e-299,6.0784957740045865e-72
gaussian,400,2,TVD_vanLeer,159.25,0,7.8911884176621055e-303,6.2479058259278336e-73
gaussian,400,2,TVD_vanLeer,159.75,0,1.1754538816431203e-306,6.2844204983480087e-74
gaussian,400,2,TVD_vanLeer,160.25,0,1.6563733026719762e-310,6.1848401213866058e-75
gaussian,400,2,TVD_vanLeer,160.75,0,2.2080052079334144e-314,5.9546467446882494e-76
gaussian,400,2,TVD_vanLeer,161.25,0,2.7843810569852211e-318,5.6075363064178881e-77
gaussian,400,2,TVD_vanLeer,161.75,0,3.4090529563046012e-322,5.1640963830290249e-78
gaussian,400,2,TVD_vanLeer,162.25,0,0,4.649802043503437e-79
gaussian,400,2,TVD_vanLeer,162.75,0,0,4.0925983668761967e-80
gaussian,400,2,TVD_vanLeer,163.25,0,0,3.5203887740503769e-81
gaussian,400,2,TVD_vanLeer,163.75,0,0,2.9587448070499593e-82
gaussian,400,2,TVD_vanLeer,164.25,0,0,2.429097997006342e-83
gaussian,400,2,TVD_vanLeer,164.75,0,0,1.947581151177887e-84
gaussian,400,2,TVD_vanLeer,165.25,0,0,1.5245749945627528e-85
gaussian,400,2,TVD_vanLeer,165.75,0,0,1.1649088674838454e-86
gaussian,400,2,TVD_vanLeer,166.25,0,0,8.685801416524501e-88
gaussian,400,2,TVD_vanLeer,166.75,0,0,6.3180807308533562e-89
gaussian,400,2,TVD_vanLeer,167.25,0,0,4.4822702040053449e-90
gaussian,400,2,TVD_vanLeer,167.75,0,0,3.1004623187252113e-91
gaussian,400,2,TVD_vanLeer,168.25,0,0,2.0904805270542679e-92
gaussian,400,2,TVD_vanLeer,168.75,0,0,1.3735055551451193e-93
gaussian,400,2,TVD_vanLeer,169.25,0,0,8.791245369267249e-95
gaussian,400,2,TVD_vanLeer,169.75,0,0,5.4799273654233199e-96
gaussian,400,2,TVD_vanLeer,170.25,0,0,3.3255999905059783e-97
gaussian,400,2,TVD_vanLeer,170.75,0,0,1.9642649306956078e-98
gaussian,400,2,TVD_vanLeer,171.25,0,0,1.1288250522256147e-99
gaussian,400,2,TVD_vanLeer,171.75,0,0,6.3097050383956496e-101
gaussian,400,2,TVD_vanLeer,172.25,0,0,3.4292905088409009e-102
gaussian,400,2,TVD_vanLeer,172.75,0,0,1.8116191549001432e-103
gaussian,400,2,TVD_vanLeer,173.25,0,0,9.2992772833397159e-105
gaussian,400,2,TVD_vanLeer,173.75,0,0,4.6366155562195919e-106
gaussian,400,2,TVD_vanLeer,174.25,0,0,2.2447614371776382e-107
gaussian,400,2,TVD_vanLeer,174.75,0,0,1.0548770469023116e-108
gaussian,400,2,TVD_vanLeer,175.25,0,0,4.8099339031385525e-110
gaussian,400,2,TVD_vanLeer,175.75,0,0,2.1272710953491876e-111
gaussian,400,2,TVD_vanLeer,176.25,0,0,9.1220343081847358e-113
gaussian,400,2,TVD_vanLeer,176.75,0,0,3.7912482929299637e-114
gaussian,400,2,TVD_vanLeer,177.25,0,0,1.5266127010312775e-115
gaussian,400,2,TVD_vanLeer,177.75,0,0,5.9533863281344399e-117
gaussian,400,2,TVD_vanLeer,178.25,0,0,2.2475962274955257e-118
gaussian,400,2,TVD_vanLeer,178.75,0,0,8.2114559078155996e-120
gaussian,400,2,TVD_vanLeer,179.25,0,0,2.9019938874701522e-121
gaussian,400,2,TVD_vanLeer,179.75,0,0,9.9168191175606627e-123
gaussian,400,2,TVD_vanLeer,180.25,0,0,3.2754529794187634e-124
gaussian,400,2,TVD_vanLeer,180.75,0,0,1.0452385915262301e-125
gaussian,400,2,TVD_vanLeer,181.25,0,0,3.2212558244567771e-127
gaussian,400,2,TVD_vanLeer,181.75,0,0,9.5834100787233235e-129
gaussian,400,2,TVD_vanLeer,182.25,0,0,2.7511750677295986e-130
gaussian,400,2,TVD_vanLeer,182.75,0,0,7.6179287499886647e-132
gaussian,400,2,TVD_vanLeer,183.25,0,0,2.0337261758595852e-133
gaussian,400,2,TVD_vanLeer,183.75,0,0,5.2323959922851293e-135
gaussian,400,2,TVD_vanLeer,184.25,0,0,1.2968101314883609e-136
gaussian,400,2,TVD_vanLeer,184.75,0,0,3.0948141389427099e-138
gaussian,400,2,TVD_vanLeer,185.25,0,0,7.1086910346134082e-140
gaussian,400,2,TVD_vanLeer,185.75,0,0,1.5709271632910549e-141
gaussian,400,2,TVD_vanLeer,186.25,0,0,3.3384769955959871e-143
gaussian,400,2,TVD_vanLeer,186.75,0,0,6.8199556482353756e-145
gaussian,400,2,TVD_vanLeer,187.25,0,0,1.3386619712434265e-146
gaussian,400,2,TVD_vanLeer,187.75,0,0,2.5236701184940377e-148
gaussian,400,2,TVD_vanLeer,188.25,0,0,4.5675516413261968e-150
gaussian,400,2,TVD_vanLeer,188.75,0,0,7.933075019898495e-152
gaussian,400,2,TVD_vanLeer,189.25,0,0,1.3216793526900112e-153
gaussian,400,2,TVD_vanLeer,189.75,0,0,2.111337987004386e-155
gaussian,400,2,TVD_vanLeer,190.25,0,0,3.2326508699984784e-157
gaussian,400,2,TVD_vanLeer,190.75,0,0,4.7419098510652849e-159
gaussian,400,2,TVD_vanLeer,191.25,0,0,6.6614268475995849e-161
gaussian,400,2,TVD_vanLeer,191.75,0,0,8.9583675860736756e-163
gaussian,400,2,TVD_vanLeer,192.25,0,0,1.1528388618721389e-164
gaussian,400,2,TVD_vanLeer,192.75,0,0,1.4191208370903103e-166
gaussian,400,2,TVD_vanLeer,193.25,0,0,1.6703855330370449e-168
gaussian,400,2,TVD_vanLeer,193.75,0,0,1.8793121517661712e-170
gaussian,400,2,TVD_vanLeer,194.25,0,0,2.0202594658351028e-172
gaussian,400,2,TVD_vanLeer,194.75,0,0,2.0743669226171987e-174
gaussian,400,2,TVD_vanLeer,195.25,0,0,2.0336747660804044e-176
gaussian,400,2,TVD_vanLeer,195.75,0,0,1.9030290999401548e-178
gaussian,400,2,TVD_vanLeer,196.25,0,0,1.6991479526247126e-180
gaussian,400,2,TVD_vanLeer,196.75,0,0,1.4470916158022058e-182
gaussian,400,2,TVD_vanLeer,197.25,0,0,1.1751697768089125e-184
gaussian,400,2,TVD_vanLeer,197.75,0,0,9.0972299719493104e-187
gaussian,400,2,TVD_vanLeer,198.25,0,0,6.7110349259852367e-189
gaussian,400,2,TVD_vanLeer,198.75,0,0,4.7164256672940743e-191
gaussian,400,2,TVD_vanLeer,199.25,0,0,3.1568554916469455e-193
gaussian,400,2,TVD_vanLeer,199.75,0,0,2.0118394563771075e-195
gaussian,400,2,PLM_MC,0.25,2.9674496460687887e-43,1.1754538816431203e-306,1.0237548074169983e-98
gaussian,400,2,PLM_MC,0.75,7.7671847010728729e-42,7.8911884176621055e-303,2.0475096148339966e-98
gaussian,400,2,PLM_MC,1.25,1.9234772699037504e-40,5.0115132566242844e-299,5.1721867197636545e-98
gaussian,400,2,PLM_MC,1.75,4.5066579469365438e-39,3.0108229277994623e-295,1.6958665132566507e-97
gaussian,400,2,PLM_MC,2.25,9.9900396552230441e-38,1.7111639375053288e-291,4.4820308888349117e-97
gaussian,400,2,PLM_MC,2.75,2.0952018778669732e-36,9.2000102867270423e-288,9.7618006957316439e-97
gaussian,400,2,PLM_MC,3.25,4.1574932920676779e-35,4.6792421069904345e-284,2.5574199838708105e-96
gaussian,400,2,PLM_MC,3.75,7.8052215654120522e-34,2.2514041032861653e-280,1.2702155160548884e-95
gaussian,400,2,PLM_MC,4.25,1.3863978914236671e-32,1.0247604389836399e-276,4.2280563382793934e-95
gaussian,400,2,PLM_MC,4.75,2.3299172556753034e-31,4.4124768654730575e-273,7.5000903476797646e-95
gaussian,400,2,PLM_MC,5.25,3.7046232122636381e-30,1.7973553963570837e-269,1.5004102708603229e-94
gaussian,400,2,PLM_MC,5.75,5.5731343030240402e-29,6.9259148259432187e-266,5.8468704214186492e-94
gaussian,400,2,PLM_MC,6.25,7.9324597368587958e-28,2.524714327289028e-262,4.438117748455869e-93
gaussian,400,2,PLM_MC,6.75,1.0682431775721122e-26,8.7064177757326062e-259,9.7319781236640452e-93
gaussian,400,2,PLM_MC,7.25,1.3610912551087849e-25,2.840267037654652e-255,1.4724158846733846e-92
gaussian,400,2,PLM_MC,7.75,1.6408172091638449e-24,8.7653954508192737e-252,3.2225763718321861e-92
gaussian,400,2,PLM_MC,8.25,1.8715006371449644e-23,2.5590382982320149e-248,2.7300994526412157e-91
gaussian,400,2,PLM_MC,8.75,2.0196566623325172e-22,7.0676535757225397e-245,1.3520947715833672e-90
gaussian,400,2,PLM_MC,9.25,2.0621671839623482e-21,1.8465760180528026e-241,2.2270403716224615e-90
gaussian,400,2,PLM_MC,9.75,1.9921861502908032e-20,4.5640760406601197e-238,3.3407163757251425e-90
gaussian,400,2,PLM_MC,10.25,1.8209442012348391e-19,1.0671674647092527e-234,1.0328780073729704e-89
gaussian,400,2,PLM_MC,10.75,1.574798474153022e-18,2.3605140557182057e-231,1.2260115224359538e-88
gaussian,400,2,PLM_MC,11.25,1.2885933928463541e-17,4.9394114690073506e-228,3.6776144949461498e-88
gaussian,400,2,PLM_MC,11.75,9.9763187299063161e-17,9.7777452307610052e-225,5.2163594394016438e-88
gaussian,400,2,PLM_MC,12.25,7.3078421136059479e-16,1.8310382879326304e-221,8.6622638660846203e-88
gaussian,400,2,PLM_MC,12.75,5.0649286703574024e-15,3.2437818404201462e-218,4.8670369156908919e-87
gaussian,400,2,PLM_MC,13.25,3.32141965274349e-14,5.4362781113090602e-215,4.5665374562104342e-86
gaussian,400,2,PLM_MC,13.75,2.0608258731883101e-13,8.6188203433280492e-212,9.17044361708162e-86
gaussian,400,2,PLM_MC,14.25,1.2098369706947906e-12,1.2926782639492832e-208,1.260793700887825e-85
gaussian,400,2,PLM_MC,14.75,6.720185704095718e-12,1.8341288841093893e-205,2.7158982152445629e-85
gaussian,400,2,PLM_MC,15.25,3.5318757270266376e-11,2.4618771352528383e-202,2.8727953900043747e-84
gaussian,400,2,PLM_MC,15.75,1.7563056663586188e-10,3.1260819659708616e-199,1.3940811566462506e-83
gaussian,400,2,PLM_MC,16.25,8.2635404032736578e-10,3.7551920776900123e-196,2.2143574436992121e-83
gaussian,400,2,PLM_MC,16.75,3.6787846732318305e-09,4.2673878181510019e-193,3.2074798257853707e-83
gaussian,400,2,PLM_MC,17.25,1.549585421550539e-08,4.5876533240074568e-190,1.0447368976714412e-82
gaussian,400,2,PLM_MC,17.75,6.1759016924693913e-08,4.6657123372592864e-187,1.2998298392563078e-81
gaussian,400,2,PLM_MC,18.25,2.3289473156464855e-07,4.4889481261414988e-184,3.8125187089212216e-81
gaussian,400,2,PLM_MC,18.75,8.3098676871119177e-07,4.0857412073436646e-181,5.3351471824637331e-81
gaussian,400,2,PLM_MC,19.25,2.805462080291371e-06,3.5180106454759892e-178,8.8117314101704534e-81
gaussian,400,2,PLM_MC,19.75,8.9617168578499812e-06,2.865654733798599e-175,5.1548653060909616e-80
gaussian,400,2,PLM_MC,20.25,2.7086644187709968e-05,2.2082660613823784e-172,4.8205376237036891e-79
gaussian,400,2,PLM_MC,20.75,7.7463475660144112e-05,1.6098305307890998e-169,9.5225689942818212e-79
gaussian,400,2,PLM_MC,21.25,0.00020961248401428069,1.110223877799716e-166,1.3032113829425759e-78
gaussian,400,2,PLM_MC,21.75,0.0005366810613521174,7.2434093904405302e-164,2.8417545234979303e-78
gaussian,400,2,PLM_MC,22.25,0.0013001543065751825,4.4707253843875347e-161,3.083012550853824e-77
gaussian,400,2,PLM_MC,22.75,0.0029802558349892572,2.6104530553256889e-158,1.4624759366758815e-76
gaussian,400,2,PLM_MC,23.25,0.0064638713079587205,1.4419730959227927e-155,2.3034084342430868e-76
gaussian,400,2,PLM_MC,23.75,0.01326516998770776,7.535329658772136e-153,3.3467406829437873e-76
gaussian,400,2,PLM_MC,24.25,0.025758129949459849,3.7252176024985683e-150,1.1220782629595519e-75
gaussian,400,2,PLM_MC,24.75,0.047325763517469137,1.7422312350615947e-147,1.3833468418558501e-74
gaussian,400,2,PLM_MC,25.25,0.082274089358194719,7.7084166646794762e-145,3.983606265642098e-74
gaussian,400,2,PLM_MC,25.75,0.13533528095565894,3.2264897539639332e-142,5.5605019864481592e-74
gaussian,400,2,PLM_MC,26.25,0.21064044631089568,1.2776197474953692e-139,9.2512436990216811e-74
gaussian,400,2,PLM_MC,26.75,0.31020983760828968,4.7860767762647408e-137,5.510669077409069e-73
gaussian,400,2,PLM_MC,27.25,0.43226758151908995,1.6961526594972429e-134,5.0982695353627319e-72
gaussian,400,2,PLM_MC,27.750000000000004,0.5699454223917918,5.6866692041863252e-132,9.949656634289717e-72
gaussian,400,2,PLM_MC,28.25,0.71104575448692675,1.8036791093263672e-129,1.3609185208798249e-71
gaussian,400,2,PLM_MC,28.749999999999996,0.83935491180663779,5.4121447561387576e-127,3.0028287806314501e-71
gaussian,400,2,PLM_MC,29.25,0.93751373301239194,1.5363455249679772e-124,3.3057472188149378e-70
gaussian,400,2,PLM_MC,29.75,0.99081739365772359,4.1258964063751506e-122,1.5395587343937087e-69
gaussian,400,2,PLM_MC,30.25,0.99081739365772359,1.0482339688612536e-119,2.4097697340681831e-69
gaussian,400,2,PLM_MC,30.75,0.93751373301239227,2.5194700779047881e-117,3.5135224024562395e-69
gaussian,400,2,PLM_MC,31.25,0.83935491180663835,5.7289077838712314e-115,1.2033421466979205e-68
gaussian,400,2,PLM_MC,31.75,0.71104575448692653,1.2323858534232878e-112,1.4732292265928584e-67
gaussian,400,2,PLM_MC,32.25,0.56994542239179147,2.5080398224404083e-110,4.1872793301194602e-67
gaussian,400,2,PLM_MC,32.75,0.43226758151908928,4.8287599568741481e-108,5.8342965807090275e-67
gaussian,400,2,PLM_MC,33.25,0.31020983760828968,8.7953048135199631e-106,9.7552818025301792e-67
gaussian,400,2,PLM_MC,33.75,0.21064044631089568,1.5155870917754113e-103,5.8826190767098992e-66
gaussian,400,2,PLM_MC,34.25,0.13533528095565894,2.4707355778510861e-101,5.4146585700231183e-65
gaussian,400,2,PLM_MC,34.75,0.082274089358194719,3.8105499903839356e-99,1.0496908483340379e-64
gaussian,400,2,PLM_MC,35.25,0.047325763517469137,5.5598841967139978e-97,1.4346484209346301e-64
gaussian,400,2,PLM_MC,35.75,0.025758129949459849,7.6746961744397911e-95,3.1795993688168458e-64
gaussian,400,2,PLM_MC,36.25,0.01326516998770776,1.0022468169693816e-92,3.5261930370229495e-63
gaussian,400,2,PLM_MC,36.75,0.0064638713079587205,1.2382459711806558e-90,1.6509385806862901e-62
gaussian,400,2,PLM_MC,37.25,0.0029802558349892572,1.4473001645291398e-88,2.5836191949195512e-62
gaussian,400,2,PLM_MC,37.75,0.0013001543065751825,1.6004070856991646e-86,3.7249560659457944e-62
gaussian,400,2,PLM_MC,38.25,0.0005366810613521174,1.674261198243687e-84,1.2002673745994899e-61
gaussian,400,2,PLM_MC,38.75,0.00020961248401428069,1.6570575394038535e-82,1.6372433035032553e-60
gaussian,400,2,PLM_MC,39.25,7.7463475660144112e-05,1.5515806073559298e-80,5.1131205052203971e-60
gaussian,400,2,PLM_MC,39.75,2.7086644187709968e-05,1.3744667287824868e-78,7.0979679584673844e-60
gaussian,400,2,PLM_MC,40.25,8.9617168578499812e-06,1.151908605840987e-76,1.1327541304457812e-59
gaussian,400,2,PLM_MC,40.75,2.805462080291371e-06,9.1332741774944847e-75,9.5462755375042416e-59
gaussian,400,2,PLM_MC,41.25,8.3098676871119177e-07,6.8511020544828789e-73,1.6130307462713067e-57
gaussian,400,2,PLM_MC,41.75,2.3289473156464855e-07,4.8620637210248339e-71,3.6350435318236848e-57
gaussian,400,2,PLM_MC,42.25,6.1759016924693913e-08,3.264434297492065e-69,3.700417967908203e-57
gaussian,400,2,PLM_MC,42.75,1.549585421550539e-08,2.0735910640506034e-67,3.720570677480235e-57
gaussian,400,2,PLM_MC,43.25,3.6787846732318305e-09,1.2461405151221231e-65,3.8872528769485299e-57
gaussian,400,2,PLM_MC,43.75,8.2635404032736578e-10,7.0850102165086812e-64,7.7940778874687775e-57
gaussian,400,2,PLM_MC,44.25,1.7563056663586188e-10,3.8110474312064361e-62,1.1280740008570529e-55
gaussian,400,2,PLM_MC,44.75,3.5318757270266376e-11,1.9394540397384177e-60,2.8316068781518668e-54
gaussian,400,2,PLM_MC,45.25,6.720185704095718e-12,9.3378471821560134e-59,8.1235068797260643e-53
gaussian,400,2,PLM_MC,45.75,1.2098369706947906e-12,4.2535058912334405e-57,5.5876030274751124e-52
gaussian,400,2,PLM_MC,46.25,2.0608258731883101e-13,1.8330790986179901e-55,9.3626101640954295e-52
gaussian,400,2,PLM_MC,46.75,3.32141965274349e-14,7.473949432002463e-54,1.4622804091949906e-51
gaussian,400,2,PLM_MC,47.25,5.0649286703574024e-15,2.8830673534146148e-52,7.9528005689961182e-51
gaussian,400,2,PLM_MC,47.75,7.3078421136059479e-16,1.0521944676303421e-50,2.4377046371437576e-49
gaussian,400,2,PLM_MC,48.25,9.9763187299063161e-17,3.6330782212603504e-49,9.7347160677998015e-48
gaussian,400,2,PLM_MC,48.75,1.2885933928463541e-17,1.1868392918202003e-47,2.1072671869771933e-46
gaussian,400,2,PLM_MC,49.25,1.574798474153022e-18,3.6681614880766029e-46,5.0336919435311986e-46
gaussian,400,2,PLM_MC,49.75,1.8209442012348391e-19,1.0726184913763865e-44,5.1170996850286631e-46
gaussian,400,2,PLM_MC,50.25,1.9921861502908032e-20,2.9674496460687887e-43,5.1170996850286631e-46
gaussian,400,2,PLM_MC,50.75,2.0621671839623482e-21,7.7671847010728729e-42,5.1170996850286631e-46
gaussian,400,2,PLM_MC,51.25,2.0196566623325172e-22,1.9234772699037504e-40,5.1170996850286631e-46
gaussian,400,2,PLM_MC,51.75,1.8715006371449644e-23,4.5066579469365438e-39,5.117099685028667e-46
gaussian,400,2,PLM_MC,52.25,1.6408172091638449e-24,9.9900396552230441e-38,5.117099685028702e-46
gaussian,400,2,PLM_MC,52.75,1.3610912551087849e-25,2.0952018778669732e-36,5.1170996850288972e-46
gaussian,400,2,PLM_MC,53.25,1.0682431775721122e-26,4.1574932920676779e-35,5.1170996850301862e-46
gaussian,400,2,PLM_MC,53.75,7.9324597368587958e-28,7.8052215654120522e-34,5.1170996850402091e-46
gaussian,400,2,PLM_MC,54.25,5.5731343030239449e-29,1.3863978914236972e-32,5.1170996851273982e-46
gaussian,400,2,PLM_MC,54.750000000000007,3.7046232122634539e-30,2.329917255675422e-31,5.1170996859226288e-46
gaussian,400,2,PLM_MC,55.250000000000007,2.3299172556752342e-31,3.7046232122637783e-30,5.1170996933051894e-46
gaussian,400,2,PLM_MC,55.750000000000007,1.3863978914236129e-32,5.5731343030242554e-29,5.1170997619132856e-46
gaussian,400,2,PLM_MC,56.25,7.8052215654118452e-34,7.9324597368586648e-28,5.1171003948868389e-46
gaussian,400,2,PLM_MC,56.749999999999993,4.1574932920679029e-35,1.0682431775720784e-26,5.1171061698963629e-46
gaussian,400,2,PLM_MC,57.249999999999993,2.09520187786704e-36,1.3610912551087358e-25,5.1171581821434762e-46
gaussian,400,2,PLM_MC,57.749999999999993,9.9900396552234596e-38,1.6408172091637804e-24,5.1176202357485475e-46
gaussian,400,2,PLM_MC,58.25,4.5066579469367624e-39,1.8715006371449415e-23,5.1216674114692271e-46
gaussian,400,2,PLM_MC,58.75,1.9234772699037504e-40,2.0196566623325172e-22,5.1566144589461282e-46
gaussian,400,2,PLM_MC,59.25,7.7671847010728729e-42,2.0621671839623482e-21,5.4540771958355513e-46
gaussian,400,2,PLM_MC,59.75,2.9674496460687887e-43,1.9921861502908032e-20,7.949824992955231e-46
gaussian,400,2,PLM_MC,60.25,1.0726184913763865e-44,1.8209442012348391e-19,2.8589594687691614e-45
gaussian,400,2,PLM_MC,60.75,3.6681614880766029e-46,1.574798474153022e-18,1.9683299572306687e-44
gaussian,400,2,PLM_MC,61.25,1.1868392918202003e-47,1.2885933928463541e-17,1.5485763567528208e-43
gaussian,400,2,PLM_MC,61.75,3.6330782212603504e-49,9.9763187299063161e-17,1.2253102073544188e-42
gaussian,400,2,PLM_MC,62.25,1.0521944676303421e-50,7.3078421136059479e-16,9.5803998048454742e-42
gaussian,400,2,PLM_MC,62.75,2.8830673534146148e-52,5.0649286703574024e-15,7.3854828464699391e-41
gaussian,400,2,PLM_MC,63.25,7.473949432002463e-54,3.32141965274349e-14,5.6118289240574967e-40
gaussian,400,2,PLM_MC,63.75,1.8330790986179901e-55,2.0608258731883101e-13,4.2028077397921403e-39
gaussian,400,2,PLM_MC,64.25,4.2535058912334405e-57,1.2098369706947906e-12,3.1023363080350681e-38
gaussian,400,2,PLM_MC,64.75,9.3378471821560134e-59,6.720185704095718e-12,2.2575044415987395e-37
gaussian,400,2,PLM_MC,65.25,1.9394540397384177e-60,3.5318757270266376e-11,1.6211594475651262e-36
gaussian,400,2,PLM_MC,65.75,3.8110474312064361e-62,1.7563056663586188e-10,1.1559331481057922e-35
gaussian,400,2,PLM_MC,66.25,7.0850102165086812e-64,8.2635404032736578e-10,8.4625844281232063e-35
gaussian,400,2,PLM_MC,66.75,1.2461405151221231e-65,3.6787846732318305e-09,7.438300162500136e-34
gaussian,400,2,PLM_MC,67.25,2.0735910640506034e-67,1.549585421550539e-08,1.1461095582307628e-32
gaussian,400,2,PLM_MC,67.75,3.264434297492065e-69,6.1759016924693913e-08,3.2988301832578849e-31
gaussian,400,2,PLM_MC,68.25,4.8620637210248339e-71,2.3289473156464855e-07,1.2158523136375672e-29
gaussian,400,2,PLM_MC,68.75,6.8511020544828789e-73,8.3098676871119177e-07,4.7250713584219397e-28
gaussian,400,2,PLM_MC,69.25,9.1332741774944847e-75,2.805462080291371e-06,1.8534505989956091e-26
gaussian,400,2,PLM_MC,69.75,1.151908605840987e-76,8.9617168578499812e-06,7.2815167597540483e-25
gaussian,400,2,PLM_MC,70.25,1.3744667287824868e-78,2.7086644187709968e-05,2.8614332448779143e-23
gaussian,400,2,PLM_MC,70.75,1.5515806073559298e-80,7.7463475660144112e-05,1.1244595106776079e-21
gaussian,400,2,PLM_MC,71.25,1.6570575394038535e-82,0.00020961248401428069,4.4191743938688898e-20
gaussian,400,2,PLM_MC,71.75,1.674261198243687e-84,0.0005366810613521174,1.7365118959004138e-18
gaussian,400,2,PLM_MC,72.25,1.6004070856991646e-86,0.0013001543065751825,6.8253254516739057e-17
gaussian,400,2,PLM_MC,72.75,1.4473001645291398e-88,0.0029802558349892572,2.6814822936765201e-15
gaussian,400,2,PLM_MC,73.25,1.2382459711806558e-90,0.0064638713079587205,1.0543193883644543e-13
gaussian,400,2,PLM_MC,73.75,1.0022468169693816e-92,0.01326516998770776,4.1395537065267529e-12
gaussian,400,2,PLM_MC,74.25,7.6746961744397911e-95,0.025758129949459849,1.629416157130723e-10
gaussian,400,2,PLM_MC,74.75,5.5598841967139978e-97,0.047325763517469137,6.3849171133239728e-09
gaussian,400,2,PLM_MC,75.25,3.8105499903839356e-99,0.082274089358194719,2.5220881192215395e-07
gaussian,400,2,PLM_MC,75.75,2.4707355778510861e-101,0.13533528095565894,9.8210223208578218e-06
gaussian,400,2,PLM_MC,76.25,1.5155870917754113e-103,0.21064044631089568,0.00039228081221489349
gaussian,400,2,PLM_MC,76.75,8.7953048135199631e-106,0.31020983760828968,0.014972892174689223
gaussian,400,2,PLM_MC,77.25,4.8287599568741481e-108,0.43226758151908928,0.37471428841467402
gaussian,400,2,PLM_MC,77.75,2.5080398224404083e-110,0.56994542239179147,0.96448944564243821
gaussian,400,2,PLM_MC,78.25,1.2323858534232878e-112,0.71104575448692653,0.99067195581971745
gaussian,400,2,PLM_MC,78.75,5.7289077838712314e-115,0.83935491180663835,0.99067195581944856
gaussian,400,2,PLM_MC,79.25,2.5194700779047881e-117,0.93751373301239227,0.99067195580858236
gaussian,400,2,PLM_MC,79.75,1.0482339688612536e-119,0.99081739365772359,0.99067195537987673
gaussian,400,2,PLM_MC,80.25,4.1258964063751506e-122,0.99081739365772359,0.99067193860936587
gaussian,400,2,PLM_MC,80.75,1.5363455249679772e-124,0.93751373301239227,0.99067127410183975
gaussian,400,2,PLM_MC,81.25,5.4121447561387576e-127,0.83935491180663835,0.99064554161194684
gaussian,400,2,PLM_MC,81.75,1.8036791093263672e-129,0.71104575448692653,0.98960757255293186
gaussian,400,2,PLM_MC,82.25,5.6866692041863252e-132,0.56994542239179147,0.95068780432314304
gaussian,400,2,PLM_MC,82.75,1.6961526594972429e-134,0.43226758151908928,0.40517216457898547
gaussian,400,2,PLM_MC,83.25,4.7860767762647408e-137,0.31020983760828968,-1.1006915443203796e-16
gaussian,400,2,PLM_MC,83.75,1.2776197474953692e-139,0.21064044631089568,-1.0829556108527949e-16
gaussian,400,2,PLM_MC,84.25,3.2264897539639332e-142,0.13533528095565894,-6.9781260531495446e-17
gaussian,400,2,PLM_MC,84.75,7.7084166646794762e-145,0.082274089358194719,-3.0780571615815002e-18
gaussian,400,2,PLM_MC,85.25,1.7422312350615947e-147,0.047325763517469137,6.5821793511681259e-21
gaussian,400,2,PLM_MC,85.75,3.7252176024985683e-150,0.025758129949459849,5.282658094212431e-21
gaussian,400,2,PLM_MC,86.25,7.535329658772136e-153,0.01326516998770776,7.5663850854128578e-22
gaussian,400,2,PLM_MC,86.75,1.4419730959227927e-155,0.0064638713079587205,4.3111451864915488e-119
gaussian,400,2,PLM_MC,87.25,2.6104530553256889e-158,0.0029802558349892572,7.8618623063982577e-122
gaussian,400,2,PLM_MC,87.75,4.4707253843875347e-161,0.0013001543065751825,1.3460427870556717e-124
gaussian,400,2,PLM_MC,88.25,7.2434093904405302e-164,0.0005366810613521174,2.4619871487420136e-127
gaussian,400,2,PLM_MC,88.75,1.110223877799716e-166,0.00020961248401428069,1.6401064715763827e-142
gaussian,400,2,PLM_MC,89.25,1.6098305307890998e-169,7.7463475660144112e-05,2.9134141034167335e-158
gaussian,400,2,PLM_MC,89.75,2.2082660613823784e-172,2.7086644187709968e-05,1.1022898336425386e-166
gaussian,400,2,PLM_MC,90.25,2.865654733798599e-175,8.9617168578499812e-06,1.1022898268036078e-166
gaussian,400,2,PLM_MC,90.75,3.5180106454759892e-178,2.805462080291371e-06,1.1022898283909429e-166
gaussian,400,2,PLM_MC,91.25,4.0857412073436646e-181,8.3098676871119177e-07,1.1022898293230059e-166
gaussian,400,2,PLM_MC,91.75,4.4889481261414988e-184,2.3289473156464855e-07,1.1022898294994966e-166
gaussian,400,2,PLM_MC,92.25,4.6657123372592864e-187,6.1759016924693913e-08,1.1022898294288296e-166
gaussian,400,2,PLM_MC,92.75,4.5876533240074568e-190,1.549585421550539e-08,1.1022898293854592e-166
gaussian,400,2,PLM_MC,93.25,4.2673878181510019e-193,3.6787846732318305e-09,1.1022898293773959e-166
gaussian,400,2,PLM_MC,93.75,3.7551920776900123e-196,8.2635404032736578e-10,1.1022898293819741e-166
gaussian,400,2,PLM_MC,94.25,3.1260819659708616e-199,1.7563056663586188e-10,1.1022898294136772e-166
gaussian,400,2,PLM_MC,94.75,2.4618771352528383e-202,3.5318757270266376e-11,1.1022898295541558e-166
gaussian,400,2,PLM_MC,95.25,1.8341288841093893e-205,6.720185704095718e-12,1.102289830089692e-166
gaussian,400,2,PLM_MC,95.75,1.2926782639492832e-208,1.2098369706947906e-12,1.1022898319233102e-166
gaussian,400,2,PLM_MC,96.25,8.6188203433280492e-212,2.0608258731883101e-13,1.1022898376347192e-166
gaussian,400,2,PLM_MC,96.75,5.4362781113090602e-215,3.32141965274349e-14,1.102289853932364e-166
gaussian,400,2,PLM_MC,97.25,3.2437818404201462e-218,5.0649286703574024e-15,1.1022898967665512e-166
gaussian,400,2,PLM_MC,97.75,1.8310382879326304e-221,7.3078421136059479e-16,1.1022900009185196e-166
gaussian,400,2,PLM_MC,98.25,9.7777452307610052e-225,9.9763187299063161e-17,1.1022902360812551e-166
gaussian,400,2,PLM_MC,98.75,4.9394114690073506e-228,1.2885933928463541e-17,1.1022907306833641e-166
gaussian,400,2,PLM_MC,99.25,2.3605140557182057e-231,1.574798474153022e-18,1.1022917022920873e-166
gaussian,400,2,PLM_MC,99.75,1.0671674647092527e-234,1.8209442012348391e-19,1.1022934890854565e-166
gaussian,400,2,PLM_MC,100.25,4.5640760406602172e-238,1.9921861502908424e-20,1.1022965713669843e-166
gaussian,400,2,PLM_MC,100.75,1.8465760180530717e-241,2.0621671839624332e-21,1.1023015676157854e-166
gaussian,400,2,PLM_MC,101.25,7.0676535757226893e-245,2.0196566623325658e-22,1.1023091894080611e-166
gaussian,400,2,PLM_MC,101.75,2.5590382982323944e-248,1.8715006371450632e-23,1.1023201466443977e-166
gaussian,400,2,PLM_MC,102.25,8.7653954508196459e-252,1.6408172091638786e-24,1.1023350093332702e-166
gaussian,400,2,PLM_MC,102.75,2.8402670376555085e-255,1.3610912551088474e-25,1.1023540510952511e-166
gaussian,400,2,PLM_MC,103.25,8.7064177757327922e-259,1.0682431775721348e-26,1.102377115170439e-166
gaussian,400,2,PLM_MC,103.75,2.5247143272894142e-262,7.9324597368591832e-28,1.1024035476976489e-166
gaussian,400,2,PLM_MC,104.25,6.9259148259432187e-266,5.5731343030240402e-29,1.1024322304749145e-166
gaussian,400,2,PLM_MC,104.75,1.7973553963570837e-269,3.7046232122636381e-30,1.1024617183282844e-166
gaussian,400,2,PLM_MC,105.25,4.4124768654730575e-273,2.3299172556753034e-31,1.1024904538210965e-166
gaussian,400,2,PLM_MC,105.75,1.0247604389836399e-276,1.3863978914236671e-32,1.1025170070102904e-166
gaussian,400,2,PLM_MC,106.25,2.2514041032861653e-280,7.8052215654120522e-34,1.1025402804806769e-166
gaussian,400,2,PLM_MC,106.75,4.6792421069904345e-284,4.1574932920676779e-35,1.1025596326938873e-166
gaussian,400,2,PLM_MC,107.25,9.2000102867270423e-288,2.0952018778669732e-36,1.1025748999123921e-166
gaussian,400,2,PLM_MC,107.75,1.7111639375053288e-291,9.9900396552230441e-38,1.1025863273249917e-166
gaussian,400,2,PLM_MC,108.25,3.0108229277994623e-295,4.5066579469365438e-39,1.1025944423562579e-166
gaussian,400,2,PLM_MC,108.75,5.0115132566240711e-299,1.9234772699036974e-40,1.1025999112406196e-166
gaussian,400,2,PLM_MC,109.25,7.8911884176594854e-303,7.7671847010722867e-42,1.1026034141760525e-166
gaussian,400,2,PLM_MC,109.75,1.1754538816430952e-306,2.9674496460687058e-43,1.1026055601817082e-166
gaussian,400,2,PLM_MC,110.25,1.6563733026717291e-310,1.0726184913763019e-44,1.1026068472145135e-166
gaussian,400,2,PLM_MC,110.75,2.2080052079334144e-314,3.6681614880765345e-46,1.1026076615952754e-166
gaussian,400,2,PLM_MC,111.25,2.7843810569852211e-318,1.1868392918201357e-47,1.1026083056096251e-166
gaussian,400,2,PLM_MC,111.75,3.4090529563046012e-322,3.6330782212602471e-49,1.102609042577143e-166
gaussian,400,2,PLM_MC,112.25,0,1.0521944676302521e-50,1.1026101523683224e-166
gaussian,400,2,PLM_MC,112.75,0,2.8830673534146975e-52,1.1026119947187864e-166
gaussian,400,2,PLM_MC,113.25,0,7.4739494320031271e-54,1.1026150808550969e-166
gaussian,400,2,PLM_MC,113.75,0,1.8330790986180433e-55,1.1026201549583236e-166
gaussian,400,2,PLM_MC,114.25,0,4.2535058912338327e-57,1.1026282856672764e-166
gaussian,400,2,PLM_MC,114.75,0,9.3378471821561956e-59,1.1026409644572902e-166
gaussian,400,2,PLM_MC,115.25,0,1.9394540397385407e-60,1.1026602029037109e-166
gaussian,400,2,PLM_MC,115.75,0,3.8110474312065483e-62,1.1026886153717705e-166
gaussian,400,2,PLM_MC,116.25,0,7.0850102165093802e-64,1.1027294686486155e-166
gaussian,400,2,PLM_MC,116.75,0,1.2461405151221231e-65,1.1027866767729919e-166
gaussian,400,2,PLM_MC,117.25,0,2.0735910640506034e-67,1.1028647192403898e-166
gaussian,400,2,PLM_MC,117.75,0,3.264434297492065e-69,1.1029684650741612e-166
gaussian,400,2,PLM_MC,118.25,0,4.8620637210248339e-71,1.1031028945524804e-166
gaussian,400,2,PLM_MC,118.75,0,6.8511020544828789e-73,1.1032727242593183e-166
gaussian,400,2,PLM_MC,119.25,0,9.1332741774944847e-75,1.1034819579337523e-166
gaussian,400,2,PLM_MC,119.75,0,1.151908605840987e-76,1.1037334024725942e-166
gaussian,400,2,PLM_MC,120.25,0,1.3744667287824868e-78,1.1040282017286468e-166
gaussian,400,2,PLM_MC,120.75,0,1.5515806073559298e-80,1.1043654466586226e-166
gaussian,400,2,PLM_MC,121.25,0,1.6570575394038199e-82,1.1047419158837765e-166
gaussian,400,2,PLM_MC,121.75,0,1.6742611982435561e-84,1.1051519843763766e-166
gaussian,400,2,PLM_MC,122.25,0,1.6004070856991157e-86,1.1055877104123893e-166
gaussian,400,2,PLM_MC,122.75,0,1.4473001645289649e-88,1.1060390749141512e-166
gaussian,400,2,PLM_MC,123.25,0,1.2382459711806176e-90,1.1064943073029846e-166
gaussian,400,2,PLM_MC,123.75,0,1.0022468169692573e-92,1.1069401932620547e-166
gaussian,400,2,PLM_MC,124.25,0,7.6746961744396341e-95,1.1073622274548053e-166
gaussian,400,2,PLM_MC,124.75,0,5.5598841967135248e-97,1.1077444523098636e-166
gaussian,400,2,PLM_MC,125.25,0,3.8105499903840143e-99,1.1080688151081895e-166
gaussian,400,2,PLM_MC,125.75,0,2.4707355778513018e-101,1.1083138811856631e-166
gaussian,400,2,PLM_MC,126.25,0,1.5155870917754581e-103,1.1084527618982826e-166
gaussian,400,2,PLM_MC,126.75,0,8.7953048135211462e-106,1.1084501531654335e-166
gaussian,400,2,PLM_MC,127.25,0,4.8287599568742986e-108,1.1082584359280039e-166
gaussian,400,2,PLM_MC,127.75,0,2.508039822440754e-110,1.1078128667539693e-166
gaussian,400,2,PLM_MC,128.25,0,1.2323858534232878e-112,1.1070259882942134e-166
gaussian,400,2,PLM_MC,128.75,0,5.7289077838712314e-115,1.1057815169639639e-166
gaussian,400,2,PLM_MC,129.25,0,2.5194700779047881e-117,1.1039281167450755e-166
gaussian,400,2,PLM_MC,129.75,0,1.0482339688612536e-119,1.1012736345175064e-166
gaussian,400,2,PLM_MC,130.25,0,4.1258964063751506e-122,1.0975805366278693e-166
gaussian,400,2,PLM_MC,130.75,0,1.5363455249679772e-124,1.0925634225552662e-166
gaussian,400,2,PLM_MC,131.25,0,5.4121447561387576e-127,1.0858895666573392e-166
gaussian,400,2,PLM_MC,131.75,0,1.8036791093263672e-129,1.0771834174847555e-166
gaussian,400,2,PLM_MC,132.25,0,5.6866692041863252e-132,1.0660358342333143e-166
gaussian,400,2,PLM_MC,132.75,0,1.6961526594972429e-134,1.0520185414134806e-166
gaussian,400,2,PLM_MC,133.25,0,4.7860767762647408e-137,1.0347038351109087e-166
gaussian,400,2,PLM_MC,133.75,0,1.2776197474953692e-139,1.0136890021195904e-166
gaussian,400,2,PLM_MC,134.25,0,3.2264897539639332e-142,9.8862426932889693e-167
gaussian,400,2,PLM_MC,134.75,0,7.7084166646794762e-145,9.592424624899652e-167
gaussian,400,2,PLM_MC,135.25,0,1.7422312350615947e-147,9.2538801463905146e-167
gaussian,400,2,PLM_MC,135.75,0,3.7252176024985683e-150,8.8704262147277819e-167
gaussian,400,2,PLM_MC,136.25,0,7.535329658772136e-153,8.4434477626442329e-167
gaussian,400,2,PLM_MC,136.75,0,1.4419730959227927e-155,7.9760068197243402e-167
gaussian,400,2,PLM_MC,137.25,0,2.6104530553256889e-158,7.4728464008027747e-167
gaussian,400,2,PLM_MC,137.75,0,4.4707253843875347e-161,6.9402791015473621e-167
gaussian,400,2,PLM_MC,138.25,0,7.2434093904405302e-164,6.3859612746605265e-167
gaussian,400,2,PLM_MC,138.75,0,1.110223877799716e-166,5.8185652652826698e-167
gaussian,400,2,PLM_MC,139.25,0,1.6098305307890998e-169,5.2473729542639149e-167
gaussian,400,2,PLM_MC,139.75,0,2.2082660613823784e-172,4.6818223353730628e-167
gaussian,400,2,PLM_MC,140.25,0,2.865654733798599e-175,4.1310438689134685e-167
gaussian,400,2,PLM_MC,140.75,0,3.5180106454759892e-178,3.6034242263089409e-167
gaussian,400,2,PLM_MC,141.25,0,4.0857412073436646e-181,3.1062316824134158e-167
gaussian,400,2,PLM_MC,141.75,0,4.4889481261414988e-184,2.6453303446463856e-167
gaussian,400,2,PLM_MC,142.25,0,4.6657123372592864e-187,2.2250006592989523e-167
gaussian,400,2,PLM_MC,142.75,0,4.5876533240074568e-190,1.8478725620794772e-167
gaussian,400,2,PLM_MC,143.25,0,4.2673878181510019e-193,1.514966699047929e-167
gaussian,400,2,PLM_MC,143.75,0,3.7551920776900123e-196,1.2258296628648358e-167
gaussian,400,2,PLM_MC,144.25,0,3.1260819659708616e-199,9.7874217543017878e-168
gaussian,400,2,PLM_MC,144.75,0,2.4618771352528383e-202,7.7097516988421353e-168
gaussian,400,2,PLM_MC,145.25,0,1.8341288841093893e-205,5.990678767491484e-168
gaussian,400,2,PLM_MC,145.75,0,1.2926782639492832e-208,4.5910396690829167e-168
gaussian,400,2,PLM_MC,146.25,0,8.6188203433280492e-212,3.4696589523979005e-168
gaussian,400,2,PLM_MC,146.75,0,5.4362781113090602e-215,2.585529946668653e-168
gaussian,400,2,PLM_MC,147.25,0,3.2437818404201462e-218,1.8995473556563244e-168
gaussian,400,2,PLM_MC,147.75,0,1.8310382879326304e-221,1.3757613384468857e-168
gaussian,400,2,PLM_MC,148.25,0,9.7777452307610052e-225,9.8216993750241869e-169
gaussian,400,2,PLM_MC,148.75,0,4.9394114690073506e-228,6.911016833123724e-169
gaussian,400,2,PLM_MC,149.25,0,2.3605140557182057e-231,4.792619762468432e-169
gaussian,400,2,PLM_MC,149.75,0,1.0671674647092527e-234,3.2752618367953035e-169
gaussian,400,2,PLM_MC,150.25,0,4.5640760406601197e-238,2.2056139881493873e-169
gaussian,400,2,PLM_MC,150.75,0,1.8465760180528026e-241,1.4635030943425143e-169
gaussian,400,2,PLM_MC,151.25,0,7.0676535757225397e-245,9.5677591843310797e-170
gaussian,400,2,PLM_MC,151.75,0,2.5590382982320149e-248,6.1624361636929532e-170
gaussian,400,2,PLM_MC,152.25,0,8.7653954508192737e-252,3.9101601788393724e-170
gaussian,400,2,PLM_MC,152.75,0,2.840267037654652e-255,2.4440600294078746e-170
gaussian,400,2,PLM_MC,153.25,0,8.7064177757326062e-259,1.5048059344883828e-170
gaussian,400,2,PLM_MC,153.75,0,2.524714327289028e-262,9.1259313340465292e-171
gaussian,400,2,PLM_MC,154.25,0,6.9259148259432187e-266,5.4510387939272502e-171
gaussian,400,2,PLM_MC,154.75,0,1.7973553963570837e-269,3.2067450509492977e-171
gaussian,400,2,PLM_MC,155.25,0,4.4124768654730575e-273,1.8578501637102558e-171
gaussian,400,2,PLM_MC,155.75,0,1.0247604389836399e-276,1.0599764869833571e-171
gaussian,400,2,PLM_MC,156.25,0,2.2514041032861653e-280,5.9552414980349404e-172
gaussian,400,2,PLM_MC,156.75,0,4.6792421069904345e-284,3.2945677609599762e-172
gaussian,400,2,PLM_MC,157.25,0,9.2000102867270423e-288,1.7946166315240348e-172
gaussian,400,2,PLM_MC,157.75,0,1.7111639375053288e-291,9.624922230506543e-173
gaussian,400,2,PLM_MC,158.25,0,3.0108229277994623e-295,5.0822143795849478e-173
gaussian,400,2,PLM_MC,158.75,0,5.0115132566242844e-299,2.641901291082576e-173
gaussian,400,2,PLM_MC,159.25,0,7.8911884176621055e-303,1.3519647346203586e-173
gaussian,400,2,PLM_MC,159.75,0,1.1754538816431203e-306,6.8104567449042135e-174
gaussian,400,2,PLM_MC,160.25,0,1.6563733026719762e-310,3.3769583548091423e-174
gaussian,400,2,PLM_MC,160.75,0,2.2080052079334144e-314,1.6481235441094272e-174
gaussian,400,2,PLM_MC,161.25,0,2.7843810569852211e-318,7.9166943973141237e-175
gaussian,400,2,PLM_MC,161.75,0,3.4090529563046012e-322,3.7425097374858639e-175
gaussian,400,2,PLM_MC,162.25,0,0,1.7410898966671951e-175
gaussian,400,2,PLM_MC,162.75,0,0,7.9706224210939932e-176
gaussian,400,2,PLM_MC,163.25,0,0,3.5904504554089582e-176
gaussian,400,2,PLM_MC,163.75,0,0,1.5913416324158697e-176
gaussian,400,2,PLM_MC,164.25,0,0,6.9391620389427036e-177
gaussian,400,2,PLM_MC,164.75,0,0,2.9768040815942847e-177
gaussian,400,2,PLM_MC,165.25,0,0,1.2562113918637072e-177
gaussian,400,2,PLM_MC,165.75,0,0,5.2145060696169625e-178
gaussian,400,2,PLM_MC,166.25,0,0,2.1289691976962991e-178
gaussian,400,2,PLM_MC,166.75,0,0,8.5486614697387005e-179
gaussian,400,2,PLM_MC,167.25,0,0,3.3757102671369422e-179
gaussian,400,2,PLM_MC,167.75,0,0,1.3107963175301872e-179
gaussian,400,2,PLM_MC,168.25,0,0,5.0046286256491902e-180
gaussian,400,2,PLM_MC,168.75,0,0,1.8786139336083757e-180
gaussian,400,2,PLM_MC,169.25,0,0,6.9325581224699403e-181
gaussian,400,2,PLM_MC,169.75,0,0,2.5147789734968011e-181
gaussian,400,2,PLM_MC,170.25,0,0,8.966339731461345e-182
gaussian,400,2,PLM_MC,170.75,0,0,3.1419339702680975e-182
gaussian,400,2,PLM_MC,171.25,0,0,1.0819357419362866e-182
gaussian,400,2,PLM_MC,171.75,0,0,3.6608595821819012e-183
gaussian,400,2,PLM_MC,172.25,0,0,1.2170124843967014e-183
gaussian,400,2,PLM_MC,172.75,0,0,3.9745595079897932e-184
gaussian,400,2,PLM_MC,173.25,0,0,1.2750143012047513e-184
gaussian,400,2,PLM_MC,173.75,0,0,4.0171831450550111e-185
gaussian,400,2,PLM_MC,174.25,0,0,1.2429552153691279e-185
gaussian,400,2,PLM_MC,174.75,0,0,3.776257490141898e-186
gaussian,400,2,PLM_MC,175.25,0,0,1.1263754233961906e-186
gaussian,400,2,PLM_MC,175.75,0,0,3.298082166771327e-187
gaussian,400,2,PLM_MC,176.25,0,0,9.4784178313419622e-188
gaussian,400,2,PLM_MC,176.75,0,0,2.6732747870685495e-188
gaussian,400,2,PLM_MC,177.25,0,0,7.3980952805678304e-189
gaussian,400,2,PLM_MC,177.75,0,0,2.0086200810698613e-189
gaussian,400,2,PLM_MC,178.25,0,0,5.3494355313484815e-190
gaussian,400,2,PLM_MC,178.75,0,0,1.3972648593851302e-190
gaussian,400,2,PLM_MC,179.25,0,0,3.5787883123825425e-191
gaussian,400,2,PLM_MC,179.75,0,0,8.9867586799580726e-192
gaussian,400,2,PLM_MC,180.25,0,0,2.2120786600164943e-192
gaussian,400,2,PLM_MC,180.75,0,0,5.3363744370359023e-193
gaussian,400,2,PLM_MC,181.25,0,0,1.2614068232698327e-193
gaussian,400,2,PLM_MC,181.75,0,0,2.9210505467029959e-194
gaussian,400,2,PLM_MC,182.25,0,0,6.6253170436817616e-195
gaussian,400,2,PLM_MC,182.75,0,0,1.4715103119786537e-195
gaussian,400,2,PLM_MC,183.25,0,0,3.1997119028744891e-196
gaussian,400,2,PLM_MC,183.75,0,0,6.8100075193663347e-197
gaussian,400,2,PLM_MC,184.25,0,0,1.4182991941212039e-197
gaussian,400,2,PLM_MC,184.75,0,0,2.8897619200165422e-198
gaussian,400,2,PLM_MC,185.25,0,0,5.7585931693875126e-199
gaussian,400,2,PLM_MC,185.75,0,0,1.1220510524005657e-199
gaussian,400,2,PLM_MC,186.25,0,0,2.1371146894270811e-200
gaussian,400,2,PLM_MC,186.75,0,0,3.9777203027985311e-201
gaussian,400,2,PLM_MC,187.25,0,0,7.2326741787109874e-202
gaussian,400,2,PLM_MC,187.75,0,0,1.2843500515251214e-202
gaussian,400,2,PLM_MC,188.25,0,0,2.2266072088024271e-203
gaussian,400,2,PLM_MC,188.75,0,0,3.7672919879490022e-204
gaussian,400,2,PLM_MC,189.25,0,0,6.2184730699832411e-205
gaussian,400,2,PLM_MC,189.75,0,0,1.0010218524127794e-205
gaussian,400,2,PLM_MC,190.25,0,0,1.5708617707238678e-206
gaussian,400,2,PLM_MC,190.75,0,0,2.402086267159255e-207
gaussian,400,2,PLM_MC,191.25,0,0,3.5777408711778505e-208
gaussian,400,2,PLM_MC,191.75,0,0,5.1880427855452607e-209
gaussian,400,2,PLM_MC,192.25,0,0,7.3209603038378292e-210
gaussian,400,2,PLM_MC,192.75,0,0,1.004819208882402e-210
gaussian,400,2,PLM_MC,193.25,0,0,1.340720072249058e-211
gaussian,400,2,PLM_MC,193.75,0,0,1.738129648632691e-212
gaussian,400,2,PLM_MC,194.25,0,0,2.1881216773013049e-213
gaussian,400,2,PLM_MC,194.75,0,0,2.6732788972728609e-214
gaussian,400,2,PLM_MC,195.25,0,0,3.167558913003976e-215
gaussian,400,2,PLM_MC,195.75,0,0,3.6376561317393113e-216
gaussian,400,2,PLM_MC,196.25,0,0,4.0460149804898777e-217
gaussian,400,2,PLM_MC,196.75,0,0,4.3552867166307009e-218
gaussian,400,2,PLM_MC,197.25,0,0,4.5336139869709939e-219
gaussian,400,2,PLM_MC,197.75,0,0,4.5597897347704684e-220
gaussian,400,2,PLM_MC,198.25,0,0,4.4271931313747548e-221
gaussian,400,2,PLM_MC,198.75,0,0,4.1455400999557416e-222
gaussian,400,2,PLM_MC,199.25,0,0,3.7399058874234893e-223
gaussian,400,2,PLM_MC,199.75,0,0,3.2470913004553074e-224
top_hat,200,0.10000000000000001,upwind,0.5,0,0,0
top_hat,200,0.10000000000000001,upwind,1.5,0,0,0
top_hat,200,0.10000000000000001,upwind,2.5,0,0,0
top_hat,200,0.10000000000000001,upwind,3.5,0,0,0
top_hat,200,0.10000000000000001,upwind,4.5,0,0,0
top_hat,200,0.10000000000000001,upwind,5.5,0,0,0
top_hat,200,0.10000000000000001,upwind,6.5,0,0,0
top_hat,200,0.10000000000000001,upwind,7.5,0,0,0
top_hat,200,0.10000000000000001,upwind,8.5,0,0,0
top_hat,200,0.10000000000000001,upwind,9.5,0,0,0
top_hat,200,0.10000000000000001,upwind,10.5,0,0,0
top_hat,200,0.10000000000000001,upwind,11.5,0,0,0
top_hat,200,0.10000000000000001,upwind,12.5,0,0,0
top_hat,200,0.10000000000000001,upwind,13.5,0,0,0
top_hat,200,0.10000000000000001,upwind,14.5,0,0,0
top_hat,200,0.10000000000000001,upwind,15.5,0,0,0
top_hat,200,0.10000000000000001,upwind,16.5,0,0,0
top_hat,200,0.10000000000000001,upwind,17.5,0,0,0
top_hat,200,0.10000000000000001,upwind,18.5,0,0,0
top_hat,200,0.10000000000000001,upwind,19.5,0,0,0
top_hat,200,0.10000000000000001,upwind,20.5,0,0,0
top_hat,200,0.10000000000000001,upwind,21.5,0,0,0
top_hat,200,0.10000000000000001,upwind,22.5,0,0,0
top_hat,200,0.10000000000000001,upwind,23.5,0,0,0
top_hat,200,0.10000000000000001,upwind,24.5,0,0,0
top_hat,200,0.10000000000000001,upwind,25.5,1,0,1.4995915609980021e-22
top_hat,200,0.10000000000000001,upwind,26.5,1,0,7.7236539086149743e-21
top_hat,200,0.10000000000000001,upwind,27.5,1,0,1.9894032091783616e-19
top_hat,200,0.10000000000000001,upwind,28.5,1,0,3.4167884748302477e-18
top_hat,200,0.10000000000000001,upwind,29.5,1,0,4.4021806720035153e-17
top_hat,200,0.10000000000000001,upwind,30.5,1,0,4.538453848069902e-16
top_hat,200,0.10000000000000001,upwind,31.5,1,0,3.9000891096291131e-15
top_hat,200,0.10000000000000001,upwind,32.5,1,0,2.8734924840886943e-14
top_hat,200,0.10000000000000001,upwind,33.5,1,0,1.8530100414160689e-13
top_hat,200,0.10000000000000001,upwind,34.5,1,0,1.0624927750385696e-12
top_hat,200,0.10000000000000001,upwind,35.5,0,0,5.4847797734206762e-12
top_hat,200,0.10000000000000001,upwind,36.5,0,0,2.5748519088780878e-11
top_hat,200,0.10000000000000001,upwind,37.5,0,0,1.1084598984210742e-10
top_hat,200,0.10000000000000001,upwind,38.5,0,0,4.4065654223527802e-10
top_hat,200,0.10000000000000001,upwind,39.5,0,0,1.6273558095899651e-09
top_hat,200,0.10000000000000001,upwind,40.5,0,0,5.6117882277038193e-09
top_hat,200,0.10000000000000001,upwind,41.5,0,0,1.8151177235543489e-08
top_hat,200,0.10000000000000001,upwind,42.5,0,0,5.5285039501807985e-08
top_hat,200,0.10000000000000001,upwind,43.5,0,0,1.5912223390362035e-07
top_hat,200,0.10000000000000001,upwind,44.5,0,0,4.3414404811112417e-07
top_hat,200,0.10000000000000001,upwind,45.5,0,0,1.1260022651472516e-06
top_hat,200,0.10000000000000001,upwind,46.5,0,0,2.7832575876653462e-06
top_hat,200,0.10000000000000001,upwind,47.5,0,0,6.5717744846735857e-06
top_hat,200,0.10000000000000001,upwind,48.5,0,0,1.4854123957612645e-05
top_hat,200,0.10000000000000001,upwind,49.5,0,0,3.220264045441288e-05
top_hat,200,0.10000000000000001,upwind,50.5,0,0,6.7080321922123983e-05
top_hat,200,0.10000000000000001,upwind,51.5,0,0,0.00013448669778032331
top_hat,200,0.10000000000000001,upwind,52.5,0,0,0.00025990473952238456
top_hat,200,0.10000000000000001,upwind,53.5,0,0,0.00048486893550612911
top_hat,200,0.10000000000000001,upwind,54.5,0,0,0.0008743669054097164
top_hat,200,0.10000000000000001,upwind,55.500000000000007,0,0,0.0015260526677500776
top_hat,200,0.10000000000000001,upwind,56.5,0,0,0.0025808687698597962
top_hat,200,0.10000000000000001,upwind,57.499999999999993,0,0,0.0042341559929194176
top_hat,200,0.10000000000000001,upwind,58.5,0,0,0.0067457241550405306
top_hat,200,0.10000000000000001,upwind,59.5,0,0,0.010446763973311037
top_hat,200,0.10000000000000001,upwind,60.5,0,0,0.015741037390701467
top_hat,200,0.10000000000000001,upwind,61.5,0,0,0.023097651861685255
top_hat,200,0.10000000000000001,upwind,62.5,0,0,0.033033048918998442
top_hat,200,0.10000000000000001,upwind,63.5,0,0,0.046080710718755954
top_hat,200,0.10000000000000001,upwind,64.5,0,0,0.062748509710570083
top_hat,200,0.10000000000000001,upwind,65.5,0,0,0.083465479210502902
top_hat,200,0.10000000000000001,upwind,66.5,0,0,0.10852183208054424
top_hat,200,0.10000000000000001,upwind,67.5,0,0,0.13800797543839768
top_hat,200,0.10000000000000001,upwind,68.5,0,0,0.17175969629275453
top_hat,200,0.10000000000000001,upwind,69.5,0,0,0.20931728952975667
top_hat,200,0.10000000000000001,upwind,70.5,0,0,0.24990592806060027
top_hat,200,0.10000000000000001,upwind,71.5,0,0,0.29244295470028503
top_hat,200,0.10000000000000001,upwind,72.5,0,0,0.33557511587125505
top_hat,200,0.10000000000000001,upwind,73.5,0,0,0.37774535644842783
top_hat,200,0.10000000000000001,upwind,74.5,0,0,0.41728510243384587
top_hat,200,0.10000000000000001,upwind,75.5,0,1,0.45252450708037073
top_hat,200,0.10000000000000001,upwind,76.5,0,1,0.48191045707914076
top_hat,200,0.10000000000000001,upwind,77.5,0,1,0.50412066517750098
top_hat,200,0.10000000000000001,upwind,78.5,0,1,0.51816217870905246
top_hat,200,0.10000000000000001,upwind,79.5,0,1,0.52344415192131355
top_hat,200,0.10000000000000001,upwind,80.5,0,1,0.51981757047085719
top_hat,200,0.10000000000000001,upwind,81.5,0,1,0.50757837988025323
top_hat,200,0.10000000000000001,upwind,82.5,0,1,0.48743461731600013
top_hat,200,0.10000000000000001,upwind,83.5,0,1,0.46044209046206325
top_hat,200,0.10000000000000001,upwind,84.5,0,1,0.42791635134095579
top_hat,200,0.10000000000000001,upwind,85.5,0,0,0.39133077652095327
top_hat,200,0.10000000000000001,upwind,86.5,0,0,0.35221128395387807
top_hat,200,0.10000000000000001,upwind,87.5,0,0,0.31203760285910703
top_hat,200,0.10000000000000001,upwind,88.5,0,0,0.27215927579580229
top_hat,200,0.10000000000000001,upwind,89.5,0,0,0.23373206494118889
top_hat,200,0.10000000000000001,upwind,90.5,0,0,0.19767758283083614
top_hat,200,0.10000000000000001,upwind,91.5,0,0,0.16466619132835819
top_hat,200,0.10000000000000001,upwind,92.5,0,0,0.13512086000032539
top_hat,200,0.10000000000000001,upwind,93.5,0,0,0.10923797956801003
top_hat,200,0.10000000000000001,upwind,94.5,0,0,0.087020188060474388
top_hat,200,0.10000000000000001,upwind,95.5,0,0,0.068316062390334928
top_hat,200,0.10000000000000001,upwind,96.5,0,0,0.052861934894824894
top_hat,200,0.10000000000000001,upwind,97.5,0,0,0.040321932652008577
top_hat,200,0.10000000000000001,upwind,98.5,0,0,0.030323407801194701
top_hat,200,0.10000000000000001,upwind,99.5,0,0,0.022486045367867566
top_hat,200,0.10000000000000001,upwind,100.5,0,0,0.016443955462073293
top_hat,200,0.10000000000000001,upwind,101.5,0,0,0.011860883526921915
top_hat,200,0.10000000000000001,upwind,102.5,0,0,0.0084392606350782596
top_hat,200,0.10000000000000001,upwind,103.5,0,0,0.0059241640040972642
top_hat,200,0.10000000000000001,upwind,104.5,0,0,0.0041033954685262084
top_hat,200,0.10000000000000001,upwind,105.5,0,0,0.0028048600385464132
top_hat,200,0.10000000000000001,upwind,106.5,0,0,0.0018922912082188811
top_hat,200,0.10000000000000001,upwind,107.5,0,0,0.0012601744131383514
top_hat,200,0.10000000000000001,upwind,108.5,0,0,0.000828506064871912
top_hat,200,0.10000000000000001,upwind,109.50000000000001,0,0,0.00053782250817173817
top_hat,200,0.10000000000000001,upwind,110.50000000000001,0,0,0.00034475917630941491
top_hat,200,0.10000000000000001,upwind,111.50000000000001,0,0,0.0002182634498250668
top_hat,200,0.10000000000000001,upwind,112.5,0,0,0.00013648616972451009
top_hat,200,0.10000000000000001,upwind,113.49999999999999,0,0,8.4312550413976036e-05
top_hat,200,0.10000000000000001,upwind,114.49999999999999,0,0,5.1457017495924616e-05
top_hat,200,0.10000000000000001,upwind,115.49999999999999,0,0,3.1031158571161201e-05
top_hat,200,0.10000000000000001,upwind,116.5,0,0,1.8492851778794668e-05
top_hat,200,0.10000000000000001,upwind,117.5,0,0,1.0892138263936655e-05
top_hat,200,0.10000000000000001,upwind,118.5,0,0,6.3412651569958312e-06
top_hat,200,0.10000000000000001,upwind,119.5,0,0,3.6495696043938043e-06
top_hat,200,0.10000000000000001,upwind,120.5,0,0,2.0766299814530118e-06
top_hat,200,0.10000000000000001,upwind,121.5,0,0,1.1683592010637299e-06
top_hat,200,0.10000000000000001,upwind,122.5,0,0,6.5004108124142056e-07
top_hat,200,0.10000000000000001,upwind,123.5,0,0,3.5768361655575346e-07
top_hat,200,0.10000000000000001,upwind,124.5,0,0,1.9466912849119218e-07
top_hat,200,0.10000000000000001,upwind,125.5,0,0,1.048045627942466e-07
top_hat,200,0.10000000000000001,upwind,126.5,0,0,5.5820401371576723e-08
top_hat,200,0.10000000000000001,upwind,127.5,0,0,2.9415706503592195e-08
top_hat,200,0.10000000000000001,upwind,128.5,0,0,1.5338482896214439e-08
top_hat,200,0.10000000000000001,upwind,129.5,0,0,7.9148899848186894e-09
top_hat,200,0.10000000000000001,upwind,130.5,0,0,4.0421144822306566e-09
top_hat,200,0.10000000000000001,upwind,131.5,0,0,2.0432185830959697e-09
top_hat,200,0.10000000000000001,upwind,132.5,0,0,1.0223606838244655e-09
top_hat,200,0.10000000000000001,upwind,133.5,0,0,5.0642658770944846e-10
top_hat,200,0.10000000000000001,upwind,134.5,0,0,2.483654813202496e-10
top_hat,200,0.10000000000000001,upwind,135.5,0,0,1.2060548627212604e-10
top_hat,200,0.10000000000000001,upwind,136.5,0,0,5.7993869144427256e-11
top_hat,200,0.10000000000000001,upwind,137.5,0,0,2.7616828212422933e-11
top_hat,200,0.10000000000000001,upwind,138.5,0,0,1.3025041573055023e-11
top_hat,200,0.10000000000000001,upwind,139.5,0,0,6.0846328053153363e-12
top_hat,200,0.10000000000000001,upwind,140.5,0,0,2.8156283457536498e-12
top_hat,200,0.10000000000000001,upwind,141.5,0,0,1.2907352800357028e-12
top_hat,200,0.10000000000000001,upwind,142.5,0,0,5.8621183354429653e-13
top_hat,200,0.10000000000000001,upwind,143.5,0,0,2.6379201083180741e-13
top_hat,200,0.10000000000000001,upwind,144.5,0,0,1.1762291319961885e-13
top_hat,200,0.10000000000000001,upwind,145.5,0,0,5.1973087568171909e-14
top_hat,200,0.10000000000000001,upwind,146.5,0,0,2.2759040224012498e-14
top_hat,200,0.10000000000000001,upwind,147.5,0,0,9.8775731122549395e-15
top_hat,200,0.10000000000000001,upwind,148.5,0,0,4.2491200245910678e-15
top_hat,200,0.10000000000000001,upwind,149.5,0,0,1.8118875896180465e-15
top_hat,200,0.10000000000000001,upwind,150.5,0,0,7.6590975986963235e-16
top_hat,200,0.10000000000000001,upwind,151.5,0,0,3.2097277015424115e-16
top_hat,200,0.10000000000000001,upwind,152.5,0,0,1.3336218018271361e-16
top_hat,200,0.10000000000000001,upwind,153.5,0,0,5.4941475920399201e-17
top_hat,200,0.10000000000000001,upwind,154.5,0,0,2.2443980766170011e-17
top_hat,200,0.10000000000000001,upwind,155.5,0,0,9.0920066931696438e-18
top_hat,200,0.10000000000000001,upwind,156.5,0,0,3.6526481514539612e-18
top_hat,200,0.10000000000000001,upwind,157.5,0,0,1.4553642279661715e-18
top_hat,200,0.10000000000000001,upwind,158.5,0,0,5.7514644379208456e-19
top_hat,200,0.10000000000000001,upwind,159.5,0,0,2.2545236511068198e-19
top_hat,200,0.10000000000000001,upwind,160.5,0,0,8.7665175109012865e-20
top_hat,200,0.10000000000000001,upwind,161.5,0,0,3.3815928978159173e-20
top_hat,200,0.10000000000000001,upwind,162.5,0,0,1.2940856839847473e-20
top_hat,200,0.10000000000000001,upwind,163.5,0,0,4.9133471636245021e-21
top_hat,200,0.10000000000000001,upwind,164.5,0,0,1.8509276155870766e-21
top_hat,200,0.10000000000000001,upwind,165.5,0,0,6.9186838941221396e-22
top_hat,200,0.10000000000000001,upwind,166.5,0,0,2.5662784141507938e-22
top_hat,200,0.10000000000000001,upwind,167.5,0,0,9.4461339962365404e-23
top_hat,200,0.10000000000000001,upwind,168.5,0,0,3.4506266254923237e-23
top_hat,200,0.10000000000000001,upwind,169.5,0,0,1.2510035273259668e-23
top_hat,200,0.10000000000000001,upwind,170.5,0,0,4.501514355019227e-24
top_hat,200,0.10000000000000001,upwind,171.5,0,0,1.6077584957136011e-24
top_hat,200,0.10000000000000001,upwind,172.5,0,0,5.6999005257244606e-25
top_hat,200,0.10000000000000001,upwind,173.5,0,0,2.0059492841464494e-25
top_hat,200,0.10000000000000001,upwind,174.5,0,0,7.0081026303185167e-26
top_hat,200,0.10000000000000001,upwind,175.5,0,0,2.4306930726607091e-26
top_hat,200,0.10000000000000001,upwind,176.5,0,0,8.3700876731433407e-27
top_hat,200,0.10000000000000001,upwind,177.5,0,0,2.8616787161811345e-27
top_hat,200,0.10000000000000001,upwind,178.5,0,0,9.7145618348476979e-28
top_hat,200,0.10000000000000001,upwind,179.5,0,0,3.2745925027176119e-28
top_hat,200,0.10000000000000001,upwind,180.5,0,0,1.0960818172208114e-28
top_hat,200,0.10000000000000001,upwind,181.5,0,0,3.6433429176583253e-29
top_hat,200,0.10000000000000001,upwind,182.5,0,0,1.2026740489642573e-29
top_hat,200,0.10000000000000001,upwind,183.5,0,0,3.9428099339675502e-30
top_hat,200,0.10000000000000001,upwind,184.5,0,0,1.283786217624029e-30
top_hat,200,0.10000000000000001,upwind,185.5,0,0,4.1517123170224657e-31
top_hat,200,0.10000000000000001,upwind,186.5,0,0,1.3336072523325559e-31
top_hat,200,0.10000000000000001,upwind,187.5,0,0,4.2551320374581336e-32
top_hat,200,0.10000000000000001,upwind,188.5,0,0,1.3486540009683506e-32
top_hat,200,0.10000000000000001,upwind,189.5,0,0,4.2462763348339854e-33
top_hat,200,0.10000000000000001,upwind,190.5,0,0,1.3281702178348112e-33
top_hat,200,0.10000000000000001,upwind,191.5,0,0,4.1271889706895423e-34
top_hat,200,0.10000000000000001,upwind,192.5,0,0,1.274169624157234e-34
top_hat,200,0.10000000000000001,upwind,193.5,0,0,3.9083131403038642e-35
top_hat,200,0.10000000000000001,upwind,194.5,0,0,1.1911251688955443e-35
top_hat,200,0.10000000000000001,upwind,195.5,0,0,3.6070147936343481e-36
top_hat,200,0.10000000000000001,upwind,196.5,0,0,1.0853685946254453e-36
top_hat,200,0.10000000000000001,upwind,197.5,0,0,3.2453498598007172e-37
top_hat,200,0.10000000000000001,upwind,198.5,0,0,9.6431002975488326e-38
top_hat,200,0.10000000000000001,upwind,199.5,0,0,2.8474656640579597e-38
top_hat,200,0.10000000000000001,TVD_vanLeer,0.5,0,0,0
top_hat,200,0.10000000000000001,TVD_vanLeer,1.5,0,0,0
top_hat,200,0.10000000000000001,TVD_vanLeer,2.5,0,0,0
top_hat,200,0.10000000000000001,TVD_vanLeer,3.5,0,0,0
top_hat,200,0.10000000000000001,TVD_vanLeer,4.5,0,0,0
top_hat,200,0.10000000000000001,TVD_vanLeer,5.5,0,0,0
top_hat,200,0.10000000000000001,TVD_vanLeer,6.5,0,0,0
top_hat,200,0.10000000000000001,TVD_vanLeer,7.5,0,0,0
top_hat,200,0.10000000000000001,TVD_vanLeer,8.5,0,0,0
top_hat,200,0.10000000000000001,TVD_vanLeer,9.5,0,0,0
top_hat,200,0.10000000000000001,TVD_vanLeer,10.5,0,0,0
top_hat,200,0.10000000000000001,TVD_vanLeer,11.5,0,0,0
top_hat,200,0.10000000000000001,TVD_vanLeer,12.5,0,0,0
top_hat,200,0.10000000000000001,TVD_vanLeer,13.5,0,0,0
top_hat,200,0.10000000000000001,TVD_vanLeer,14.5,0,0,0
top_hat,200,0.10000000000000001,TVD_vanLeer,15.5,0,0,0
top_hat,200,0.10000000000000001,TVD_vanLeer,16.5,0,0,0
top_hat,200,0.10000000000000001,TVD_vanLeer,17.5,0,0,0
top_hat,200,0.10000000000000001,TVD_vanLeer,18.5,0,0,0
top_hat,200,0.10000000000000001,TVD_vanLeer,19.5,0,0,0
top_hat,200,0.10000000000000001,TVD_vanLeer,20.5,0,0,0
top_hat,200,0.10000000000000001,TVD_vanLeer,21.5,0,0,0
top_hat,200,0.10000000000000001,TVD_vanLeer,22.5,0,0,0
top_hat,200,0.10000000000000001,TVD_vanLeer,23.5,0,0,0
top_hat,200,0.10000000000000001,TVD_vanLeer,24.5,0,0,0
top_hat,200,0.10000000000000001,TVD_vanLeer,25.5,1,0,3.2899343556418965e-29
top_hat,200,0.10000000000000001,TVD_vanLeer,26.5,1,0,1.4574196764701263e-27
top_hat,200,0.10000000000000001,TVD_vanLeer,27.5,1,0,3.2306260007787389e-26
top_hat,200,0.10000000000000001,TVD_vanLeer,28.5,1,0,4.7776757713910726e-25
top_hat,200,0.10000000000000001,TVD_vanLeer,29.5,1,0,5.3028814944669524e-24
top_hat,200,0.10000000000000001,TVD_vanLeer,30.5,1,0,4.7117937524151266e-23
top_hat,200,0.10000000000000001,TVD_vanLeer,31.5,1,0,3.4910332386367562e-22
top_hat,200,0.10000000000000001,TVD_vanLeer,32.5,1,0,2.2183774141546807e-21
top_hat,200,0.10000000000000001,TVD_vanLeer,33.5,1,0,1.2341611745842659e-20
top_hat,200,0.10000000000000001,TVD_vanLeer,34.5,1,0,6.1064630142445517e-20
top_hat,200,0.10000000000000001,TVD_vanLeer,35.5,0,0,2.7206441509130181e-19
top_hat,200,0.10000000000000001,TVD_vanLeer,36.5,0,0,1.1024820736001642e-18
top_hat,200,0.10000000000000001,TVD_vanLeer,37.5,0,0,4.0971708768244506e-18
top_hat,200,0.10000000000000001,TVD_vanLeer,38.5,0,0,1.4061477334770196e-17
top_hat,200,0.10000000000000001,TVD_vanLeer,39.5,0,0,4.4832646215794983e-17
top_hat,200,0.10000000000000001,TVD_vanLeer,40.5,0,0,1.3348180122266441e-16
top_hat,200,0.10000000000000001,TVD_vanLeer,41.5,0,0,3.7283827619888524e-16
top_hat,200,0.10000000000000001,TVD_vanLeer,42.5,0,0,9.8119174150585299e-16
top_hat,200,0.10000000000000001,TVD_vanLeer,43.5,0,0,2.443257801773169e-15
top_hat,200,0.10000000000000001,TVD_vanLeer,44.5,0,0,5.7833064252639926e-15
top_hat,200,0.10000000000000001,TVD_vanLeer,45.5,0,0,1.3086668563619932e-14
top_hat,200,0.10000000000000001,TVD_vanLeer,46.5,0,0,2.8531650360430042e-14
top_hat,200,0.10000000000000001,TVD_vanLeer,47.5,0,0,6.0689587756617064e-14
top_hat,200,0.10000000000000001,TVD_vanLeer,48.5,0,0,1.2926417201387969e-13
top_hat,200,0.10000000000000001,TVD_vanLeer,49.5,0,0,2.9865265476218962e-13
top_hat,200,0.10000000000000001,TVD_vanLeer,50.5,0,0,9.082039675116694e-13
top_hat,200,0.10000000000000001,TVD_vanLeer,51.5,0,0,3.9005532820587969e-12
top_hat,200,0.10000000000000001,TVD_vanLeer,52.5,0,0,1.9430893351808755e-11
top_hat,200,0.10000000000000001,TVD_vanLeer,53.5,0,0,9.7155418916882969e-11
top_hat,200,0.10000000000000001,TVD_vanLeer,54.5,0,0,4.6671023929589887e-10
top_hat,200,0.10000000000000001,TVD_vanLeer,55.500000000000007,0,0,2.1336953759404708e-09
top_hat,200,0.10000000000000001,TVD_vanLeer,56.5,0,0,9.2691391882758595e-09
top_hat,200,0.10000000000000001,TVD_vanLeer,57.499999999999993,0,0,3.8261556519002312e-08
top_hat,200,0.10000000000000001,TVD_vanLeer,58.5,0,0,1.5010578809030664e-07
top_hat,200,0.10000000000000001,TVD_vanLeer,59.5,0,0,5.5978586293698624e-07
top_hat,200,0.10000000000000001,TVD_vanLeer,60.5,0,0,1.9845952195870956e-06
top_hat,200,0.10000000000000001,TVD_vanLeer,61.5,0,0,6.6885907205724071e-06
top_hat,200,0.10000000000000001,TVD_vanLeer,62.5,0,0,2.1426206823640382e-05
top_hat,200,0.10000000000000001,TVD_vanLeer,63.5,0,0,6.5220555409918255e-05
top_hat,200,0.10000000000000001,TVD_vanLeer,64.5,0,0,0.00018857080965083763
top_hat,200,0.10000000000000001,TVD_vanLeer,65.5,0,0,0.00051757699977309098
top_hat,200,0.10000000000000001,TVD_vanLeer,66.5,0,0,0.0013476541855160812
top_hat,200,0.10000000000000001,TVD_vanLeer,67.5,0,0,0.0033258672575362919
top_hat,200,0.10000000000000001,TVD_vanLeer,68.5,0,0,0.0077713528188086255
top_hat,200,0.10000000000000001,TVD_vanLeer,69.5,0,0,0.017171727971991714
top_hat,200,0.10000000000000001,TVD_vanLeer,70.5,0,0,0.035828844166019218
top_hat,200,0.10000000000000001,TVD_vanLeer,71.5,0,0,0.070475972658410838
top_hat,200,0.10000000000000001,TVD_vanLeer,72.5,0,0,0.13044225004980073
top_hat,200,0.10000000000000001,TVD_vanLeer,73.5,0,0,0.22662970103319563
top_hat,200,0.10000000000000001,TVD_vanLeer,74.5,0,0,0.36810089580117056
top_hat,200,0.10000000000000001,TVD_vanLeer,75.5,0,1,0.55371898072038972
top_hat,200,0.10000000000000001,TVD_vanLeer,76.5,0,1,0.75443242701378344
top_hat,200,0.10000000000000001,TVD_vanLeer,77.5,0,1,0.90011433247610118
top_hat,200,0.10000000000000001,TVD_vanLeer,78.5,0,1,0.94627693793743395
top_hat,200,0.10000000000000001,TVD_vanLeer,79.5,0,1,0.94796626610251888
top_hat,200,0.10000000000000001,TVD_vanLeer,80.5,0,1,0.94288557835785713
top_hat,200,0.10000000000000001,TVD_vanLeer,81.5,0,1,0.92242821154303611
top_hat,200,0.10000000000000001,TVD_vanLeer,82.5,0,1,0.87405753620830351
top_hat,200,0.10000000000000001,TVD_vanLeer,83.5,0,1,0.78548184008290345
top_hat,200,0.10000000000000001,TVD_vanLeer,84.5,0,1,0.64895609212213956
top_hat,200,0.10000000000000001,TVD_vanLeer,85.5,0,0,0.46822378540861559
top_hat,200,0.10000000000000001,TVD_vanLeer,86.5,0,0,0.26876757564761783
top_hat,200,0.10000000000000001,TVD_vanLeer,87.5,0,0,0.10338967257502818
top_hat,200,0.10000000000000001,TVD_vanLeer,88.5,0,0,0.02005067736917341
top_hat,200,0.10000000000000001,TVD_vanLeer,89.5,0,0,0.001333568592935894
top_hat,200,0.10000000000000001,TVD_vanLeer,90.5,0,0,1.9978322912288493e-05
top_hat,200,0.10000000000000001,TVD_vanLeer,91.5,0,0,4.5658437125364285e-08
top_hat,200,0.10000000000000001,TVD_vanLeer,92.5,0,0,1.2147004594187425e-11
top_hat,200,0.10000000000000001,TVD_vanLeer,93.5,0,0,8.8046552175998395e-13
top_hat,200,0.10000000000000001,TVD_vanLeer,94.5,0,0,7.1401018593038825e-13
top_hat,200,0.10000000000000001,TVD_vanLeer,95.5,0,0,5.6521357307039505e-13
top_hat,200,0.10000000000000001,TVD_vanLeer,96.5,0,0,4.4379184713721618e-13
top_hat,200,0.10000000000000001,TVD_vanLeer,97.5,0,0,3.4432311445611788e-13
top_hat,200,0.10000000000000001,TVD_vanLeer,98.5,0,0,2.6384748635899552e-13
top_hat,200,0.10000000000000001,TVD_vanLeer,99.5,0,0,1.9969167445547932e-13
top_hat,200,0.10000000000000001,TVD_vanLeer,100.5,0,0,1.4926713105072433e-13
top_hat,200,0.10000000000000001,TVD_vanLeer,101.5,0,0,1.1018672261368331e-13
top_hat,200,0.10000000000000001,TVD_vanLeer,102.5,0,0,8.0320562070706365e-14
top_hat,200,0.10000000000000001,TVD_vanLeer,103.5,0,0,5.7815125416431809e-14
top_hat,200,0.10000000000000001,TVD_vanLeer,104.5,0,0,4.1093332403730199e-14
top_hat,200,0.10000000000000001,TVD_vanLeer,105.5,0,0,2.8841973519662612e-14
top_hat,200,0.10000000000000001,TVD_vanLeer,106.5,0,0,1.9990273433801743e-14
top_hat,200,0.10000000000000001,TVD_vanLeer,107.5,0,0,1.3682783652060546e-14
top_hat,200,0.10000000000000001,TVD_vanLeer,108.5,0,0,9.2494846128296832e-15
top_hat,200,0.10000000000000001,TVD_vanLeer,109.50000000000001,0,0,6.1755511143920475e-15
top_hat,200,0.10000000000000001,TVD_vanLeer,110.50000000000001,0,0,4.0726630217224293e-15
top_hat,200,0.10000000000000001,TVD_vanLeer,111.50000000000001,0,0,2.6531182818367742e-15
top_hat,200,0.10000000000000001,TVD_vanLeer,112.5,0,0,1.7074269728444425e-15
top_hat,200,0.10000000000000001,TVD_vanLeer,113.49999999999999,0,0,1.0855959725320075e-15
top_hat,200,0.10000000000000001,TVD_vanLeer,114.49999999999999,0,0,6.8197613415640782e-16
top_hat,200,0.10000000000000001,TVD_vanLeer,115.49999999999999,0,0,4.2333133838403005e-16
top_hat,200,0.10000000000000001,TVD_vanLeer,116.5,0,0,2.5967996354408686e-16
top_hat,200,0.10000000000000001,TVD_vanLeer,117.5,0,0,1.5742754601799904e-16
top_hat,200,0.10000000000000001,TVD_vanLeer,118.5,0,0,9.4329091693491142e-17
top_hat,200,0.10000000000000001,TVD_vanLeer,119.5,0,0,5.58691912991967e-17
top_hat,200,0.10000000000000001,TVD_vanLeer,120.5,0,0,3.271152140665136e-17
top_hat,200,0.10000000000000001,TVD_vanLeer,121.5,0,0,1.893525145982185e-17
top_hat,200,0.10000000000000001,TVD_vanLeer,122.5,0,0,1.0837375823046803e-17
top_hat,200,0.10000000000000001,TVD_vanLeer,123.5,0,0,6.1333951073220889e-18
top_hat,200,0.10000000000000001,TVD_vanLeer,124.5,0,0,3.4327540756275069e-18
top_hat,200,0.10000000000000001,TVD_vanLeer,125.5,0,0,1.9001620081682404e-18
top_hat,200,0.10000000000000001,TVD_vanLeer,126.5,0,0,1.0403655789569634e-18
top_hat,200,0.10000000000000001,TVD_vanLeer,127.5,0,0,5.6346873536718552e-19
top_hat,200,0.10000000000000001,TVD_vanLeer,128.5,0,0,3.0191388731402872e-19
top_hat,200,0.10000000000000001,TVD_vanLeer,129.5,0,0,1.6005396579336407e-19
top_hat,200,0.10000000000000001,TVD_vanLeer,130.5,0,0,8.3957643581612764e-20
top_hat,200,0.10000000000000001,TVD_vanLeer,131.5,0,0,4.3581735746983713e-20
top_hat,200,0.10000000000000001,TVD_vanLeer,132.5,0,0,2.2389218840793291e-20
top_hat,200,0.10000000000000001,TVD_vanLeer,133.5,0,0,1.1384206085245883e-20
top_hat,200,0.10000000000000001,TVD_vanLeer,134.5,0,0,5.7297381624625169e-21
top_hat,200,0.10000000000000001,TVD_vanLeer,135.5,0,0,2.8547850318838958e-21
top_hat,200,0.10000000000000001,TVD_vanLeer,136.5,0,0,1.4081748667370237e-21
top_hat,200,0.10000000000000001,TVD_vanLeer,137.5,0,0,6.877360344327857e-22
top_hat,200,0.10000000000000001,TVD_vanLeer,138.5,0,0,3.325875482439526e-22
top_hat,200,0.10000000000000001,TVD_vanLeer,139.5,0,0,1.5927430937706806e-22
top_hat,200,0.10000000000000001,TVD_vanLeer,140.5,0,0,7.5540014356679568e-23
top_hat,200,0.10000000000000001,TVD_vanLeer,141.5,0,0,3.5484243624834451e-23
top_hat,200,0.10000000000000001,TVD_vanLeer,142.5,0,0,1.6510350387839837e-23
top_hat,200,0.10000000000000001,TVD_vanLeer,143.5,0,0,7.60981136621373e-24
top_hat,200,0.10000000000000001,TVD_vanLeer,144.5,0,0,3.4747414726847238e-24
top_hat,200,0.10000000000000001,TVD_vanLeer,145.5,0,0,1.571939327286431e-24
top_hat,200,0.10000000000000001,TVD_vanLeer,146.5,0,0,7.0460697785769156e-25
top_hat,200,0.10000000000000001,TVD_vanLeer,147.5,0,0,3.1295991821427296e-25
top_hat,200,0.10000000000000001,TVD_vanLeer,148.5,0,0,1.3775056906172419e-25
top_hat,200,0.10000000000000001,TVD_vanLeer,149.5,0,0,6.0088701006648295e-26
top_hat,200,0.10000000000000001,TVD_vanLeer,150.5,0,0,2.5978755551505753e-26
top_hat,200,0.10000000000000001,TVD_vanLeer,151.5,0,0,1.1132710743523037e-26
top_hat,200,0.10000000000000001,TVD_vanLeer,152.5,0,0,4.7290190575970962e-27
top_hat,200,0.10000000000000001,TVD_vanLeer,153.5,0,0,1.9914015170822123e-27
top_hat,200,0.10000000000000001,TVD_vanLeer,154.5,0,0,8.3136910618468976e-28
top_hat,200,0.10000000000000001,TVD_vanLeer,155.5,0,0,3.4411645436629004e-28
top_hat,200,0.10000000000000001,TVD_vanLeer,156.5,0,0,1.4122849268263851e-28
top_hat,200,0.10000000000000001,TVD_vanLeer,157.5,0,0,5.7474201670027938e-29
top_hat,200,0.10000000000000001,TVD_vanLeer,158.5,0,0,2.3194516428511027e-29
top_hat,200,0.10000000000000001,TVD_vanLeer,159.5,0,0,9.2829725879030111e-30
top_hat,200,0.10000000000000001,TVD_vanLeer,160.5,0,0,3.6847278414468159e-30
top_hat,200,0.10000000000000001,TVD_vanLeer,161.5,0,0,1.4506652814548514e-30
top_hat,200,0.10000000000000001,TVD_vanLeer,162.5,0,0,5.6649874095902803e-31
top_hat,200,0.10000000000000001,TVD_vanLeer,163.5,0,0,2.1944552019105832e-31
top_hat,200,0.10000000000000001,TVD_vanLeer,164.5,0,0,8.4328868919618976e-32
top_hat,200,0.10000000000000001,TVD_vanLeer,165.5,0,0,3.214940998682272e-32
top_hat,200,0.10000000000000001,TVD_vanLeer,166.5,0,0,1.2160234660696383e-32
top_hat,200,0.10000000000000001,TVD_vanLeer,167.5,0,0,4.5636025979226718e-33
top_hat,200,0.10000000000000001,TVD_vanLeer,168.5,0,0,1.699397423462824e-33
top_hat,200,0.10000000000000001,TVD_vanLeer,169.5,0,0,6.2795336776937743e-34
top_hat,200,0.10000000000000001,TVD_vanLeer,170.5,0,0,2.3026547999591146e-34
top_hat,200,0.10000000000000001,TVD_vanLeer,171.5,0,0,8.3795879494715915e-35
top_hat,200,0.10000000000000001,TVD_vanLeer,172.5,0,0,3.0264391311127254e-35
top_hat,200,0.10000000000000001,TVD_vanLeer,173.5,0,0,1.0848743337327654e-35
top_hat,200,0.10000000000000001,TVD_vanLeer,174.5,0,0,3.8600025487099477e-36
top_hat,200,0.10000000000000001,TVD_vanLeer,175.5,0,0,1.3632596191552273e-36
top_hat,200,0.10000000000000001,TVD_vanLeer,176.5,0,0,4.7794094356972191e-37
top_hat,200,0.10000000000000001,TVD_vanLeer,177.5,0,0,1.6633979639989618e-37
top_hat,200,0.10000000000000001,TVD_vanLeer,178.5,0,0,5.7473236134159042e-38
top_hat,200,0.10000000000000001,TVD_vanLeer,179.5,0,0,1.9715314582234115e-38
top_hat,200,0.10000000000000001,TVD_vanLeer,180.5,0,0,6.7147691809278311e-39
top_hat,200,0.10000000000000001,TVD_vanLeer,181.5,0,0,2.2707444415121793e-39
top_hat,200,0.10000000000000001,TVD_vanLeer,182.5,0,0,7.6249225803931863e-40
top_hat,200,0.10000000000000001,TVD_vanLeer,183.5,0,0,2.5424509287732667e-40
top_hat,200,0.10000000000000001,TVD_vanLeer,184.5,0,0,8.4185904824221302e-41
top_hat,200,0.10000000000000001,TVD_vanLeer,185.5,0,0,2.7683137122153776e-41
top_hat,200,0.10000000000000001,TVD_vanLeer,186.5,0,0,9.0406477018756217e-42
top_hat,200,0.10000000000000001,TVD_vanLeer,187.5,0,0,2.9323180651766985e-42
top_hat,200,0.10000000000000001,TVD_vanLeer,188.5,0,0,9.4464498548255757e-43
top_hat,200,0.10000000000000001,TVD_vanLeer,189.5,0,0,3.0226696509314233e-43
top_hat,200,0.10000000000000001,TVD_vanLeer,190.5,0,0,9.6071712095126919e-44
top_hat,200,0.10000000000000001,TVD_vanLeer,191.5,0,0,3.0332010792436779e-44
top_hat,200,0.10000000000000001,TVD_vanLeer,192.5,0,0,9.5131758154155656e-45
top_hat,200,0.10000000000000001,TVD_vanLeer,193.5,0,0,2.9640539238746425e-45
top_hat,200,0.10000000000000001,TVD_vanLeer,194.5,0,0,9.1748785960593563e-46
top_hat,200,0.10000000000000001,TVD_vanLeer,195.5,0,0,2.8215346249054375e-46
top_hat,200,0.10000000000000001,TVD_vanLeer,196.5,0,0,8.6210120262405076e-47
top_hat,200,0.10000000000000001,TVD_vanLeer,197.5,0,0,2.6171927039772433e-47
top_hat,200,0.10000000000000001,TVD_vanLeer,198.5,0,0,7.8946759643624763e-48
top_hat,200,0.10000000000000001,TVD_vanLeer,199.5,0,0,2.366303546675411e-48
top_hat,200,0.10000000000000001,PLM_MC,0.5,0,0,0
top_hat,200,0.10000000000000001,PLM_MC,1.5,0,0,0
top_hat,200,0.10000000000000001,PLM_MC,2.5,0,0,0
top_hat,200,0.10000000000000001,PLM_MC,3.5,0,0,0
top_hat,200,0.10000000000000001,PLM_MC,4.5,0,0,0
top_hat,200,0.10000000000000001,PLM_MC,5.5,0,0,0
top_hat,200,0.10000000000000001,PLM_MC,6.5,0,0,0
top_hat,200,0.10000000000000001,PLM_MC,7.5,0,0,0
top_hat,200,0.10000000000000001,PLM_MC,8.5,0,0,0
top_hat,200,0.10000000000000001,PLM_MC,9.5,0,0,0
top_hat,200,0.10000000000000001,PLM_MC,10.5,0,0,0
top_hat,200,0.10000000000000001,PLM_MC,11.5,0,0,0
top_hat,200,0.10000000000000001,PLM_MC,12.5,0,0,0
top_hat,200,0.10000000000000001,PLM_MC,13.5,0,0,0
top_hat,200,0.10000000000000001,PLM_MC,14.5,0,0,0
top_hat,200,0.10000000000000001,PLM_MC,15.5,0,0,0
top_hat,200,0.10000000000000001,PLM_MC,16.5,0,0,0
top_hat,200,0.10000000000000001,PLM_MC,17.5,0,0,0
top_hat,200,0.10000000000000001,PLM_MC,18.5,0,0,0
top_hat,200,0.10000000000000001,PLM_MC,19.5,0,0,0
top_hat,200,0.10000000000000001,PLM_MC,20.5,0,0,0
top_hat,200,0.10000000000000001,PLM_MC,21.5,0,0,0
top_hat,200,0.10000000000000001,PLM_MC,22.5,0,0,0
top_hat,200,0.10000000000000001,PLM_MC,23.5,0,0,0
top_hat,200,0.10000000000000001,PLM_MC,24.5,0,0,0
top_hat,200,0.10000000000000001,PLM_MC,25.5,1,0,2.4109493637982087e-44
top_hat,200,0.10000000000000001,PLM_MC,26.5,1,0,3.7580093831264747e-42
top_hat,200,0.10000000000000001,PLM_MC,27.5,1,0,2.9174359965781681e-40
top_hat,200,0.10000000000000001,PLM_MC,28.5,1,0,1.5040067733699924e-38
top_hat,200,0.10000000000000001,PLM_MC,29.5,1,0,5.7922759748000148e-37
top_hat,200,0.10000000000000001,PLM_MC,30.5,1,0,1.7775549924849712e-35
top_hat,200,0.10000000000000001,PLM_MC,31.5,1,0,4.5278902816216221e-34
top_hat,200,0.10000000000000001,PLM_MC,32.5,1,0,9.8469042673151071e-33
top_hat,200,0.10000000000000001,PLM_MC,33.5,1,0,1.8663306879136263e-31
top_hat,200,0.10000000000000001,PLM_MC,34.5,1,0,3.1318667764582741e-30
top_hat,200,0.10000000000000001,PLM_MC,35.5,0,0,4.7113190726290451e-29
top_hat,200,0.10000000000000001,PLM_MC,36.5,0,0,6.4176737491243647e-28
top_hat,200,0.10000000000000001,PLM_MC,37.5,0,0,7.9821985267360896e-27
top_hat,200,0.10000000000000001,PLM_MC,38.5,0,0,9.1288733822065244e-26
top_hat,200,0.10000000000000001,PLM_MC,39.5,0,0,9.6573275191916902e-25
top_hat,200,0.10000000000000001,PLM_MC,40.5,0,0,9.4991847730516232e-24
top_hat,200,0.10000000000000001,PLM_MC,41.5,0,0,8.7270757120426038e-23
top_hat,200,0.10000000000000001,PLM_MC,42.5,0,0,7.5186483901961151e-22
top_hat,200,0.10000000000000001,PLM_MC,43.5,0,0,6.0960506644225463e-21
top_hat,200,0.10000000000000001,PLM_MC,44.5,0,0,4.6664933107577844e-20
top_hat,200,0.10000000000000001,PLM_MC,45.5,0,0,3.3824741881620416e-19
top_hat,200,0.10000000000000001,PLM_MC,46.5,0,0,2.3277878994907573e-18
top_hat,200,0.10000000000000001,PLM_MC,47.5,0,0,1.5247333672739201e-17
top_hat,200,0.10000000000000001,PLM_MC,48.5,0,0,9.5277734217044156e-17
top_hat,200,0.10000000000000001,PLM_MC,49.5,0,0,5.6922507063310681e-16
top_hat,200,0.10000000000000001,PLM_MC,50.5,0,0,3.2581761912389115e-15
top_hat,200,0.10000000000000001,PLM_MC,51.5,0,0,1.7903242939878296e-14
top_hat,200,0.10000000000000001,PLM_MC,52.5,0,0,9.4623693981790322e-14
top_hat,200,0.10000000000000001,PLM_MC,53.5,0,0,4.8195739877559984e-13
top_hat,200,0.10000000000000001,PLM_MC,54.5,0,0,2.3701781069142735e-12
top_hat,200,0.10000000000000001,PLM_MC,55.500000000000007,0,0,1.1275636402511026e-11
top_hat,200,0.10000000000000001,PLM_MC,56.5,0,0,5.1990126358671473e-11
top_hat,200,0.10000000000000001,PLM_MC,57.499999999999993,0,0,2.3279066562284944e-10
top_hat,200,0.10000000000000001,PLM_MC,58.5,0,0,1.0142315823022934e-09
top_hat,200,0.10000000000000001,PLM_MC,59.5,0,0,4.3083990829332558e-09
top_hat,200,0.10000000000000001,PLM_MC,60.5,0,0,1.7881314204181561e-08
top_hat,200,0.10000000000000001,PLM_MC,61.5,0,0,7.2660418443897593e-08
top_hat,200,0.10000000000000001,PLM_MC,62.5,0,0,2.8968527241622971e-07
top_hat,200,0.10000000000000001,PLM_MC,63.5,0,0,1.1355170790734121e-06
top_hat,200,0.10000000000000001,PLM_MC,64.5,0,0,4.3851821313888555e-06
top_hat,200,0.10000000000000001,PLM_MC,65.5,0,0,1.6717043484296248e-05
top_hat,200,0.10000000000000001,PLM_MC,66.5,0,0,6.3024168105110058e-05
top_hat,200,0.10000000000000001,PLM_MC,67.5,0,0,0.0002353750906618397
top_hat,200,0.10000000000000001,PLM_MC,68.5,0,0,0.00087210745088684479
top_hat,200,0.10000000000000001,PLM_MC,69.5,0,0,0.0032099590789861506
top_hat,200,0.10000000000000001,PLM_MC,70.5,0,0,0.011749633520217788
top_hat,200,0.10000000000000001,PLM_MC,71.5,0,0,0.039568017680269692
top_hat,200,0.10000000000000001,PLM_MC,72.5,0,0,0.10133380758968145
top_hat,200,0.10000000000000001,PLM_MC,73.5,0,0,0.20858398781920884
top_hat,200,0.10000000000000001,PLM_MC,74.5,0,0,0.36530644927039591
top_hat,200,0.10000000000000001,PLM_MC,75.5,0,1,0.56213903979327817
top_hat,200,0.10000000000000001,PLM_MC,76.5,0,1,0.771667898600364
top_hat,200,0.10000000000000001,PLM_MC,77.5,0,1,0.94173048761801037
top_hat,200,0.10000000000000001,PLM_MC,78.5,0,1,0.99041041002026342
top_hat,200,0.10000000000000001,PLM_MC,79.5,0,1,0.98969836897939878
top_hat,200,0.10000000000000001,PLM_MC,80.5,0,1,0.98463795584209068
top_hat,200,0.10000000000000001,PLM_MC,81.5,0,1,0.96260177314779705
top_hat,200,0.10000000000000001,PLM_MC,82.5,0,1,0.90284261335907745
top_hat,200,0.10000000000000001,PLM_MC,83.5,0,1,0.79522516000488819
top_hat,200,0.10000000000000001,PLM_MC,84.5,0,1,0.63762999053585168
top_hat,200,0.10000000000000001,PLM_MC,85.5,0,0,0.44061748443671117
top_hat,200,0.10000000000000001,PLM_MC,86.5,0,0,0.23136821546156661
top_hat,200,0.10000000000000001,PLM_MC,87.5,0,0,0.058485616940929706
top_hat,200,0.10000000000000001,PLM_MC,88.5,0,0,-1.3417217534488234e-17
top_hat,200,0.10000000000000001,PLM_MC,89.5,0,0,-1.3006748396046232e-17
top_hat,200,0.10000000000000001,PLM_MC,90.5,0,0,-1.1512748835745759e-17
top_hat,200,0.10000000000000001,PLM_MC,91.5,0,0,-8.3065351931181766e-18
top_hat,200,0.10000000000000001,PLM_MC,92.5,0,0,-4.2082958737809276e-18
top_hat,200,0.10000000000000001,PLM_MC,93.5,0,0,-8.4515452171113779e-19
top_hat,200,0.10000000000000001,PLM_MC,94.5,0,0,0
top_hat,200,0.10000000000000001,PLM_MC,95.5,0,0,0
top_hat,200,0.10000000000000001,PLM_MC,96.5,0,0,0
top_hat,200,0.10000000000000001,PLM_MC,97.5,0,0,0
top_hat,200,0.10000000000000001,PLM_MC,98.5,0,0,0
top_hat,200,0.10000000000000001,PLM_MC,99.5,0,0,0
top_hat,200,0.10000000000000001,PLM_MC,100.5,0,0,0
top_hat,200,0.10000000000000001,PLM_MC,101.5,0,0,0
top_hat,200,0.10000000000000001,PLM_MC,102.5,0,0,0
top_hat,200,0.10000000000000001,PLM_MC,103.5,0,0,0
top_hat,200,0.10000000000000001,PLM_MC,104.5,0,0,0
top_hat,200,0.10000000000000001,PLM_MC,105.5,0,0,0
top_hat,200,0.10000000000000001,PLM_MC,106.5,0,0,0
top_hat,200,0.10000000000000001,PLM_MC,107.5,0,0,0
top_hat,200,0.10000000000000001,PLM_MC,108.5,0,0,0
top_hat,200,0.10000000000000001,PLM_MC,109.50000000000001,0,0,0
top_hat,200,0.10000000000000001,PLM_MC,110.50000000000001,0,0,0
top_hat,200,0.10000000000000001,PLM_MC,111.50000000000001,0,0,0
top_hat,200,0.10000000000000001,PLM_MC,112.5,0,0,0
top_hat,200,0.10000000000000001,PLM_MC,113.49999999999999,0,0,0
top_hat,200,0.10000000000000001,PLM_MC,114.49999999999999,0,0,0
top_hat,200,0.10000000000000001,PLM_MC,115.49999999999999,0,0,0
top_hat,200,0.10000000000000001,PLM_MC,116.5,0,0,0
top_hat,200,0.10000000000000001,PLM_MC,117.5,0,0,0
top_hat,200,0.10000000000000001,PLM_MC,118.5,0,0,0
top_hat,200,0.10000000000000001,PLM_MC,119.5,0,0,0
top_hat,200,0.10000000000000001,PLM_MC,120.5,0,0,0
top_hat,200,0.10000000000000001,PLM_MC,121.5,0,0,0
top_hat,200,0.10000000000000001,PLM_MC,122.5,0,0,0
top_hat,200,0.10000000000000001,PLM_MC,123.5,0,0,0
top_hat,200,0.10000000000000001,PLM_MC,124.5,0,0,0
top_hat,200,0.10000000000000001,PLM_MC,125.5,0,0,0
top_hat,200,0.10000000000000001,PLM_MC,126.5,0,0,0
top_hat,200,0.10000000000000001,PLM_MC,127.5,0,0,0
top_hat,200,0.10000000000000001,PLM_MC,128.5,0,0,0
top_hat,200,0.10000000000000001,PLM_MC,129.5,0,0,0
top_hat,200,0.10000000000000001,PLM_MC,130.5,0,0,0
top_hat,200,0.10000000000000001,PLM_MC,131.5,0,0,0
top_hat,200,0.10000000000000001,PLM_MC,132.5,0,0,0
top_hat,200,0.10000000000000001,PLM_MC,133.5,0,0,0
top_hat,200,0.10000000000000001,PLM_MC,134.5,0,0,0
top_hat,200,0.10000000000000001,PLM_MC,135.5,0,0,0
top_hat,200,0.10000000000000001,PLM_MC,136.5,0,0,0
top_hat,200,0.10000000000000001,PLM_MC,137.5,0,0,0
top_hat,200,0.10000000000000001,PLM_MC,138.5,0,0,0
top_hat,200,0.10000000000000001,PLM_MC,139.5,0,0,0
top_hat,200,0.10000000000000001,PLM_MC,140.5,0,0,0
top_hat,200,0.10000000000000001,PLM_MC,141.5,0,0,0
top_hat,200,0.10000000000000001,PLM_MC,142.5,0,0,0
top_hat,200,0.10000000000000001,PLM_MC,143.5,0,0,0
top_hat,200,0.10000000000000001,PLM_MC,144.5,0,0,0
top_hat,200,0.10000000000000001,PLM_MC,145.5,0,0,0
top_hat,200,0.10000000000000001,PLM_MC,146.5,0,0,0
top_hat,200,0.10000000000000001,PLM_MC,147.5,0,0,0
top_hat,200,0.10000000000000001,PLM_MC,148.5,0,0,0
top_hat,200,0.10000000000000001,PLM_MC,149.5,0,0,0
top_hat,200,0.10000000000000001,PLM_MC,150.5,0,0,0
top_hat,200,0.10000000000000001,PLM_MC,151.5,0,0,0
top_hat,200,0.10000000000000001,PLM_MC,152.5,0,0,0
top_hat,200,0.10000000000000001,PLM_MC,153.5,0,0,0
top_hat,200,0.10000000000000001,PLM_MC,154.5,0,0,0
top_hat,200,0.10000000000000001,PLM_MC,155.5,0,0,0
top_hat,200,0.10000000000000001,PLM_MC,156.5,0,0,0
top_hat,200,0.10000000000000001,PLM_MC,157.5,0,0,0
top_hat,200,0.10000000000000001,PLM_MC,158.5,0,0,0
top_hat,200,0.10000000000000001,PLM_MC,159.5,0,0,0
top_hat,200,0.10000000000000001,PLM_MC,160.5,0,0,0
top_hat,200,0.10000000000000001,PLM_MC,161.5,0,0,0
top_hat,200,0.10000000000000001,PLM_MC,162.5,0,0,0
top_hat,200,0.10000000000000001,PLM_MC,163.5,0,0,0
top_hat,200,0.10000000000000001,PLM_MC,164.5,0,0,0
top_hat,200,0.10000000000000001,PLM_MC,165.5,0,0,0
top_hat,200,0.10000000000000001,PLM_MC,166.5,0,0,0
top_hat,200,0.10000000000000001,PLM_MC,167.5,0,0,0
top_hat,200,0.10000000000000001,PLM_MC,168.5,0,0,0
top_hat,200,0.10000000000000001,PLM_MC,169.5,0,0,0
top_hat,200,0.10000000000000001,PLM_MC,170.5,0,0,0
top_hat,200,0.10000000000000001,PLM_MC,171.5,0,0,0
top_hat,200,0.10000000000000001,PLM_MC,172.5,0,0,0
top_hat,200,0.10000000000000001,PLM_MC,173.5,0,0,0
top_hat,200,0.10000000000000001,PLM_MC,174.5,0,0,0
top_hat,200,0.10000000000000001,PLM_MC,175.5,0,0,0
top_hat,200,0.10000000000000001,PLM_MC,176.5,0,0,0
top_hat,200,0.10000000000000001,PLM_MC,177.5,0,0,0
top_hat,200,0.10000000000000001,PLM_MC,178.5,0,0,0
top_hat,200,0.10000000000000001,PLM_MC,179.5,0,0,0
top_hat,200,0.10000000000000001,PLM_MC,180.5,0,0,0
top_hat,200,0.10000000000000001,PLM_MC,181.5,0,0,0
top_hat,200,0.10000000000000001,PLM_MC,182.5,0,0,0
top_hat,200,0.10000000000000001,PLM_MC,183.5,0,0,0
top_hat,200,0.10000000000000001,PLM_MC,184.5,0,0,0
top_hat,200,0.10000000000000001,PLM_MC,185.5,0,0,0
top_hat,200,0.10000000000000001,PLM_MC,186.5,0,0,0
top_hat,200,0.10000000000000001,PLM_MC,187.5,0,0,0
top_hat,200,0.10000000000000001,PLM_MC,188.5,0,0,0
top_hat,200,0.10000000000000001,PLM_MC,189.5,0,0,0
top_hat,200,0.10000000000000001,PLM_MC,190.5,0,0,0
top_hat,200,0.10000000000000001,PLM_MC,191.5,0,0,0
top_hat,200,0.10000000000000001,PLM_MC,192.5,0,0,0
top_hat,200,0.10000000000000001,PLM_MC,193.5,0,0,0
top_hat,200,0.10000000000000001,PLM_MC,194.5,0,0,0
top_hat,200,0.10000000000000001,PLM_MC,195.5,0,0,0
top_hat,200,0.10000000000000001,PLM_MC,196.5,0,0,0
top_hat,200,0.10000000000000001,PLM_MC,197.5,0,0,0
top_hat,200,0.10000000000000001,PLM_MC,198.5,0,0,0
top_hat,200,0.10000000000000001,PLM_MC,199.5,0,0,0
top_hat,200,1,upwind,0.5,0,0,0
top_hat,200,1,upwind,1.5,0,0,0
top_hat,200,1,upwind,2.5,0,0,0
top_hat,200,1,upwind,3.5,0,0,0
top_hat,200,1,upwind,4.5,0,0,0
top_hat,200,1,upwind,5.5,0,0,0
top_hat,200,1,upwind,6.5,0,0,0
top_hat,200,1,upwind,7.5,0,0,0
top_hat,200,1,upwind,8.5,0,0,0
top_hat,200,1,upwind,9.5,0,0,0
top_hat,200,1,upwind,10.5,0,0,0
top_hat,200,1,upwind,11.5,0,0,0
top_hat,200,1,upwind,12.5,0,0,0
top_hat,200,1,upwind,13.5,0,0,0
top_hat,200,1,upwind,14.5,0,0,0
top_hat,200,1,upwind,15.5,0,0,0
top_hat,200,1,upwind,16.5,0,0,0
top_hat,200,1,upwind,17.5,0,0,0
top_hat,200,1,upwind,18.5,0,0,0
top_hat,200,1,upwind,19.5,0,0,0
top_hat,200,1,upwind,20.5,0,0,0
top_hat,200,1,upwind,21.5,0,0,0
top_hat,200,1,upwind,22.5,0,0,0
top_hat,200,1,upwind,23.5,0,0,0
top_hat,200,1,upwind,24.5,0,0,0
top_hat,200,1,upwind,25.5,1,0,1.3220708194808046e-23
top_hat,200,1,upwind,26.5,1,0,7.4770449679525501e-22
top_hat,200,1,upwind,27.5,1,0,2.1109227302997861e-20
top_hat,200,1,upwind,28.5,1,0,3.9666620350624571e-19
top_hat,200,1,upwind,29.5,1,0,5.5814389027569279e-18
top_hat,200,1,upwind,30.5,1,0,6.272915576560869e-17
top_hat,200,1,upwind,31.5,1,0,5.8658322700841676e-16
top_hat,200,1,upwind,32.5,1,0,4.6942643570710714e-15
top_hat,200,1,upwind,33.5,1,0,3.2820469872638984e-14
top_hat,200,1,upwind,34.5,1,0,2.0366112559682935e-13
top_hat,200,1,upwind,35.5,0,0,1.1356918140344693e-12
top_hat,200,1,upwind,36.5,0,0,5.7487729985618218e-12
top_hat,200,1,upwind,37.5,0,0,2.6635779455913604e-11
top_hat,200,1,upwind,38.5,0,0,1.1375423344893857e-10
top_hat,200,1,upwind,39.5,0,0,4.5047396856178035e-10
top_hat,200,1,upwind,40.5,0,0,1.6626649764854756e-09
top_hat,200,1,upwind,41.5,0,0,5.7453913037399815e-09
top_hat,200,1,upwind,42.5,0,0,1.8660679979957878e-08
top_hat,200,1,upwind,43.5,0,0,5.716735811685869e-08
top_hat,200,1,upwind,44.5,0,0,1.6570655814647929e-07
top_hat,200,1,upwind,45.5,0,0,4.5574694494136263e-07
top_hat,200,1,upwind,46.5,0,0,1.1923552050679787e-06
top_hat,200,1,upwind,47.5,0,0,2.9743422284985555e-06
top_hat,200,1,upwind,48.5,0,0,7.0892298983964204e-06
top_hat,200,1,upwind,49.5,0,0,1.6176129169600636e-05
top_hat,200,1,upwind,50.5,0,0,3.5399469563822644e-05
top_hat,200,1,upwind,51.5,0,0,7.4419585460951712e-05
top_hat,200,1,upwind,52.5,0,0,0.00015052794649642544
top_hat,200,1,upwind,53.5,0,0,0.00029336786718407455
top_hat,200,1,upwind,54.5,0,0,0.00055164483635698725
top_hat,200,1,upwind,55.500000000000007,0,0,0.0010020939599423133
top_hat,200,1,upwind,56.5,0,0,0.001760667051387909
top_hat,200,1,upwind,57.499999999999993,0,0,0.0029953998050244314
top_hat,200,1,upwind,58.5,0,0,0.004939732333279794
top_hat,200,1,upwind,59.5,0,0,0.0079042561558555439
top_hat,200,1,upwind,60.5,0,0,0.012284087962927652
top_hat,200,1,upwind,61.5,0,0,0.018558524280478637
top_hat,200,1,upwind,62.5,0,0,0.02727953717683862
top_hat,200,1,upwind,63.5,0,0,0.039046229281475872
top_hat,200,1,upwind,64.5,0,0,0.054463688746716699
top_hat,200,1,upwind,65.5,0,0,0.074086739951020053
top_hat,200,1,upwind,66.5,0,0,0.098351667563328499
top_hat,200,1,upwind,67.5,0,0,0.1275017266862575
top_hat,200,1,upwind,68.5,0,0,0.16151465086044892
top_hat,200,1,upwind,69.5,0,0,0.20004191570212571
top_hat,200,1,upwind,70.5,0,0,0.24236977146718691
top_hat,200,1,upwind,71.5,0,0,0.28741076751320271
top_hat,200,1,upwind,72.5,0,0,0.33373165527723936
top_hat,200,1,upwind,73.5,0,0,0.37961945497052391
top_hat,200,1,upwind,74.5,0,0,0.42318263798277717
top_hat,200,1,upwind,75.5,0,1,0.46247951788402097
top_hat,200,1,upwind,76.5,0,1,0.49566182004822834
top_hat,200,1,upwind,77.5,0,1,0.52111869964002322
top_hat,200,1,upwind,78.5,0,1,0.53760568678326881
top_hat,200,1,upwind,79.5,0,1,0.54434435078581311
top_hat,200,1,upwind,80.5,0,1,0.54108175138158587
top_hat,200,1,upwind,81.5,0,1,0.5281035233126864
top_hat,200,1,upwind,82.5,0,1,0.50620001492571087
top_hat,200,1,upwind,83.5,0,1,0.47659044068227052
top_hat,200,1,upwind,84.5,0,1,0.44081470050035482
top_hat,200,1,upwind,85.5,0,0,0.40060571526993671
top_hat,200,1,upwind,86.5,0,0,0.3577564461308409
top_hat,200,1,upwind,87.5,0,0,0.3139951462029989
top_hat,200,1,upwind,88.5,0,0,0.27088009118183354
top_hat,200,1,upwind,89.5,0,0,0.2297215473906791
top_hat,200,1,upwind,90.5,0,0,0.19153469502005435
top_hat,200,1,upwind,91.5,0,0,0.15702327334863533
top_hat,200,1,upwind,92.5,0,0,0.12659039522292023
top_hat,200,1,upwind,93.5,0,0,0.10037065175510833
top_hat,200,1,upwind,94.5,0,0,0.078276443960769354
top_hat,200,1,upwind,95.5,0,0,0.060051383498857767
top_hat,200,1,upwind,96.5,0,0,0.045324392607185154
top_hat,200,1,upwind,97.5,0,0,0.033659507398383394
top_hat,200,1,upwind,98.5,0,0,0.024598031375872242
top_hat,200,1,upwind,99.5,0,0,0.01769131523525299
top_hat,200,1,upwind,100.5,0,0,0.012523844911537197
top_hat,200,1,upwind,101.5,0,0,0.0087273798456799102
top_hat,200,1,upwind,102.5,0,0,0.0059875581367256799
top_hat,200,1,upwind,103.5,0,0,0.0040447010663643094
top_hat,200,1,upwind,104.5,0,0,0.0026905753143057743
top_hat,200,1,upwind,105.5,0,0,0.0017626948229927026
top_hat,200,1,upwind,106.5,0,0,0.0011374531184129271
top_hat,200,1,upwind,107.5,0,0,0.00072304496219879823
top_hat,200,1,upwind,108.5,0,0,0.00045281766285989235
top_hat,200,1,upwind,109.50000000000001,0,0,0.00027942049489211736
top_hat,200,1,upwind,110.50000000000001,0,0,0.00016991052895964773
top_hat,200,1,upwind,111.50000000000001,0,0,0.00010182616957355782
top_hat,200,1,upwind,112.5,0,0,6.0148549262985349e-05
top_hat,200,1,upwind,113.49999999999999,0,0,3.5024074171769538e-05
top_hat,200,1,upwind,114.49999999999999,0,0,2.0106319652643697e-05
top_hat,200,1,upwind,115.49999999999999,0,0,1.1380754841079006e-05
top_hat,200,1,upwind,116.5,0,0,6.3522816608625592e-06
top_hat,200,1,upwind,117.5,0,0,3.4966784087608689e-06
top_hat,200,1,upwind,118.5,0,0,1.8984335666223768e-06
top_hat,200,1,upwind,119.5,0,0,1.0167046073110964e-06
top_hat,200,1,upwind,120.5,0,0,5.3715442295404208e-07
top_hat,200,1,upwind,121.5,0,0,2.7999687266411497e-07
top_hat,200,1,upwind,122.5,0,0,1.4401274226065647e-07
top_hat,200,1,upwind,123.5,0,0,7.3094684195536761e-08
top_hat,200,1,upwind,124.5,0,0,3.6614286947971175e-08
top_hat,200,1,upwind,125.5,0,0,1.8102452424778123e-08
top_hat,200,1,upwind,126.5,0,0,8.8346181785030831e-09
top_hat,200,1,upwind,127.5,0,0,4.2564009621077452e-09
top_hat,200,1,upwind,128.5,0,0,2.0246122338747285e-09
top_hat,200,1,upwind,129.5,0,0,9.5087912203111608e-10
top_hat,200,1,upwind,130.5,0,0,4.4099311997425104e-10
top_hat,200,1,upwind,131.5,0,0,2.0197594278493656e-10
top_hat,200,1,upwind,132.5,0,0,9.1362179866246911e-11
top_hat,200,1,upwind,133.5,0,0,4.0819649235094532e-11
top_hat,200,1,upwind,134.5,0,0,1.8015424486742073e-11
top_hat,200,1,upwind,135.5,0,0,7.8546700286326599e-12
top_hat,200,1,upwind,136.5,0,0,3.3834113411770016e-12
top_hat,200,1,upwind,137.5,0,0,1.4399906286095649e-12
top_hat,200,1,upwind,138.5,0,0,6.0558701188074256e-13
top_hat,200,1,upwind,139.5,0,0,2.5167431350615358e-13
top_hat,200,1,upwind,140.5,0,0,1.0336643748147886e-13
top_hat,200,1,upwind,141.5,0,0,4.1959549735358735e-14
top_hat,200,1,upwind,142.5,0,0,1.6835439167909279e-14
top_hat,200,1,upwind,143.5,0,0,6.6771578197121251e-15
top_hat,200,1,upwind,144.5,0,0,2.6179603091631156e-15
top_hat,200,1,upwind,145.5,0,0,1.0147728455937584e-15
top_hat,200,1,upwind,146.5,0,0,3.889005870245635e-16
top_hat,200,1,upwind,147.5,0,0,1.4736741025145266e-16
top_hat,200,1,upwind,148.5,0,0,5.5218678003418487e-17
top_hat,200,1,upwind,149.5,0,0,2.0460694732443035e-17
top_hat,200,1,upwind,150.5,0,0,7.4977714522755618e-18
top_hat,200,1,upwind,151.5,0,0,2.7173690870492274e-18
top_hat,200,1,upwind,152.5,0,0,9.7408390150000164e-19
top_hat,200,1,upwind,153.5,0,0,3.4538354194656037e-19
top_hat,200,1,upwind,154.5,0,0,1.2114074345692969e-19
top_hat,200,1,upwind,155.5,0,0,4.2032720173777474e-20
top_hat,200,1,upwind,156.5,0,0,1.4428405338242302e-20
top_hat,200,1,upwind,157.5,0,0,4.9001258321918381e-21
top_hat,200,1,upwind,158.5,0,0,1.6465626392421212e-21
top_hat,200,1,upwind,159.5,0,0,5.4746336610783451e-22
top_hat,200,1,upwind,160.5,0,0,1.8011957123157019e-22
top_hat,200,1,upwind,161.5,0,0,5.8643331896534315e-23
top_hat,200,1,upwind,162.5,0,0,1.8895166818994647e-23
top_hat,200,1,upwind,163.5,0,0,6.0253082648469995e-24
top_hat,200,1,upwind,164.5,0,0,1.90162978646433e-24
top_hat,200,1,upwind,165.5,0,0,5.9403519453606421e-25
top_hat,200,1,upwind,166.5,0,0,1.8367873034725519e-25
top_hat,200,1,upwind,167.5,0,0,5.6219461003754972e-26
top_hat,200,1,upwind,168.5,0,0,1.7033970183539718e-26
top_hat,200,1,upwind,169.5,0,0,5.1093590387530471e-27
top_hat,200,1,upwind,170.5,0,0,1.5172526225889316e-27
top_hat,200,1,upwind,171.5,0,0,4.4607674032118769e-28
top_hat,200,1,upwind,172.5,0,0,1.2984953945121136e-28
top_hat,200,1,upwind,173.5,0,0,3.7425622260781759e-29
top_hat,200,1,upwind,174.5,0,0,1.0681044926610369e-29
top_hat,200,1,upwind,175.5,0,0,3.0185095603598309e-30
top_hat,200,1,upwind,176.5,0,0,8.4474022579941824e-31
top_hat,200,1,upwind,177.5,0,0,2.3411163990584764e-31
top_hat,200,1,upwind,178.5,0,0,6.4255330927779483e-32
top_hat,200,1,upwind,179.5,0,0,1.7466201822650405e-32
top_hat,200,1,upwind,180.5,0,0,4.7022690993661517e-33
top_hat,200,1,upwind,181.5,0,0,1.25386980758918e-33
top_hat,200,1,upwind,182.5,0,0,3.3116876131578362e-34
top_hat,200,1,upwind,183.5,0,0,8.6639105177674545e-35
top_hat,200,1,upwind,184.5,0,0,2.2452343966245407e-35
top_hat,200,1,upwind,185.5,0,0,5.763784674844851e-36
top_hat,200,1,upwind,186.5,0,0,1.4657742338704245e-36
top_hat,200,1,upwind,187.5,0,0,3.6927880559895673e-37
top_hat,200,1,upwind,188.5,0,0,9.2168832757044204e-38
top_hat,200,1,upwind,189.5,0,0,2.2791368130472197e-38
top_hat,200,1,upwind,190.5,0,0,5.5837667072425076e-39
top_hat,200,1,upwind,191.5,0,0,1.3554029134897435e-39
top_hat,200,1,upwind,192.5,0,0,3.2599229322261884e-40
top_hat,200,1,upwind,193.5,0,0,7.7688596800770551e-41
top_hat,200,1,upwind,194.5,0,0,1.834557293977612e-41
top_hat,200,1,upwind,195.5,0,0,4.2928147586569054e-42
top_hat,200,1,upwind,196.5,0,0,9.9541108706658706e-43
top_hat,200,1,upwind,197.5,0,0,2.2873078925740379e-43
top_hat,200,1,upwind,198.5,0,0,5.2085972010836291e-44
top_hat,200,1,upwind,199.5,0,0,1.1754464748424384e-44
top_hat,200,1,TVD_vanLeer,0.5,0,0,0
top_hat,200,1,TVD_vanLeer,1.5,0,0,0
top_hat,200,1,TVD_vanLeer,2.5,0,0,0
top_hat,200,1,TVD_vanLeer,3.5,0,0,0
top_hat,200,1,TVD_vanLeer,4.5,0,0,0
top_hat,200,1,TVD_vanLeer,5.5,0,0,0
top_hat,200,1,TVD_vanLeer,6.5,0,0,0
top_hat,200,1,TVD_vanLeer,7.5,0,0,0
top_hat,200,1,TVD_vanLeer,8.5,0,0,0
top_hat,200,1,TVD_vanLeer,9.5,0,0,0
top_hat,200,1,TVD_vanLeer,10.5,0,0,0
top_hat,200,1,TVD_vanLeer,11.5,0,0,0
top_hat,200,1,TVD_vanLeer,12.5,0,0,0
top_hat,200,1,TVD_vanLeer,13.5,0,0,0
top_hat,200,1,TVD_vanLeer,14.5,0,0,0
top_hat,200,1,TVD_vanLeer,15.5,0,0,0
top_hat,200,1,TVD_vanLeer,16.5,0,0,0
top_hat,200,1,TVD_vanLeer,17.5,0,0,0
top_hat,200,1,TVD_vanLeer,18.5,0,0,0
top_hat,200,1,TVD_vanLeer,19.5,0,0,0
top_hat,200,1,TVD_vanLeer,20.5,0,0,0
top_hat,200,1,TVD_vanLeer,21.5,0,0,0
top_hat,200,1,TVD_vanLeer,22.5,0,0,0
top_hat,200,1,TVD_vanLeer,23.5,0,0,0
top_hat,200,1,TVD_vanLeer,24.5,0,0,0
top_hat,200,1,TVD_vanLeer,25.5,1,0,1.2207121728150284e-30
top_hat,200,1,TVD_vanLeer,26.5,1,0,5.9662766973660552e-29
top_hat,200,1,TVD_vanLeer,27.5,1,0,1.4556368397865725e-27
top_hat,200,1,TVD_vanLeer,28.5,1,0,2.363679357331126e-26
top_hat,200,1,TVD_vanLeer,29.5,1,0,2.8737570924297396e-25
top_hat,200,1,TVD_vanLeer,30.5,1,0,2.790318692613527e-24
top_hat,200,1,TVD_vanLeer,31.5,1,0,2.253804177823243e-23
top_hat,200,1,TVD_vanLeer,32.5,1,0,1.5576119916903463e-22
top_hat,200,1,TVD_vanLeer,33.5,1,0,9.4021184119762788e-22
top_hat,200,1,TVD_vanLeer,34.5,1,0,5.0355024517616575e-21
top_hat,200,1,TVD_vanLeer,35.5,0,0,2.4226669154256817e-20
top_hat,200,1,TVD_vanLeer,36.5,0,0,1.0576247776987334e-19
top_hat,200,1,TVD_vanLeer,37.5,0,0,4.2242493240607161e-19
top_hat,200,1,TVD_vanLeer,38.5,0,0,1.5544033300077137e-18
top_hat,200,1,TVD_vanLeer,39.5,0,0,5.300821931735754e-18
top_hat,200,1,TVD_vanLeer,40.5,0,0,1.6838573275372257e-17
top_hat,200,1,TVD_vanLeer,41.5,0,0,5.0048301429291775e-17
top_hat,200,1,TVD_vanLeer,42.5,0,0,1.39739542626346e-16
top_hat,200,1,TVD_vanLeer,43.5,0,0,3.6784382198919637e-16
top_hat,200,1,TVD_vanLeer,44.5,0,0,9.160112119819263e-16
top_hat,200,1,TVD_vanLeer,45.5,0,0,2.16523423325065e-15
top_hat,200,1,TVD_vanLeer,46.5,0,0,4.875941854660773e-15
top_hat,200,1,TVD_vanLeer,47.5,0,0,1.0505554716283206e-14
top_hat,200,1,TVD_vanLeer,48.5,0,0,2.1775912055521823e-14
top_hat,200,1,TVD_vanLeer,49.5,0,0,4.3764880368304761e-14
top_hat,200,1,TVD_vanLeer,50.5,0,0,8.6391647786853499e-14
top_hat,200,1,TVD_vanLeer,51.5,0,0,1.7274315200816984e-13
top_hat,200,1,TVD_vanLeer,52.5,0,0,3.9135457709211532e-13
top_hat,200,1,TVD_vanLeer,53.5,0,0,1.2750592309664858e-12
top_hat,200,1,TVD_vanLeer,54.5,0,0,6.0090131460520756e-12
top_hat,200,1,TVD_vanLeer,55.500000000000007,0,0,3.2053322392775941e-11
top_hat,200,1,TVD_vanLeer,56.5,0,0,1.6961045578094277e-10
top_hat,200,1,TVD_vanLeer,57.499999999999993,0,0,8.6047924239130991e-10
top_hat,200,1,TVD_vanLeer,58.5,0,0,4.15702576595915e-09
top_hat,200,1,TVD_vanLeer,59.5,0,0,1.9101851926081463e-08
top_hat,200,1,TVD_vanLeer,60.5,0,0,8.3474847675471928e-08
top_hat,200,1,TVD_vanLeer,61.5,0,0,3.4690271889937697e-07
top_hat,200,1,TVD_vanLeer,62.5,0,0,1.3708414572805816e-06
top_hat,200,1,TVD_vanLeer,63.5,0,0,5.149975108856101e-06
top_hat,200,1,TVD_vanLeer,64.5,0,0,1.838755113835555e-05
top_hat,200,1,TVD_vanLeer,65.5,0,0,6.2367272598319915e-05
top_hat,200,1,TVD_vanLeer,66.5,0,0,0.00020084866503333439
top_hat,200,1,TVD_vanLeer,67.5,0,0,0.00061373734812366428
top_hat,200,1,TVD_vanLeer,68.5,0,0,0.0017782290471789588
top_hat,200,1,TVD_vanLeer,69.5,0,0,0.0048816175366589668
top_hat,200,1,TVD_vanLeer,70.5,0,0,0.012688444479220407
top_hat,200,1,TVD_vanLeer,71.5,0,0,0.031206165671475512
top_hat,200,1,TVD_vanLeer,72.5,0,0,0.072545659752918143
top_hat,200,1,TVD_vanLeer,73.5,0,0,0.15882806095215507
top_hat,200,1,TVD_vanLeer,74.5,0,0,0.32281184624235881
top_hat,200,1,TVD_vanLeer,75.5,0,1,0.58216145189175839
top_hat,200,1,TVD_vanLeer,76.5,0,1,0.85177728025730082
top_hat,200,1,TVD_vanLeer,77.5,0,1,0.97300530819567399
top_hat,200,1,TVD_vanLeer,78.5,0,1,0.98633190457943143
top_hat,200,1,TVD_vanLeer,79.5,0,1,0.98593551703173732
top_hat,200,1,TVD_vanLeer,80.5,0,1,0.98206641997273769
top_hat,200,1,TVD_vanLeer,81.5,0,1,0.96784624637985284
top_hat,200,1,TVD_vanLeer,82.5,0,1,0.93025161866825645
top_hat,200,1,TVD_vanLeer,83.5,0,1,0.84684935134048034
top_hat,200,1,TVD_vanLeer,84.5,0,1,0.68552316327655372
top_hat,200,1,TVD_vanLeer,85.5,0,0,0.42852365422556221
top_hat,200,1,TVD_vanLeer,86.5,0,0,0.15404314543187497
top_hat,200,1,TVD_vanLeer,87.5,0,0,0.019561585876365414
top_hat,200,1,TVD_vanLeer,88.5,0,0,0.00047978157287327169
top_hat,200,1,TVD_vanLeer,89.5,0,0,1.2310668881402866e-06
top_hat,200,1,TVD_vanLeer,90.5,0,0,1.8697838834022221e-10
top_hat,200,1,TVD_vanLeer,91.5,0,0,7.79025167248855e-13
top_hat,200,1,TVD_vanLeer,92.5,0,0,6.5370497915390371e-13
top_hat,200,1,TVD_vanLeer,93.5,0,0,5.2282134418804561e-13
top_hat,200,1,TVD_vanLeer,94.5,0,0,4.156944188744874e-13
top_hat,200,1,TVD_vanLeer,95.5,0,0,3.2683921890578849e-13
top_hat,200,1,TVD_vanLeer,96.5,0,0,2.5302727155809256e-13
top_hat,200,1,TVD_vanLeer,97.5,0,0,1.9264894519061323e-13
top_hat,200,1,TVD_vanLeer,98.5,0,0,1.4424232933644173e-13
top_hat,200,1,TVD_vanLeer,99.5,0,0,1.0624855802599332e-13
top_hat,200,1,TVD_vanLeer,100.5,0,0,7.7037449497322102e-14
top_hat,200,1,TVD_vanLeer,101.5,0,0,5.501064875636036e-14
top_hat,200,1,TVD_vanLeer,102.5,0,0,3.8699934256233269e-14
top_hat,200,1,TVD_vanLeer,103.5,0,0,2.6827396738330492e-14
top_hat,200,1,TVD_vanLeer,104.5,0,0,1.8326867140879831e-14
top_hat,200,1,TVD_vanLeer,105.5,0,0,1.2338070131646764e-14
top_hat,200,1,TVD_vanLeer,106.5,0,0,8.1856391579541985e-15
top_hat,200,1,TVD_vanLeer,107.5,0,0,5.3518285448353366e-15
top_hat,200,1,TVD_vanLeer,108.5,0,0,3.4482641702145928e-15
top_hat,200,1,TVD_vanLeer,109.50000000000001,0,0,2.1895775459841241e-15
top_hat,200,1,TVD_vanLeer,110.50000000000001,0,0,1.3702559774636146e-15
top_hat,200,1,TVD_vanLeer,111.50000000000001,0,0,8.451822512756259e-16
top_hat,200,1,TVD_vanLeer,112.5,0,0,5.1384933123385525e-16
top_hat,200,1,TVD_vanLeer,113.49999999999999,0,0,3.0795676578498915e-16
top_hat,200,1,TVD_vanLeer,114.49999999999999,0,0,1.8194716602851403e-16
top_hat,200,1,TVD_vanLeer,115.49999999999999,0,0,1.0598300889512299e-16
top_hat,200,1,TVD_vanLeer,116.5,0,0,6.0869105562891999e-17
top_hat,200,1,TVD_vanLeer,117.5,0,0,3.4471652124170974e-17
top_hat,200,1,TVD_vanLeer,118.5,0,0,1.9251609879161558e-17
top_hat,200,1,TVD_vanLeer,119.5,0,0,1.0603460176413453e-17
top_hat,200,1,TVD_vanLeer,120.5,0,0,5.7602349430968647e-18
top_hat,200,1,TVD_vanLeer,121.5,0,0,3.0866106918300755e-18
top_hat,200,1,TVD_vanLeer,122.5,0,0,1.6315869321788795e-18
top_hat,200,1,TVD_vanLeer,123.5,0,0,8.5087047715216526e-19
top_hat,200,1,TVD_vanLeer,124.5,0,0,4.3780448108904361e-19
top_hat,200,1,TVD_vanLeer,125.5,0,0,2.2227952980466949e-19
top_hat,200,1,TVD_vanLeer,126.5,0,0,1.1136803056334868e-19
top_hat,200,1,TVD_vanLeer,127.5,0,0,5.506845199984389e-20
top_hat,200,1,TVD_vanLeer,128.5,0,0,2.6876083488646042e-20
top_hat,200,1,TVD_vanLeer,129.5,0,0,1.2947603077310039e-20
top_hat,200,1,TVD_vanLeer,130.5,0,0,6.1576136146715202e-21
top_hat,200,1,TVD_vanLeer,131.5,0,0,2.8911746310414122e-21
top_hat,200,1,TVD_vanLeer,132.5,0,0,1.3403367916368594e-21
top_hat,200,1,TVD_vanLeer,133.5,0,0,6.135780482633724e-22
top_hat,200,1,TVD_vanLeer,134.5,0,0,2.7738314622358259e-22
top_hat,200,1,TVD_vanLeer,135.5,0,0,1.2384610718883993e-22
top_hat,200,1,TVD_vanLeer,136.5,0,0,5.4615237023494845e-23
top_hat,200,1,TVD_vanLeer,137.5,0,0,2.3790909465709929e-23
top_hat,200,1,TVD_vanLeer,138.5,0,0,1.0237879868133996e-23
top_hat,200,1,TVD_vanLeer,139.5,0,0,4.3525741332878863e-24
top_hat,200,1,TVD_vanLeer,140.5,0,0,1.8283286498227675e-24
top_hat,200,1,TVD_vanLeer,141.5,0,0,7.5887184136430679e-25
top_hat,200,1,TVD_vanLeer,142.5,0,0,3.1125920582662936e-25
top_hat,200,1,TVD_vanLeer,143.5,0,0,1.2616777212427135e-25
top_hat,200,1,TVD_vanLeer,144.5,0,0,5.0545134960472023e-26
top_hat,200,1,TVD_vanLeer,145.5,0,0,2.001458500568459e-26
top_hat,200,1,TVD_vanLeer,146.5,0,0,7.8339556622880176e-27
top_hat,200,1,TVD_vanLeer,147.5,0,0,3.0311909817657839e-27
top_hat,200,1,TVD_vanLeer,148.5,0,0,1.1595058657084384e-27
top_hat,200,1,TVD_vanLeer,149.5,0,0,4.3851986110178905e-28
top_hat,200,1,TVD_vanLeer,150.5,0,0,1.6398000688924704e-28
top_hat,200,1,TVD_vanLeer,151.5,0,0,6.0632565866802809e-29
top_hat,200,1,TVD_vanLeer,152.5,0,0,2.216981036234807e-29
top_hat,200,1,TVD_vanLeer,153.5,0,0,8.0165231115339791e-30
top_hat,200,1,TVD_vanLeer,154.5,0,0,2.8668483281423734e-30
top_hat,200,1,TVD_vanLeer,155.5,0,0,1.0140142480574161e-30
top_hat,200,1,TVD_vanLeer,156.5,0,0,3.5475594117849393e-31
top_hat,200,1,TVD_vanLeer,157.5,0,0,1.2276843824278223e-31
top_hat,200,1,TVD_vanLeer,158.5,0,0,4.2028117010237835e-32
top_hat,200,1,TVD_vanLeer,159.5,0,0,1.4233561073109926e-32
top_hat,200,1,TVD_vanLeer,160.5,0,0,4.7690460115292685e-33
top_hat,200,1,TVD_vanLeer,161.5,0,0,1.5809467092162064e-33
top_hat,200,1,TVD_vanLeer,162.5,0,0,5.1855377382545923e-34
top_hat,200,1,TVD_vanLeer,163.5,0,0,1.6829991969803284e-34
top_hat,200,1,TVD_vanLeer,164.5,0,0,5.4051764563809543e-35
top_hat,200,1,TVD_vanLeer,165.5,0,0,1.7178832818948633e-35
top_hat,200,1,TVD_vanLeer,166.5,0,0,5.4032720235261241e-36
top_hat,200,1,TVD_vanLeer,167.5,0,0,1.6819793369301166e-36
top_hat,200,1,TVD_vanLeer,168.5,0,0,5.1821027984277806e-37
top_hat,200,1,TVD_vanLeer,169.5,0,0,1.5802780123665412e-37
top_hat,200,1,TVD_vanLeer,170.5,0,0,4.7700541364611664e-38
top_hat,200,1,TVD_vanLeer,171.5,0,0,1.4252641506735079e-38
top_hat,200,1,TVD_vanLeer,172.5,0,0,4.2156956039595575e-39
top_hat,200,1,TVD_vanLeer,173.5,0,0,1.2344236411729238e-39
top_hat,200,1,TVD_vanLeer,174.5,0,0,3.5784856662085288e-40
top_hat,200,1,TVD_vanLeer,175.5,0,0,1.0270534800186212e-40
top_hat,200,1,TVD_vanLeer,176.5,0,0,2.9185283748242593e-41
top_hat,200,1,TVD_vanLeer,177.5,0,0,8.2116405710005993e-42
top_hat,200,1,TVD_vanLeer,178.5,0,0,2.2877516042939786e-42
top_hat,200,1,TVD_vanLeer,179.5,0,0,6.3112912095775074e-43
top_hat,200,1,TVD_vanLeer,180.5,0,0,1.7241505765671982e-43
top_hat,200,1,TVD_vanLeer,181.5,0,0,4.6644099745698004e-44
top_hat,200,1,TVD_vanLeer,182.5,0,0,1.2496818065151899e-44
top_hat,200,1,TVD_vanLeer,183.5,0,0,3.3158874015758403e-45
top_hat,200,1,TVD_vanLeer,184.5,0,0,8.7139250513816407e-46
top_hat,200,1,TVD_vanLeer,185.5,0,0,2.2680751747874143e-46
top_hat,200,1,TVD_vanLeer,186.5,0,0,5.8471771661080133e-47
top_hat,200,1,TVD_vanLeer,187.5,0,0,1.4931230302109545e-47
top_hat,200,1,TVD_vanLeer,188.5,0,0,3.7767702750179242e-48
top_hat,200,1,TVD_vanLeer,189.5,0,0,9.4631567288125379e-49
top_hat,200,1,TVD_vanLeer,190.5,0,0,2.3488571060025651e-49
top_hat,200,1,TVD_vanLeer,191.5,0,0,5.7755937114907862e-50
top_hat,200,1,TVD_vanLeer,192.5,0,0,1.4069228537024253e-50
top_hat,200,1,TVD_vanLeer,193.5,0,0,3.3954039628299324e-51
top_hat,200,1,TVD_vanLeer,194.5,0,0,8.1184629496159558e-52
top_hat,200,1,TVD_vanLeer,195.5,0,0,1.923228215547028e-52
top_hat,200,1,TVD_vanLeer,196.5,0,0,4.5141471074096669e-53
top_hat,200,1,TVD_vanLeer,197.5,0,0,1.0498360503525492e-53
top_hat,200,1,TVD_vanLeer,198.5,0,0,2.4192510576898764e-54
top_hat,200,1,TVD_vanLeer,199.5,0,0,5.5241652703994491e-55
top_hat,200,1,PLM_MC,0.5,0,0,0
top_hat,200,1,PLM_MC,1.5,0,0,0
top_hat,200,1,PLM_MC,2.5,0,0,0
top_hat,200,1,PLM_MC,3.5,0,0,0
top_hat,200,1,PLM_MC,4.5,0,0,0
top_hat,200,1,PLM_MC,5.5,0,0,0
top_hat,200,1,PLM_MC,6.5,0,0,0
top_hat,200,1,PLM_MC,7.5,0,0,0
top_hat,200,1,PLM_MC,8.5,0,0,0
top_hat,200,1,PLM_MC,9.5,0,0,0
top_hat,200,1,PLM_MC,10.5,0,0,0
top_hat,200,1,PLM_MC,11.5,0,0,0
top_hat,200,1,PLM_MC,12.5,0,0,0
top_hat,200,1,PLM_MC,13.5,0,0,0
top_hat,200,1,PLM_MC,14.5,0,0,0
top_hat,200,1,PLM_MC,15.5,0,0,0
top_hat,200,1,PLM_MC,16.5,0,0,0
top_hat,200,1,PLM_MC,17.5,0,0,0
top_hat,200,1,PLM_MC,18.5,0,0,0
top_hat,200,1,PLM_MC,19.5,0,0,0
top_hat,200,1,PLM_MC,20.5,0,0,0
top_hat,200,1,PLM_MC,21.5,0,0,0
top_hat,200,1,PLM_MC,22.5,0,0,0
top_hat,200,1,PLM_MC,23.5,0,0,0
top_hat,200,1,PLM_MC,24.5,0,0,0
top_hat,200,1,PLM_MC,25.5,1,0,7.0495217501837332e-49
top_hat,200,1,PLM_MC,26.5,1,0,1.3453857003995984e-46
top_hat,200,1,PLM_MC,27.5,1,0,1.2775615527539034e-44
top_hat,200,1,PLM_MC,28.5,1,0,8.0481198364100254e-43
top_hat,200,1,PLM_MC,29.5,1,0,3.7838090715066155e-41
top_hat,200,1,PLM_MC,30.5,1,0,1.4161466903628115e-39
top_hat,200,1,PLM_MC,31.5,1,0,4.3949613016765149e-38
top_hat,200,1,PLM_MC,32.5,1,0,1.1633234905048677e-36
top_hat,200,1,PLM_MC,33.5,1,0,2.6810050913283328e-35
top_hat,200,1,PLM_MC,34.5,1,0,5.4649506147891947e-34
top_hat,200,1,PLM_MC,35.5,0,0,9.9761761556393359e-33
top_hat,200,1,PLM_MC,36.5,0,0,1.6474097310064028e-31
top_hat,200,1,PLM_MC,37.5,0,0,2.4814855646921507e-30
top_hat,200,1,PLM_MC,38.5,0,0,3.4334722921977873e-29
top_hat,200,1,PLM_MC,39.5,0,0,4.389968562774843e-28
top_hat,200,1,PLM_MC,40.5,0,0,5.2136137992103623e-27
top_hat,200,1,PLM_MC,41.5,0,0,5.7773454492400937e-26
top_hat,200,1,PLM_MC,42.5,0,0,5.9974194547554372e-25
top_hat,200,1,PLM_MC,43.5,0,0,5.8532250065496516e-24
top_hat,200,1,PLM_MC,44.5,0,0,5.3878462365932849e-23
top_hat,200,1,PLM_MC,45.5,0,0,4.6912843932164692e-22
top_hat,200,1,PLM_MC,46.5,0,0,3.8742460164299277e-21
top_hat,200,1,PLM_MC,47.5,0,0,3.0421248304875053e-20
top_hat,200,1,PLM_MC,48.5,0,0,2.2764905602057783e-19
top_hat,200,1,PLM_MC,49.5,0,0,1.6270507547148105e-18
top_hat,200,1,PLM_MC,50.5,0,0,1.1129749164477492e-17
top_hat,200,1,PLM_MC,51.5,0,0,7.3010891662933914e-17
top_hat,200,1,PLM_MC,52.5,0,0,4.6020740937105442e-16
top_hat,200,1,PLM_MC,53.5,0,0,2.7926420748235456e-15
top_hat,200,1,PLM_MC,54.5,0,0,1.63455709243866e-14
top_hat,200,1,PLM_MC,55.500000000000007,0,0,9.2456888141880051e-14
top_hat,200,1,PLM_MC,56.5,0,0,5.063786887510141e-13
top_hat,200,1,PLM_MC,57.499999999999993,0,0,2.6907238444826826e-12
top_hat,200,1,PLM_MC,58.5,0,0,1.3899658061989106e-11
top_hat,200,1,PLM_MC,59.5,0,0,6.9950431237226945e-11
top_hat,200,1,PLM_MC,60.5,0,0,3.4368826445759214e-10
top_hat,200,1,PLM_MC,61.5,0,0,1.6522944262552322e-09
top_hat,200,1,PLM_MC,62.5,0,0,7.7899632418114244e-09
top_hat,200,1,PLM_MC,63.5,0,0,3.6098575933491325e-08
top_hat,200,1,PLM_MC,64.5,0,0,1.6478650869214992e-07
top_hat,200,1,PLM_MC,65.5,0,0,7.4262653318728396e-07
top_hat,200,1,PLM_MC,66.5,0,0,3.3107576438516716e-06
top_hat,200,1,PLM_MC,67.5,0,0,1.4629045036261597e-05
top_hat,200,1,PLM_MC,68.5,0,0,6.4176790157812868e-05
top_hat,200,1,PLM_MC,69.5,0,0,0.00027993921892509614
top_hat,200,1,PLM_MC,70.5,0,0,0.0012157031458335629
top_hat,200,1,PLM_MC,71.5,0,0,0.0052617249089312373
top_hat,200,1,PLM_MC,72.5,0,0,0.022716105682382047
top_hat,200,1,PLM_MC,73.5,0,0,0.097448364425039374
top_hat,200,1,PLM_MC,74.5,0,0,0.3075605205189838
top_hat,200,1,PLM_MC,75.5,0,1,0.63326311254109591
top_hat,200,1,PLM_MC,76.5,0,1,0.9323679990461895
top_hat,200,1,PLM_MC,77.5,0,1,0.99969761494043663
top_hat,200,1,PLM_MC,78.5,0,1,0.99967726889933406
top_hat,200,1,PLM_MC,79.5,0,1,0.99951028385597396
top_hat,200,1,PLM_MC,80.5,0,1,0.99863944400155413
top_hat,200,1,PLM_MC,81.5,0,1,0.99467519791102765
top_hat,200,1,PLM_MC,82.5,0,1,0.97733525202835847
top_hat,200,1,PLM_MC,83.5,0,1,0.90282800614188374
top_hat,200,1,PLM_MC,84.5,0,1,0.69281067389018014
top_hat,200,1,PLM_MC,85.5,0,0,0.36701871634937555
top_hat,200,1,PLM_MC,86.5,0,0,0.067611002516936858
top_hat,200,1,PLM_MC,87.5,0,0,-2.7582713082972444e-17
top_hat,200,1,PLM_MC,88.5,0,0,-2.714248386536686e-17
top_hat,200,1,PLM_MC,89.5,0,0,-2.4183536127639311e-17
top_hat,200,1,PLM_MC,90.5,0,0,-1.5039677962903779e-17
top_hat,200,1,PLM_MC,91.5,0,0,-4.06923659975112e-18
top_hat,200,1,PLM_MC,92.5,0,0,0
top_hat,200,1,PLM_MC,93.5,0,0,0
top_hat,200,1,PLM_MC,94.5,0,0,0
top_hat,200,1,PLM_MC,95.5,0,0,0
top_hat,200,1,PLM_MC,96.5,0,0,0
top_hat,200,1,PLM_MC,97.5,0,0,0
top_hat,200,1,PLM_MC,98.5,0,0,0
top_hat,200,1,PLM_MC,99.5,0,0,0
top_hat,200,1,PLM_MC,100.5,0,0,0
top_hat,200,1,PLM_MC,101.5,0,0,0
top_hat,200,1,PLM_MC,102.5,0,0,0
top_hat,200,1,PLM_MC,103.5,0,0,0
top_hat,200,1,PLM_MC,104.5,0,0,0
top_hat,200,1,PLM_MC,105.5,0,0,0
top_hat,200,1,PLM_MC,106.5,0,0,0
top_hat,200,1,PLM_MC,107.5,0,0,0
top_hat,200,1,PLM_MC,108.5,0,0,0
top_hat,200,1,PLM_MC,109.50000000000001,0,0,0
top_hat,200,1,PLM_MC,110.50000000000001,0,0,0
top_hat,200,1,PLM_MC,111.50000000000001,0,0,0
top_hat,200,1,PLM_MC,112.5,0,0,0
top_hat,200,1,PLM_MC,113.49999999999999,0,0,0
top_hat,200,1,PLM_MC,114.49999999999999,0,0,0
top_hat,200,1,PLM_MC,115.49999999999999,0,0,0
top_hat,200,1,PLM_MC,116.5,0,0,0
top_hat,200,1,PLM_MC,117.5,0,0,0
top_hat,200,1,PLM_MC,118.5,0,0,0
top_hat,200,1,PLM_MC,119.5,0,0,0
top_hat,200,1,PLM_MC,120.5,0,0,0
top_hat,200,1,PLM_MC,121.5,0,0,0
top_hat,200,1,PLM_MC,122.5,0,0,0
top_hat,200,1,PLM_MC,123.5,0,0,0
top_hat,200,1,PLM_MC,124.5,0,0,0
top_hat,200,1,PLM_MC,125.5,0,0,0
top_hat,200,1,PLM_MC,126.5,0,0,0
top_hat,200,1,PLM_MC,127.5,0,0,0
top_hat,200,1,PLM_MC,128.5,0,0,0
top_hat,200,1,PLM_MC,129.5,0,0,0
top_hat,200,1,PLM_MC,130.5,0,0,0
top_hat,200,1,PLM_MC,131.5,0,0,0
top_hat,200,1,PLM_MC,132.5,0,0,0
top_hat,200,1,PLM_MC,133.5,0,0,0
top_hat,200,1,PLM_MC,134.5,0,0,0
top_hat,200,1,PLM_MC,135.5,0,0,0
top_hat,200,1,PLM_MC,136.5,0,0,0
top_hat,200,1,PLM_MC,137.5,0,0,0
top_hat,200,1,PLM_MC,138.5,0,0,0
top_hat,200,1,PLM_MC,139.5,0,0,0
top_hat,200,1,PLM_MC,140.5,0,0,0
top_hat,200,1,PLM_MC,141.5,0,0,0
top_hat,200,1,PLM_MC,142.5,0,0,0
top_hat,200,1,PLM_MC,143.5,0,0,0
top_hat,200,1,PLM_MC,144.5,0,0,0
top_hat,200,1,PLM_MC,145.5,0,0,0
top_hat,200,1,PLM_MC,146.5,0,0,0
top_hat,200,1,PLM_MC,147.5,0,0,0
top_hat,200,1,PLM_MC,148.5,0,0,0
top_hat,200,1,PLM_MC,149.5,0,0,0
top_hat,200,1,PLM_MC,150.5,0,0,0
top_hat,200,1,PLM_MC,151.5,0,0,0
top_hat,200,1,PLM_MC,152.5,0,0,0
top_hat,200,1,PLM_MC,153.5,0,0,0
top_hat,200,1,PLM_MC,154.5,0,0,0
top_hat,200,1,PLM_MC,155.5,0,0,0
top_hat,200,1,PLM_MC,156.5,0,0,0
top_hat,200,1,PLM_MC,157.5,0,0,0
top_hat,200,1,PLM_MC,158.5,0,0,0
top_hat,200,1,PLM_MC,159.5,0,0,0
top_hat,200,1,PLM_MC,160.5,0,0,0
top_hat,200,1,PLM_MC,161.5,0,0,0
top_hat,200,1,PLM_MC,162.5,0,0,0
top_hat,200,1,PLM_MC,163.5,0,0,0
top_hat,200,1,PLM_MC,164.5,0,0,0
top_hat,200,1,PLM_MC,165.5,0,0,0
top_hat,200,1,PLM_MC,166.5,0,0,0
top_hat,200,1,PLM_MC,167.5,0,0,0
top_hat,200,1,PLM_MC,168.5,0,0,0
top_hat,200,1,PLM_MC,169.5,0,0,0
top_hat,200,1,PLM_MC,170.5,0,0,0
top_hat,200,1,PLM_MC,171.5,0,0,0
top_hat,200,1,PLM_MC,172.5,0,0,0
top_hat,200,1,PLM_MC,173.5,0,0,0
top_hat,200,1,PLM_MC,174.5,0,0,0
top_hat,200,1,PLM_MC,175.5,0,0,0
top_hat,200,1,PLM_MC,176.5,0,0,0
top_hat,200,1,PLM_MC,177.5,0,0,0
top_hat,200,1,PLM_MC,178.5,0,0,0
top_hat,200,1,PLM_MC,179.5,0,0,0
top_hat,200,1,PLM_MC,180.5,0,0,0
top_hat,200,1,PLM_MC,181.5,0,0,0
top_hat,200,1,PLM_MC,182.5,0,0,0
top_hat,200,1,PLM_MC,183.5,0,0,0
top_hat,200,1,PLM_MC,184.5,0,0,0
top_hat,200,1,PLM_MC,185.5,0,0,0
top_hat,200,1,PLM_MC,186.5,0,0,0
top_hat,200,1,PLM_MC,187.5,0,0,0
top_hat,200,1,PLM_MC,188.5,0,0,0
top_hat,200,1,PLM_MC,189.5,0,0,0
top_hat,200,1,PLM_MC,190.5,0,0,0
top_hat,200,1,PLM_MC,191.5,0,0,0
top_hat,200,1,PLM_MC,192.5,0,0,0
top_hat,200,1,PLM_MC,193.5,0,0,0
top_hat,200,1,PLM_MC,194.5,0,0,0
top_hat,200,1,PLM_MC,195.5,0,0,0
top_hat,200,1,PLM_MC,196.5,0,0,0
top_hat,200,1,PLM_MC,197.5,0,0,0
top_hat,200,1,PLM_MC,198.5,0,0,0
top_hat,200,1,PLM_MC,199.5,0,0,0
top_hat,200,2,upwind,0.5,0,0,0
top_hat,200,2,upwind,1.5,0,0,0
top_hat,200,2,upwind,2.5,0,0,0
top_hat,200,2,upwind,3.5,0,0,0
top_hat,200,2,upwind,4.5,0,0,0
top_hat,200,2,upwind,5.5,0,0,0
top_hat,200,2,upwind,6.5,0,0,0
top_hat,200,2,upwind,7.5,0,0,0
top_hat,200,2,upwind,8.5,0,0,0
top_hat,200,2,upwind,9.5,0,0,0
top_hat,200,2,upwind,10.5,0,0,0
top_hat,200,2,upwind,11.5,0,0,0
top_hat,200,2,upwind,12.5,0,0,0
top_hat,200,2,upwind,13.5,0,0,0
top_hat,200,2,upwind,14.5,0,0,0
top_hat,200,2,upwind,15.5,0,0,0
top_hat,200,2,upwind,16.5,0,0,0
top_hat,200,2,upwind,17.5,0,0,0
top_hat,200,2,upwind,18.5,0,0,0
top_hat,200,2,upwind,19.5,0,0,0
top_hat,200,2,upwind,20.5,0,0,0
top_hat,200,2,upwind,21.5,0,0,0
top_hat,200,2,upwind,22.5,0,0,0
top_hat,200,2,upwind,23.5,0,0,0
top_hat,200,2,upwind,24.5,0,0,0
top_hat,200,2,upwind,25.5,1,0,5.9223865215328671e-25
top_hat,200,2,upwind,26.5,1,0,3.7607154411733587e-23
top_hat,200,2,upwind,27.5,1,0,1.189696407428755e-21
top_hat,200,2,upwind,28.5,1,0,2.4999540969777393e-20
top_hat,200,2,upwind,29.5,1,0,3.9256401640105723e-19
top_hat,200,2,upwind,30.5,1,0,4.913607064205783e-18
top_hat,200,2,upwind,31.5,1,0,5.1065921510545674e-17
top_hat,200,2,upwind,32.5,1,0,4.532503759715076e-16
top_hat,200,2,upwind,33.5,1,0,3.5073385770344369e-15
top_hat,200,2,upwind,34.5,1,0,2.4037598150846346e-14
top_hat,200,2,upwind,35.5,0,0,1.4773241208247089e-13
top_hat,200,2,upwind,36.5,0,0,8.2243139713027464e-13
top_hat,200,2,upwind,37.5,0,0,4.1818700925463457e-12
top_hat,200,2,upwind,38.5,0,0,1.9557762564567695e-11
top_hat,200,2,upwind,39.5,0,0,8.4630735795431676e-11
top_hat,200,2,upwind,40.5,0,0,3.4058442742820714e-10
top_hat,200,2,upwind,41.5,0,0,1.2804143593406952e-09
top_hat,200,2,upwind,42.5,0,0,4.5145347640262981e-09
top_hat,200,2,upwind,43.5,0,0,1.4980505987725918e-08
top_hat,200,2,upwind,44.5,0,0,4.6929249042292335e-08
top_hat,200,2,upwind,45.5,0,0,1.3918118019866345e-07
top_hat,200,2,upwind,46.5,0,0,3.9177541759220873e-07
top_hat,200,2,upwind,47.5,0,0,1.0490929089397559e-06
top_hat,200,2,upwind,48.5,0,0,2.6780900763001252e-06
top_hat,200,2,upwind,49.5,0,0,6.5299609128931986e-06
top_hat,200,2,upwind,50.5,0,0,1.5235080114817723e-05
top_hat,200,2,upwind,51.5,0,0,3.4067884611903631e-05
top_hat,200,2,upwind,52.5,0,0,7.3127231317599806e-05
top_hat,200,2,upwind,53.5,0,0,0.00015089315395323436
top_hat,200,2,upwind,54.5,0,0,0.00029970912132241479
top_hat,200,2,upwind,55.500000000000007,0,0,0.00057374511481207095
top_hat,200,2,upwind,56.5,0,0,0.0010598490845757052
top_hat,200,2,upwind,57.499999999999993,0,0,0.0018913174485998077
top_hat,200,2,upwind,58.5,0,0,0.0032639566125923724
top_hat,200,2,upwind,59.5,0,0,0.0054528708113024404
top_hat,200,2,upwind,60.5,0,0,0.0088272903295599694
top_hat,200,2,upwind,61.5,0,0,0.013859650002481707
top_hat,200,2,upwind,62.5,0,0,0.021124340065514953
top_hat,200,2,upwind,63.5,0,0,0.031281427579155877
top_hat,200,2,upwind,64.5,0,0,0.045041497273774246
top_hat,200,2,upwind,65.5,0,0,0.063109754127407797
top_hat,200,2,upwind,66.5,0,0,0.086110597994606394
top_hat,200,2,upwind,67.5,0,0,0.11449766808509897
top_hat,200,2,upwind,68.5,0,0,0.14845824131133314
top_hat,200,2,upwind,69.5,0,0,0.18782406705383506
top_hat,200,2,upwind,70.5,0,0,0.23200244175312765
top_hat,200,2,upwind,71.5,0,0,0.27994096255601292
top_hat,200,2,upwind,72.5,0,0,0.33013668704463917
top_hat,200,2,upwind,73.5,0,0,0.38069554115225634
top_hat,200,2,upwind,74.5,0,0,0.42944137373534869
top_hat,200,2,upwind,75.5,0,1,0.47406701258098327
top_hat,200,2,upwind,76.5,0,1,0.51231316895774892
top_hat,200,2,upwind,77.5,0,1,0.54215617512910907
top_hat,200,2,upwind,78.5,0,1,0.56198320158224524
top_hat,200,2,upwind,79.5,0,1,0.5707342762218528
top_hat,200,2,upwind,80.5,0,1,0.56799411588950555
top_hat,200,2,upwind,81.5,0,1,0.55402297825763003
top_hat,200,2,upwind,82.5,0,1,0.52972351804673268
top_hat,200,2,upwind,83.5,0,1,0.4965487796311171
top_hat,200,2,upwind,84.5,0,1,0.45636370775124169
top_hat,200,2,upwind,85.5,0,0,0.41127780279796194
top_hat,200,2,upwind,86.5,0,0,0.36346904684338455
top_hat,200,2,upwind,87.5,0,0,0.3150187382894708
top_hat,200,2,upwind,88.5,0,0,0.26777367979010847
top_hat,200,2,upwind,89.5,0,0,0.22324699510804208
top_hat,200,2,upwind,90.5,0,0,0.18256271208324987
top_hat,200,2,upwind,91.5,0,0,0.14644320899339952
top_hat,200,2,upwind,92.5,0,0,0.11523360074236001
top_hat,200,2,upwind,93.5,0,0,0.088953756393366584
top_hat,200,2,upwind,94.5,0,0,0.067367131030982311
top_hat,200,2,upwind,95.5,0,0,0.050055842697437479
top_hat,200,2,upwind,96.5,0,0,0.036493035922381484
top_hat,200,2,upwind,97.5,0,0,0.026106007599505786
top_hat,200,2,upwind,98.5,0,0,0.018326273525321683
top_hat,200,2,upwind,99.5,0,0,0.012625259004772588
top_hat,200,2,upwind,100.5,0,0,0.0085362902601528404
top_hat,200,2,upwind,101.5,0,0,0.0056648987055460918
top_hat,200,2,upwind,102.5,0,0,0.0036901285357161693
top_hat,200,2,upwind,103.5,0,0,0.0023596646386122326
top_hat,200,2,upwind,104.5,0,0,0.0014813315347583639
top_hat,200,2,upwind,105.5,0,0,0.0009130230454009392
top_hat,200,2,upwind,106.5,0,0,0.00055255232647838859
top_hat,200,2,upwind,107.5,0,0,0.00032836910975429957
top_hat,200,2,upwind,108.5,0,0,0.00019163886155125809
top_hat,200,2,upwind,109.50000000000001,0,0,0.00010984303762849468
top_hat,200,2,upwind,110.50000000000001,0,0,6.1839274245606871e-05
top_hat,200,2,upwind,111.50000000000001,0,0,3.4197490467395781e-05
top_hat,200,2,upwind,112.5,0,0,1.8577915736350147e-05
top_hat,200,2,upwind,113.49999999999999,0,0,9.9153316040899876e-06
top_hat,200,2,upwind,114.49999999999999,0,0,5.1994719968505443e-06
top_hat,200,2,upwind,115.49999999999999,0,0,2.6790869432553657e-06
top_hat,200,2,upwind,116.5,0,0,1.3565108491807377e-06
top_hat,200,2,upwind,117.5,0,0,6.7499636994452809e-07
top_hat,200,2,upwind,118.5,0,0,3.3010608467770166e-07
top_hat,200,2,upwind,119.5,0,0,1.5867596769136944e-07
top_hat,200,2,upwind,120.5,0,0,7.4973065823336039e-08
top_hat,200,2,upwind,121.5,0,0,3.4822997176586513e-08
top_hat,200,2,upwind,122.5,0,0,1.5900960256485664e-08
top_hat,200,2,upwind,123.5,0,0,7.1384795346157217e-09
top_hat,200,2,upwind,124.5,0,0,3.1509487047153614e-09
top_hat,200,2,upwind,125.5,0,0,1.3675950351471246e-09
top_hat,200,2,upwind,126.5,0,0,5.8368805635732687e-10
top_hat,200,2,upwind,127.5,0,0,2.4498356932929362e-10
top_hat,200,2,upwind,128.5,0,0,1.011232271368095e-10
top_hat,200,2,upwind,129.5,0,0,4.1053183507248605e-11
top_hat,200,2,upwind,130.5,0,0,1.6392607864130948e-11
top_hat,200,2,upwind,131.5,0,0,6.4383868155916067e-12
top_hat,200,2,upwind,132.5,0,0,2.4874570044650162e-12
top_hat,200,2,upwind,133.5,0,0,9.453757897123256e-13
top_hat,200,2,upwind,134.5,0,0,3.5346286748182997e-13
top_hat,200,2,upwind,135.5,0,0,1.3001479329639085e-13
top_hat,200,2,upwind,136.5,0,0,4.7051101957529877e-14
top_hat,200,2,upwind,137.5,0,0,1.6752995184051869e-14
top_hat,200,2,upwind,138.5,0,0,5.8691812248579966e-15
top_hat,200,2,upwind,139.5,0,0,2.023209717630138e-15
top_hat,200,2,upwind,140.5,0,0,6.8627428677533682e-16
top_hat,200,2,upwind,141.5,0,0,2.2906687506207178e-16
top_hat,200,2,upwind,142.5,0,0,7.5239876711240378e-17
top_hat,200,2,upwind,143.5,0,0,2.4320233772968296e-17
top_hat,200,2,upwind,144.5,0,0,7.7362973546573239e-18
top_hat,200,2,upwind,145.5,0,0,2.4218951846623064e-18
top_hat,200,2,upwind,146.5,0,0,7.4618161840349652e-19
top_hat,200,2,upwind,147.5,0,0,2.2626125203467695e-19
top_hat,200,2,upwind,148.5,0,0,6.7524422714323564e-20
top_hat,200,2,upwind,149.5,0,0,1.9833731962005941e-20
top_hat,200,2,upwind,150.5,0,0,5.7338703939146904e-21
top_hat,200,2,upwind,151.5,0,0,1.6315386989922473e-21
top_hat,200,2,upwind,152.5,0,0,4.5693914030423687e-22
top_hat,200,2,upwind,153.5,0,0,1.2596079973480953e-22
top_hat,200,2,upwind,154.5,0,0,3.4176872415797984e-23
top_hat,200,2,upwind,155.5,0,0,9.1275047887521117e-24
top_hat,200,2,upwind,156.5,0,0,2.399367910165838e-24
top_hat,200,2,upwind,157.5,0,0,6.2082331720506949e-25
top_hat,200,2,upwind,158.5,0,0,1.5811248149729259e-25
top_hat,200,2,upwind,159.5,0,0,3.9636107994076407e-26
top_hat,200,2,upwind,160.5,0,0,9.7800596514259838e-27
top_hat,200,2,upwind,161.5,0,0,2.3752852873279408e-27
top_hat,200,2,upwind,162.5,0,0,5.6782058099886628e-28
top_hat,200,2,upwind,163.5,0,0,1.3360540690551862e-28
top_hat,200,2,upwind,164.5,0,0,3.0942125269745129e-29
top_hat,200,2,upwind,165.5,0,0,7.0531685488552592e-30
top_hat,200,2,upwind,166.5,0,0,1.58241494472745e-30
top_hat,200,2,upwind,167.5,0,0,3.4942309854871476e-31
top_hat,200,2,upwind,168.5,0,0,7.5939939004914139e-32
top_hat,200,2,upwind,169.5,0,0,1.6243054239215888e-32
top_hat,200,2,upwind,170.5,0,0,3.4192787992744326e-33
top_hat,200,2,upwind,171.5,0,0,7.0837035330818906e-34
top_hat,200,2,upwind,172.5,0,0,1.4442223974027377e-34
top_hat,200,2,upwind,173.5,0,0,2.8976338599685184e-35
top_hat,200,2,upwind,174.5,0,0,5.7210489759076344e-36
top_hat,200,2,upwind,175.5,0,0,1.111518322761285e-36
top_hat,200,2,upwind,176.5,0,0,2.1249638166871411e-37
top_hat,200,2,upwind,177.5,0,0,3.9972804096502035e-38
top_hat,200,2,upwind,178.5,0,0,7.3984221808419636e-39
top_hat,200,2,upwind,179.5,0,0,1.347278296504913e-39
top_hat,200,2,upwind,180.5,0,0,2.4137958326332534e-40
top_hat,200,2,upwind,181.5,0,0,4.2545053830296619e-41
top_hat,200,2,upwind,182.5,0,0,7.3770417449334037e-42
top_hat,200,2,upwind,183.5,0,0,1.2582828741411116e-42
top_hat,200,2,upwind,184.5,0,0,2.1111273017641055e-43
top_hat,200,2,upwind,185.5,0,0,3.483908904037956e-44
top_hat,200,2,upwind,186.5,0,0,5.6547113358216434e-45
top_hat,200,2,upwind,187.5,0,0,9.0264983002879635e-46
top_hat,200,2,upwind,188.5,0,0,1.4169880397336504e-46
top_hat,200,2,upwind,189.5,0,0,2.1873723489413172e-47
top_hat,200,2,upwind,190.5,0,0,3.3201626294978372e-48
top_hat,200,2,upwind,191.5,0,0,4.9550192026996817e-49
top_hat,200,2,upwind,192.5,0,0,7.2702387184547894e-50
top_hat,200,2,upwind,193.5,0,0,1.0486633085304045e-50
top_hat,200,2,upwind,194.5,0,0,1.4868699110554336e-51
top_hat,200,2,upwind,195.5,0,0,2.0721608439821388e-52
top_hat,200,2,upwind,196.5,0,0,2.8382475045252228e-53
top_hat,200,2,upwind,197.5,0,0,3.8204515341062326e-54
top_hat,200,2,upwind,198.5,0,0,5.05331795913702e-55
top_hat,200,2,upwind,199.5,0,0,6.5674147653505766e-56
top_hat,200,2,TVD_vanLeer,0.5,0,0,0
top_hat,200,2,TVD_vanLeer,1.5,0,0,0
top_hat,200,2,TVD_vanLeer,2.5,0,0,0
top_hat,200,2,TVD_vanLeer,3.5,0,0,0
top_hat,200,2,TVD_vanLeer,4.5,0,0,0
top_hat,200,2,TVD_vanLeer,5.5,0,0,0
top_hat,200,2,TVD_vanLeer,6.5,0,0,0
top_hat,200,2,TVD_vanLeer,7.5,0,0,0
top_hat,200,2,TVD_vanLeer,8.5,0,0,0
top_hat,200,2,TVD_vanLeer,9.5,0,0,0
top_hat,200,2,TVD_vanLeer,10.5,0,0,0
top_hat,200,2,TVD_vanLeer,11.5,0,0,0
top_hat,200,2,TVD_vanLeer,12.5,0,0,0
top_hat,200,2,TVD_vanLeer,13.5,0,0,0
top_hat,200,2,TVD_vanLeer,14.5,0,0,0
top_hat,200,2,TVD_vanLeer,15.5,0,0,0
top_hat,200,2,TVD_vanLeer,16.5,0,0,0
top_hat,200,2,TVD_vanLeer,17.5,0,0,0
top_hat,200,2,TVD_vanLeer,18.5,0,0,0
top_hat,200,2,TVD_vanLeer,19.5,0,0,0
top_hat,200,2,TVD_vanLeer,20.5,0,0,0
top_hat,200,2,TVD_vanLeer,21.5,0,0,0
top_hat,200,2,TVD_vanLeer,22.5,0,0,0
top_hat,200,2,TVD_vanLeer,23.5,0,0,0
top_hat,200,2,TVD_vanLeer,24.5,0,0,0
top_hat,200,2,TVD_vanLeer,25.5,1,0,1.61862815764846e-32
top_hat,200,2,TVD_vanLeer,26.5,1,0,8.9544269811410606e-31
top_hat,200,2,TVD_vanLeer,27.5,1,0,2.4665434262377746e-29
top_hat,200,2,TVD_vanLeer,28.5,1,0,4.5104978612362308e-28
top_hat,200,2,TVD_vanLeer,29.5,1,0,6.1600334849960735e-27
top_hat,200,2,TVD_vanLeer,30.5,1,0,6.701603743145271e-26
top_hat,200,2,TVD_vanLeer,31.5,1,0,6.0495858524796074e-25
top_hat,200,2,TVD_vanLeer,32.5,1,0,4.6606183051913873e-24
top_hat,200,2,TVD_vanLeer,33.5,1,0,3.1280417200393495e-23
top_hat,200,2,TVD_vanLeer,34.5,1,0,1.8579642173318123e-22
top_hat,200,2,TVD_vanLeer,35.5,0,0,9.8882245963506156e-22
top_hat,200,2,TVD_vanLeer,36.5,0,0,4.7628368843852899e-21
top_hat,200,2,TVD_vanLeer,37.5,0,0,2.093482079820806e-20
top_hat,200,2,TVD_vanLeer,38.5,0,0,8.4555391511126706e-20
top_hat,200,2,TVD_vanLeer,39.5,0,0,3.1567899000193686e-19
top_hat,200,2,TVD_vanLeer,40.5,0,0,1.0949417318795248e-18
top_hat,200,2,TVD_vanLeer,41.5,0,0,3.5440551827286385e-18
top_hat,200,2,TVD_vanLeer,42.5,0,0,1.074646196433455e-17
top_hat,200,2,TVD_vanLeer,43.5,0,0,3.0632964783331865e-17
top_hat,200,2,TVD_vanLeer,44.5,0,0,8.2342264652505153e-17
top_hat,200,2,TVD_vanLeer,45.5,0,0,2.0931625326287238e-16
top_hat,200,2,TVD_vanLeer,46.5,0,0,5.0453105391321763e-16
top_hat,200,2,TVD_vanLeer,47.5,0,0,1.156120144158165e-15
top_hat,200,2,TVD_vanLeer,48.5,0,0,2.5251982013399292e-15
top_hat,200,2,TVD_vanLeer,49.5,0,0,5.2723482178238784e-15
top_hat,200,2,TVD_vanLeer,50.5,0,0,1.0557155988358211e-14
top_hat,200,2,TVD_vanLeer,51.5,0,0,2.03534873997435e-14
top_hat,200,2,TVD_vanLeer,52.5,0,0,3.7972457710358909e-14
top_hat,200,2,TVD_vanLeer,53.5,0,0,6.9031442138049866e-14
top_hat,200,2,TVD_vanLeer,54.5,0,0,1.2371207072235095e-13
top_hat,200,2,TVD_vanLeer,55.500000000000007,0,0,2.2647403673085489e-13
top_hat,200,2,TVD_vanLeer,56.5,0,0,4.9660114941583457e-13
top_hat,200,2,TVD_vanLeer,57.499999999999993,0,0,1.7718624827159604e-12
top_hat,200,2,TVD_vanLeer,58.5,0,0,9.5603711727116297e-12
top_hat,200,2,TVD_vanLeer,59.5,0,0,5.7512876739463734e-11
top_hat,200,2,TVD_vanLeer,60.5,0,0,3.4079423055707015e-10
top_hat,200,2,TVD_vanLeer,61.5,0,0,1.9372339936473865e-09
top_hat,200,2,TVD_vanLeer,62.5,0,0,1.0518428480276521e-08
top_hat,200,2,TVD_vanLeer,63.5,0,0,5.4537429864062043e-08
top_hat,200,2,TVD_vanLeer,64.5,0,0,2.7019458592093606e-07
top_hat,200,2,TVD_vanLeer,65.5,0,0,1.2803196131501005e-06
top_hat,200,2,TVD_vanLeer,66.5,0,0,5.8104844656869534e-06
top_hat,200,2,TVD_vanLeer,67.5,0,0,2.530354927369563e-05
top_hat,200,2,TVD_vanLeer,68.5,0,0,0.00010601022015678288
top_hat,200,2,TVD_vanLeer,69.5,0,0,0.0004287256014872351
top_hat,200,2,TVD_vanLeer,70.5,0,0,0.0016805567372079268
top_hat,200,2,TVD_vanLeer,71.5,0,0,0.0064113320483744577
top_hat,200,2,TVD_vanLeer,72.5,0,0,0.023834210335667488
top_hat,200,2,TVD_vanLeer,73.5,0,0,0.08524935454818236
top_hat,200,2,TVD_vanLeer,74.5,0,0,0.27482506460681294
top_hat,200,2,TVD_vanLeer,75.5,0,1,0.65821822619609083
top_hat,200,2,TVD_vanLeer,76.5,0,1,0.95159646411377963
top_hat,200,2,TVD_vanLeer,77.5,0,1,0.99817517190852278
top_hat,200,2,TVD_vanLeer,78.5,0,1,0.99889535990844847
top_hat,200,2,TVD_vanLeer,79.5,0,1,0.99877029530436834
top_hat,200,2,TVD_vanLeer,80.5,0,1,0.99781555374693165
top_hat,200,2,TVD_vanLeer,81.5,0,1,0.9934447652547177
top_hat,200,2,TVD_vanLeer,82.5,0,1,0.97641808625348436
top_hat,200,2,TVD_vanLeer,83.5,0,1,0.91545171990322316
top_hat,200,2,TVD_vanLeer,84.5,0,1,0.72646266851738361
top_hat,200,2,TVD_vanLeer,85.5,0,0,0.3431555719867439
top_hat,200,2,TVD_vanLeer,86.5,0,0,0.048214074361370117
top_hat,200,2,TVD_vanLeer,87.5,0,0,0.0008134460582706368
top_hat,200,2,TVD_vanLeer,88.5,0,0,6.1042683388726971e-07
top_hat,200,2,TVD_vanLeer,89.5,0,0,7.5332718409916466e-12
top_hat,200,2,TVD_vanLeer,90.5,0,0,7.2363803692081314e-13
top_hat,200,2,TVD_vanLeer,91.5,0,0,5.256725770489497e-13
top_hat,200,2,TVD_vanLeer,92.5,0,0,4.0313516805792309e-13
top_hat,200,2,TVD_vanLeer,93.5,0,0,3.0306852948381117e-13
top_hat,200,2,TVD_vanLeer,94.5,0,0,2.2507194575281525e-13
top_hat,200,2,TVD_vanLeer,95.5,0,0,1.6516683654831662e-13
top_hat,200,2,TVD_vanLeer,96.5,0,0,1.197621947017481e-13
top_hat,200,2,TVD_vanLeer,97.5,0,0,8.579950486810958e-14
top_hat,200,2,TVD_vanLeer,98.5,0,0,6.0718021518454484e-14
top_hat,200,2,TVD_vanLeer,99.5,0,0,4.2428225251170018e-14
top_hat,200,2,TVD_vanLeer,100.5,0,0,2.9260470683995679e-14
top_hat,200,2,TVD_vanLeer,101.5,0,0,1.9904132905109729e-14
top_hat,200,2,TVD_vanLeer,102.5,0,0,1.3346391940879934e-14
top_hat,200,2,TVD_vanLeer,103.5,0,0,8.815723744922349e-15
top_hat,200,2,TVD_vanLeer,104.5,0,0,5.7325144411526833e-15
top_hat,200,2,TVD_vanLeer,105.5,0,0,3.6674167516300964e-15
top_hat,200,2,TVD_vanLeer,106.5,0,0,2.3070706602752597e-15
top_hat,200,2,TVD_vanLeer,107.5,0,0,1.4263698455778546e-15
top_hat,200,2,TVD_vanLeer,108.5,0,0,8.6634108337991852e-16
top_hat,200,2,TVD_vanLeer,109.50000000000001,0,0,5.1674494070588407e-16
top_hat,200,2,TVD_vanLeer,110.50000000000001,0,0,3.0259957743622257e-16
top_hat,200,2,TVD_vanLeer,111.50000000000001,0,0,1.7392681681988079e-16
top_hat,200,2,TVD_vanLeer,112.5,0,0,9.8106324011673792e-17
top_hat,200,2,TVD_vanLeer,113.49999999999999,0,0,5.4300983308475048e-17
top_hat,200,2,TVD_vanLeer,114.49999999999999,0,0,2.9489389276463672e-17
top_hat,200,2,TVD_vanLeer,115.49999999999999,0,0,1.571284630198736e-17
top_hat,200,2,TVD_vanLeer,116.5,0,0,8.2143364542124093e-18
top_hat,200,2,TVD_vanLeer,117.5,0,0,4.2133529649674261e-18
top_hat,200,2,TVD_vanLeer,118.5,0,0,2.1205070599983146e-18
top_hat,200,2,TVD_vanLeer,119.5,0,0,1.0472122735021116e-18
top_hat,200,2,TVD_vanLeer,120.5,0,0,5.0751124775993942e-19
top_hat,200,2,TVD_vanLeer,121.5,0,0,2.4138499120257338e-19
top_hat,200,2,TVD_vanLeer,122.5,0,0,1.1268598173994228e-19
top_hat,200,2,TVD_vanLeer,123.5,0,0,5.1637909857804565e-20
top_hat,200,2,TVD_vanLeer,124.5,0,0,2.3230175672108876e-20
top_hat,200,2,TVD_vanLeer,125.5,0,0,1.0260499047719397e-20
top_hat,200,2,TVD_vanLeer,126.5,0,0,4.4500432145215889e-21
top_hat,200,2,TVD_vanLeer,127.5,0,0,1.8953409838096731e-21
top_hat,200,2,TVD_vanLeer,128.5,0,0,7.9283917021736625e-22
top_hat,200,2,TVD_vanLeer,129.5,0,0,3.2576466442357112e-22
top_hat,200,2,TVD_vanLeer,130.5,0,0,1.3148902356305155e-22
top_hat,200,2,TVD_vanLeer,131.5,0,0,5.2141796257095098e-23
top_hat,200,2,TVD_vanLeer,132.5,0,0,2.0315915205159254e-23
top_hat,200,2,TVD_vanLeer,133.5,0,0,7.7782552704602214e-24
top_hat,200,2,TVD_vanLeer,134.5,0,0,2.9265997506421086e-24
top_hat,200,2,TVD_vanLeer,135.5,0,0,1.0822265310138106e-24
top_hat,200,2,TVD_vanLeer,136.5,0,0,3.9335395092671443e-25
top_hat,200,2,TVD_vanLeer,137.5,0,0,1.4053826409476827e-25
top_hat,200,2,TVD_vanLeer,138.5,0,0,4.9361131180352533e-26
top_hat,200,2,TVD_vanLeer,139.5,0,0,1.7044620932111272e-26
top_hat,200,2,TVD_vanLeer,140.5,0,0,5.7867166682256076e-27
top_hat,200,2,TVD_vanLeer,141.5,0,0,1.9317429665779543e-27
top_hat,200,2,TVD_vanLeer,142.5,0,0,6.3411371189370084e-28
top_hat,200,2,TVD_vanLeer,143.5,0,0,2.046977088846192e-28
top_hat,200,2,TVD_vanLeer,144.5,0,0,6.4985014173301593e-29
top_hat,200,2,TVD_vanLeer,145.5,0,0,2.0290527523846033e-29
top_hat,200,2,TVD_vanLeer,146.5,0,0,6.2312911789918427e-30
top_hat,200,2,TVD_vanLeer,147.5,0,0,1.8823108931351493e-30
top_hat,200,2,TVD_vanLeer,148.5,0,0,5.5931527678548243e-31
top_hat,200,2,TVD_vanLeer,149.5,0,0,1.6349215323051956e-31
top_hat,200,2,TVD_vanLeer,150.5,0,0,4.7014788385919536e-32
top_hat,200,2,TVD_vanLeer,151.5,0,0,1.3301218609418713e-32
top_hat,200,2,TVD_vanLeer,152.5,0,0,3.702451914865331e-33
top_hat,200,2,TVD_vanLeer,153.5,0,0,1.0140277065278845e-33
top_hat,200,2,TVD_vanLeer,154.5,0,0,2.7327106659906186e-34
top_hat,200,2,TVD_vanLeer,155.5,0,0,7.2467227000549522e-35
top_hat,200,2,TVD_vanLeer,156.5,0,0,1.8910986903063936e-35
top_hat,200,2,TVD_vanLeer,157.5,0,0,4.8565889401069534e-36
top_hat,200,2,TVD_vanLeer,158.5,0,0,1.2274752443103094e-36
top_hat,200,2,TVD_vanLeer,159.5,0,0,3.0533568233781337e-37
top_hat,200,2,TVD_vanLeer,160.5,0,0,7.4755722705809331e-38
top_hat,200,2,TVD_vanLeer,161.5,0,0,1.8014881724831425e-38
top_hat,200,2,TVD_vanLeer,162.5,0,0,4.2732250732034013e-39
top_hat,200,2,TVD_vanLeer,163.5,0,0,9.9777808785375295e-40
top_hat,200,2,TVD_vanLeer,164.5,0,0,2.2934089288163941e-40
top_hat,200,2,TVD_vanLeer,165.5,0,0,5.1893479488649094e-41
top_hat,200,2,TVD_vanLeer,166.5,0,0,1.1559552671102427e-41
top_hat,200,2,TVD_vanLeer,167.5,0,0,2.5350004113975703e-42
top_hat,200,2,TVD_vanLeer,168.5,0,0,5.4731093906265076e-43
top_hat,200,2,TVD_vanLeer,169.5,0,0,1.1633703316113805e-43
top_hat,200,2,TVD_vanLeer,170.5,0,0,2.4346497464407596e-44
top_hat,200,2,TVD_vanLeer,171.5,0,0,5.0164285073161046e-45
top_hat,200,2,TVD_vanLeer,172.5,0,0,1.017642724309685e-45
top_hat,200,2,TVD_vanLeer,173.5,0,0,2.0325413993209286e-46
top_hat,200,2,TVD_vanLeer,174.5,0,0,3.9969193218276345e-47
top_hat,200,2,TVD_vanLeer,175.5,0,0,7.7383701784645187e-48
top_hat,200,2,TVD_vanLeer,176.5,0,0,1.4750460819199456e-48
top_hat,200,2,TVD_vanLeer,177.5,0,0,2.7681207717525644e-49
top_hat,200,2,TVD_vanLeer,178.5,0,0,5.1141888320694106e-50
top_hat,200,2,TVD_vanLeer,179.5,0,0,9.3018044224377837e-51
top_hat,200,2,TVD_vanLeer,180.5,0,0,1.665483497760155e-51
top_hat,200,2,TVD_vanLeer,181.5,0,0,2.9354701454856039e-52
top_hat,200,2,TVD_vanLeer,182.5,0,0,5.0928198907169492e-53
top_hat,200,2,TVD_vanLeer,183.5,0,0,8.696791220133414e-54
top_hat,200,2,TVD_vanLeer,184.5,0,0,1.4616868129554872e-54
top_hat,200,2,TVD_vanLeer,185.5,0,0,2.4177781636401981e-55
top_hat,200,2,TVD_vanLeer,186.5,0,0,3.9356419195260637e-56
top_hat,200,2,TVD_vanLeer,187.5,0,0,6.3040530419694231e-57
top_hat,200,2,TVD_vanLeer,188.5,0,0,9.9356325818619207e-58
top_hat,200,2,TVD_vanLeer,189.5,0,0,1.5406606099486113e-58
top_hat,200,2,TVD_vanLeer,190.5,0,0,2.35026542748571e-59
top_hat,200,2,TVD_vanLeer,191.5,0,0,3.5268450413199048e-60
top_hat,200,2,TVD_vanLeer,192.5,0,0,5.205649162629763e-61
top_hat,200,2,TVD_vanLeer,193.5,0,0,7.5568451343530737e-62
top_hat,200,2,TVD_vanLeer,194.5,0,0,1.0787975106519991e-62
top_hat,200,2,TVD_vanLeer,195.5,0,0,1.5143577812429361e-63
top_hat,200,2,TVD_vanLeer,196.5,0,0,2.0900673850663828e-64
top_hat,200,2,TVD_vanLeer,197.5,0,0,2.8358822273036207e-65
top_hat,200,2,TVD_vanLeer,198.5,0,0,3.7823688780800491e-66
top_hat,200,2,TVD_vanLeer,199.5,0,0,4.9583578759049253e-67
top_hat,200,2,PLM_MC,0.5,0,0,0
top_hat,200,2,PLM_MC,1.5,0,0,0
top_hat,200,2,PLM_MC,2.5,0,0,0
top_hat,200,2,PLM_MC,3.5,0,0,0
top_hat,200,2,PLM_MC,4.5,0,0,0
top_hat,200,2,PLM_MC,5.5,0,0,0
top_hat,200,2,PLM_MC,6.5,0,0,0
top_hat,200,2,PLM_MC,7.5,0,0,0
top_hat,200,2,PLM_MC,8.5,0,0,0
top_hat,200,2,PLM_MC,9.5,0,0,0
top_hat,200,2,PLM_MC,10.5,0,0,0
top_hat,200,2,PLM_MC,11.5,0,0,0
top_hat,200,2,PLM_MC,12.5,0,0,0
top_hat,200,2,PLM_MC,13.5,0,0,0
top_hat,200,2,PLM_MC,14.5,0,0,0
top_hat,200,2,PLM_MC,15.5,0,0,0
top_hat,200,2,PLM_MC,16.5,0,0,0
top_hat,200,2,PLM_MC,17.5,0,0,0
top_hat,200,2,PLM_MC,18.5,0,0,0
top_hat,200,2,PLM_MC,19.5,0,0,0
top_hat,200,2,PLM_MC,20.5,0,0,0
top_hat,200,2,PLM_MC,21.5,0,0,0
top_hat,200,2,PLM_MC,22.5,0,0,0
top_hat,200,2,PLM_MC,23.5,0,0,0
top_hat,200,2,PLM_MC,24.5,0,0,0
top_hat,200,2,PLM_MC,25.5,1,0,8.4817885794088274e-56
top_hat,200,2,PLM_MC,26.5,1,0,2.1605963066050584e-53
top_hat,200,2,PLM_MC,27.5,1,0,2.73588823084652e-51
top_hat,200,2,PLM_MC,28.5,1,0,2.2961166497849687e-49
top_hat,200,2,PLM_MC,29.5,1,0,1.4368389682771978e-47
top_hat,200,2,PLM_MC,30.5,1,0,7.1509963890649268e-46
top_hat,200,2,PLM_MC,31.5,1,0,2.9484745725060256e-44
top_hat,200,2,PLM_MC,32.5,1,0,1.0359457774928326e-42
top_hat,200,2,PLM_MC,33.5,1,0,3.1662522251640611e-41
top_hat,200,2,PLM_MC,34.5,1,0,8.5520701388049033e-40
top_hat,200,2,PLM_MC,35.5,0,0,2.0669157398795825e-38
top_hat,200,2,PLM_MC,36.5,0,0,4.5152690168156159e-37
top_hat,200,2,PLM_MC,37.5,0,0,8.9904810021867289e-36
top_hat,200,2,PLM_MC,38.5,0,0,1.6431582689065804e-34
top_hat,200,2,PLM_MC,39.5,0,0,2.7732646570094144e-33
top_hat,200,2,PLM_MC,40.5,0,0,4.3450130571855331e-32
top_hat,200,2,PLM_MC,41.5,0,0,6.3485711435661011e-31
top_hat,200,2,PLM_MC,42.5,0,0,8.6860542990452131e-30
top_hat,200,2,PLM_MC,43.5,0,0,1.1169383528662779e-28
top_hat,200,2,PLM_MC,44.5,0,0,1.3544122145855086e-27
top_hat,200,2,PLM_MC,45.5,0,0,1.5535572253302957e-26
top_hat,200,2,PLM_MC,46.5,0,0,1.6904685109698606e-25
top_hat,200,2,PLM_MC,47.5,0,0,1.7497215657882301e-24
top_hat,200,2,PLM_MC,48.5,0,0,1.7271892948866e-23
top_hat,200,2,PLM_MC,49.5,0,0,1.6300938119173315e-22
top_hat,200,2,PLM_MC,50.5,0,0,1.4745533451952144e-21
top_hat,200,2,PLM_MC,51.5,0,0,1.2816004065295743e-20
top_hat,200,2,PLM_MC,52.5,0,0,1.0729185771655821e-19
top_hat,200,2,PLM_MC,53.5,0,0,8.6736315722307267e-19
top_hat,200,2,PLM_MC,54.5,0,0,6.7886471018818447e-18
top_hat,200,2,PLM_MC,55.500000000000007,0,0,5.1579581521421812e-17
top_hat,200,2,PLM_MC,56.5,0,0,3.8149367293660255e-16
top_hat,200,2,PLM_MC,57.499999999999993,0,0,2.7545407419719304e-15
top_hat,200,2,PLM_MC,58.5,0,0,1.9472649443068853e-14
top_hat,200,2,PLM_MC,59.5,0,0,1.3517072841158626e-13
top_hat,200,2,PLM_MC,60.5,0,0,9.2399687098895023e-13
top_hat,200,2,PLM_MC,61.5,0,0,6.2371583867291435e-12
top_hat,200,2,PLM_MC,62.5,0,0,4.1681772782350564e-11
top_hat,200,2,PLM_MC,63.5,0,0,2.7640703827808089e-10
top_hat,200,2,PLM_MC,64.5,0,0,1.8224591018887255e-09
top_hat,200,2,PLM_MC,65.5,0,0,1.1966951939117664e-08
top_hat,200,2,PLM_MC,66.5,0,0,7.8358528219342916e-08
top_hat,200,2,PLM_MC,67.5,0,0,5.1213640263926694e-07
top_hat,200,2,PLM_MC,68.5,0,0,3.3433416787719736e-06
top_hat,200,2,PLM_MC,69.5,0,0,2.1810922184220198e-05
top_hat,200,2,PLM_MC,70.5,0,0,0.00014223137290366469
top_hat,200,2,PLM_MC,71.5,0,0,0.00092730788478156186
top_hat,200,2,PLM_MC,72.5,0,0,0.0060451236786354459
top_hat,200,2,PLM_MC,73.5,0,0,0.039406134217142522
top_hat,200,2,PLM_MC,74.5,0,0,0.24402181177951737
top_hat,200,2,PLM_MC,75.5,0,1,0.71433145971763912
top_hat,200,2,PLM_MC,76.5,0,1,0.99510017247576354
top_hat,200,2,PLM_MC,77.5,0,1,0.99999392095257078
top_hat,200,2,PLM_MC,78.5,0,1,0.99999169067763249
top_hat,200,2,PLM_MC,79.5,0,1,0.99997415899449016
top_hat,200,2,PLM_MC,80.5,0,1,0.99985493601090258
top_hat,200,2,PLM_MC,81.5,0,1,0.99907133551180682
top_hat,200,2,PLM_MC,82.5,0,1,0.99395538509312853
top_hat,200,2,PLM_MC,83.5,0,1,0.96059755281898562
top_hat,200,2,PLM_MC,84.5,0,1,0.75598899386530405
top_hat,200,2,PLM_MC,85.5,0,0,0.28567658165308346
top_hat,200,2,PLM_MC,86.5,0,0,0.0048954444220995277
top_hat,200,2,PLM_MC,87.5,0,0,-5.3971806999820463e-17
top_hat,200,2,PLM_MC,88.5,0,0,-4.8245839096229386e-17
top_hat,200,2,PLM_MC,89.5,0,0,-2.5606111310806895e-17
top_hat,200,2,PLM_MC,90.5,0,0,-2.6963183339642547e-18
top_hat,200,2,PLM_MC,91.5,0,0,0
top_hat,200,2,PLM_MC,92.5,0,0,0
top_hat,200,2,PLM_MC,93.5,0,0,0
top_hat,200,2,PLM_MC,94.5,0,0,0
top_hat,200,2,PLM_MC,95.5,0,0,0
top_hat,200,2,PLM_MC,96.5,0,0,0
top_hat,200,2,PLM_MC,97.5,0,0,0
top_hat,200,2,PLM_MC,98.5,0,0,0
top_hat,200,2,PLM_MC,99.5,0,0,0
top_hat,200,2,PLM_MC,100.5,0,0,0
top_hat,200,2,PLM_MC,101.5,0,0,0
top_hat,200,2,PLM_MC,102.5,0,0,0
top_hat,200,2,PLM_MC,103.5,0,0,0
top_hat,200,2,PLM_MC,104.5,0,0,0
top_hat,200,2,PLM_MC,105.5,0,0,0
top_hat,200,2,PLM_MC,106.5,0,0,0
top_hat,200,2,PLM_MC,107.5,0,0,0
top_hat,200,2,PLM_MC,108.5,0,0,0
top_hat,200,2,PLM_MC,109.50000000000001,0,0,0
top_hat,200,2,PLM_MC,110.50000000000001,0,0,0
top_hat,200,2,PLM_MC,111.50000000000001,0,0,0
top_hat,200,2,PLM_MC,112.5,0,0,0
top_hat,200,2,PLM_MC,113.49999999999999,0,0,0
top_hat,200,2,PLM_MC,114.49999999999999,0,0,0
top_hat,200,2,PLM_MC,115.49999999999999,0,0,0
top_hat,200,2,PLM_MC,116.5,0,0,0
top_hat,200,2,PLM_MC,117.5,0,0,0
top_hat,200,2,PLM_MC,118.5,0,0,0
top_hat,200,2,PLM_MC,119.5,0,0,0
top_hat,200,2,PLM_MC,120.5,0,0,0
top_hat,200,2,PLM_MC,121.5,0,0,0
top_hat,200,2,PLM_MC,122.5,0,0,0
top_hat,200,2,PLM_MC,123.5,0,0,0
top_hat,200,2,PLM_MC,124.5,0,0,0
top_hat,200,2,PLM_MC,125.5,0,0,0
top_hat,200,2,PLM_MC,126.5,0,0,0
top_hat,200,2,PLM_MC,127.5,0,0,0
top_hat,200,2,PLM_MC,128.5,0,0,0
top_hat,200,2,PLM_MC,129.5,0,0,0
top_hat,200,2,PLM_MC,130.5,0,0,0
top_hat,200,2,PLM_MC,131.5,0,0,0
top_hat,200,2,PLM_MC,132.5,0,0,0
top_hat,200,2,PLM_MC,133.5,0,0,0
top_hat,200,2,PLM_MC,134.5,0,0,0
top_hat,200,2,PLM_MC,135.5,0,0,0
top_hat,200,2,PLM_MC,136.5,0,0,0
top_hat,200,2,PLM_MC,137.5,0,0,0
top_hat,200,2,PLM_MC,138.5,0,0,0
top_hat,200,2,PLM_MC,139.5,0,0,0
top_hat,200,2,PLM_MC,140.5,0,0,0
top_hat,200,2,PLM_MC,141.5,0,0,0
top_hat,200,2,PLM_MC,142.5,0,0,0
top_hat,200,2,PLM_MC,143.5,0,0,0
top_hat,200,2,PLM_MC,144.5,0,0,0
top_hat,200,2,PLM_MC,145.5,0,0,0
top_hat,200,2,PLM_MC,146.5,0,0,0
top_hat,200,2,PLM_MC,147.5,0,0,0
top_hat,200,2,PLM_MC,148.5,0,0,0
top_hat,200,2,PLM_MC,149.5,0,0,0
top_hat,200,2,PLM_MC,150.5,0,0,0
top_hat,200,2,PLM_MC,151.5,0,0,0
top_hat,200,2,PLM_MC,152.5,0,0,0
top_hat,200,2,PLM_MC,153.5,0,0,0
top_hat,200,2,PLM_MC,154.5,0,0,0
top_hat,200,2,PLM_MC,155.5,0,0,0
top_hat,200,2,PLM_MC,156.5,0,0,0
top_hat,200,2,PLM_MC,157.5,0,0,0
top_hat,200,2,PLM_MC,158.5,0,0,0
top_hat,200,2,PLM_MC,159.5,0,0,0
top_hat,200,2,PLM_MC,160.5,0,0,0
top_hat,200,2,PLM_MC,161.5,0,0,0
top_hat,200,2,PLM_MC,162.5,0,0,0
top_hat,200,2,PLM_MC,163.5,0,0,0
top_hat,200,2,PLM_MC,164.5,0,0,0
top_hat,200,2,PLM_MC,165.5,0,0,0
top_hat,200,2,PLM_MC,166.5,0,0,0
top_hat,200,2,PLM_MC,167.5,0,0,0
top_hat,200,2,PLM_MC,168.5,0,0,0
top_hat,200,2,PLM_MC,169.5,0,0,0
top_hat,200,2,PLM_MC,170.5,0,0,0
top_hat,200,2,PLM_MC,171.5,0,0,0
top_hat,200,2,PLM_MC,172.5,0,0,0
top_hat,200,2,PLM_MC,173.5,0,0,0
top_hat,200,2,PLM_MC,174.5,0,0,0
top_hat,200,2,PLM_MC,175.5,0,0,0
top_hat,200,2,PLM_MC,176.5,0,0,0
top_hat,200,2,PLM_MC,177.5,0,0,0
top_hat,200,2,PLM_MC,178.5,0,0,0
top_hat,200,2,PLM_MC,179.5,0,0,0
top_hat,200,2,PLM_MC,180.5,0,0,0
top_hat,200,2,PLM_MC,181.5,0,0,0
top_hat,200,2,PLM_MC,182.5,0,0,0
top_hat,200,2,PLM_MC,183.5,0,0,0
top_hat,200,2,PLM_MC,184.5,0,0,0
top_hat,200,2,PLM_MC,185.5,0,0,0
top_hat,200,2,PLM_MC,186.5,0,0,0
top_hat,200,2,PLM_MC,187.5,0,0,0
top_hat,200,2,PLM_MC,188.5,0,0,0
top_hat,200,2,PLM_MC,189.5,0,0,0
top_hat,200,2,PLM_MC,190.5,0,0,0
top_hat,200,2,PLM_MC,191.5,0,0,0
top_hat,200,2,PLM_MC,192.5,0,0,0
top_hat,200,2,PLM_MC,193.5,0,0,0
top_hat,200,2,PLM_MC,194.5,0,0,0
top_hat,200,2,PLM_MC,195.5,0,0,0
top_hat,200,2,PLM_MC,196.5,0,0,0
top_hat,200,2,PLM_MC,197.5,0,0,0
top_hat,200,2,PLM_MC,198.5,0,0,0
top_hat,200,2,PLM_MC,199.5,0,0,0
top_hat,200,5,upwind,0.5,0,0,0
top_hat,200,5,upwind,1.5,0,0,0
top_hat,200,5,upwind,2.5,0,0,0
top_hat,200,5,upwind,3.5,0,0,0
top_hat,200,5,upwind,4.5,0,0,0
top_hat,200,5,upwind,5.5,0,0,0
top_hat,200,5,upwind,6.5,0,0,0
top_hat,200,5,upwind,7.5,0,0,0
top_hat,200,5,upwind,8.5,0,0,0
top_hat,200,5,upwind,9.5,0,0,0
top_hat,200,5,upwind,10.5,0,0,0
top_hat,200,5,upwind,11.5,0,0,0
top_hat,200,5,upwind,12.5,0,0,0
top_hat,200,5,upwind,13.5,0,0,0
top_hat,200,5,upwind,14.5,0,0,0
top_hat,200,5,upwind,15.5,0,0,0
top_hat,200,5,upwind,16.5,0,0,0
top_hat,200,5,upwind,17.5,0,0,0
top_hat,200,5,upwind,18.5,0,0,0
top_hat,200,5,upwind,19.5,0,0,0
top_hat,200,5,upwind,20.5,0,0,0
top_hat,200,5,upwind,21.5,0,0,0
top_hat,200,5,upwind,22.5,0,0,0
top_hat,200,5,upwind,23.5,0,0,0
top_hat,200,5,upwind,24.5,0,0,0
top_hat,200,5,upwind,25.5,1,0,7.8886090522101181e-31
top_hat,200,5,upwind,26.5,1,0,7.9674951427321811e-29
top_hat,200,5,upwind,27.5,1,0,3.9845364322717668e-27
top_hat,200,5,upwind,28.5,1,0,1.3154334480649741e-25
top_hat,200,5,upwind,29.5,1,0,3.2248444478817574e-24
top_hat,200,5,upwind,30.5,1,0,6.2616225626926543e-23
top_hat,200,5,upwind,31.5,1,0,1.0029797609618023e-21
top_hat,200,5,upwind,32.5,1,0,1.3630718664030133e-20
top_hat,200,5,upwind,33.5,1,0,1.6042818341219948e-19
top_hat,200,5,upwind,34.5,1,0,1.6610244897268195e-18
top_hat,200,5,upwind,35.5,0,0,1.5316450877189075e-17
top_hat,200,5,upwind,36.5,0,0,1.2704266677453516e-16
top_hat,200,5,upwind,37.5,0,0,9.5567876800986566e-16
top_hat,200,5,upwind,38.5,0,0,6.5649077608863618e-15
top_hat,200,5,upwind,39.5,0,0,4.1422259357175397e-14
top_hat,200,5,upwind,40.5,0,0,2.4127107513424273e-13
top_hat,200,5,upwind,41.5,0,0,1.302967908325066e-12
top_hat,200,5,upwind,42.5,0,0,6.5489993114043683e-12
top_hat,200,5,upwind,43.5,0,0,3.0739032914811596e-11
top_hat,200,5,upwind,44.5,0,0,1.351381244414145e-10
top_hat,200,5,upwind,45.5,0,0,5.5795443754614498e-10
top_hat,200,5,upwind,46.5,0,0,2.1686831896681462e-09
top_hat,200,5,upwind,47.5,0,0,7.952663281214277e-09
top_hat,200,5,upwind,48.5,0,0,2.7567897314342423e-08
top_hat,200,5,upwind,49.5,0,0,9.0500089642886653e-08
top_hat,200,5,upwind,50.5,0,0,2.8181386043919413e-07
top_hat,200,5,upwind,51.5,0,0,8.3368002175713894e-07
top_hat,200,5,upwind,52.5,0,0,2.3461997573217839e-06
top_hat,200,5,upwind,53.5,0,0,6.2895442693063371e-06
top_hat,200,5,upwind,54.5,0,0,1.607987250970719e-05
top_hat,200,5,upwind,55.500000000000007,0,0,3.925014027351577e-05
top_hat,200,5,upwind,56.5,0,0,9.156944375785913e-05
top_hat,200,5,upwind,57.499999999999993,0,0,0.00020438063104916869
top_hat,200,5,upwind,58.5,0,0,0.00043683235055230616
top_hat,200,5,upwind,59.5,0,0,0.00089487469561235964
top_hat,200,5,upwind,60.5,0,0,0.0017585390473833658
top_hat,200,5,upwind,61.5,0,0,0.0033177265766383326
top_hat,200,5,upwind,62.5,0,0,0.0060141416563754086
top_hat,200,5,upwind,63.5,0,0,0.010483078263917502
top_hat,200,5,upwind,64.5,0,0,0.017584020101204551
top_hat,200,5,upwind,65.5,0,0,0.028404716122262388
top_hat,200,5,upwind,66.5,0,0,0.044221468444592564
top_hat,200,5,upwind,67.5,0,0,0.066400921019893186
top_hat,200,5,upwind,68.5,0,0,0.096237092329364962
top_hat,200,5,upwind,69.5,0,0,0.13473154684117383
top_hat,200,5,upwind,70.5,0,0,0.18234198780186289
top_hat,200,5,upwind,71.5,0,0,0.2387406465456825
top_hat,200,5,upwind,72.5,0,0,0.30263321893194406
top_hat,200,5,upwind,73.5,0,0,0.37168734936240733
top_hat,200,5,upwind,74.5,0,0,0.44260528119755804
top_hat,200,5,upwind,75.5,0,1,0.51135065187309892
top_hat,200,5,upwind,76.5,0,1,0.57351024274163276
top_hat,200,5,upwind,77.5,0,1,0.62474498360176722
top_hat,200,5,upwind,78.5,0,1,0.66126684094853294
top_hat,200,5,upwind,79.5,0,1,0.68027267929973445
top_hat,200,5,upwind,80.5,0,1,0.68027267929973445
top_hat,200,5,upwind,81.5,0,1,0.66126684094853294
top_hat,200,5,upwind,82.5,0,1,0.62474498360176722
top_hat,200,5,upwind,83.5,0,1,0.57351024274163287
top_hat,200,5,upwind,84.5,0,1,0.51135065187309914
top_hat,200,5,upwind,85.5,0,0,0.44260528119755838
top_hat,200,5,upwind,86.5,0,0,0.37168734936240766
top_hat,200,5,upwind,87.5,0,0,0.30263321893194439
top_hat,200,5,upwind,88.5,0,0,0.23874064654568275
top_hat,200,5,upwind,89.5,0,0,0.18234198780186314
top_hat,200,5,upwind,90.5,0,0,0.134731546841174
top_hat,200,5,upwind,91.5,0,0,0.096237092329365101
top_hat,200,5,upwind,92.5,0,0,0.066400921019893297
top_hat,200,5,upwind,93.5,0,0,0.044221468444592661
top_hat,200,5,upwind,94.5,0,0,0.028404716122262457
top_hat,200,5,upwind,95.5,0,0,0.017584020101204592
top_hat,200,5,upwind,96.5,0,0,0.01048307826391753
top_hat,200,5,upwind,97.5,0,0,0.0060141416563754251
top_hat,200,5,upwind,98.5,0,0,0.0033177265766383417
top_hat,200,5,upwind,99.5,0,0,0.0017585390473833706
top_hat,200,5,upwind,100.5,0,0,0.00089487469561236213
top_hat,200,5,upwind,101.5,0,0,0.00043683235055230751
top_hat,200,5,upwind,102.5,0,0,0.00020438063104917097
top_hat,200,5,upwind,103.5,0,0,9.1569443757860241e-05
top_hat,200,5,upwind,104.5,0,0,3.9250140273515546e-05
top_hat,200,5,upwind,105.5,0,0,1.6079872509707092e-05
top_hat,200,5,upwind,106.5,0,0,6.2895442693063626e-06
top_hat,200,5,upwind,107.5,0,0,2.3461997573217945e-06
top_hat,200,5,upwind,108.5,0,0,8.3368002175713502e-07
top_hat,200,5,upwind,109.50000000000001,0,0,2.8181386043919292e-07
top_hat,200,5,upwind,110.50000000000001,0,0,9.0500089642886256e-08
top_hat,200,5,upwind,111.50000000000001,0,0,2.7567897314342304e-08
top_hat,200,5,upwind,112.5,0,0,7.9526632812144093e-09
top_hat,200,5,upwind,113.49999999999999,0,0,2.1686831896681826e-09
top_hat,200,5,upwind,114.49999999999999,0,0,5.579544375461545e-10
top_hat,200,5,upwind,115.49999999999999,0,0,1.3513812444141691e-10
top_hat,200,5,upwind,116.5,0,0,3.0739032914811809e-11
top_hat,200,5,upwind,117.5,0,0,6.5489993114044151e-12
top_hat,200,5,upwind,118.5,0,0,1.3029679083250755e-12
top_hat,200,5,upwind,119.5,0,0,2.4127107513424439e-13
top_hat,200,5,upwind,120.5,0,0,4.1422259357175681e-14
top_hat,200,5,upwind,121.5,0,0,6.5649077608864044e-15
top_hat,200,5,upwind,122.5,0,0,9.5567876800987217e-16
top_hat,200,5,upwind,123.5,0,0,1.2704266677453608e-16
top_hat,200,5,upwind,124.5,0,0,1.5316450877189195e-17
top_hat,200,5,upwind,125.5,0,0,1.6610244897268328e-18
top_hat,200,5,upwind,126.5,0,0,1.6042818341220078e-19
top_hat,200,5,upwind,127.5,0,0,1.3630718664030245e-20
top_hat,200,5,upwind,128.5,0,0,1.0029797609618112e-21
top_hat,200,5,upwind,129.5,0,0,6.2616225626927084e-23
top_hat,200,5,upwind,130.5,0,0,3.2248444478817849e-24
top_hat,200,5,upwind,131.5,0,0,1.3154334480650965e-25
top_hat,200,5,upwind,132.5,0,0,3.9845364322713565e-27
top_hat,200,5,upwind,133.5,0,0,7.9674951427322775e-29
top_hat,200,5,upwind,134.5,0,0,7.8886090522101233e-31
top_hat,200,5,upwind,135.5,0,0,0
top_hat,200,5,upwind,136.5,0,0,0
top_hat,200,5,upwind,137.5,0,0,0
top_hat,200,5,upwind,138.5,0,0,0
top_hat,200,5,upwind,139.5,0,0,0
top_hat,200,5,upwind,140.5,0,0,0
top_hat,200,5,upwind,141.5,0,0,0
top_hat,200,5,upwind,142.5,0,0,0
top_hat,200,5,upwind,143.5,0,0,0
top_hat,200,5,upwind,144.5,0,0,0
top_hat,200,5,upwind,145.5,0,0,0
top_hat,200,5,upwind,146.5,0,0,0
top_hat,200,5,upwind,147.5,0,0,0
top_hat,200,5,upwind,148.5,0,0,0
top_hat,200,5,upwind,149.5,0,0,0
top_hat,200,5,upwind,150.5,0,0,0
top_hat,200,5,upwind,151.5,0,0,0
top_hat,200,5,upwind,152.5,0,0,0
top_hat,200,5,upwind,153.5,0,0,0
top_hat,200,5,upwind,154.5,0,0,0
top_hat,200,5,upwind,155.5,0,0,0
top_hat,200,5,upwind,156.5,0,0,0
top_hat,200,5,upwind,157.5,0,0,0
top_hat,200,5,upwind,158.5,0,0,0
top_hat,200,5,upwind,159.5,0,0,0
top_hat,200,5,upwind,160.5,0,0,0
top_hat,200,5,upwind,161.5,0,0,0
top_hat,200,5,upwind,162.5,0,0,0
top_hat,200,5,upwind,163.5,0,0,0
top_hat,200,5,upwind,164.5,0,0,0
top_hat,200,5,upwind,165.5,0,0,0
top_hat,200,5,upwind,166.5,0,0,0
top_hat,200,5,upwind,167.5,0,0,0
top_hat,200,5,upwind,168.5,0,0,0
top_hat,200,5,upwind,169.5,0,0,0
top_hat,200,5,upwind,170.5,0,0,0
top_hat,200,5,upwind,171.5,0,0,0
top_hat,200,5,upwind,172.5,0,0,0
top_hat,200,5,upwind,173.5,0,0,0
top_hat,200,5,upwind,174.5,0,0,0
top_hat,200,5,upwind,175.5,0,0,0
top_hat,200,5,upwind,176.5,0,0,0
top_hat,200,5,upwind,177.5,0,0,0
top_hat,200,5,upwind,178.5,0,0,0
top_hat,200,5,upwind,179.5,0,0,0
top_hat,200,5,upwind,180.5,0,0,0
top_hat,200,5,upwind,181.5,0,0,0
top_hat,200,5,upwind,182.5,0,0,0
top_hat,200,5,upwind,183.5,0,0,0
top_hat,200,5,upwind,184.5,0,0,0
top_hat,200,5,upwind,185.5,0,0,0
top_hat,200,5,upwind,186.5,0,0,0
top_hat,200,5,upwind,187.5,0,0,0
top_hat,200,5,upwind,188.5,0,0,0
top_hat,200,5,upwind,189.5,0,0,0
top_hat,200,5,upwind,190.5,0,0,0
top_hat,200,5,upwind,191.5,0,0,0
top_hat,200,5,upwind,192.5,0,0,0
top_hat,200,5,upwind,193.5,0,0,0
top_hat,200,5,upwind,194.5,0,0,0
top_hat,200,5,upwind,195.5,0,0,0
top_hat,200,5,upwind,196.5,0,0,0
top_hat,200,5,upwind,197.5,0,0,0
top_hat,200,5,upwind,198.5,0,0,0
top_hat,200,5,upwind,199.5,0,0,0
top_hat,200,5,TVD_vanLeer,0.5,0,0,0
top_hat,200,5,TVD_vanLeer,1.5,0,0,0
top_hat,200,5,TVD_vanLeer,2.5,0,0,0
top_hat,200,5,TVD_vanLeer,3.5,0,0,0
top_hat,200,5,TVD_vanLeer,4.5,0,0,0
top_hat,200,5,TVD_vanLeer,5.5,0,0,0
top_hat,200,5,TVD_vanLeer,6.5,0,0,0
top_hat,200,5,TVD_vanLeer,7.5,0,0,0
top_hat,200,5,TVD_vanLeer,8.5,0,0,0
top_hat,200,5,TVD_vanLeer,9.5,0,0,0
top_hat,200,5,TVD_vanLeer,10.5,0,0,0
top_hat,200,5,TVD_vanLeer,11.5,0,0,0
top_hat,200,5,TVD_vanLeer,12.5,0,0,0
top_hat,200,5,TVD_vanLeer,13.5,0,0,0
top_hat,200,5,TVD_vanLeer,14.5,0,0,0
top_hat,200,5,TVD_vanLeer,15.5,0,0,0
top_hat,200,5,TVD_vanLeer,16.5,0,0,0
top_hat,200,5,TVD_vanLeer,17.5,0,0,0
top_hat,200,5,TVD_vanLeer,18.5,0,0,0
top_hat,200,5,TVD_vanLeer,19.5,0,0,0
top_hat,200,5,TVD_vanLeer,20.5,0,0,0
top_hat,200,5,TVD_vanLeer,21.5,0,0,0
top_hat,200,5,TVD_vanLeer,22.5,0,0,0
top_hat,200,5,TVD_vanLeer,23.5,0,0,0
top_hat,200,5,TVD_vanLeer,24.5,0,0,0
top_hat,200,5,TVD_vanLeer,25.5,1,0,2.0194656766424857e-55
top_hat,200,5,TVD_vanLeer,26.5,1,0,2.1427023942388313e-53
top_hat,200,5,TVD_vanLeer,27.5,1,0,1.1163949758325803e-51
top_hat,200,5,TVD_vanLeer,28.5,1,0,3.8124794868948985e-50
top_hat,200,5,TVD_vanLeer,29.5,1,0,9.608145551551159e-49
top_hat,200,5,TVD_vanLeer,30.5,1,0,1.9073035423233786e-47
top_hat,200,5,TVD_vanLeer,31.5,1,0,3.1080973869517449e-46
top_hat,200,5,TVD_vanLeer,32.5,1,0,4.2782938091990338e-45
top_hat,200,5,TVD_vanLeer,33.5,1,0,5.0797165507972152e-44
top_hat,200,5,TVD_vanLeer,34.5,1,0,5.2862744033587763e-43
top_hat,200,5,TVD_vanLeer,35.5,0,0,4.8829602126646879e-42
top_hat,200,5,TVD_vanLeer,36.5,0,0,4.0445832927295846e-41
top_hat,200,5,TVD_vanLeer,37.5,0,0,3.0295647465049812e-40
top_hat,200,5,TVD_vanLeer,38.5,0,0,2.0666735607814111e-39
top_hat,200,5,TVD_vanLeer,39.5,0,0,1.291693460745667e-38
top_hat,200,5,TVD_vanLeer,40.5,0,0,7.4351542979226317e-38
top_hat,200,5,TVD_vanLeer,41.5,0,0,3.9592894631274794e-37
top_hat,200,5,TVD_vanLeer,42.5,0,0,1.9581924902491557e-36
top_hat,200,5,TVD_vanLeer,43.5,0,0,9.0265171927082845e-36
top_hat,200,5,TVD_vanLeer,44.5,0,0,3.890110285683801e-35
top_hat,200,5,TVD_vanLeer,45.5,0,0,1.571777148345217e-34
top_hat,200,5,TVD_vanLeer,46.5,0,0,5.968968222453237e-34
top_hat,200,5,TVD_vanLeer,47.5,0,0,2.1353907792444463e-33
top_hat,200,5,TVD_vanLeer,48.5,0,0,7.2115538690267247e-33
top_hat,200,5,TVD_vanLeer,49.5,0,0,2.3034693209099551e-32
top_hat,200,5,TVD_vanLeer,50.5,0,0,6.9711140682422472e-32
top_hat,200,5,TVD_vanLeer,51.5,0,0,2.0021492845150256e-31
top_hat,200,5,TVD_vanLeer,52.5,0,0,5.4654454176560492e-31
top_hat,200,5,TVD_vanLeer,53.5,0,0,1.4200665147293463e-30
top_hat,200,5,TVD_vanLeer,54.5,0,0,3.5166572166901673e-30
top_hat,200,5,TVD_vanLeer,55.500000000000007,0,0,8.3108314808467964e-30
top_hat,200,5,TVD_vanLeer,56.5,0,0,1.8766476843991738e-29
top_hat,200,5,TVD_vanLeer,57.499999999999993,0,0,4.0537448657487387e-29
top_hat,200,5,TVD_vanLeer,58.5,0,0,8.3861489414931575e-29
top_hat,200,5,TVD_vanLeer,59.5,0,0,1.6633684849454526e-28
top_hat,200,5,TVD_vanLeer,60.5,0,0,3.1667663308656158e-28
top_hat,200,5,TVD_vanLeer,61.5,0,0,5.7933040374352919e-28
top_hat,200,5,TVD_vanLeer,62.5,0,0,1.0195397943310072e-27
top_hat,200,5,TVD_vanLeer,63.5,0,0,1.727995660301094e-27
top_hat,200,5,TVD_vanLeer,64.5,0,0,2.8238884440772229e-27
top_hat,200,5,TVD_vanLeer,65.5,0,0,4.4549404298785941e-27
top_hat,200,5,TVD_vanLeer,66.5,0,0,6.7931363624762235e-27
top_hat,200,5,TVD_vanLeer,67.5,0,0,1.0025428448345184e-26
top_hat,200,5,TVD_vanLeer,68.5,0,0,1.4339658769518286e-26
top_hat,200,5,TVD_vanLeer,69.5,0,0,1.9907130935206975e-26
top_hat,200,5,TVD_vanLeer,70.5,0,0,2.686435176401414e-26
top_hat,200,5,TVD_vanLeer,71.5,0,0,3.6681891567411504e-26
top_hat,200,5,TVD_vanLeer,72.5,0,0,1.6421738011293744e-13
top_hat,200,5,TVD_vanLeer,73.5,0,0,0.00013055670134990566
top_hat,200,5,TVD_vanLeer,74.5,0,0,0.13914723042174504
top_hat,200,5,TVD_vanLeer,75.5,0,1,0.8608527695782523
top_hat,200,5,TVD_vanLeer,76.5,0,1,0.99986944329865013
top_hat,200,5,TVD_vanLeer,77.5,0,1,0.9999999999998358
top_hat,200,5,TVD_vanLeer,78.5,0,1,1
top_hat,200,5,TVD_vanLeer,79.5,0,1,1
top_hat,200,5,TVD_vanLeer,80.5,0,1,1
top_hat,200,5,TVD_vanLeer,81.5,0,1,1
top_hat,200,5,TVD_vanLeer,82.5,0,1,0.9999999999998358
top_hat,200,5,TVD_vanLeer,83.5,0,1,0.99986944329867122
top_hat,200,5,TVD_vanLeer,84.5,0,1,0.86085276957594226
top_hat,200,5,TVD_vanLeer,85.5,0,0,0.13914723041882793
top_hat,200,5,TVD_vanLeer,86.5,0,0,0.00013055670226170732
top_hat,200,5,TVD_vanLeer,87.5,0,0,1.2627249486758126e-12
top_hat,200,5,TVD_vanLeer,88.5,0,0,9.6134936606200529e-13
top_hat,200,5,TVD_vanLeer,89.5,0,0,7.1293376144233561e-13
top_hat,200,5,TVD_vanLeer,90.5,0,0,5.1421356456162441e-13
top_hat,200,5,TVD_vanLeer,91.5,0,0,3.6018617356426297e-13
top_hat,200,5,TVD_vanLeer,92.5,0,0,2.4467756757815809e-13
top_hat,200,5,TVD_vanLeer,93.5,0,0,1.6097911895861908e-13
top_hat,200,5,TVD_vanLeer,94.5,0,0,1.0244849690421587e-13
top_hat,200,5,TVD_vanLeer,95.5,0,0,6.2991091975812613e-14
top_hat,200,5,TVD_vanLeer,96.5,0,0,3.7375566308152436e-14
top_hat,200,5,TVD_vanLeer,97.5,0,0,2.1376955943028063e-14
top_hat,200,5,TVD_vanLeer,98.5,0,0,1.1772814480938959e-14
top_hat,200,5,TVD_vanLeer,99.5,0,0,6.2362913036606735e-15
top_hat,200,5,TVD_vanLeer,100.5,0,0,3.1741219136385291e-15
top_hat,200,5,TVD_vanLeer,101.5,0,0,1.5506413796460681e-15
top_hat,200,5,TVD_vanLeer,102.5,0,0,7.2631486889251213e-16
top_hat,200,5,TVD_vanLeer,103.5,0,0,3.2583008018917338e-16
top_hat,200,5,TVD_vanLeer,104.5,0,0,1.3983773304136562e-16
top_hat,200,5,TVD_vanLeer,105.5,0,0,5.7348480143450596e-17
top_hat,200,5,TVD_vanLeer,106.5,0,0,2.2447076378500218e-17
top_hat,200,5,TVD_vanLeer,107.5,0,0,8.3750591845719101e-18
top_hat,200,5,TVD_vanLeer,108.5,0,0,2.9745752518887943e-18
top_hat,200,5,TVD_vanLeer,109.50000000000001,0,0,1.0042760837532181e-18
top_hat,200,5,TVD_vanLeer,110.50000000000001,0,0,3.2181907320800128e-19
top_hat,200,5,TVD_vanLeer,111.50000000000001,0,0,9.7721669111347808e-20
top_hat,200,5,TVD_vanLeer,112.5,0,0,2.8068756295150395e-20
top_hat,200,5,TVD_vanLeer,113.49999999999999,0,0,7.6115900474931106e-21
top_hat,200,5,TVD_vanLeer,114.49999999999999,0,0,1.9446342353937676e-21
top_hat,200,5,TVD_vanLeer,115.49999999999999,0,0,4.669955017540526e-22
top_hat,200,5,TVD_vanLeer,116.5,0,0,1.051474317328234e-22
top_hat,200,5,TVD_vanLeer,117.5,0,0,2.213473985981865e-23
top_hat,200,5,TVD_vanLeer,118.5,0,0,4.3428702279279872e-24
top_hat,200,5,TVD_vanLeer,119.5,0,0,7.9136138106992157e-25
top_hat,200,5,TVD_vanLeer,120.5,0,0,1.3339401240434692e-25
top_hat,200,5,TVD_vanLeer,121.5,0,0,2.070552714240566e-26
top_hat,200,5,TVD_vanLeer,122.5,0,0,2.9441000223453491e-27
top_hat,200,5,TVD_vanLeer,123.5,0,0,3.8114867938157856e-28
top_hat,200,5,TVD_vanLeer,124.5,0,0,4.4607359293877297e-29
top_hat,200,5,TVD_vanLeer,125.5,0,0,4.6793597274918373e-30
top_hat,200,5,TVD_vanLeer,126.5,0,0,4.3545854290939658e-31
top_hat,200,5,TVD_vanLeer,127.5,0,0,3.5492730533641653e-32
top_hat,200,5,TVD_vanLeer,128.5,0,0,2.4930579849892887e-33
top_hat,200,5,TVD_vanLeer,129.5,0,0,1.4775004064195231e-34
top_hat,200,5,TVD_vanLeer,130.5,0,0,7.177617188702491e-36
top_hat,200,5,TVD_vanLeer,131.5,0,0,2.7413280348644661e-37
top_hat,200,5,TVD_vanLeer,132.5,0,0,7.7075420784518989e-39
top_hat,200,5,TVD_vanLeer,133.5,0,0,1.41576395331304e-40
top_hat,200,5,TVD_vanLeer,134.5,0,0,1.2714130167394155e-42
top_hat,200,5,TVD_vanLeer,135.5,0,0,0
top_hat,200,5,TVD_vanLeer,136.5,0,0,0
top_hat,200,5,TVD_vanLeer,137.5,0,0,0
top_hat,200,5,TVD_vanLeer,138.5,0,0,0
top_hat,200,5,TVD_vanLeer,139.5,0,0,0
top_hat,200,5,TVD_vanLeer,140.5,0,0,0
top_hat,200,5,TVD_vanLeer,141.5,0,0,0
top_hat,200,5,TVD_vanLeer,142.5,0,0,0
top_hat,200,5,TVD_vanLeer,143.5,0,0,0
top_hat,200,5,TVD_vanLeer,144.5,0,0,0
top_hat,200,5,TVD_vanLeer,145.5,0,0,0
top_hat,200,5,TVD_vanLeer,146.5,0,0,0
top_hat,200,5,TVD_vanLeer,147.5,0,0,0
top_hat,200,5,TVD_vanLeer,148.5,0,0,0
top_hat,200,5,TVD_vanLeer,149.5,0,0,0
top_hat,200,5,TVD_vanLeer,150.5,0,0,0
top_hat,200,5,TVD_vanLeer,151.5,0,0,0
top_hat,200,5,TVD_vanLeer,152.5,0,0,0
top_hat,200,5,TVD_vanLeer,153.5,0,0,0
top_hat,200,5,TVD_vanLeer,154.5,0,0,0
top_hat,200,5,TVD_vanLeer,155.5,0,0,0
top_hat,200,5,TVD_vanLeer,156.5,0,0,0
top_hat,200,5,TVD_vanLeer,157.5,0,0,0
top_hat,200,5,TVD_vanLeer,158.5,0,0,0
top_hat,200,5,TVD_vanLeer,159.5,0,0,0
top_hat,200,5,TVD_vanLeer,160.5,0,0,0
top_hat,200,5,TVD_vanLeer,161.5,0,0,0
top_hat,200,5,TVD_vanLeer,162.5,0,0,0
top_hat,200,5,TVD_vanLeer,163.5,0,0,0
top_hat,200,5,TVD_vanLeer,164.5,0,0,0
top_hat,200,5,TVD_vanLeer,165.5,0,0,0
top_hat,200,5,TVD_vanLeer,166.5,0,0,0
top_hat,200,5,TVD_vanLeer,167.5,0,0,0
top_hat,200,5,TVD_vanLeer,168.5,0,0,0
top_hat,200,5,TVD_vanLeer,169.5,0,0,0
top_hat,200,5,TVD_vanLeer,170.5,0,0,0
top_hat,200,5,TVD_vanLeer,171.5,0,0,0
top_hat,200,5,TVD_vanLeer,172.5,0,0,0
top_hat,200,5,TVD_vanLeer,173.5,0,0,0
top_hat,200,5,TVD_vanLeer,174.5,0,0,0
top_hat,200,5,TVD_vanLeer,175.5,0,0,0
top_hat,200,5,TVD_vanLeer,176.5,0,0,0
top_hat,200,5,TVD_vanLeer,177.5,0,0,0
top_hat,200,5,TVD_vanLeer,178.5,0,0,0
top_hat,200,5,TVD_vanLeer,179.5,0,0,0
top_hat,200,5,TVD_vanLeer,180.5,0,0,0
top_hat,200,5,TVD_vanLeer,181.5,0,0,0
top_hat,200,5,TVD_vanLeer,182.5,0,0,0
top_hat,200,5,TVD_vanLeer,183.5,0,0,0
top_hat,200,5,TVD_vanLeer,184.5,0,0,0
top_hat,200,5,TVD_vanLeer,185.5,0,0,0
top_hat,200,5,TVD_vanLeer,186.5,0,0,0
top_hat,200,5,TVD_vanLeer,187.5,0,0,0
top_hat,200,5,TVD_vanLeer,188.5,0,0,0
top_hat,200,5,TVD_vanLeer,189.5,0,0,0
top_hat,200,5,TVD_vanLeer,190.5,0,0,0
top_hat,200,5,TVD_vanLeer,191.5,0,0,0
top_hat,200,5,TVD_vanLeer,192.5,0,0,0
top_hat,200,5,TVD_vanLeer,193.5,0,0,0
top_hat,200,5,TVD_vanLeer,194.5,0,0,0
top_hat,200,5,TVD_vanLeer,195.5,0,0,0
top_hat,200,5,TVD_vanLeer,196.5,0,0,0
top_hat,200,5,TVD_vanLeer,197.5,0,0,0
top_hat,200,5,TVD_vanLeer,198.5,0,0,0
top_hat,200,5,TVD_vanLeer,199.5,0,0,0
top_hat,200,5,PLM_MC,0.5,0,0,0
top_hat,200,5,PLM_MC,1.5,0,0,0
top_hat,200,5,PLM_MC,2.5,0,0,0
top_hat,200,5,PLM_MC,3.5,0,0,0
top_hat,200,5,PLM_MC,4.5,0,0,0
top_hat,200,5,PLM_MC,5.5,0,0,0
top_hat,200,5,PLM_MC,6.5,0,0,0
top_hat,200,5,PLM_MC,7.5,0,0,0
top_hat,200,5,PLM_MC,8.5,0,0,0
top_hat,200,5,PLM_MC,9.5,0,0,0
top_hat,200,5,PLM_MC,10.5,0,0,0
top_hat,200,5,PLM_MC,11.5,0,0,0
top_hat,200,5,PLM_MC,12.5,0,0,0
top_hat,200,5,PLM_MC,13.5,0,0,0
top_hat,200,5,PLM_MC,14.5,0,0,0
top_hat,200,5,PLM_MC,15.5,0,0,0
top_hat,200,5,PLM_MC,16.5,0,0,0
top_hat,200,5,PLM_MC,17.5,0,0,0
top_hat,200,5,PLM_MC,18.5,0,0,0
top_hat,200,5,PLM_MC,19.5,0,0,0
top_hat,200,5,PLM_MC,20.5,0,0,0
top_hat,200,5,PLM_MC,21.5,0,0,0
top_hat,200,5,PLM_MC,22.5,0,0,0
top_hat,200,5,PLM_MC,23.5,0,0,0
top_hat,200,5,PLM_MC,24.5,0,0,0
top_hat,200,5,PLM_MC,25.5,1,0,0
top_hat,200,5,PLM_MC,26.5,1,0,0
top_hat,200,5,PLM_MC,27.5,1,0,0
top_hat,200,5,PLM_MC,28.5,1,0,-6.1048027436043464e-188
top_hat,200,5,PLM_MC,29.5,1,0,-2.2085021690102232e-186
top_hat,200,5,PLM_MC,30.5,1,0,-3.8567989097837762e-185
top_hat,200,5,PLM_MC,31.5,1,0,-4.3240676939002543e-184
top_hat,200,5,PLM_MC,32.5,1,0,-3.4904748345630964e-183
top_hat,200,5,PLM_MC,33.5,1,0,-2.1554557424408698e-182
top_hat,200,5,PLM_MC,34.5,1,0,-1.0554248721617754e-181
top_hat,200,5,PLM_MC,35.5,0,0,-4.1871068034534453e-181
top_hat,200,5,PLM_MC,36.5,0,0,-1.3611256885302383e-180
top_hat,200,5,PLM_MC,37.5,0,0,-3.6306185357412388e-180
top_hat,200,5,PLM_MC,38.5,0,0,-7.8475107615567763e-180
top_hat,200,5,PLM_MC,39.5,0,0,-1.3179725178335746e-179
top_hat,200,5,PLM_MC,40.5,0,0,-1.4881548226263274e-179
top_hat,200,5,PLM_MC,41.5,0,0,-2.3231044276763372e-180
top_hat,200,5,PLM_MC,42.5,0,0,3.8899712012989288e-179
top_hat,200,5,PLM_MC,43.5,0,0,1.1769708771250236e-178
top_hat,200,5,PLM_MC,44.5,0,0,2.2360128054827431e-178
top_hat,200,5,PLM_MC,45.5,0,0,3.189963565569768e-178
top_hat,200,5,PLM_MC,46.5,0,0,3.5002418883634258e-178
top_hat,200,5,PLM_MC,47.5,0,0,2.7697614082972168e-178
top_hat,200,5,PLM_MC,48.5,0,0,1.0576951197423814e-178
top_hat,200,5,PLM_MC,49.5,0,0,4.4455174989697822e-161
top_hat,200,5,PLM_MC,50.5,0,0,2.5784001494026526e-160
top_hat,200,5,PLM_MC,51.5,0,0,2.8451311993408992e-160
top_hat,200,5,PLM_MC,52.5,0,0,-1.0235649824123016e-144
top_hat,200,5,PLM_MC,53.5,0,0,-3.1507782710443937e-144
top_hat,200,5,PLM_MC,54.5,0,0,-3.8439995427515538e-144
top_hat,200,5,PLM_MC,55.500000000000007,0,0,7.6272876151071156e-129
top_hat,200,5,PLM_MC,56.5,0,0,1.4184902074379154e-124
top_hat,200,5,PLM_MC,57.499999999999993,0,0,-3.393447590196667e-109
top_hat,200,5,PLM_MC,58.5,0,0,-6.7868951803932327e-109
top_hat,200,5,PLM_MC,59.5,0,0,1.4997795334931267e-94
top_hat,200,5,PLM_MC,60.5,0,0,1.5881889295107555e-93
top_hat,200,5,PLM_MC,61.5,0,0,1.9176146348819244e-93
top_hat,200,5,PLM_MC,62.5,0,0,-4.7274958767963592e-78
top_hat,200,5,PLM_MC,63.5,0,0,-9.1759290897878474e-78
top_hat,200,5,PLM_MC,64.5,0,0,2.8638876707815404e-63
top_hat,200,5,PLM_MC,65.5,0,0,1.74490797282686e-62
top_hat,200,5,PLM_MC,66.5,0,0,1.9446922743316068e-62
top_hat,200,5,PLM_MC,67.5,0,0,-4.6544171697189656e-47
top_hat,200,5,PLM_MC,68.5,0,0,-8.7581154020301067e-47
top_hat,200,5,PLM_MC,69.5,0,0,2.1898889545730649e-32
top_hat,200,5,PLM_MC,70.5,0,0,1.4207691807549422e-31
top_hat,200,5,PLM_MC,71.5,0,0,1.6023737137301802e-31
top_hat,200,5,PLM_MC,72.5,0,0,-2.5727424964894882e-16
top_hat,200,5,PLM_MC,73.5,0,0,-6.3837823915946501e-16
top_hat,200,5,PLM_MC,74.5,0,0,0.12499999999999822
top_hat,200,5,PLM_MC,75.5,0,1,0.87499999999999944
top_hat,200,5,PLM_MC,76.5,0,1,1.0000000000000009
top_hat,200,5,PLM_MC,77.5,0,1,1.0000000000000009
top_hat,200,5,PLM_MC,78.5,0,1,1.0000000000000009
top_hat,200,5,PLM_MC,79.5,0,1,1.0000000000000009
top_hat,200,5,PLM_MC,80.5,0,1,1.0000000000000009
top_hat,200,5,PLM_MC,81.5,0,1,1.0000000000000009
top_hat,200,5,PLM_MC,82.5,0,1,1.0000000000000009
top_hat,200,5,PLM_MC,83.5,0,1,1.0000000000000009
top_hat,200,5,PLM_MC,84.5,0,1,0.87500000000000011
top_hat,200,5,PLM_MC,85.5,0,0,0.12499999999999933
top_hat,200,5,PLM_MC,86.5,0,0,-1.9428902930940239e-16
top_hat,200,5,PLM_MC,87.5,0,0,-1.2490009027032863e-16
top_hat,200,5,PLM_MC,88.5,0,0,0
top_hat,200,5,PLM_MC,89.5,0,0,0
top_hat,200,5,PLM_MC,90.5,0,0,0
top_hat,200,5,PLM_MC,91.5,0,0,0
top_hat,200,5,PLM_MC,92.5,0,0,0
top_hat,200,5,PLM_MC,93.5,0,0,0
top_hat,200,5,PLM_MC,94.5,0,0,0
top_hat,200,5,PLM_MC,95.5,0,0,0
top_hat,200,5,PLM_MC,96.5,0,0,0
top_hat,200,5,PLM_MC,97.5,0,0,0
top_hat,200,5,PLM_MC,98.5,0,0,0
top_hat,200,5,PLM_MC,99.5,0,0,0
top_hat,200,5,PLM_MC,100.5,0,0,0
top_hat,200,5,PLM_MC,101.5,0,0,0
top_hat,200,5,PLM_MC,102.5,0,0,0
top_hat,200,5,PLM_MC,103.5,0,0,0
top_hat,200,5,PLM_MC,104.5,0,0,0
top_hat,200,5,PLM_MC,105.5,0,0,0
top_hat,200,5,PLM_MC,106.5,0,0,0
top_hat,200,5,PLM_MC,107.5,0,0,0
top_hat,200,5,PLM_MC,108.5,0,0,0
top_hat,200,5,PLM_MC,109.50000000000001,0,0,0
top_hat,200,5,PLM_MC,110.50000000000001,0,0,0
top_hat,200,5,PLM_MC,111.50000000000001,0,0,0
top_hat,200,5,PLM_MC,112.5,0,0,0
top_hat,200,5,PLM_MC,113.49999999999999,0,0,0
top_hat,200,5,PLM_MC,114.49999999999999,0,0,0
top_hat,200,5,PLM_MC,115.49999999999999,0,0,0
top_hat,200,5,PLM_MC,116.5,0,0,0
top_hat,200,5,PLM_MC,117.5,0,0,0
top_hat,200,5,PLM_MC,118.5,0,0,0
top_hat,200,5,PLM_MC,119.5,0,0,0
top_hat,200,5,PLM_MC,120.5,0,0,0
top_hat,200,5,PLM_MC,121.5,0,0,0
top_hat,200,5,PLM_MC,122.5,0,0,0
top_hat,200,5,PLM_MC,123.5,0,0,0
top_hat,200,5,PLM_MC,124.5,0,0,0
top_hat,200,5,PLM_MC,125.5,0,0,0
top_hat,200,5,PLM_MC,126.5,0,0,0
top_hat,200,5,PLM_MC,127.5,0,0,0
top_hat,200,5,PLM_MC,128.5,0,0,0
top_hat,200,5,PLM_MC,129.5,0,0,0
top_hat,200,5,PLM_MC,130.5,0,0,0
top_hat,200,5,PLM_MC,131.5,0,0,0
top_hat,200,5,PLM_MC,132.5,0,0,0
top_hat,200,5,PLM_MC,133.5,0,0,0
top_hat,200,5,PLM_MC,134.5,0,0,0
top_hat,200,5,PLM_MC,135.5,0,0,0
top_hat,200,5,PLM_MC,136.5,0,0,0
top_hat,200,5,PLM_MC,137.5,0,0,0
top_hat,200,5,PLM_MC,138.5,0,0,0
top_hat,200,5,PLM_MC,139.5,0,0,0
top_hat,200,5,PLM_MC,140.5,0,0,0
top_hat,200,5,PLM_MC,141.5,0,0,0
top_hat,200,5,PLM_MC,142.5,0,0,0
top_hat,200,5,PLM_MC,143.5,0,0,0
top_hat,200,5,PLM_MC,144.5,0,0,0
top_hat,200,5,PLM_MC,145.5,0,0,0
top_hat,200,5,PLM_MC,146.5,0,0,0
top_hat,200,5,PLM_MC,147.5,0,0,0
top_hat,200,5,PLM_MC,148.5,0,0,0
top_hat,200,5,PLM_MC,149.5,0,0,0
top_hat,200,5,PLM_MC,150.5,0,0,0
top_hat,200,5,PLM_MC,151.5,0,0,0
top_hat,200,5,PLM_MC,152.5,0,0,0
top_hat,200,5,PLM_MC,153.5,0,0,0
top_hat,200,5,PLM_MC,154.5,0,0,0
top_hat,200,5,PLM_MC,155.5,0,0,0
top_hat,200,5,PLM_MC,156.5,0,0,0
top_hat,200,5,PLM_MC,157.5,0,0,0
top_hat,200,5,PLM_MC,158.5,0,0,0
top_hat,200,5,PLM_MC,159.5,0,0,0
top_hat,200,5,PLM_MC,160.5,0,0,0
top_hat,200,5,PLM_MC,161.5,0,0,0
top_hat,200,5,PLM_MC,162.5,0,0,0
top_hat,200,5,PLM_MC,163.5,0,0,0
top_hat,200,5,PLM_MC,164.5,0,0,0
top_hat,200,5,PLM_MC,165.5,0,0,0
top_hat,200,5,PLM_MC,166.5,0,0,0
top_hat,200,5,PLM_MC,167.5,0,0,0
top_hat,200,5,PLM_MC,168.5,0,0,0
top_hat,200,5,PLM_MC,169.5,0,0,0
top_hat,200,5,PLM_MC,170.5,0,0,0
top_hat,200,5,PLM_MC,171.5,0,0,0
top_hat,200,5,PLM_MC,172.5,0,0,0
top_hat,200,5,PLM_MC,173.5,0,0,0
top_hat,200,5,PLM_MC,174.5,0,0,0
top_hat,200,5,PLM_MC,175.5,0,0,0
top_hat,200,5,PLM_MC,176.5,0,0,0
top_hat,200,5,PLM_MC,177.5,0,0,0
top_hat,200,5,PLM_MC,178.5,0,0,0
top_hat,200,5,PLM_MC,179.5,0,0,0
top_hat,200,5,PLM_MC,180.5,0,0,0
top_hat,200,5,PLM_MC,181.5,0,0,0
top_hat,200,5,PLM_MC,182.5,0,0,0
top_hat,200,5,PLM_MC,183.5,0,0,0
top_hat,200,5,PLM_MC,184.5,0,0,0
top_hat,200,5,PLM_MC,185.5,0,0,0
top_hat,200,5,PLM_MC,186.5,0,0,0
top_hat,200,5,PLM_MC,187.5,0,0,0
top_hat,200,5,PLM_MC,188.5,0,0,0
top_hat,200,5,PLM_MC,189.5,0,0,0
top_hat,200,5,PLM_MC,190.5,0,0,0
top_hat,200,5,PLM_MC,191.5,0,0,0
top_hat,200,5,PLM_MC,192.5,0,0,0
top_hat,200,5,PLM_MC,193.5,0,0,0
top_hat,200,5,PLM_MC,194.5,0,0,0
top_hat,200,5,PLM_MC,195.5,0,0,0
top_hat,200,5,PLM_MC,196.5,0,0,0
top_hat,200,5,PLM_MC,197.5,0,0,0
top_hat,200,5,PLM_MC,198.5,0,0,0
top_hat,200,5,PLM_MC,199.5,0,0,0
top_hat,400,0.10000000000000001,upwind,0.25,0,0,0
top_hat,400,0.10000000000000001,upwind,0.75,0,0,0
top_hat,400,0.10000000000000001,upwind,1.25,0,0,0
top_hat,400,0.10000000000000001,upwind,1.75,0,0,0
top_hat,400,0.10000000000000001,upwind,2.25,0,0,0
top_hat,400,0.10000000000000001,upwind,2.75,0,0,0
top_hat,400,0.10000000000000001,upwind,3.25,0,0,0
top_hat,400,0.10000000000000001,upwind,3.75,0,0,0
top_hat,400,0.10000000000000001,upwind,4.25,0,0,0
top_hat,400,0.10000000000000001,upwind,4.75,0,0,0
top_hat,400,0.10000000000000001,upwind,5.25,0,0,0
top_hat,400,0.10000000000000001,upwind,5.75,0,0,0
top_hat,400,0.10000000000000001,upwind,6.25,0,0,0
top_hat,400,0.10000000000000001,upwind,6.75,0,0,0
top_hat,400,0.10000000000000001,upwind,7.25,0,0,0
top_hat,400,0.10000000000000001,upwind,7.75,0,0,0
top_hat,400,0.10000000000000001,upwind,8.25,0,0,0
top_hat,400,0.10000000000000001,upwind,8.75,0,0,0
top_hat,400,0.10000000000000001,upwind,9.25,0,0,0
top_hat,400,0.10000000000000001,upwind,9.75,0,0,0
top_hat,400,0.10000000000000001,upwind,10.25,0,0,0
top_hat,400,0.10000000000000001,upwind,10.75,0,0,0
top_hat,400,0.10000000000000001,upwind,11.25,0,0,0
top_hat,400,0.10000000000000001,upwind,11.75,0,0,0
top_hat,400,0.10000000000000001,upwind,12.25,0,0,0
top_hat,400,0.10000000000000001,upwind,12.75,0,0,0
top_hat,400,0.10000000000000001,upwind,13.25,0,0,0
top_hat,400,0.10000000000000001,upwind,13.75,0,0,0
top_hat,400,0.10000000000000001,upwind,14.25,0,0,0
top_hat,400,0.10000000000000001,upwind,14.75,0,0,0
top_hat,400,0.10000000000000001,upwind,15.25,0,0,0
top_hat,400,0.10000000000000001,upwind,15.75,0,0,0
top_hat,400,0.10000000000000001,upwind,16.25,0,0,0
top_hat,400,0.10000000000000001,upwind,16.75,0,0,0
top_hat,400,0.10000000000000001,upwind,17.25,0,0,0
top_hat,400,0.10000000000000001,upwind,17.75,0,0,0
top_hat,400,0.10000000000000001,upwind,18.25,0,0,0
top_hat,400,0.10000000000000001,upwind,18.75,0,0,0
top_hat,400,0.10000000000000001,upwind,19.25,0,0,0
top_hat,400,0.10000000000000001,upwind,19.75,0,0,0
top_hat,400,0.10000000000000001,upwind,20.25,0,0,0
top_hat,400,0.10000000000000001,upwind,20.75,0,0,0
top_hat,400,0.10000000000000001,upwind,21.25,0,0,0
top_hat,400,0.10000000000000001,upwind,21.75,0,0,0
top_hat,400,0.10000000000000001,upwind,22.25,0,0,0
top_hat,400,0.10000000000000001,upwind,22.75,0,0,0
top_hat,400,0.10000000000000001,upwind,23.25,0,0,0
top_hat,400,0.10000000000000001,upwind,23.75,0,0,0
top_hat,400,0.10000000000000001,upwind,24.25,0,0,0
top_hat,400,0.10000000000000001,upwind,24.75,0,0,0
top_hat,400,0.10000000000000001,upwind,25.25,1,0,1.3501389379311044e-44
top_hat,400,0.10000000000000001,upwind,25.75,1,0,1.3911941831865629e-42
top_hat,400,0.10000000000000001,upwind,26.25,1,0,7.1667584757089178e-41
top_hat,400,0.10000000000000001,upwind,26.75,1,0,2.4610648642697827e-39
top_hat,400,0.10000000000000001,upwind,27.25,1,0,6.3378504689405816e-38
top_hat,400,0.10000000000000001,upwind,27.750000000000004,1,0,1.3055969918990791e-36
top_hat,400,0.10000000000000001,upwind,28.25,1,0,2.2410635575609724e-35
top_hat,400,0.10000000000000001,upwind,28.749999999999996,1,0,3.2969507489646567e-34
top_hat,400,0.10000000000000001,upwind,29.25,1,0,4.2436522318586435e-33
top_hat,400,0.10000000000000001,upwind,29.75,1,0,4.854858222631454e-32
top_hat,400,0.10000000000000001,upwind,30.25,1,0,4.9982594059841476e-31
top_hat,400,0.10000000000000001,upwind,30.75,1,0,4.6776998149523668e-30
top_hat,400,0.10000000000000001,upwind,31.25,1,0,4.0125680697863748e-29
top_hat,400,0.10000000000000001,upwind,31.75,1,0,3.1769950902433508e-28
top_hat,400,0.10000000000000001,upwind,32.25,1,0,2.3355722231119615e-27
top_hat,400,0.10000000000000001,upwind,32.75,1,0,1.6024161818269639e-26
top_hat,400,0.10000000000000001,upwind,33.25,1,0,1.0306194132319461e-25
top_hat,400,0.10000000000000001,upwind,33.75,1,0,6.2382579852913201e-25
top_hat,400,0.10000000000000001,upwind,34.25,1,0,3.5659644611790041e-24
top_hat,400,0.10000000000000001,upwind,34.75,1,0,1.9310040527045451e-23
top_hat,400,0.10000000000000001,upwind,35.25,0,0,9.9331716939372724e-23
top_hat,400,0.10000000000000001,upwind,35.75,0,0,4.8660863485325953e-22
top_hat,400,0.10000000000000001,upwind,36.25,0,0,2.275339408780198e-21
top_hat,400,0.10000000000000001,upwind,36.75,0,0,1.0176228310828391e-20
top_hat,400,0.10000000000000001,upwind,37.25,0,0,4.361391884271091e-20
top_hat,400,0.10000000000000001,upwind,37.75,0,0,1.7943918258691269e-19
top_hat,400,0.10000000000000001,upwind,38.25,0,0,7.0984003590512649e-19
top_hat,400,0.10000000000000001,upwind,38.75,0,0,2.7039548086978671e-18
top_hat,400,0.10000000000000001,upwind,39.25,0,0,9.9318941418598922e-18
top_hat,400,0.10000000000000001,upwind,39.75,0,0,3.5222052033824432e-17
top_hat,400,0.10000000000000001,upwind,40.25,0,0,1.2074407576236541e-16
top_hat,400,0.10000000000000001,upwind,40.75,0,0,4.0056267874514693e-16
top_hat,400,0.10000000000000001,upwind,41.25,0,0,1.2873092592434924e-15
top_hat,400,0.10000000000000001,upwind,41.75,0,0,4.0117106271566129e-15
top_hat,400,0.10000000000000001,upwind,42.25,0,0,1.2134220587794362e-14
top_hat,400,0.10000000000000001,upwind,42.75,0,0,3.5653978293050109e-14
top_hat,400,0.10000000000000001,upwind,43.25,0,0,1.0185329632395102e-13
top_hat,400,0.10000000000000001,upwind,43.75,0,0,2.8310724817440852e-13
top_hat,400,0.10000000000000001,upwind,44.25,0,0,7.6622398449606737e-13
top_hat,400,0.10000000000000001,upwind,44.75,0,0,2.0206589638851735e-12
top_hat,400,0.10000000000000001,upwind,45.25,0,0,5.195787500962025e-12
top_hat,400,0.10000000000000001,upwind,45.75,0,0,1.3034830578871452e-11
top_hat,400,0.10000000000000001,upwind,46.25,0,0,3.1923953329888048e-11
top_hat,400,0.10000000000000001,upwind,46.75,0,0,7.6372112129964713e-11
top_hat,400,0.10000000000000001,upwind,47.25,0,0,1.7856576850243834e-10
top_hat,400,0.10000000000000001,upwind,47.75,0,0,4.0825817705037573e-10
top_hat,400,0.10000000000000001,upwind,48.25,0,0,9.1319423908787424e-10
top_hat,400,0.10000000000000001,upwind,48.75,0,0,1.999365862782586e-09
top_hat,400,0.10000000000000001,upwind,49.25,0,0,4.2866992152641564e-09
top_hat,400,0.10000000000000001,upwind,49.75,0,0,9.0042647032107668e-09
top_hat,400,0.10000000000000001,upwind,50.25,0,0,1.8537598028315386e-08
top_hat,400,0.10000000000000001,upwind,50.75,0,0,3.742115132296731e-08
top_hat,400,0.10000000000000001,upwind,51.25,0,0,7.4098821802019307e-08
top_hat,400,0.10000000000000001,upwind,51.75,0,0,1.4397988104064124e-07
top_hat,400,0.10000000000000001,upwind,52.25,0,0,2.7463052051113044e-07
top_hat,400,0.10000000000000001,upwind,52.75,0,0,5.1440715858505521e-07
top_hat,400,0.10000000000000001,upwind,53.25,0,0,9.465118998131272e-07
top_hat,400,0.10000000000000001,upwind,53.75,0,0,1.7113975645745773e-06
top_hat,400,0.10000000000000001,upwind,54.25,0,0,3.0417386496683348e-06
top_hat,400,0.10000000000000001,upwind,54.750000000000007,0,0,5.31588060868758e-06
top_hat,400,0.10000000000000001,upwind,55.250000000000007,0,0,9.137830364741804e-06
top_hat,400,0.10000000000000001,upwind,55.750000000000007,0,0,1.545446604528482e-05
top_hat,400,0.10000000000000001,upwind,56.25,0,0,2.5723671100610499e-05
top_hat,400,0.10000000000000001,upwind,56.749999999999993,0,0,4.2150393039781698e-05
top_hat,400,0.10000000000000001,upwind,57.249999999999993,0,0,6.801092402668917e-05
top_hat,400,0.10000000000000001,upwind,57.749999999999993,0,0,0.00010808858613310727
top_hat,400,0.10000000000000001,upwind,58.25,0,0,0.00016924590309785312
top_hat,400,0.10000000000000001,upwind,58.75,0,0,0.00026115852184812336
top_hat,400,0.10000000000000001,upwind,59.25,0,0,0.0003972337574378468
top_hat,400,0.10000000000000001,upwind,59.75,0,0,0.0005957307680760144
top_hat,400,0.10000000000000001,upwind,60.25,0,0,0.00088108917111938347
top_hat,400,0.10000000000000001,upwind,60.75,0,0,0.0012854577340554675
top_hat,400,0.10000000000000001,upwind,61.25,0,0,0.0018503943340903157
top_hat,400,0.10000000000000001,upwind,61.75,0,0,0.0026286829412967973
top_hat,400,0.10000000000000001,upwind,62.25,0,0,0.0036861839154971421
top_hat,400,0.10000000000000001,upwind,62.75,0,0,0.0051036022025092763
top_hat,400,0.10000000000000001,upwind,63.25,0,0,0.0069780266937257774
top_hat,400,0.10000000000000001,upwind,63.75,0,0,0.009424066440485596
top_hat,400,0.10000000000000001,upwind,64.25,0,0,0.01257438947576681
top_hat,400,0.10000000000000001,upwind,64.75,0,0,0.016579461734220331
top_hat,400,0.10000000000000001,upwind,65.25,0,0,0.02160629071052466
top_hat,400,0.10000000000000001,upwind,65.75,0,0,0.027836003941492028
top_hat,400,0.10000000000000001,upwind,66.25,0,0,0.035460137642535458
top_hat,400,0.10000000000000001,upwind,66.75,0,0,0.044675575539312715
top_hat,400,0.10000000000000001,upwind,67.25,0,0,0.055678159645874678
top_hat,400,0.10000000000000001,upwind,67.75,0,0,0.068655088798631525
top_hat,400,0.10000000000000001,upwind,68.25,0,0,0.083776320541038105
top_hat,400,0.10000000000000001,upwind,68.75,0,0,0.10118528938807644
top_hat,400,0.10000000000000001,upwind,69.25,0,0,0.12098934080248654
top_hat,400,0.10000000000000001,upwind,69.75,0,0,0.14325034683401228
top_hat,400,0.10000000000000001,upwind,70.25,0,0,0.16797600896748399
top_hat,400,0.10000000000000001,upwind,70.75,0,0,0.19511236106864088
top_hat,400,0.10000000000000001,upwind,71.25,0,0,0.22453795798600937
top_hat,400,0.10000000000000001,upwind,71.75,0,0,0.2560601741120544
top_hat,400,0.10000000000000001,upwind,72.25,0,0,0.28941394492585965
top_hat,400,0.10000000000000001,upwind,72.75,0,0,0.32426316986197806
top_hat,400,0.10000000000000001,upwind,73.25,0,0,0.3602048653735177
top_hat,400,0.10000000000000001,upwind,73.75,0,0,0.39677602235157733
top_hat,400,0.10000000000000001,upwind,74.25,0,0,0.43346299158553442
top_hat,400,0.10000000000000001,upwind,74.75,0,0,0.4697131030354802
top_hat,400,0.10000000000000001,upwind,75.25,0,1,0.50494812576558223
top_hat,400,0.10000000000000001,upwind,75.75,0,1,0.5385790995142018
top_hat,400,0.10000000000000001,upwind,76.25,0,1,0.57002201766756544
top_hat,400,0.10000000000000001,upwind,76.75,0,1,0.59871381431642079
top_hat,400,0.10000000000000001,upwind,77.25,0,1,0.62412810298424548
top_hat,400,0.10000000000000001,upwind,77.75,0,1,0.64579012854677431
top_hat,400,0.10000000000000001,upwind,78.25,0,1,0.66329042373635194
top_hat,400,0.10000000000000001,upwind,78.75,0,1,0.67629670486654192
top_hat,400,0.10000000000000001,upwind,79.25,0,1,0.68456359631786434
top_hat,400,0.10000000000000001,upwind,79.75,0,1,0.68793983911819911
top_hat,400,0.10000000000000001,upwind,80.25,0,1,0.68637271553986712
top_hat,400,0.10000000000000001,upwind,80.75,0,1,0.67990950913131154
top_hat,400,0.10000000000000001,upwind,81.25,0,1,0.66869591771120307
top_hat,400,0.10000000000000001,upwind,81.75,0,1,0.65297144428020781
top_hat,400,0.10000000000000001,upwind,82.25,0,1,0.63306190479946345
top_hat,400,0.10000000000000001,upwind,82.75,0,1,0.60936930794205635
top_hat,400,0.10000000000000001,upwind,83.25,0,1,0.58235947430837554
top_hat,400,0.10000000000000001,upwind,83.75,0,1,0.55254786417624535
top_hat,400,0.10000000000000001,upwind,84.25,0,1,0.52048416620564764
top_hat,400,0.10000000000000001,upwind,84.75,0,1,0.48673625767550605
top_hat,400,0.10000000000000001,upwind,85.25,0,0,0.45187417419271642
top_hat,400,0.10000000000000001,upwind,85.75,0,0,0.41645471991377481
top_hat,400,0.10000000000000001,upwind,86.25,0,0,0.38100730737509891
top_hat,400,0.10000000000000001,upwind,86.75,0,0,0.34602154117781864
top_hat,400,0.10000000000000001,upwind,87.25,0,0,0.31193695695961693
top_hat,400,0.10000000000000001,upwind,87.75,0,0,0.27913520360924232
top_hat,400,0.10000000000000001,upwind,88.25,0,0,0.24793482147545146
top_hat,400,0.10000000000000001,upwind,88.75,0,0,0.21858863207746307
top_hat,400,0.10000000000000001,upwind,89.25,0,0,0.19128362503171653
top_hat,400,0.10000000000000001,upwind,89.75,0,0,0.16614311399176832
top_hat,400,0.10000000000000001,upwind,90.25,0,0,0.14323084199043792
top_hat,400,0.10000000000000001,upwind,90.75,0,0,0.12255665204611356
top_hat,400,0.10000000000000001,upwind,91.25,0,0,0.10408330314364551
top_hat,400,0.10000000000000001,upwind,91.75,0,0,0.087734004203586277
top_hat,400,0.10000000000000001,upwind,92.25,0,0,0.07340025676775247
top_hat,400,0.10000000000000001,upwind,92.75,0,0,0.060949636555891071
top_hat,400,0.10000000000000001,upwind,93.25,0,0,0.050233199407337802
top_hat,400,0.10000000000000001,upwind,93.75,0,0,0.041092262552130658
top_hat,400,0.10000000000000001,upwind,94.25,0,0,0.033364381880162566
top_hat,400,0.10000000000000001,upwind,94.75,0,0,0.026888414671976512
top_hat,400,0.10000000000000001,upwind,95.25,0,0,0.021508620800483925
top_hat,400,0.10000000000000001,upwind,95.75,0,0,0.01707781049852029
top_hat,400,0.10000000000000001,upwind,96.25,0,0,0.013459591381962822
top_hat,400,0.10000000000000001,upwind,96.75,0,0,0.01052980062251156
top_hat,400,0.10000000000000001,upwind,97.25,0,0,0.0081772300688652787
top_hat,400,0.10000000000000001,upwind,97.75,0,0,0.0063037635996366498
top_hat,400,0.10000000000000001,upwind,98.25,0,0,0.0048240484946700073
top_hat,400,0.10000000000000001,upwind,98.75,0,0,0.0036648179004192091
top_hat,400,0.10000000000000001,upwind,99.25,0,0,0.002763971425566425
top_hat,400,0.10000000000000001,upwind,99.75,0,0,0.002069507366868048
top_hat,400,0.10000000000000001,upwind,100.25,0,0,0.0015383846812177316
top_hat,400,0.10000000000000001,upwind,100.75,0,0,0.0011353769712463004
top_hat,400,0.10000000000000001,upwind,101.25,0,0,0.00083196551520514053
top_hat,400,0.10000000000000001,upwind,101.75,0,0,0.00060530451283999755
top_hat,400,0.10000000000000001,upwind,102.25,0,0,0.00043727971361363959
top_hat,400,0.10000000000000001,upwind,102.75,0,0,0.00031367166892558003
top_hat,400,0.10000000000000001,upwind,103.25,0,0,0.00022342703340132736
top_hat,400,0.10000000000000001,upwind,103.75,0,0,0.0001580355122979755
top_hat,400,0.10000000000000001,upwind,104.25,0,0,0.00011100599562961612
top_hat,400,0.10000000000000001,upwind,104.75,0,0,7.7432863798919911e-05
top_hat,400,0.10000000000000001,upwind,105.25,0,0,5.364210456261654e-05
top_hat,400,0.10000000000000001,upwind,105.75,0,0,3.6906464790489525e-05
top_hat,400,0.10000000000000001,upwind,106.25,0,0,2.5219115791082279e-05
top_hat,400,0.10000000000000001,upwind,106.75,0,0,1.7116016867263716e-05
top_hat,400,0.10000000000000001,upwind,107.25,0,0,1.1538137374290304e-05
top_hat,400,0.10000000000000001,upwind,107.75,0,0,7.7258022259813873e-06
top_hat,400,0.10000000000000001,upwind,108.25,0,0,5.1385559736349932e-06
top_hat,400,0.10000000000000001,upwind,108.75,0,0,3.3950248971200425e-06
top_hat,400,0.10000000000000001,upwind,109.25,0,0,2.228250093267067e-06
top_hat,400,0.10000000000000001,upwind,109.75,0,0,1.4528430890529828e-06
top_hat,400,0.10000000000000001,upwind,110.25,0,0,9.4107011064326845e-07
top_hat,400,0.10000000000000001,upwind,110.75,0,0,6.0560350661327185e-07
top_hat,400,0.10000000000000001,upwind,111.25,0,0,3.8719747264558005e-07
top_hat,400,0.10000000000000001,upwind,111.75,0,0,2.4596251485478084e-07
top_hat,400,0.10000000000000001,upwind,112.25,0,0,1.5524302735470807e-07
top_hat,400,0.10000000000000001,upwind,112.75,0,0,9.7359083017479493e-08
top_hat,400,0.10000000000000001,upwind,113.25,0,0,6.0670335607144823e-08
top_hat,400,0.10000000000000001,upwind,113.75,0,0,3.7568698996798398e-08
top_hat,400,0.10000000000000001,upwind,114.25,0,0,2.3117451665171181e-08
top_hat,400,0.10000000000000001,upwind,114.75,0,0,1.4136175648511949e-08
top_hat,400,0.10000000000000001,upwind,115.25,0,0,8.5904541402201058e-09
top_hat,400,0.10000000000000001,upwind,115.75,0,0,5.1880779014984764e-09
top_hat,400,0.10000000000000001,upwind,116.25,0,0,3.1139877237999322e-09
top_hat,400,0.10000000000000001,upwind,116.75,0,0,1.8576381584629039e-09
top_hat,400,0.10000000000000001,upwind,117.25,0,0,1.1014197367820453e-09
top_hat,400,0.10000000000000001,upwind,117.75,0,0,6.4909113504033536e-10
top_hat,400,0.10000000000000001,upwind,118.25,0,0,3.8021836088006836e-10
top_hat,400,0.10000000000000001,upwind,118.75,0,0,2.2138514224173557e-10
top_hat,400,0.10000000000000001,upwind,119.25,0,0,1.2813421992132376e-10
top_hat,400,0.10000000000000001,upwind,119.75,0,0,7.3721855130745521e-11
top_hat,400,0.10000000000000001,upwind,120.25,0,0,4.2165275531497782e-11
top_hat,400,0.10000000000000001,upwind,120.75,0,0,2.3974755328011639e-11
top_hat,400,0.10000000000000001,upwind,121.25,0,0,1.3552108468812042e-11
top_hat,400,0.10000000000000001,upwind,121.75,0,0,7.6159798551176723e-12
top_hat,400,0.10000000000000001,upwind,122.25,0,0,4.255235712061187e-12
top_hat,400,0.10000000000000001,upwind,122.75,0,0,2.3638121384926408e-12
top_hat,400,0.10000000000000001,upwind,123.25,0,0,1.3055883792846299e-12
top_hat,400,0.10000000000000001,upwind,123.75,0,0,7.169947108534203e-13
top_hat,400,0.10000000000000001,upwind,124.25,0,0,3.9152027934048283e-13
top_hat,400,0.10000000000000001,upwind,124.75,0,0,2.1258537251771505e-13
top_hat,400,0.10000000000000001,upwind,125.25,0,0,1.1477977595350954e-13
top_hat,400,0.10000000000000001,upwind,125.75,0,0,6.1625749435792462e-14
top_hat,400,0.10000000000000001,upwind,126.25,0,0,3.2903020643332839e-14
top_hat,400,0.10000000000000001,upwind,126.75,0,0,1.747019724824607e-14
top_hat,400,0.10000000000000001,upwind,127.25,0,0,9.2248645149309381e-15
top_hat,400,0.10000000000000001,upwind,127.75,0,0,4.8443320226864816e-15
top_hat,400,0.10000000000000001,upwind,128.25,0,0,2.5300609962346432e-15
top_hat,400,0.10000000000000001,upwind,128.75,0,0,1.3142035527946684e-15
top_hat,400,0.10000000000000001,upwind,129.25,0,0,6.7895362214754608e-16
top_hat,400,0.10000000000000001,upwind,129.75,0,0,3.4887880369820771e-16
top_hat,400,0.10000000000000001,upwind,130.25,0,0,1.7831059129735239e-16
top_hat,400,0.10000000000000001,upwind,130.75,0,0,9.0648111254868244e-17
top_hat,400,0.10000000000000001,upwind,131.25,0,0,4.5838492935279559e-17
top_hat,400,0.10000000000000001,upwind,131.75,0,0,2.3056991902958394e-17
top_hat,400,0.10000000000000001,upwind,132.25,0,0,1.1536827774732386e-17
top_hat,400,0.10000000000000001,upwind,132.75,0,0,5.7423839281271846e-18
top_hat,400,0.10000000000000001,upwind,133.25,0,0,2.8433518938720832e-18
top_hat,400,0.10000000000000001,upwind,133.75,0,0,1.4005931317362872e-18
top_hat,400,0.10000000000000001,upwind,134.25,0,0,6.8635168349371525e-19
top_hat,400,0.10000000000000001,upwind,134.75,0,0,3.3461467990841455e-19
top_hat,400,0.10000000000000001,upwind,135.25,0,0,1.6229943572191297e-19
top_hat,400,0.10000000000000001,upwind,135.75,0,0,7.8320027738170573e-20
top_hat,400,0.10000000000000001,upwind,136.25,0,0,3.7602995363533369e-20
top_hat,400,0.10000000000000001,upwind,136.75,0,0,1.7962870237677727e-20
top_hat,400,0.10000000000000001,upwind,137.25,0,0,8.5377320161510611e-21
top_hat,400,0.10000000000000001,upwind,137.75,0,0,4.0376858706432851e-21
top_hat,400,0.10000000000000001,upwind,138.25,0,0,1.9000078900989801e-21
top_hat,400,0.10000000000000001,upwind,138.75,0,0,8.8965312782566217e-22
top_hat,400,0.10000000000000001,upwind,139.25,0,0,4.1451278003117579e-22
top_hat,400,0.10000000000000001,upwind,139.75,0,0,1.9218365518635405e-22
top_hat,400,0.10000000000000001,upwind,140.25,0,0,8.8667732350291049e-23
top_hat,400,0.10000000000000001,upwind,140.75,0,0,4.0709392654411197e-23
top_hat,400,0.10000000000000001,upwind,141.25,0,0,1.85999884987436e-23
top_hat,400,0.10000000000000001,upwind,141.75,0,0,8.4572436725229541e-24
top_hat,400,0.10000000000000001,upwind,142.25,0,0,3.8269442490014421e-24
top_hat,400,0.10000000000000001,upwind,142.75,0,0,1.7234214057601171e-24
top_hat,400,0.10000000000000001,upwind,143.25,0,0,7.7242397082948026e-25
top_hat,400,0.10000000000000001,upwind,143.75,0,0,3.4455114587459998e-25
top_hat,400,0.10000000000000001,upwind,144.25,0,0,1.529657003086051e-25
top_hat,400,0.10000000000000001,upwind,144.75,0,0,6.7590469308746104e-26
top_hat,400,0.10000000000000001,upwind,145.25,0,0,2.972599985688289e-26
top_hat,400,0.10000000000000001,upwind,145.75,0,0,1.3012345364661438e-26
top_hat,400,0.10000000000000001,upwind,146.25,0,0,5.6695842849039533e-27
top_hat,400,0.10000000000000001,upwind,146.75,0,0,2.4588482620316791e-27
top_hat,400,0.10000000000000001,upwind,147.25,0,0,1.0614643321638387e-27
top_hat,400,0.10000000000000001,upwind,147.75,0,0,4.561214149654122e-28
top_hat,400,0.10000000000000001,upwind,148.25,0,0,1.9510349598609788e-28
top_hat,400,0.10000000000000001,upwind,148.75,0,0,8.3074407859485223e-29
top_hat,400,0.10000000000000001,upwind,149.25,0,0,3.5212356443395806e-29
top_hat,400,0.10000000000000001,upwind,149.75,0,0,1.4857868459597739e-29
top_hat,400,0.10000000000000001,upwind,150.25,0,0,6.2410749999331773e-30
top_hat,400,0.10000000000000001,upwind,150.75,0,0,2.6098262280587681e-30
top_hat,400,0.10000000000000001,upwind,151.25,0,0,1.0864777577157834e-30
top_hat,400,0.10000000000000001,upwind,151.75,0,0,4.5029263785852882e-31
top_hat,400,0.10000000000000001,upwind,152.25,0,0,1.8579809146402825e-31
top_hat,400,0.10000000000000001,upwind,152.75,0,0,7.6325142345149378e-32
top_hat,400,0.10000000000000001,upwind,153.25,0,0,3.1216304319798967e-32
top_hat,400,0.10000000000000001,upwind,153.75,0,0,1.2711309530030923e-32
top_hat,400,0.10000000000000001,upwind,154.25,0,0,5.1534900962713681e-33
top_hat,400,0.10000000000000001,upwind,154.75,0,0,2.0802823289320801e-33
top_hat,400,0.10000000000000001,upwind,155.25,0,0,8.3610357147862752e-34
top_hat,400,0.10000000000000001,upwind,155.75,0,0,3.3459701815461711e-34
top_hat,400,0.10000000000000001,upwind,156.25,0,0,1.3332617245761866e-34
top_hat,400,0.10000000000000001,upwind,156.75,0,0,5.2898971298949301e-35
top_hat,400,0.10000000000000001,upwind,157.25,0,0,2.0898954901551125e-35
top_hat,400,0.10000000000000001,upwind,157.75,0,0,8.2215639781477437e-36
top_hat,400,0.10000000000000001,upwind,158.25,0,0,3.2206519274803641e-36
top_hat,400,0.10000000000000001,upwind,158.75,0,0,1.256317804091673e-36
top_hat,400,0.10000000000000001,upwind,159.25,0,0,4.8800969918631758e-37
top_hat,400,0.10000000000000001,upwind,159.75,0,0,1.8877192233591834e-37
top_hat,400,0.10000000000000001,upwind,160.25,0,0,7.2716520040635216e-38
top_hat,400,0.10000000000000001,upwind,160.75,0,0,2.7894732821363417e-38
top_hat,400,0.10000000000000001,upwind,161.25,0,0,1.0656421552949386e-38
top_hat,400,0.10000000000000001,upwind,161.75,0,0,4.0542192527249069e-39
top_hat,400,0.10000000000000001,upwind,162.25,0,0,1.5360885823164944e-39
top_hat,400,0.10000000000000001,upwind,162.75,0,0,5.7962214266701562e-40
top_hat,400,0.10000000000000001,upwind,163.25,0,0,2.1782102207409982e-40
top_hat,400,0.10000000000000001,upwind,163.75,0,0,8.1524308320826975e-41
top_hat,400,0.10000000000000001,upwind,164.25,0,0,3.0388782818383956e-41
top_hat,400,0.10000000000000001,upwind,164.75,0,0,1.128196208268096e-41
top_hat,400,0.10000000000000001,upwind,165.25,0,0,4.1716451975707284e-42
top_hat,400,0.10000000000000001,upwind,165.75,0,0,1.536341261509988e-42
top_hat,400,0.10000000000000001,upwind,166.25,0,0,5.6354913236462208e-43
top_hat,400,0.10000000000000001,upwind,166.75,0,0,2.0589497637618376e-43
top_hat,400,0.10000000000000001,upwind,167.25,0,0,7.4926536593416344e-44
top_hat,400,0.10000000000000001,upwind,167.75,0,0,2.7158609689355063e-44
top_hat,400,0.10000000000000001,upwind,168.25,0,0,9.8054461245603286e-45
top_hat,400,0.10000000000000001,upwind,168.75,0,0,3.5263147082161195e-45
top_hat,400,0.10000000000000001,upwind,169.25,0,0,1.2632071088412203e-45
top_hat,400,0.10000000000000001,upwind,169.75,0,0,4.5074787504110718e-46
top_hat,400,0.10000000000000001,upwind,170.25,0,0,1.6021540072012487e-46
top_hat,400,0.10000000000000001,upwind,170.75,0,0,5.6727291405377155e-47
top_hat,400,0.10000000000000001,upwind,171.25,0,0,2.0007958499715792e-47
top_hat,400,0.10000000000000001,upwind,171.75,0,0,7.0297865640342168e-48
top_hat,400,0.10000000000000001,upwind,172.25,0,0,2.4604569988761771e-48
top_hat,400,0.10000000000000001,upwind,172.75,0,0,8.5788545709230434e-49
top_hat,400,0.10000000000000001,upwind,173.25,0,0,2.979808035043322e-49
top_hat,400,0.10000000000000001,upwind,173.75,0,0,1.0310939824296001e-49
top_hat,400,0.10000000000000001,upwind,174.25,0,0,3.5543868433110987e-50
top_hat,400,0.10000000000000001,upwind,174.75,0,0,1.220655354988194e-50
top_hat,400,0.10000000000000001,upwind,175.25,0,0,4.176271948875457e-51
top_hat,400,0.10000000000000001,upwind,175.75,0,0,1.4234991144346796e-51
top_hat,400,0.10000000000000001,upwind,176.25,0,0,4.8339671134182527e-52
top_hat,400,0.10000000000000001,upwind,176.75,0,0,1.6354359690763792e-52
top_hat,400,0.10000000000000001,upwind,177.25,0,0,5.5125435021526471e-53
top_hat,400,0.10000000000000001,upwind,177.75,0,0,1.8512470362627664e-53
top_hat,400,0.10000000000000001,upwind,178.25,0,0,6.1940653127645691e-54
top_hat,400,0.10000000000000001,upwind,178.75,0,0,2.0648637621920166e-54
top_hat,400,0.10000000000000001,upwind,179.25,0,0,6.8582982596400418e-55
top_hat,400,0.10000000000000001,upwind,179.75,0,0,2.269633682584198e-55
top_hat,400,0.10000000000000001,upwind,180.25,0,0,7.4836705185212346e-56
top_hat,400,0.10000000000000001,upwind,180.75,0,0,2.4586576629160783e-56
top_hat,400,0.10000000000000001,upwind,181.25,0,0,8.0484262676660469e-57
top_hat,400,0.10000000000000001,upwind,181.75,0,0,2.6251754560428953e-57
top_hat,400,0.10000000000000001,upwind,182.25,0,0,8.5318867480731969e-58
top_hat,400,0.10000000000000001,upwind,182.75,0,0,2.7629695619465343e-58
top_hat,400,0.10000000000000001,upwind,183.25,0,0,8.9157164682782653e-59
top_hat,400,0.10000000000000001,upwind,183.75,0,0,2.8667535102865202e-59
top_hat,400,0.10000000000000001,upwind,184.25,0,0,9.1850855811719874e-60
top_hat,400,0.10000000000000001,upwind,184.75,0,0,2.9325104906372314e-60
top_hat,400,0.10000000000000001,upwind,185.25,0,0,9.329624973902762e-61
top_hat,400,0.10000000000000001,upwind,185.75,0,0,2.9577519192561434e-61
top_hat,400,0.10000000000000001,upwind,186.25,0,0,9.3440879965241338e-62
top_hat,400,0.10000000000000001,upwind,186.75,0,0,2.9416727099805214e-62
top_hat,400,0.10000000000000001,upwind,187.25,0,0,9.2286601012871548e-63
top_hat,400,0.10000000000000001,upwind,187.75,0,0,2.8851898687460934e-63
top_hat,400,0.10000000000000001,upwind,188.25,0,0,8.9888916567394324e-64
top_hat,400,0.10000000000000001,upwind,188.75,0,0,2.7908623406156261e-64
top_hat,400,0.10000000000000001,upwind,189.25,0,0,8.6352656135244557e-65
top_hat,400,0.10000000000000001,upwind,189.75,0,0,2.6627013995865459e-65
top_hat,400,0.10000000000000001,upwind,190.25,0,0,8.1824460382340601e-66
top_hat,400,0.10000000000000001,upwind,190.75,0,0,2.5058909019743178e-66
top_hat,400,0.10000000000000001,upwind,191.25,0,0,7.648281708145192e-67
top_hat,400,0.10000000000000001,upwind,191.75,0,0,2.3264442668651603e-67
top_hat,400,0.10000000000000001,upwind,192.25,0,0,7.0526578725255448e-68
top_hat,400,0.10000000000000001,upwind,192.75,0,0,2.1308293299430636e-68
top_hat,400,0.10000000000000001,upwind,193.25,0,0,6.4162972247527723e-69
top_hat,400,0.10000000000000001,upwind,193.75,0,0,1.9255929426512926e-69
top_hat,400,0.10000000000000001,upwind,194.25,0,0,5.7596079317709756e-70
top_hat,400,0.10000000000000001,upwind,194.75,0,0,1.7170145443706883e-70
top_hat,400,0.10000000000000001,upwind,195.25,0,0,5.1016635263338503e-71
top_hat,400,0.10000000000000001,upwind,195.75,0,0,1.5108125266922899e-71
top_hat,400,0.10000000000000001,upwind,196.25,0,0,4.4593790206695737e-72
top_hat,400,0.10000000000000001,upwind,196.75,0,0,1.3119199355608082e-72
top_hat,400,0.10000000000000001,upwind,197.25,0,0,3.8469228747151095e-73
top_hat,400,0.10000000000000001,upwind,197.75,0,0,1.1243379563673194e-73
top_hat,400,0.10000000000000001,upwind,198.25,0,0,3.2753787540544485e-74
top_hat,400,0.10000000000000001,upwind,198.75,0,0,9.5106771466214727e-75
top_hat,400,0.10000000000000001,upwind,199.25,0,0,2.752647351271172e-75
top_hat,400,0.10000000000000001,upwind,199.75,0,0,7.9411405905015513e-76
top_hat,400,0.10000000000000001,TVD_vanLeer,0.25,0,0,0
top_hat,400,0.10000000000000001,TVD_vanLeer,0.75,0,0,0
top_hat,400,0.10000000000000001,TVD_vanLeer,1.25,0,0,0
top_hat,400,0.10000000000000001,TVD_vanLeer,1.75,0,0,0
top_hat,400,0.10000000000000001,TVD_vanLeer,2.25,0,0,0
top_hat,400,0.10000000000000001,TVD_vanLeer,2.75,0,0,0
top_hat,400,0.10000000000000001,TVD_vanLeer,3.25,0,0,0
top_hat,400,0.10000000000000001,TVD_vanLeer,3.75,0,0,0
top_hat,400,0.10000000000000001,TVD_vanLeer,4.25,0,0,0
top_hat,400,0.10000000000000001,TVD_vanLeer,4.75,0,0,0
top_hat,400,0.10000000000000001,TVD_vanLeer,5.25,0,0,0
top_hat,400,0.10000000000000001,TVD_vanLeer,5.75,0,0,0
top_hat,400,0.10000000000000001,TVD_vanLeer,6.25,0,0,0
top_hat,400,0.10000000000000001,TVD_vanLeer,6.75,0,0,0
top_hat,400,0.10000000000000001,TVD_vanLeer,7.25,0,0,0
top_hat,400,0.10000000000000001,TVD_vanLeer,7.75,0,0,0
top_hat,400,0.10000000000000001,TVD_vanLeer,8.25,0,0,0
top_hat,400,0.10000000000000001,TVD_vanLeer,8.75,0,0,0
top_hat,400,0.10000000000000001,TVD_vanLeer,9.25,0,0,0
top_hat,400,0.10000000000000001,TVD_vanLeer,9.75,0,0,0
top_hat,400,0.10000000000000001,TVD_vanLeer,10.25,0,0,0
top_hat,400,0.10000000000000001,TVD_vanLeer,10.75,0,0,0
top_hat,400,0.10000000000000001,TVD_vanLeer,11.25,0,0,0
top_hat,400,0.10000000000000001,TVD_vanLeer,11.75,0,0,0
top_hat,400,0.10000000000000001,TVD_vanLeer,12.25,0,0,0
top_hat,400,0.10000000000000001,TVD_vanLeer,12.75,0,0,0
top_hat,400,0.10000000000000001,TVD_vanLeer,13.25,0,0,0
top_hat,400,0.10000000000000001,TVD_vanLeer,13.75,0,0,0
top_hat,400,0.10000000000000001,TVD_vanLeer,14.25,0,0,0
top_hat,400,0.10000000000000001,TVD_vanLeer,14.75,0,0,0
top_hat,400,0.10000000000000001,TVD_vanLeer,15.25,0,0,0
top_hat,400,0.10000000000000001,TVD_vanLeer,15.75,0,0,0
top_hat,400,0.10000000000000001,TVD_vanLeer,16.25,0,0,0
top_hat,400,0.10000000000000001,TVD_vanLeer,16.75,0,0,0
top_hat,400,0.10000000000000001,TVD_vanLeer,17.25,0,0,0
top_hat,400,0.10000000000000001,TVD_vanLeer,17.75,0,0,0
top_hat,400,0.10000000000000001,TVD_vanLeer,18.25,0,0,0
top_hat,400,0.10000000000000001,TVD_vanLeer,18.75,0,0,0
top_hat,400,0.10000000000000001,TVD_vanLeer,19.25,0,0,0
top_hat,400,0.10000000000000001,TVD_vanLeer,19.75,0,0,0
top_hat,400,0.10000000000000001,TVD_vanLeer,20.25,0,0,0
top_hat,400,0.10000000000000001,TVD_vanLeer,20.75,0,0,0
top_hat,400,0.10000000000000001,TVD_vanLeer,21.25,0,0,0
top_hat,400,0.10000000000000001,TVD_vanLeer,21.75,0,0,0
top_hat,400,0.10000000000000001,TVD_vanLeer,22.25,0,0,0
top_hat,400,0.10000000000000001,TVD_vanLeer,22.75,0,0,0
top_hat,400,0.10000000000000001,TVD_vanLeer,23.25,0,0,0
top_hat,400,0.10000000000000001,TVD_vanLeer,23.75,0,0,0
top_hat,400,0.10000000000000001,TVD_vanLeer,24.25,0,0,0
top_hat,400,0.10000000000000001,TVD_vanLeer,24.75,0,0,0
top_hat,400,0.10000000000000001,TVD_vanLeer,25.25,1,0,2.7127225920667762e-51
top_hat,400,0.10000000000000001,TVD_vanLeer,25.75,1,0,2.5983160022973216e-49
top_hat,400,0.10000000000000001,TVD_vanLeer,26.25,1,0,1.2443613555895384e-47
top_hat,400,0.10000000000000001,TVD_vanLeer,26.75,1,0,3.9728877692708167e-46
top_hat,400,0.10000000000000001,TVD_vanLeer,27.25,1,0,9.513106859016903e-45
top_hat,400,0.10000000000000001,TVD_vanLeer,27.750000000000004,1,0,1.8223090089462802e-43
top_hat,400,0.10000000000000001,TVD_vanLeer,28.25,1,0,2.9089252548384473e-42
top_hat,400,0.10000000000000001,TVD_vanLeer,28.749999999999996,1,0,3.9800361692993281e-41
top_hat,400,0.10000000000000001,TVD_vanLeer,29.25,1,0,4.7647356836658092e-40
top_hat,400,0.10000000000000001,TVD_vanLeer,29.75,1,0,5.0702101860923827e-39
top_hat,400,0.10000000000000001,TVD_vanLeer,30.25,1,0,4.8555910844979165e-38
top_hat,400,0.10000000000000001,TVD_vanLeer,30.75,1,0,4.2271792698282291e-37
top_hat,400,0.10000000000000001,TVD_vanLeer,31.25,1,0,3.3732956646351865e-36
top_hat,400,0.10000000000000001,TVD_vanLeer,31.75,1,0,2.4847256435459592e-35
top_hat,400,0.10000000000000001,TVD_vanLeer,32.25,1,0,1.6994127282566204e-34
top_hat,400,0.10000000000000001,TVD_vanLeer,32.75,1,0,1.0847654357932012e-33
top_hat,400,0.10000000000000001,TVD_vanLeer,33.25,1,0,6.4911639330028988e-33
top_hat,400,0.10000000000000001,TVD_vanLeer,33.75,1,0,3.6555910975935827e-32
top_hat,400,0.10000000000000001,TVD_vanLeer,34.25,1,0,1.9442184692363399e-31
top_hat,400,0.10000000000000001,TVD_vanLeer,34.75,1,0,9.7954912837509697e-31
top_hat,400,0.10000000000000001,TVD_vanLeer,35.25,0,0,4.6881836187586243e-30
top_hat,400,0.10000000000000001,TVD_vanLeer,35.75,0,0,2.1368113885831843e-29
top_hat,400,0.10000000000000001,TVD_vanLeer,36.25,0,0,9.2959923330503902e-29
top_hat,400,0.10000000000000001,TVD_vanLeer,36.75,0,0,3.8680356891390953e-28
top_hat,400,0.10000000000000001,TVD_vanLeer,37.25,0,0,1.5423077864350744e-27
top_hat,400,0.10000000000000001,TVD_vanLeer,37.75,0,0,5.9032494699140153e-27
top_hat,400,0.10000000000000001,TVD_vanLeer,38.25,0,0,2.1724270680027839e-26
top_hat,400,0.10000000000000001,TVD_vanLeer,38.75,0,0,7.6979533347950154e-26
top_hat,400,0.10000000000000001,TVD_vanLeer,39.25,0,0,2.6301264854032454e-25
top_hat,400,0.10000000000000001,TVD_vanLeer,39.75,0,0,8.675665171786238e-25
top_hat,400,0.10000000000000001,TVD_vanLeer,40.25,0,0,2.766111470744775e-24
top_hat,400,0.10000000000000001,TVD_vanLeer,40.75,0,0,8.5341337905890558e-24
top_hat,400,0.10000000000000001,TVD_vanLeer,41.25,0,0,2.5504899584110462e-23
top_hat,400,0.10000000000000001,TVD_vanLeer,41.75,0,0,7.3907064594830628e-23
top_hat,400,0.10000000000000001,TVD_vanLeer,42.25,0,0,2.0784756953945135e-22
top_hat,400,0.10000000000000001,TVD_vanLeer,42.75,0,0,5.6777471579495255e-22
top_hat,400,0.10000000000000001,TVD_vanLeer,43.25,0,0,1.5077647709651629e-21
top_hat,400,0.10000000000000001,TVD_vanLeer,43.75,0,0,3.8954046254191525e-21
top_hat,400,0.10000000000000001,TVD_vanLeer,44.25,0,0,9.7982882093911707e-21
top_hat,400,0.10000000000000001,TVD_vanLeer,44.75,0,0,2.4011943905862573e-20
top_hat,400,0.10000000000000001,TVD_vanLeer,45.25,0,0,5.7367987072416876e-20
top_hat,400,0.10000000000000001,TVD_vanLeer,45.75,0,0,1.3370535774906903e-19
top_hat,400,0.10000000000000001,TVD_vanLeer,46.25,0,0,3.0417513014704513e-19
top_hat,400,0.10000000000000001,TVD_vanLeer,46.75,0,0,6.758356346383722e-19
top_hat,400,0.10000000000000001,TVD_vanLeer,47.25,0,0,1.4673599437185104e-18
top_hat,400,0.10000000000000001,TVD_vanLeer,47.75,0,0,3.1148407697826612e-18
top_hat,400,0.10000000000000001,TVD_vanLeer,48.25,0,0,6.467771158887339e-18
top_hat,400,0.10000000000000001,TVD_vanLeer,48.75,0,0,1.3143179074120348e-17
top_hat,400,0.10000000000000001,TVD_vanLeer,49.25,0,0,2.6150071734974853e-17
top_hat,400,0.10000000000000001,TVD_vanLeer,49.75,0,0,5.0964187881658743e-17
top_hat,400,0.10000000000000001,TVD_vanLeer,50.25,0,0,9.7334077391090037e-17
top_hat,400,0.10000000000000001,TVD_vanLeer,50.75,0,0,1.8224542876188731e-16
top_hat,400,0.10000000000000001,TVD_vanLeer,51.25,0,0,3.3467521749327306e-16
top_hat,400,0.10000000000000001,TVD_vanLeer,51.75,0,0,6.0304703488367975e-16
top_hat,400,0.10000000000000001,TVD_vanLeer,52.25,0,0,1.066674657280361e-15
top_hat,400,0.10000000000000001,TVD_vanLeer,52.75,0,0,1.8529837991652172e-15
top_hat,400,0.10000000000000001,TVD_vanLeer,53.25,0,0,3.1629894528169665e-15
top_hat,400,0.10000000000000001,TVD_vanLeer,53.75,0,0,5.3084972234873552e-15
top_hat,400,0.10000000000000001,TVD_vanLeer,54.25,0,0,8.7660476349823447e-15
top_hat,400,0.10000000000000001,TVD_vanLeer,54.750000000000007,0,0,1.4255284185953159e-14
top_hat,400,0.10000000000000001,TVD_vanLeer,55.250000000000007,0,0,2.2854391881406192e-14
top_hat,400,0.10000000000000001,TVD_vanLeer,55.750000000000007,0,0,3.6175169479382917e-14
top_hat,400,0.10000000000000001,TVD_vanLeer,56.25,0,0,5.664137971784149e-14
top_hat,400,0.10000000000000001,TVD_vanLeer,56.749999999999993,0,0,8.7962238980612846e-14
top_hat,400,0.10000000000000001,TVD_vanLeer,57.249999999999993,0,0,1.3601493647016848e-13
top_hat,400,0.10000000000000001,TVD_vanLeer,57.749999999999993,0,0,2.1071084640924193e-13
top_hat,400,0.10000000000000001,TVD_vanLeer,58.25,0,0,3.3079490745519746e-13
top_hat,400,0.10000000000000001,TVD_vanLeer,58.75,0,0,5.4045670627608943e-13
top_hat,400,0.10000000000000001,TVD_vanLeer,59.25,0,0,9.8111374900744586e-13
top_hat,400,0.10000000000000001,TVD_vanLeer,59.75,0,0,2.1824105789396849e-12
top_hat,400,0.10000000000000001,TVD_vanLeer,60.25,0,0,6.0667277855308544e-12
top_hat,400,0.10000000000000001,TVD_vanLeer,60.75,0,0,1.922059714284598e-11
top_hat,400,0.10000000000000001,TVD_vanLeer,61.25,0,0,6.3409549427712601e-11
top_hat,400,0.10000000000000001,TVD_vanLeer,61.75,0,0,2.0855336017129325e-10
top_hat,400,0.10000000000000001,TVD_vanLeer,62.25,0,0,6.7320269421136789e-10
top_hat,400,0.10000000000000001,TVD_vanLeer,62.75,0,0,2.1219331577461549e-09
top_hat,400,0.10000000000000001,TVD_vanLeer,63.25,0,0,6.5201571957094815e-09
top_hat,400,0.10000000000000001,TVD_vanLeer,63.75,0,0,1.9519157308848351e-08
top_hat,400,0.10000000000000001,TVD_vanLeer,64.25,0,0,5.691235132917844e-08
top_hat,400,0.10000000000000001,TVD_vanLeer,64.75,0,0,1.6158155162836346e-07
top_hat,400,0.10000000000000001,TVD_vanLeer,65.25,0,0,4.4659667393079894e-07
top_hat,400,0.10000000000000001,TVD_vanLeer,65.75,0,0,1.201345657871203e-06
top_hat,400,0.10000000000000001,TVD_vanLeer,66.25,0,0,3.1443257633751967e-06
top_hat,400,0.10000000000000001,TVD_vanLeer,66.75,0,0,8.0049450346100305e-06
top_hat,400,0.10000000000000001,TVD_vanLeer,67.25,0,0,1.9815681749718933e-05
top_hat,400,0.10000000000000001,TVD_vanLeer,67.75,0,0,4.7677210357042879e-05
top_hat,400,0.10000000000000001,TVD_vanLeer,68.25,0,0,0.0001114489635160451
top_hat,400,0.10000000000000001,TVD_vanLeer,68.75,0,0,0.0002529855188527642
top_hat,400,0.10000000000000001,TVD_vanLeer,69.25,0,0,0.00055736175255780387
top_hat,400,0.10000000000000001,TVD_vanLeer,69.75,0,0,0.0011910815911209875
top_hat,400,0.10000000000000001,TVD_vanLeer,70.25,0,0,0.0024672880981372329
top_hat,400,0.10000000000000001,TVD_vanLeer,70.75,0,0,0.0049505058487218558
top_hat,400,0.10000000000000001,TVD_vanLeer,71.25,0,0,0.009613233881988403
top_hat,400,0.10000000000000001,TVD_vanLeer,71.75,0,0,0.018049881648038956
top_hat,400,0.10000000000000001,TVD_vanLeer,72.25,0,0,0.032734656779121851
top_hat,400,0.10000000000000001,TVD_vanLeer,72.75,0,0,0.057273470191145689
top_hat,400,0.10000000000000001,TVD_vanLeer,73.25,0,0,0.096543182362721774
top_hat,400,0.10000000000000001,TVD_vanLeer,73.75,0,0,0.15653856873285635
top_hat,400,0.10000000000000001,TVD_vanLeer,74.25,0,0,0.24366290970341978
top_hat,400,0.10000000000000001,TVD_vanLeer,74.75,0,0,0.36306325134295275
top_hat,400,0.10000000000000001,TVD_vanLeer,75.25,0,1,0.5152350642719763
top_hat,400,0.10000000000000001,TVD_vanLeer,75.75,0,1,0.68935051849637152
top_hat,400,0.10000000000000001,TVD_vanLeer,76.25,0,1,0.85355220714664182
top_hat,400,0.10000000000000001,TVD_vanLeer,76.75,0,1,0.96005168226298809
top_hat,400,0.10000000000000001,TVD_vanLeer,77.25,0,1,0.9953924660972816
top_hat,400,0.10000000000000001,TVD_vanLeer,77.75,0,1,0.9995100905305373
top_hat,400,0.10000000000000001,TVD_vanLeer,78.25,0,1,0.999596099658971
top_hat,400,0.10000000000000001,TVD_vanLeer,78.75,0,1,0.99955525953329916
top_hat,400,0.10000000000000001,TVD_vanLeer,79.25,0,1,0.9993600133776771
top_hat,400,0.10000000000000001,TVD_vanLeer,79.75,0,1,0.99881724047264098
top_hat,400,0.10000000000000001,TVD_vanLeer,80.25,0,1,0.99759951207458342
top_hat,400,0.10000000000000001,TVD_vanLeer,80.75,0,1,0.99513966913358831
top_hat,400,0.10000000000000001,TVD_vanLeer,81.25,0,1,0.99047160839554726
top_hat,400,0.10000000000000001,TVD_vanLeer,81.75,0,1,0.98201199532367711
top_hat,400,0.10000000000000001,TVD_vanLeer,82.25,0,1,0.96729829572200254
top_hat,400,0.10000000000000001,TVD_vanLeer,82.75,0,1,0.94273389564339838
top_hat,400,0.10000000000000001,TVD_vanLeer,83.25,0,1,0.90344734422595263
top_hat,400,0.10000000000000001,TVD_vanLeer,83.75,0,1,0.84344575742305294
top_hat,400,0.10000000000000001,TVD_vanLeer,84.25,0,1,0.75632708222206291
top_hat,400,0.10000000000000001,TVD_vanLeer,84.75,0,1,0.63695098667858852
top_hat,400,0.10000000000000001,TVD_vanLeer,85.25,0,0,0.48484114094738684
top_hat,400,0.10000000000000001,TVD_vanLeer,85.75,0,0,0.31084250138226244
top_hat,400,0.10000000000000001,TVD_vanLeer,86.25,0,0,0.14673748135003389
top_hat,400,0.10000000000000001,TVD_vanLeer,86.75,0,0,0.040093042216822271
top_hat,400,0.10000000000000001,TVD_vanLeer,87.25,0,0,0.0044202531204992753
top_hat,400,0.10000000000000001,TVD_vanLeer,87.75,0,0,0.00012779461719928111
top_hat,400,0.10000000000000001,TVD_vanLeer,88.25,0,0,6.3314496189847587e-07
top_hat,400,0.10000000000000001,TVD_vanLeer,88.75,0,0,3.7076025399137036e-10
top_hat,400,0.10000000000000001,TVD_vanLeer,89.25,0,0,1.3174332941127488e-12
top_hat,400,0.10000000000000001,TVD_vanLeer,89.75,0,0,1.1818206227614078e-12
top_hat,400,0.10000000000000001,TVD_vanLeer,90.25,0,0,1.0236750457896573e-12
top_hat,400,0.10000000000000001,TVD_vanLeer,90.75,0,0,8.7620032885936567e-13
top_hat,400,0.10000000000000001,TVD_vanLeer,91.25,0,0,7.4536991626805986e-13
top_hat,400,0.10000000000000001,TVD_vanLeer,91.75,0,0,6.3023182138066323e-13
top_hat,400,0.10000000000000001,TVD_vanLeer,92.25,0,0,5.2950839041514413e-13
top_hat,400,0.10000000000000001,TVD_vanLeer,92.75,0,0,4.4198776512429773e-13
top_hat,400,0.10000000000000001,TVD_vanLeer,93.25,0,0,3.6648093670999436e-13
top_hat,400,0.10000000000000001,TVD_vanLeer,93.75,0,0,3.0182385943204929e-13
top_hat,400,0.10000000000000001,TVD_vanLeer,94.25,0,0,2.4688288646826188e-13
top_hat,400,0.10000000000000001,TVD_vanLeer,94.75,0,0,2.0056237117049646e-13
top_hat,400,0.10000000000000001,TVD_vanLeer,95.25,0,0,1.6181585870546348e-13
top_hat,400,0.10000000000000001,TVD_vanLeer,95.75,0,0,1.2965837362743566e-13
top_hat,400,0.10000000000000001,TVD_vanLeer,96.25,0,0,1.0317708387846256e-13
top_hat,400,0.10000000000000001,TVD_vanLeer,96.75,0,0,8.1538813319654925e-14
top_hat,400,0.10000000000000001,TVD_vanLeer,97.25,0,0,6.3993995970852423e-14
top_hat,400,0.10000000000000001,TVD_vanLeer,97.75,0,0,4.9877350095894331e-14
top_hat,400,0.10000000000000001,TVD_vanLeer,98.25,0,0,3.8605854959396976e-14
top_hat,400,0.10000000000000001,TVD_vanLeer,98.75,0,0,2.9674684314117594e-14
top_hat,400,0.10000000000000001,TVD_vanLeer,99.25,0,0,2.2651708660054531e-14
top_hat,400,0.10000000000000001,TVD_vanLeer,99.75,0,0,1.7171094284293792e-14
top_hat,400,0.10000000000000001,TVD_vanLeer,100.25,0,0,1.2926434894717009e-14
top_hat,400,0.10000000000000001,TVD_vanLeer,100.75,0,0,9.6637642001502266e-15
top_hat,400,0.10000000000000001,TVD_vanLeer,101.25,0,0,7.1747186836568217e-15
top_hat,400,0.10000000000000001,TVD_vanLeer,101.75,0,0,5.2900495840105137e-15
top_hat,400,0.10000000000000001,TVD_vanLeer,102.25,0,0,3.8736216841296345e-15
top_hat,400,0.10000000000000001,TVD_vanLeer,102.75,0,0,2.8169839308202165e-15
top_hat,400,0.10000000000000001,TVD_vanLeer,103.25,0,0,2.0345532380751819e-15
top_hat,400,0.10000000000000001,TVD_vanLeer,103.75,0,0,1.4594179529656829e-15
top_hat,400,0.10000000000000001,TVD_vanLeer,104.25,0,0,1.0397409920264936e-15
top_hat,400,0.10000000000000001,TVD_vanLeer,104.75,0,0,7.3572387585396327e-16
top_hat,400,0.10000000000000001,TVD_vanLeer,105.25,0,0,5.1708083544332382e-16
top_hat,400,0.10000000000000001,TVD_vanLeer,105.75,0,0,3.6096571698738232e-16
top_hat,400,0.10000000000000001,TVD_vanLeer,106.25,0,0,2.5029240636229931e-16
top_hat,400,0.10000000000000001,TVD_vanLeer,106.75,0,0,1.7239080776379504e-16
top_hat,400,0.10000000000000001,TVD_vanLeer,107.25,0,0,1.1794403011272548e-16
top_hat,400,0.10000000000000001,TVD_vanLeer,107.75,0,0,8.0157496735738107e-17
top_hat,400,0.10000000000000001,TVD_vanLeer,108.25,0,0,5.4116501454329346e-17
top_hat,400,0.10000000000000001,TVD_vanLeer,108.75,0,0,3.6294755251641576e-17
top_hat,400,0.10000000000000001,TVD_vanLeer,109.25,0,0,2.4182320488304457e-17
top_hat,400,0.10000000000000001,TVD_vanLeer,109.75,0,0,1.6006762024878223e-17
top_hat,400,0.10000000000000001,TVD_vanLeer,110.25,0,0,1.0526209560230408e-17
top_hat,400,0.10000000000000001,TVD_vanLeer,110.75,0,0,6.8772568676309256e-18
top_hat,400,0.10000000000000001,TVD_vanLeer,111.25,0,0,4.4642138784251313e-18
top_hat,400,0.10000000000000001,TVD_vanLeer,111.75,0,0,2.8792087387835204e-18
top_hat,400,0.10000000000000001,TVD_vanLeer,112.25,0,0,1.8450651414529104e-18
top_hat,400,0.10000000000000001,TVD_vanLeer,112.75,0,0,1.1748237290091798e-18
top_hat,400,0.10000000000000001,TVD_vanLeer,113.25,0,0,7.4330713129961854e-19
top_hat,400,0.10000000000000001,TVD_vanLeer,113.75,0,0,4.6731601467548632e-19
top_hat,400,0.10000000000000001,TVD_vanLeer,114.25,0,0,2.9195239975890171e-19
top_hat,400,0.10000000000000001,TVD_vanLeer,114.75,0,0,1.8125280862078639e-19
top_hat,400,0.10000000000000001,TVD_vanLeer,115.25,0,0,1.1182555925008267e-19
top_hat,400,0.10000000000000001,TVD_vanLeer,115.75,0,0,6.856356771763619e-20
top_hat,400,0.10000000000000001,TVD_vanLeer,116.25,0,0,4.1778622028749872e-20
top_hat,400,0.10000000000000001,TVD_vanLeer,116.75,0,0,2.5300877417279761e-20
top_hat,400,0.10000000000000001,TVD_vanLeer,117.25,0,0,1.522825779051416e-20
top_hat,400,0.10000000000000001,TVD_vanLeer,117.75,0,0,9.1098331745810615e-21
top_hat,400,0.10000000000000001,TVD_vanLeer,118.25,0,0,5.4166227086462295e-21
top_hat,400,0.10000000000000001,TVD_vanLeer,118.75,0,0,3.2012315267879744e-21
top_hat,400,0.10000000000000001,TVD_vanLeer,119.25,0,0,1.8805647030808709e-21
top_hat,400,0.10000000000000001,TVD_vanLeer,119.75,0,0,1.0981318931703817e-21
top_hat,400,0.10000000000000001,TVD_vanLeer,120.25,0,0,6.374234867516314e-22
top_hat,400,0.10000000000000001,TVD_vanLeer,120.75,0,0,3.6780803886008604e-22
top_hat,400,0.10000000000000001,TVD_vanLeer,121.25,0,0,2.1098238490236452e-22
top_hat,400,0.10000000000000001,TVD_vanLeer,121.75,0,0,1.2031372780722101e-22
top_hat,400,0.10000000000000001,TVD_vanLeer,122.25,0,0,6.8208783964805662e-23
top_hat,400,0.10000000000000001,TVD_vanLeer,122.75,0,0,3.8444449590079069e-23
top_hat,400,0.10000000000000001,TVD_vanLeer,123.25,0,0,2.1543051896347591e-23
top_hat,400,0.10000000000000001,TVD_vanLeer,123.75,0,0,1.2002535822748513e-23
top_hat,400,0.10000000000000001,TVD_vanLeer,124.25,0,0,6.6487943183226664e-24
top_hat,400,0.10000000000000001,TVD_vanLeer,124.75,0,0,3.6620875759374597e-24
top_hat,400,0.10000000000000001,TVD_vanLeer,125.25,0,0,2.0055904961337993e-24
top_hat,400,0.10000000000000001,TVD_vanLeer,125.75,0,0,1.0921824884096624e-24
top_hat,400,0.10000000000000001,TVD_vanLeer,126.25,0,0,5.9142433760697575e-25
top_hat,400,0.10000000000000001,TVD_vanLeer,126.75,0,0,3.1846797597535934e-25
top_hat,400,0.10000000000000001,TVD_vanLeer,127.25,0,0,1.7053220847701466e-25
top_hat,400,0.10000000000000001,TVD_vanLeer,127.75,0,0,9.0809763156931203e-26
top_hat,400,0.10000000000000001,TVD_vanLeer,128.25,0,0,4.8090077294053981e-26
top_hat,400,0.10000000000000001,TVD_vanLeer,128.75,0,0,2.5327158157915664e-26
top_hat,400,0.10000000000000001,TVD_vanLeer,129.25,0,0,1.3265898660696781e-26
top_hat,400,0.10000000000000001,TVD_vanLeer,129.75,0,0,6.9106230586735746e-27
top_hat,400,0.10000000000000001,TVD_vanLeer,130.25,0,0,3.5804619399685291e-27
top_hat,400,0.10000000000000001,TVD_vanLeer,130.75,0,0,1.8450713909751684e-27
top_hat,400,0.10000000000000001,TVD_vanLeer,131.25,0,0,9.4569347652732466e-28
top_hat,400,0.10000000000000001,TVD_vanLeer,131.75,0,0,4.8212703329074189e-28
top_hat,400,0.10000000000000001,TVD_vanLeer,132.25,0,0,2.4448776504866365e-28
top_hat,400,0.10000000000000001,TVD_vanLeer,132.75,0,0,1.2332409514368325e-28
top_hat,400,0.10000000000000001,TVD_vanLeer,133.25,0,0,6.1879162345040304e-29
top_hat,400,0.10000000000000001,TVD_vanLeer,133.75,0,0,3.0885670587803527e-29
top_hat,400,0.10000000000000001,TVD_vanLeer,134.25,0,0,1.5335435813277303e-29
top_hat,400,0.10000000000000001,TVD_vanLeer,134.75,0,0,7.5748138466552765e-30
top_hat,400,0.10000000000000001,TVD_vanLeer,135.25,0,0,3.7221575794473971e-30
top_hat,400,0.10000000000000001,TVD_vanLeer,135.75,0,0,1.8195944723510913e-30
top_hat,400,0.10000000000000001,TVD_vanLeer,136.25,0,0,8.849557552603879e-31
top_hat,400,0.10000000000000001,TVD_vanLeer,136.75,0,0,4.2819890790779485e-31
top_hat,400,0.10000000000000001,TVD_vanLeer,137.25,0,0,2.0613724780876099e-31
top_hat,400,0.10000000000000001,TVD_vanLeer,137.75,0,0,9.8733402860088027e-32
top_hat,400,0.10000000000000001,TVD_vanLeer,138.25,0,0,4.7052008327726922e-32
top_hat,400,0.10000000000000001,TVD_vanLeer,138.75,0,0,2.2310447881071917e-32
top_hat,400,0.10000000000000001,TVD_vanLeer,139.25,0,0,1.0526016193843534e-32
top_hat,400,0.10000000000000001,TVD_vanLeer,139.75,0,0,4.9414554084096055e-33
top_hat,400,0.10000000000000001,TVD_vanLeer,140.25,0,0,2.3082892708245067e-33
top_hat,400,0.10000000000000001,TVD_vanLeer,140.75,0,0,1.072949837022031e-33
top_hat,400,0.10000000000000001,TVD_vanLeer,141.25,0,0,4.9628561615539112e-34
top_hat,400,0.10000000000000001,TVD_vanLeer,141.75,0,0,2.2843162029518283e-34
top_hat,400,0.10000000000000001,TVD_vanLeer,142.25,0,0,1.04631419464509e-34
top_hat,400,0.10000000000000001,TVD_vanLeer,142.75,0,0,4.7693413646193409e-35
top_hat,400,0.10000000000000001,TVD_vanLeer,143.25,0,0,2.1634858020713236e-35
top_hat,400,0.10000000000000001,TVD_vanLeer,143.75,0,0,9.7669266342934658e-36
top_hat,400,0.10000000000000001,TVD_vanLeer,144.25,0,0,4.3881235679652344e-36
top_hat,400,0.10000000000000001,TVD_vanLeer,144.75,0,0,1.962119982776567e-36
top_hat,400,0.10000000000000001,TVD_vanLeer,145.25,0,0,8.7318593858638054e-37
top_hat,400,0.10000000000000001,TVD_vanLeer,145.75,0,0,3.8675057549271026e-37
top_hat,400,0.10000000000000001,TVD_vanLeer,146.25,0,0,1.704930969631971e-37
top_hat,400,0.10000000000000001,TVD_vanLeer,146.75,0,0,7.4807078078822567e-38
top_hat,400,0.10000000000000001,TVD_vanLeer,147.25,0,0,3.2669842641632063e-38
top_hat,400,0.10000000000000001,TVD_vanLeer,147.75,0,0,1.4201302659958114e-38
top_hat,400,0.10000000000000001,TVD_vanLeer,148.25,0,0,6.1446107814926104e-39
top_hat,400,0.10000000000000001,TVD_vanLeer,148.75,0,0,2.6463898856637309e-39
top_hat,400,0.10000000000000001,TVD_vanLeer,149.25,0,0,1.134526557520905e-39
top_hat,400,0.10000000000000001,TVD_vanLeer,149.75,0,0,4.8415560581801884e-40
top_hat,400,0.10000000000000001,TVD_vanLeer,150.25,0,0,2.0567084387995415e-40
top_hat,400,0.10000000000000001,TVD_vanLeer,150.75,0,0,8.6973291645536707e-41
top_hat,400,0.10000000000000001,TVD_vanLeer,151.25,0,0,3.6612752355407908e-41
top_hat,400,0.10000000000000001,TVD_vanLeer,151.75,0,0,1.5343341963346113e-41
top_hat,400,0.10000000000000001,TVD_vanLeer,152.25,0,0,6.4011267412364664e-42
top_hat,400,0.10000000000000001,TVD_vanLeer,152.75,0,0,2.6585783483744663e-42
top_hat,400,0.10000000000000001,TVD_vanLeer,153.25,0,0,1.0992759251022029e-42
top_hat,400,0.10000000000000001,TVD_vanLeer,153.75,0,0,4.5251790456559456e-43
top_hat,400,0.10000000000000001,TVD_vanLeer,154.25,0,0,1.8545738795238683e-43
top_hat,400,0.10000000000000001,TVD_vanLeer,154.75,0,0,7.5672711547264029e-44
top_hat,400,0.10000000000000001,TVD_vanLeer,155.25,0,0,3.074175434956943e-44
top_hat,400,0.10000000000000001,TVD_vanLeer,155.75,0,0,1.2434248591710762e-44
top_hat,400,0.10000000000000001,TVD_vanLeer,156.25,0,0,5.0074807157029305e-45
top_hat,400,0.10000000000000001,TVD_vanLeer,156.75,0,0,2.0078677645424831e-45
top_hat,400,0.10000000000000001,TVD_vanLeer,157.25,0,0,8.0163043420937314e-46
top_hat,400,0.10000000000000001,TVD_vanLeer,157.75,0,0,3.1867183824685821e-46
top_hat,400,0.10000000000000001,TVD_vanLeer,158.25,0,0,1.2613936798400543e-46
top_hat,400,0.10000000000000001,TVD_vanLeer,158.75,0,0,4.971667966712903e-47
top_hat,400,0.10000000000000001,TVD_vanLeer,159.25,0,0,1.9512146810525891e-47
top_hat,400,0.10000000000000001,TVD_vanLeer,159.75,0,0,7.6254659393998228e-48
top_hat,400,0.10000000000000001,TVD_vanLeer,160.25,0,0,2.967515365229109e-48
top_hat,400,0.10000000000000001,TVD_vanLeer,160.75,0,0,1.1499835930532041e-48
top_hat,400,0.10000000000000001,TVD_vanLeer,161.25,0,0,4.4378146124250491e-49
top_hat,400,0.10000000000000001,TVD_vanLeer,161.75,0,0,1.7054234385511228e-49
top_hat,400,0.10000000000000001,TVD_vanLeer,162.25,0,0,6.5266079548700004e-50
top_hat,400,0.10000000000000001,TVD_vanLeer,162.75,0,0,2.4873773152342097e-50
top_hat,400,0.10000000000000001,TVD_vanLeer,163.25,0,0,9.4406354280360277e-51
top_hat,400,0.10000000000000001,TVD_vanLeer,163.75,0,0,3.5683933342153878e-51
top_hat,400,0.10000000000000001,TVD_vanLeer,164.25,0,0,1.3432678525694926e-51
top_hat,400,0.10000000000000001,TVD_vanLeer,164.75,0,0,5.0359030272965745e-52
top_hat,400,0.10000000000000001,TVD_vanLeer,165.25,0,0,1.8802833984580135e-52
top_hat,400,0.10000000000000001,TVD_vanLeer,165.75,0,0,6.9920868445699646e-53
top_hat,400,0.10000000000000001,TVD_vanLeer,166.25,0,0,2.5896087468883058e-53
top_hat,400,0.10000000000000001,TVD_vanLeer,166.75,0,0,9.552379609891823e-54
top_hat,400,0.10000000000000001,TVD_vanLeer,167.25,0,0,3.5095001921494048e-54
top_hat,400,0.10000000000000001,TVD_vanLeer,167.75,0,0,1.2842258268366773e-54
top_hat,400,0.10000000000000001,TVD_vanLeer,168.25,0,0,4.6806489483948369e-55
top_hat,400,0.10000000000000001,TVD_vanLeer,168.75,0,0,1.6992033182638478e-55
top_hat,400,0.10000000000000001,TVD_vanLeer,169.25,0,0,6.1441987441241857e-56
top_hat,400,0.10000000000000001,TVD_vanLeer,169.75,0,0,2.2129508761055118e-56
top_hat,400,0.10000000000000001,TVD_vanLeer,170.25,0,0,7.9390920995374918e-57
top_hat,400,0.10000000000000001,TVD_vanLeer,170.75,0,0,2.837058895393988e-57
top_hat,400,0.10000000000000001,TVD_vanLeer,171.25,0,0,1.0098809093021944e-57
top_hat,400,0.10000000000000001,TVD_vanLeer,171.75,0,0,3.5808166681230529e-58
top_hat,400,0.10000000000000001,TVD_vanLeer,172.25,0,0,1.2647651683665827e-58
top_hat,400,0.10000000000000001,TVD_vanLeer,172.75,0,0,4.4499929791629529e-59
top_hat,400,0.10000000000000001,TVD_vanLeer,173.25,0,0,1.5596820243372961e-59
top_hat,400,0.10000000000000001,TVD_vanLeer,173.75,0,0,5.4456004468076768e-60
top_hat,400,0.10000000000000001,TVD_vanLeer,174.25,0,0,1.8940614252548695e-60
top_hat,400,0.10000000000000001,TVD_vanLeer,174.75,0,0,6.5627596692883456e-61
top_hat,400,0.10000000000000001,TVD_vanLeer,175.25,0,0,2.2653151748586429e-61
top_hat,400,0.10000000000000001,TVD_vanLeer,175.75,0,0,7.7897937610424541e-62
top_hat,400,0.10000000000000001,TVD_vanLeer,176.25,0,0,2.6686028058483757e-62
top_hat,400,0.10000000000000001,TVD_vanLeer,176.75,0,0,9.1076848521928051e-63
top_hat,400,0.10000000000000001,TVD_vanLeer,177.25,0,0,3.0967312432673673e-63
top_hat,400,0.10000000000000001,TVD_vanLeer,177.75,0,0,1.0490008805377702e-63
top_hat,400,0.10000000000000001,TVD_vanLeer,178.25,0,0,3.5402205608369518e-64
top_hat,400,0.10000000000000001,TVD_vanLeer,178.75,0,0,1.1903432028055197e-64
top_hat,400,0.10000000000000001,TVD_vanLeer,179.25,0,0,3.9875553534564188e-65
top_hat,400,0.10000000000000001,TVD_vanLeer,179.75,0,0,1.330880657596625e-65
top_hat,400,0.10000000000000001,TVD_vanLeer,180.25,0,0,4.4256242162048603e-66
top_hat,400,0.10000000000000001,TVD_vanLeer,180.75,0,0,1.4662841089418361e-66
top_hat,400,0.10000000000000001,TVD_vanLeer,181.25,0,0,4.8403302789420429e-67
top_hat,400,0.10000000000000001,TVD_vanLeer,181.75,0,0,1.5920262029064403e-67
top_hat,400,0.10000000000000001,TVD_vanLeer,182.25,0,0,5.2173360294608794e-68
top_hat,400,0.10000000000000001,TVD_vanLeer,182.75,0,0,1.7036320137679322e-68
top_hat,400,0.10000000000000001,TVD_vanLeer,183.25,0,0,5.5428883737686612e-69
top_hat,400,0.10000000000000001,TVD_vanLeer,183.75,0,0,1.7969449263929475e-69
top_hat,400,0.10000000000000001,TVD_vanLeer,184.25,0,0,5.8046575147048296e-70
top_hat,400,0.10000000000000001,TVD_vanLeer,184.75,0,0,1.8683855821419836e-70
top_hat,400,0.10000000000000001,TVD_vanLeer,185.25,0,0,5.992517737223455e-71
top_hat,400,0.10000000000000001,TVD_vanLeer,185.75,0,0,1.9151812149051715e-71
top_hat,400,0.10000000000000001,TVD_vanLeer,186.25,0,0,6.0992006572043751e-72
top_hat,400,0.10000000000000001,TVD_vanLeer,186.75,0,0,1.9355447663578866e-72
top_hat,400,0.10000000000000001,TVD_vanLeer,187.25,0,0,6.1207619247803727e-73
top_hat,400,0.10000000000000001,TVD_vanLeer,187.75,0,0,1.9287876171945993e-73
top_hat,400,0.10000000000000001,TVD_vanLeer,188.25,0,0,6.0568196570958319e-74
top_hat,400,0.10000000000000001,TVD_vanLeer,188.75,0,0,1.8953560882282771e-74
top_hat,400,0.10000000000000001,TVD_vanLeer,189.25,0,0,5.9105449227685947e-75
top_hat,400,0.10000000000000001,TVD_vanLeer,189.75,0,0,1.8367892729274112e-75
top_hat,400,0.10000000000000001,TVD_vanLeer,190.25,0,0,5.6884086656922948e-76
top_hat,400,0.10000000000000001,TVD_vanLeer,190.75,0,0,1.7556033371945358e-76
top_hat,400,0.10000000000000001,TVD_vanLeer,191.25,0,0,5.3997125529295578e-77
top_hat,400,0.10000000000000001,TVD_vanLeer,191.75,0,0,1.6551142342493217e-77
top_hat,400,0.10000000000000001,TVD_vanLeer,192.25,0,0,5.0559505828428722e-78
top_hat,400,0.10000000000000001,TVD_vanLeer,192.75,0,0,1.5392160365672913e-78
top_hat,400,0.10000000000000001,TVD_vanLeer,193.25,0,0,4.6700617283960224e-79
top_hat,400,0.10000000000000001,TVD_vanLeer,193.75,0,0,1.4121352311398797e-79
top_hat,400,0.10000000000000001,TVD_vanLeer,194.25,0,0,4.2556401468820079e-80
top_hat,400,0.10000000000000001,TVD_vanLeer,194.75,0,0,1.2781821177448958e-80
top_hat,400,0.10000000000000001,TVD_vanLeer,195.25,0,0,3.8261683167696694e-81
top_hat,400,0.10000000000000001,TVD_vanLeer,195.75,0,0,1.1415189756413026e-81
top_hat,400,0.10000000000000001,TVD_vanLeer,196.25,0,0,3.394330605012687e-82
top_hat,400,0.10000000000000001,TVD_vanLeer,196.75,0,0,1.005961291771587e-82
top_hat,400,0.10000000000000001,TVD_vanLeer,197.25,0,0,2.9714517587290121e-83
top_hat,400,0.10000000000000001,TVD_vanLeer,197.75,0,0,8.7482365063014598e-84
top_hat,400,0.10000000000000001,TVD_vanLeer,198.25,0,0,2.5670886891715867e-84
top_hat,400,0.10000000000000001,TVD_vanLeer,198.75,0,0,7.5081655529751864e-85
top_hat,400,0.10000000000000001,TVD_vanLeer,199.25,0,0,2.1887868712768052e-85
top_hat,400,0.10000000000000001,TVD_vanLeer,199.75,0,0,6.3599516219176663e-86
top_hat,400,0.10000000000000001,PLM_MC,0.25,0,0,0
top_hat,400,0.10000000000000001,PLM_MC,0.75,0,0,0
top_hat,400,0.10000000000000001,PLM_MC,1.25,0,0,0
top_hat,400,0.10000000000000001,PLM_MC,1.75,0,0,0
top_hat,400,0.10000000000000001,PLM_MC,2.25,0,0,0
top_hat,400,0.10000000000000001,PLM_MC,2.75,0,0,0
top_hat,400,0.10000000000000001,PLM_MC,3.25,0,0,0
top_hat,400,0.10000000000000001,PLM_MC,3.75,0,0,0
top_hat,400,0.10000000000000001,PLM_MC,4.25,0,0,0
top_hat,400,0.10000000000000001,PLM_MC,4.75,0,0,0
top_hat,400,0.10000000000000001,PLM_MC,5.25,0,0,0
top_hat,400,0.10000000000000001,PLM_MC,5.75,0,0,0
top_hat,400,0.10000000000000001,PLM_MC,6.25,0,0,0
top_hat,400,0.10000000000000001,PLM_MC,6.75,0,0,0
top_hat,400,0.10000000000000001,PLM_MC,7.25,0,0,0
top_hat,400,0.10000000000000001,PLM_MC,7.75,0,0,0
top_hat,400,0.10000000000000001,PLM_MC,8.25,0,0,0
top_hat,400,0.10000000000000001,PLM_MC,8.75,0,0,0
top_hat,400,0.10000000000000001,PLM_MC,9.25,0,0,0
top_hat,400,0.10000000000000001,PLM_MC,9.75,0,0,0
top_hat,400,0.10000000000000001,PLM_MC,10.25,0,0,0
top_hat,400,0.10000000000000001,PLM_MC,10.75,0,0,0
top_hat,400,0.10000000000000001,PLM_MC,11.25,0,0,0
top_hat,400,0.10000000000000001,PLM_MC,11.75,0,0,0
top_hat,400,0.10000000000000001,PLM_MC,12.25,0,0,0
top_hat,400,0.10000000000000001,PLM_MC,12.75,0,0,0
top_hat,400,0.10000000000000001,PLM_MC,13.25,0,0,0
top_hat,400,0.10000000000000001,PLM_MC,13.75,0,0,0
top_hat,400,0.10000000000000001,PLM_MC,14.25,0,0,0
top_hat,400,0.10000000000000001,PLM_MC,14.75,0,0,0
top_hat,400,0.10000000000000001,PLM_MC,15.25,0,0,0
top_hat,400,0.10000000000000001,PLM_MC,15.75,0,0,0
top_hat,400,0.10000000000000001,PLM_MC,16.25,0,0,0
top_hat,400,0.10000000000000001,PLM_MC,16.75,0,0,0
top_hat,400,0.10000000000000001,PLM_MC,17.25,0,0,0
top_hat,400,0.10000000000000001,PLM_MC,17.75,0,0,0
top_hat,400,0.10000000000000001,PLM_MC,18.25,0,0,0
top_hat,400,0.10000000000000001,PLM_MC,18.75,0,0,0
top_hat,400,0.10000000000000001,PLM_MC,19.25,0,0,0
top_hat,400,0.10000000000000001,PLM_MC,19.75,0,0,0
top_hat,400,0.10000000000000001,PLM_MC,20.25,0,0,0
top_hat,400,0.10000000000000001,PLM_MC,20.75,0,0,0
top_hat,400,0.10000000000000001,PLM_MC,21.25,0,0,0
top_hat,400,0.10000000000000001,PLM_MC,21.75,0,0,0
top_hat,400,0.10000000000000001,PLM_MC,22.25,0,0,0
top_hat,400,0.10000000000000001,PLM_MC,22.75,0,0,0
top_hat,400,0.10000000000000001,PLM_MC,23.25,0,0,0
top_hat,400,0.10000000000000001,PLM_MC,23.75,0,0,0
top_hat,400,0.10000000000000001,PLM_MC,24.25,0,0,0
top_hat,400,0.10000000000000001,PLM_MC,24.75,0,0,0
top_hat,400,0.10000000000000001,PLM_MC,25.25,1,0,4.0991443300028337e-89
top_hat,400,0.10000000000000001,PLM_MC,25.75,1,0,1.2926895446051821e-86
top_hat,400,0.10000000000000001,PLM_MC,26.25,1,0,2.0338711821489995e-84
top_hat,400,0.10000000000000001,PLM_MC,26.75,1,0,2.128704736097063e-82
top_hat,400,0.10000000000000001,PLM_MC,27.25,1,0,1.6673185693702422e-80
top_hat,400,0.10000000000000001,PLM_MC,27.750000000000004,1,0,1.0424555562638237e-78
top_hat,400,0.10000000000000001,PLM_MC,28.25,1,0,5.4194723500675268e-77
top_hat,400,0.10000000000000001,PLM_MC,28.749999999999996,1,0,2.4096134158771837e-75
top_hat,400,0.10000000000000001,PLM_MC,29.25,1,0,9.353615045050996e-74
top_hat,400,0.10000000000000001,PLM_MC,29.75,1,0,3.2202443833338874e-72
top_hat,400,0.10000000000000001,PLM_MC,30.25,1,0,9.9555788542068297e-71
top_hat,400,0.10000000000000001,PLM_MC,30.75,1,0,2.7917306013563078e-69
top_hat,400,0.10000000000000001,PLM_MC,31.25,1,0,7.1599526257219735e-68
top_hat,400,0.10000000000000001,PLM_MC,31.75,1,0,1.6912164519286128e-66
top_hat,400,0.10000000000000001,PLM_MC,32.25,1,0,3.7009605265756814e-65
top_hat,400,0.10000000000000001,PLM_MC,32.75,1,0,7.5417801231526031e-64
top_hat,400,0.10000000000000001,PLM_MC,33.25,1,0,1.4375022322274425e-62
top_hat,400,0.10000000000000001,PLM_MC,33.75,1,0,2.5728527816985242e-61
top_hat,400,0.10000000000000001,PLM_MC,34.25,1,0,4.3390564539458516e-60
top_hat,400,0.10000000000000001,PLM_MC,34.75,1,0,6.9165434989389261e-59
top_hat,400,0.10000000000000001,PLM_MC,35.25,0,0,1.044956588888958e-57
top_hat,400,0.10000000000000001,PLM_MC,35.75,0,0,1.5000549495629014e-56
top_hat,400,0.10000000000000001,PLM_MC,36.25,0,0,2.0506869010234806e-55
top_hat,400,0.10000000000000001,PLM_MC,36.75,0,0,2.6752899109248975e-54
top_hat,400,0.10000000000000001,PLM_MC,37.25,0,0,3.3368867144540639e-53
top_hat,400,0.10000000000000001,PLM_MC,37.75,0,0,3.9862467228147433e-52
top_hat,400,0.10000000000000001,PLM_MC,38.25,0,0,4.5680734290936022e-51
top_hat,400,0.10000000000000001,PLM_MC,38.75,0,0,5.0290979687163174e-50
top_hat,400,0.10000000000000001,PLM_MC,39.25,0,0,5.3263631426774917e-49
top_hat,400,0.10000000000000001,PLM_MC,39.75,0,0,5.4338696882864033e-48
top_hat,400,0.10000000000000001,PLM_MC,40.25,0,0,5.3461658102523019e-47
top_hat,400,0.10000000000000001,PLM_MC,40.75,0,0,5.0782490777913427e-46
top_hat,400,0.10000000000000001,PLM_MC,41.25,0,0,4.6620556884545425e-45
top_hat,400,0.10000000000000001,PLM_MC,41.75,0,0,4.1405602572300974e-44
top_hat,400,0.10000000000000001,PLM_MC,42.25,0,0,3.5609068787817194e-43
top_hat,400,0.10000000000000001,PLM_MC,42.75,0,0,2.967982026215456e-42
top_hat,400,0.10000000000000001,PLM_MC,43.25,0,0,2.3994958737986243e-41
top_hat,400,0.10000000000000001,PLM_MC,43.75,0,0,1.8831168765914725e-40
top_hat,400,0.10000000000000001,PLM_MC,44.25,0,0,1.4356766799578272e-39
top_hat,400,0.10000000000000001,PLM_MC,44.75,0,0,1.0640605258143955e-38
top_hat,400,0.10000000000000001,PLM_MC,45.25,0,0,7.6718579629582737e-38
top_hat,400,0.10000000000000001,PLM_MC,45.75,0,0,5.3844431329597203e-37
top_hat,400,0.10000000000000001,PLM_MC,46.25,0,0,3.6809249653042099e-36
top_hat,400,0.10000000000000001,PLM_MC,46.75,0,0,2.452496971015141e-35
top_hat,400,0.10000000000000001,PLM_MC,47.25,0,0,1.5934750727473371e-34
top_hat,400,0.10000000000000001,PLM_MC,47.75,0,0,1.0102032328697958e-33
top_hat,400,0.10000000000000001,PLM_MC,48.25,0,0,6.2521977313789814e-33
top_hat,400,0.10000000000000001,PLM_MC,48.75,0,0,3.7795853496267712e-32
top_hat,400,0.10000000000000001,PLM_MC,49.25,0,0,2.2328740484220427e-31
top_hat,400,0.10000000000000001,PLM_MC,49.75,0,0,1.2897600622740043e-30
top_hat,400,0.10000000000000001,PLM_MC,50.25,0,0,7.2876911719966266e-30
top_hat,400,0.10000000000000001,PLM_MC,50.75,0,0,4.0300972172592682e-29
top_hat,400,0.10000000000000001,PLM_MC,51.25,0,0,2.1821824813624591e-28
top_hat,400,0.10000000000000001,PLM_MC,51.75,0,0,1.1574975627366158e-27
top_hat,400,0.10000000000000001,PLM_MC,52.25,0,0,6.0173449746610593e-27
top_hat,400,0.10000000000000001,PLM_MC,52.75,0,0,3.0672380646258172e-26
top_hat,400,0.10000000000000001,PLM_MC,53.25,0,0,1.5337344391635481e-25
top_hat,400,0.10000000000000001,PLM_MC,53.75,0,0,7.5269068449581537e-25
top_hat,400,0.10000000000000001,PLM_MC,54.25,0,0,3.6270388201842509e-24
top_hat,400,0.10000000000000001,PLM_MC,54.750000000000007,0,0,1.7169814221400849e-23
top_hat,400,0.10000000000000001,PLM_MC,55.250000000000007,0,0,7.9885653463380765e-23
top_hat,400,0.10000000000000001,PLM_MC,55.750000000000007,0,0,3.6549234540591855e-22
top_hat,400,0.10000000000000001,PLM_MC,56.25,0,0,1.6451887960580712e-21
top_hat,400,0.10000000000000001,PLM_MC,56.749999999999993,0,0,7.2896840028221805e-21
top_hat,400,0.10000000000000001,PLM_MC,57.249999999999993,0,0,3.1812016680139996e-20
top_hat,400,0.10000000000000001,PLM_MC,57.749999999999993,0,0,1.3680573332507559e-19
top_hat,400,0.10000000000000001,PLM_MC,58.25,0,0,5.8009144248339721e-19
top_hat,400,0.10000000000000001,PLM_MC,58.75,0,0,2.4267428817797719e-18
top_hat,400,0.10000000000000001,PLM_MC,59.25,0,0,1.0021896339213136e-17
top_hat,400,0.10000000000000001,PLM_MC,59.75,0,0,4.0883297698740855e-17
top_hat,400,0.10000000000000001,PLM_MC,60.25,0,0,1.6485025259278585e-16
top_hat,400,0.10000000000000001,PLM_MC,60.75,0,0,6.5745297416723299e-16
top_hat,400,0.10000000000000001,PLM_MC,61.25,0,0,2.5951321285574945e-15
top_hat,400,0.10000000000000001,PLM_MC,61.75,0,0,1.0145309272950712e-14
top_hat,400,0.10000000000000001,PLM_MC,62.25,0,0,3.9307418425278123e-14
top_hat,400,0.10000000000000001,PLM_MC,62.75,0,0,1.5103524877783642e-13
top_hat,400,0.10000000000000001,PLM_MC,63.25,0,0,5.7592253248140665e-13
top_hat,400,0.10000000000000001,PLM_MC,63.75,0,0,2.1807846017320061e-12
top_hat,400,0.10000000000000001,PLM_MC,64.25,0,0,8.2053346108909653e-12
top_hat,400,0.10000000000000001,PLM_MC,64.75,0,0,3.0695507345727471e-11
top_hat,400,0.10000000000000001,PLM_MC,65.25,0,0,1.1423375389194013e-10
top_hat,400,0.10000000000000001,PLM_MC,65.75,0,0,4.2314115601685739e-10
top_hat,400,0.10000000000000001,PLM_MC,66.25,0,0,1.5608450442520825e-09
top_hat,400,0.10000000000000001,PLM_MC,66.75,0,0,5.73603766208186e-09
top_hat,400,0.10000000000000001,PLM_MC,67.25,0,0,2.1009558241930654e-08
top_hat,400,0.10000000000000001,PLM_MC,67.75,0,0,7.6723925152928991e-08
top_hat,400,0.10000000000000001,PLM_MC,68.25,0,0,2.7944204894446311e-07
top_hat,400,0.10000000000000001,PLM_MC,68.75,0,0,1.0153615980624817e-06
top_hat,400,0.10000000000000001,PLM_MC,69.25,0,0,3.681484376951912e-06
top_hat,400,0.10000000000000001,PLM_MC,69.75,0,0,1.332261492617441e-05
top_hat,400,0.10000000000000001,PLM_MC,70.25,0,0,4.8128106681497875e-05
top_hat,400,0.10000000000000001,PLM_MC,70.75,0,0,0.0001735875171909396
top_hat,400,0.10000000000000001,PLM_MC,71.25,0,0,0.00062518292907026989
top_hat,400,0.10000000000000001,PLM_MC,71.75,0,0,0.0022486060145465365
top_hat,400,0.10000000000000001,PLM_MC,72.25,0,0,0.0080763942152204983
top_hat,400,0.10000000000000001,PLM_MC,72.75,0,0,0.025374999343990966
top_hat,400,0.10000000000000001,PLM_MC,73.25,0,0,0.062215936854985845
top_hat,400,0.10000000000000001,PLM_MC,73.75,0,0,0.12731604622480741
top_hat,400,0.10000000000000001,PLM_MC,74.25,0,0,0.22807573005563658
top_hat,400,0.10000000000000001,PLM_MC,74.75,0,0,0.36763560724269817
top_hat,400,0.10000000000000001,PLM_MC,75.25,0,1,0.54140853664822397
top_hat,400,0.10000000000000001,PLM_MC,75.75,0,1,0.73295170650909847
top_hat,400,0.10000000000000001,PLM_MC,76.25,0,1,0.90727404865577232
top_hat,400,0.10000000000000001,PLM_MC,76.75,0,1,0.99655710483793591
top_hat,400,0.10000000000000001,PLM_MC,77.25,0,1,0.99999983778865298
top_hat,400,0.10000000000000001,PLM_MC,77.75,0,1,0.99999980683511724
top_hat,400,0.10000000000000001,PLM_MC,78.25,0,1,0.99999963501534794
top_hat,400,0.10000000000000001,PLM_MC,78.75,0,1,0.99999893458777167
top_hat,400,0.10000000000000001,PLM_MC,79.25,0,1,0.99999630579886623
top_hat,400,0.10000000000000001,PLM_MC,79.75,0,1,0.99998670073288976
top_hat,400,0.10000000000000001,PLM_MC,80.25,0,1,0.99995192729494231
top_hat,400,0.10000000000000001,PLM_MC,80.75,0,1,0.99982649323504125
top_hat,400,0.10000000000000001,PLM_MC,81.25,0,1,0.99937491348795893
top_hat,400,0.10000000000000001,PLM_MC,81.75,0,1,0.9977514913809179
top_hat,400,0.10000000000000001,PLM_MC,82.25,0,1,0.99192367568019957
top_hat,400,0.10000000000000001,PLM_MC,82.75,0,1,0.97462502512247651
top_hat,400,0.10000000000000001,PLM_MC,83.25,0,1,0.93778405258440156
top_hat,400,0.10000000000000001,PLM_MC,83.75,0,1,0.87268392804554173
top_hat,400,0.10000000000000001,PLM_MC,84.25,0,1,0.77192424740938137
top_hat,400,0.10000000000000001,PLM_MC,84.75,0,1,0.63236438776820136
top_hat,400,0.10000000000000001,PLM_MC,85.25,0,0,0.45859148799260868
top_hat,400,0.10000000000000001,PLM_MC,85.75,0,0,0.26704834963903568
top_hat,400,0.10000000000000001,PLM_MC,86.25,0,0,0.092725998386218603
top_hat,400,0.10000000000000001,PLM_MC,86.75,0,0,0.0034427815460214757
top_hat,400,0.10000000000000001,PLM_MC,87.25,0,0,-2.2783310153208407e-17
top_hat,400,0.10000000000000001,PLM_MC,87.75,0,0,-2.2162542405278399e-17
top_hat,400,0.10000000000000001,PLM_MC,88.25,0,0,-1.92838871618333e-17
top_hat,400,0.10000000000000001,PLM_MC,88.75,0,0,-1.3678094840759769e-17
top_hat,400,0.10000000000000001,PLM_MC,89.25,0,0,-6.8862732546437542e-18
top_hat,400,0.10000000000000001,PLM_MC,89.75,0,0,-1.3645696427734103e-18
top_hat,400,0.10000000000000001,PLM_MC,90.25,0,0,1.0845572279408193e-35
top_hat,400,0.10000000000000001,PLM_MC,90.75,0,0,1.8290484993324241e-35
top_hat,400,0.10000000000000001,PLM_MC,91.25,0,0,1.7210558811213348e-35
top_hat,400,0.10000000000000001,PLM_MC,91.75,0,0,1.3020575224785148e-35
top_hat,400,0.10000000000000001,PLM_MC,92.25,0,0,6.8262751969322682e-36
top_hat,400,0.10000000000000001,PLM_MC,92.75,0,0,1.4556862861404176e-36
top_hat,400,0.10000000000000001,PLM_MC,93.25,0,0,0
top_hat,400,0.10000000000000001,PLM_MC,93.75,0,0,0
top_hat,400,0.10000000000000001,PLM_MC,94.25,0,0,0
top_hat,400,0.10000000000000001,PLM_MC,94.75,0,0,0
top_hat,400,0.10000000000000001,PLM_MC,95.25,0,0,0
top_hat,400,0.10000000000000001,PLM_MC,95.75,0,0,0
top_hat,400,0.10000000000000001,PLM_MC,96.25,0,0,0
top_hat,400,0.10000000000000001,PLM_MC,96.75,0,0,0
top_hat,400,0.10000000000000001,PLM_MC,97.25,0,0,0
top_hat,400,0.10000000000000001,PLM_MC,97.75,0,0,0
top_hat,400,0.10000000000000001,PLM_MC,98.25,0,0,0
top_hat,400,0.10000000000000001,PLM_MC,98.75,0,0,0
top_hat,400,0.10000000000000001,PLM_MC,99.25,0,0,0
top_hat,400,0.10000000000000001,PLM_MC,99.75,0,0,0
top_hat,400,0.10000000000000001,PLM_MC,100.25,0,0,0
top_hat,400,0.10000000000000001,PLM_MC,100.75,0,0,0
top_hat,400,0.10000000000000001,PLM_MC,101.25,0,0,0
top_hat,400,0.10000000000000001,PLM_MC,101.75,0,0,0
top_hat,400,0.10000000000000001,PLM_MC,102.25,0,0,0
top_hat,400,0.10000000000000001,PLM_MC,102.75,0,0,0
top_hat,400,0.10000000000000001,PLM_MC,103.25,0,0,0
top_hat,400,0.10000000000000001,PLM_MC,103.75,0,0,0
top_hat,400,0.10000000000000001,PLM_MC,104.25,0,0,0
top_hat,400,0.10000000000000001,PLM_MC,104.75,0,0,0
top_hat,400,0.10000000000000001,PLM_MC,105.25,0,0,0
top_hat,400,0.10000000000000001,PLM_MC,105.75,0,0,0
top_hat,400,0.10000000000000001,PLM_MC,106.25,0,0,0
top_hat,400,0.10000000000000001,PLM_MC,106.75,0,0,0
top_hat,400,0.10000000000000001,PLM_MC,107.25,0,0,0
top_hat,400,0.10000000000000001,PLM_MC,107.75,0,0,0
top_hat,400,0.10000000000000001,PLM_MC,108.25,0,0,0
top_hat,400,0.10000000000000001,PLM_MC,108.75,0,0,0
top_hat,400,0.10000000000000001,PLM_MC,109.25,0,0,0
top_hat,400,0.10000000000000001,PLM_MC,109.75,0,0,0
top_hat,400,0.10000000000000001,PLM_MC,110.25,0,0,0
top_hat,400,0.10000000000000001,PLM_MC,110.75,0,0,0
top_hat,400,0.10000000000000001,PLM_MC,111.25,0,0,0
top_hat,400,0.10000000000000001,PLM_MC,111.75,0,0,0
top_hat,400,0.10000000000000001,PLM_MC,112.25,0,0,0
top_hat,400,0.10000000000000001,PLM_MC,112.75,0,0,0
top_hat,400,0.10000000000000001,PLM_MC,113.25,0,0,0
top_hat,400,0.10000000000000001,PLM_MC,113.75,0,0,0
top_hat,400,0.10000000000000001,PLM_MC,114.25,0,0,0
top_hat,400,0.10000000000000001,PLM_MC,114.75,0,0,0
top_hat,400,0.10000000000000001,PLM_MC,115.25,0,0,0
top_hat,400,0.10000000000000001,PLM_MC,115.75,0,0,0
top_hat,400,0.10000000000000001,PLM_MC,116.25,0,0,0
top_hat,400,0.10000000000000001,PLM_MC,116.75,0,0,0
top_hat,400,0.10000000000000001,PLM_MC,117.25,0,0,0
top_hat,400,0.10000000000000001,PLM_MC,117.75,0,0,0
top_hat,400,0.10000000000000001,PLM_MC,118.25,0,0,0
top_hat,400,0.10000000000000001,PLM_MC,118.75,0,0,0
top_hat,400,0.10000000000000001,PLM_MC,119.25,0,0,0
top_hat,400,0.10000000000000001,PLM_MC,119.75,0,0,0
top_hat,400,0.10000000000000001,PLM_MC,120.25,0,0,0
top_hat,400,0.10000000000000001,PLM_MC,120.75,0,0,0
top_hat,400,0.10000000000000001,PLM_MC,121.25,0,0,0
top_hat,400,0.10000000000000001,PLM_MC,121.75,0,0,0
top_hat,400,0.10000000000000001,PLM_MC,122.25,0,0,0
top_hat,400,0.10000000000000001,PLM_MC,122.75,0,0,0
top_hat,400,0.10000000000000001,PLM_MC,123.25,0,0,0
top_hat,400,0.10000000000000001,PLM_MC,123.75,0,0,0
top_hat,400,0.10000000000000001,PLM_MC,124.25,0,0,0
top_hat,400,0.10000000000000001,PLM_MC,124.75,0,0,0
top_hat,400,0.10000000000000001,PLM_MC,125.25,0,0,0
top_hat,400,0.10000000000000001,PLM_MC,125.75,0,0,0
top_hat,400,0.10000000000000001,PLM_MC,126.25,0,0,0
top_hat,400,0.10000000000000001,PLM_MC,126.75,0,0,0
top_hat,400,0.10000000000000001,PLM_MC,127.25,0,0,0
top_hat,400,0.10000000000000001,PLM_MC,127.75,0,0,0
top_hat,400,0.10000000000000001,PLM_MC,128.25,0,0,0
top_hat,400,0.10000000000000001,PLM_MC,128.75,0,0,0
top_hat,400,0.10000000000000001,PLM_MC,129.25,0,0,0
top_hat,400,0.10000000000000001,PLM_MC,129.75,0,0,0
top_hat,400,0.10000000000000001,PLM_MC,130.25,0,0,0
top_hat,400,0.10000000000000001,PLM_MC,130.75,0,0,0
top_hat,400,0.10000000000000001,PLM_MC,131.25,0,0,0
top_hat,400,0.10000000000000001,PLM_MC,131.75,0,0,0
top_hat,400,0.10000000000000001,PLM_MC,132.25,0,0,0
top_hat,400,0.10000000000000001,PLM_MC,132.75,0,0,0
top_hat,400,0.10000000000000001,PLM_MC,133.25,0,0,0
top_hat,400,0.10000000000000001,PLM_MC,133.75,0,0,0
top_hat,400,0.10000000000000001,PLM_MC,134.25,0,0,0
top_hat,400,0.10000000000000001,PLM_MC,134.75,0,0,0
top_hat,400,0.10000000000000001,PLM_MC,135.25,0,0,0
top_hat,400,0.10000000000000001,PLM_MC,135.75,0,0,0
top_hat,400,0.10000000000000001,PLM_MC,136.25,0,0,0
top_hat,400,0.10000000000000001,PLM_MC,136.75,0,0,0
top_hat,400,0.10000000000000001,PLM_MC,137.25,0,0,0
top_hat,400,0.10000000000000001,PLM_MC,137.75,0,0,0
top_hat,400,0.10000000000000001,PLM_MC,138.25,0,0,0
top_hat,400,0.10000000000000001,PLM_MC,138.75,0,0,0
top_hat,400,0.10000000000000001,PLM_MC,139.25,0,0,0
top_hat,400,0.10000000000000001,PLM_MC,139.75,0,0,0
top_hat,400,0.10000000000000001,PLM_MC,140.25,0,0,0
top_hat,400,0.10000000000000001,PLM_MC,140.75,0,0,0
top_hat,400,0.10000000000000001,PLM_MC,141.25,0,0,0
top_hat,400,0.10000000000000001,PLM_MC,141.75,0,0,0
top_hat,400,0.10000000000000001,PLM_MC,142.25,0,0,0
top_hat,400,0.10000000000000001,PLM_MC,142.75,0,0,0
top_hat,400,0.10000000000000001,PLM_MC,143.25,0,0,0
top_hat,400,0.10000000000000001,PLM_MC,143.75,0,0,0
top_hat,400,0.10000000000000001,PLM_MC,144.25,0,0,0
top_hat,400,0.10000000000000001,PLM_MC,144.75,0,0,0
top_hat,400,0.10000000000000001,PLM_MC,145.25,0,0,0
top_hat,400,0.10000000000000001,PLM_MC,145.75,0,0,0
top_hat,400,0.10000000000000001,PLM_MC,146.25,0,0,0
top_hat,400,0.10000000000000001,PLM_MC,146.75,0,0,0
top_hat,400,0.10000000000000001,PLM_MC,147.25,0,0,0
top_hat,400,0.10000000000000001,PLM_MC,147.75,0,0,0
top_hat,400,0.10000000000000001,PLM_MC,148.25,0,0,0
top_hat,400,0.10000000000000001,PLM_MC,148.75,0,0,0
top_hat,400,0.10000000000000001,PLM_MC,149.25,0,0,0
top_hat,400,0.10000000000000001,PLM_MC,149.75,0,0,0
top_hat,400,0.10000000000000001,PLM_MC,150.25,0,0,0
top_hat,400,0.10000000000000001,PLM_MC,150.75,0,0,0
top_hat,400,0.10000000000000001,PLM_MC,151.25,0,0,0
top_hat,400,0.10000000000000001,PLM_MC,151.75,0,0,0
top_hat,400,0.10000000000000001,PLM_MC,152.25,0,0,0
top_hat,400,0.10000000000000001,PLM_MC,152.75,0,0,0
top_hat,400,0.10000000000000001,PLM_MC,153.25,0,0,0
top_hat,400,0.10000000000000001,PLM_MC,153.75,0,0,0
top_hat,400,0.10000000000000001,PLM_MC,154.25,0,0,0
top_hat,400,0.10000000000000001,PLM_MC,154.75,0,0,0
top_hat,400,0.10000000000000001,PLM_MC,155.25,0,0,0
top_hat,400,0.10000000000000001,PLM_MC,155.75,0,0,0
top_hat,400,0.10000000000000001,PLM_MC,156.25,0,0,0
top_hat,400,0.10000000000000001,PLM_MC,156.75,0,0,0
top_hat,400,0.10000000000000001,PLM_MC,157.25,0,0,0
top_hat,400,0.10000000000000001,PLM_MC,157.75,0,0,0
top_hat,400,0.10000000000000001,PLM_MC,158.25,0,0,0
top_hat,400,0.10000000000000001,PLM_MC,158.75,0,0,0
top_hat,400,0.10000000000000001,PLM_MC,159.25,0,0,0
top_hat,400,0.10000000000000001,PLM_MC,159.75,0,0,0
top_hat,400,0.10000000000000001,PLM_MC,160.25,0,0,0
top_hat,400,0.10000000000000001,PLM_MC,160.75,0,0,0
top_hat,400,0.10000000000000001,PLM_MC,161.25,0,0,0
top_hat,400,0.10000000000000001,PLM_MC,161.75,0,0,0
top_hat,400,0.10000000000000001,PLM_MC,162.25,0,0,0
top_hat,400,0.10000000000000001,PLM_MC,162.75,0,0,0
top_hat,400,0.10000000000000001,PLM_MC,163.25,0,0,0
top_hat,400,0.10000000000000001,PLM_MC,163.75,0,0,0
top_hat,400,0.10000000000000001,PLM_MC,164.25,0,0,0
top_hat,400,0.10000000000000001,PLM_MC,164.75,0,0,0
top_hat,400,0.10000000000000001,PLM_MC,165.25,0,0,0
top_hat,400,0.10000000000000001,PLM_MC,165.75,0,0,0
top_hat,400,0.10000000000000001,PLM_MC,166.25,0,0,0
top_hat,400,0.10000000000000001,PLM_MC,166.75,0,0,0
top_hat,400,0.10000000000000001,PLM_MC,167.25,0,0,0
top_hat,400,0.10000000000000001,PLM_MC,167.75,0,0,0
top_hat,400,0.10000000000000001,PLM_MC,168.25,0,0,0
top_hat,400,0.10000000000000001,PLM_MC,168.75,0,0,0
top_hat,400,0.10000000000000001,PLM_MC,169.25,0,0,0
top_hat,400,0.10000000000000001,PLM_MC,169.75,0,0,0
top_hat,400,0.10000000000000001,PLM_MC,170.25,0,0,0
top_hat,400,0.10000000000000001,PLM_MC,170.75,0,0,0
top_hat,400,0.10000000000000001,PLM_MC,171.25,0,0,0
top_hat,400,0.10000000000000001,PLM_MC,171.75,0,0,0
top_hat,400,0.10000000000000001,PLM_MC,172.25,0,0,0
top_hat,400,0.10000000000000001,PLM_MC,172.75,0,0,0
top_hat,400,0.10000000000000001,PLM_MC,173.25,0,0,0
top_hat,400,0.10000000000000001,PLM_MC,173.75,0,0,0
top_hat,400,0.10000000000000001,PLM_MC,174.25,0,0,0
top_hat,400,0.10000000000000001,PLM_MC,174.75,0,0,0
top_hat,400,0.10000000000000001,PLM_MC,175.25,0,0,0
top_hat,400,0.10000000000000001,PLM_MC,175.75,0,0,0
top_hat,400,0.10000000000000001,PLM_MC,176.25,0,0,0
top_hat,400,0.10000000000000001,PLM_MC,176.75,0,0,0
top_hat,400,0.10000000000000001,PLM_MC,177.25,0,0,0
top_hat,400,0.10000000000000001,PLM_MC,177.75,0,0,0
top_hat,400,0.10000000000000001,PLM_MC,178.25,0,0,0
top_hat,400,0.10000000000000001,PLM_MC,178.75,0,0,0
top_hat,400,0.10000000000000001,PLM_MC,179.25,0,0,0
top_hat,400,0.10000000000000001,PLM_MC,179.75,0,0,0
top_hat,400,0.10000000000000001,PLM_MC,180.25,0,0,0
top_hat,400,0.10000000000000001,PLM_MC,180.75,0,0,0
top_hat,400,0.10000000000000001,PLM_MC,181.25,0,0,0
top_hat,400,0.10000000000000001,PLM_MC,181.75,0,0,0
top_hat,400,0.10000000000000001,PLM_MC,182.25,0,0,0
top_hat,400,0.10000000000000001,PLM_MC,182.75,0,0,0
top_hat,400,0.10000000000000001,PLM_MC,183.25,0,0,0
top_hat,400,0.10000000000000001,PLM_MC,183.75,0,0,0
top_hat,400,0.10000000000000001,PLM_MC,184.25,0,0,0
top_hat,400,0.10000000000000001,PLM_MC,184.75,0,0,0
top_hat,400,0.10000000000000001,PLM_MC,185.25,0,0,0
top_hat,400,0.10000000000000001,PLM_MC,185.75,0,0,0
top_hat,400,0.10000000000000001,PLM_MC,186.25,0,0,0
top_hat,400,0.10000000000000001,PLM_MC,186.75,0,0,0
top_hat,400,0.10000000000000001,PLM_MC,187.25,0,0,0
top_hat,400,0.10000000000000001,PLM_MC,187.75,0,0,0
top_hat,400,0.10000000000000001,PLM_MC,188.25,0,0,0
top_hat,400,0.10000000000000001,PLM_MC,188.75,0,0,0
top_hat,400,0.10000000000000001,PLM_MC,189.25,0,0,0
top_hat,400,0.10000000000000001,PLM_MC,189.75,0,0,0
top_hat,400,0.10000000000000001,PLM_MC,190.25,0,0,0
top_hat,400,0.10000000000000001,PLM_MC,190.75,0,0,0
top_hat,400,0.10000000000000001,PLM_MC,191.25,0,0,0
top_hat,400,0.10000000000000001,PLM_MC,191.75,0,0,0
top_hat,400,0.10000000000000001,PLM_MC,192.25,0,0,0
top_hat,400,0.10000000000000001,PLM_MC,192.75,0,0,0
top_hat,400,0.10000000000000001,PLM_MC,193.25,0,0,0
top_hat,400,0.10000000000000001,PLM_MC,193.75,0,0,0
top_hat,400,0.10000000000000001,PLM_MC,194.25,0,0,0
top_hat,400,0.10000000000000001,PLM_MC,194.75,0,0,0
top_hat,400,0.10000000000000001,PLM_MC,195.25,0,0,0
top_hat,400,0.10000000000000001,PLM_MC,195.75,0,0,0
top_hat,400,0.10000000000000001,PLM_MC,196.25,0,0,0
top_hat,400,0.10000000000000001,PLM_MC,196.75,0,0,0
top_hat,400,0.10000000000000001,PLM_MC,197.25,0,0,0
top_hat,400,0.10000000000000001,PLM_MC,197.75,0,0,0
top_hat,400,0.10000000000000001,PLM_MC,198.25,0,0,0
top_hat,400,0.10000000000000001,PLM_MC,198.75,0,0,0
top_hat,400,0.10000000000000001,PLM_MC,199.25,0,0,0
top_hat,400,0.10000000000000001,PLM_MC,199.75,0,0,0
top_hat,400,1,upwind,0.25,0,0,0
top_hat,400,1,upwind,0.75,0,0,0
top_hat,400,1,upwind,1.25,0,0,0
top_hat,400,1,upwind,1.75,0,0,0
top_hat,400,1,upwind,2.25,0,0,0
top_hat,400,1,upwind,2.75,0,0,0
top_hat,400,1,upwind,3.25,0,0,0
top_hat,400,1,upwind,3.75,0,0,0
top_hat,400,1,upwind,4.25,0,0,0
top_hat,400,1,upwind,4.75,0,0,0
top_hat,400,1,upwind,5.25,0,0,0
top_hat,400,1,upwind,5.75,0,0,0
top_hat,400,1,upwind,6.25,0,0,0
top_hat,400,1,upwind,6.75,0,0,0
top_hat,400,1,upwind,7.25,0,0,0
top_hat,400,1,upwind,7.75,0,0,0
top_hat,400,1,upwind,8.25,0,0,0
top_hat,400,1,upwind,8.75,0,0,0
top_hat,400,1,upwind,9.25,0,0,0
top_hat,400,1,upwind,9.75,0,0,0
top_hat,400,1,upwind,10.25,0,0,0
top_hat,400,1,upwind,10.75,0,0,0
top_hat,400,1,upwind,11.25,0,0,0
top_hat,400,1,upwind,11.75,0,0,0
top_hat,400,1,upwind,12.25,0,0,0
top_hat,400,1,upwind,12.75,0,0,0
top_hat,400,1,upwind,13.25,0,0,0
top_hat,400,1,upwind,13.75,0,0,0
top_hat,400,1,upwind,14.25,0,0,0
top_hat,400,1,upwind,14.75,0,0,0
top_hat,400,1,upwind,15.25,0,0,0
top_hat,400,1,upwind,15.75,0,0,0
top_hat,400,1,upwind,16.25,0,0,0
top_hat,400,1,upwind,16.75,0,0,0
top_hat,400,1,upwind,17.25,0,0,0
top_hat,400,1,upwind,17.75,0,0,0
top_hat,400,1,upwind,18.25,0,0,0
top_hat,400,1,upwind,18.75,0,0,0
top_hat,400,1,upwind,19.25,0,0,0
top_hat,400,1,upwind,19.75,0,0,0
top_hat,400,1,upwind,20.25,0,0,0
top_hat,400,1,upwind,20.75,0,0,0
top_hat,400,1,upwind,21.25,0,0,0
top_hat,400,1,upwind,21.75,0,0,0
top_hat,400,1,upwind,22.25,0,0,0
top_hat,400,1,upwind,22.75,0,0,0
top_hat,400,1,upwind,23.25,0,0,0
top_hat,400,1,upwind,23.75,0,0,0
top_hat,400,1,upwind,24.25,0,0,0
top_hat,400,1,upwind,24.75,0,0,0
top_hat,400,1,upwind,25.25,1,0,3.5074662110434112e-49
top_hat,400,1,upwind,25.75,1,0,4.4194074259146767e-47
top_hat,400,1,upwind,26.25,1,0,2.7789216356820405e-45
top_hat,400,1,upwind,26.75,1,0,1.1627011543473213e-43
top_hat,400,1,upwind,27.25,1,0,3.6415903228183468e-42
top_hat,400,1,upwind,27.750000000000004,1,0,9.1069531465928708e-41
top_hat,400,1,upwind,28.25,1,0,1.8942708175420899e-39
top_hat,400,1,upwind,28.749999999999996,1,0,3.3707893507601046e-38
top_hat,400,1,upwind,29.25,1,0,5.2383651807637525e-37
top_hat,400,1,upwind,29.75,1,0,7.2222610538495756e-36
top_hat,400,1,upwind,30.25,1,0,8.9445422230465646e-35
top_hat,400,1,upwind,30.75,1,0,1.0051124444245994e-33
top_hat,400,1,upwind,31.25,1,0,1.0333470233027338e-32
top_hat,400,1,upwind,31.75,1,0,9.7876520249145304e-32
top_hat,400,1,upwind,32.25,1,0,8.591884016393142e-31
top_hat,400,1,upwind,32.75,1,0,7.0258146408996798e-30
top_hat,400,1,upwind,33.25,1,0,5.3757279110294639e-29
top_hat,400,1,upwind,33.75,1,0,3.863753497453999e-28
top_hat,400,1,upwind,34.25,1,0,2.6176882402558983e-27
top_hat,400,1,upwind,34.75,1,0,1.6768909466914589e-26
top_hat,400,1,upwind,35.25,0,0,1.0185312709219995e-25
top_hat,400,1,upwind,35.75,0,0,5.8804865637954508e-25
top_hat,400,1,upwind,36.25,0,0,3.2344993214777067e-24
top_hat,400,1,upwind,36.75,0,0,1.6984536472748585e-23
top_hat,400,1,upwind,37.25,0,0,8.5305033568125788e-23
top_hat,400,1,upwind,37.75,0,0,4.105105997421212e-22
top_hat,400,1,upwind,38.25,0,0,1.8958244837098893e-21
top_hat,400,1,upwind,38.75,0,0,8.4147020855684286e-21
top_hat,400,1,upwind,39.25,0,0,3.5945319100560301e-20
top_hat,400,1,upwind,39.75,0,0,1.4796645040294099e-19
top_hat,400,1,upwind,40.25,0,0,5.8764939076478529e-19
top_hat,400,1,upwind,40.75,0,0,2.2541895679427428e-18
top_hat,400,1,upwind,41.25,0,0,8.3604969358838472e-18
top_hat,400,1,upwind,41.75,0,0,3.0010132149493157e-17
top_hat,400,1,upwind,42.25,0,0,1.0435115894916583e-16
top_hat,400,1,upwind,42.75,0,0,3.5180057672521564e-16
top_hat,400,1,upwind,43.25,0,0,1.1508559882936831e-15
top_hat,400,1,upwind,43.75,0,0,3.6560026840216647e-15
top_hat,400,1,upwind,44.25,0,0,1.1286811369033967e-14
top_hat,400,1,upwind,44.75,0,0,3.3885744782332082e-14
top_hat,400,1,upwind,45.25,0,0,9.8998921679352995e-14
top_hat,400,1,upwind,45.75,0,0,2.8163344224392009e-13
top_hat,400,1,upwind,46.25,0,0,7.8061704307079452e-13
top_hat,400,1,upwind,46.75,0,0,2.1093059336379778e-12
top_hat,400,1,upwind,47.25,0,0,5.5593674278621949e-12
top_hat,400,1,upwind,47.75,0,0,1.4299523213078085e-11
top_hat,400,1,upwind,48.25,0,0,3.5912408442142761e-11
top_hat,400,1,upwind,48.75,0,0,8.8105227024292522e-11
top_hat,400,1,upwind,49.25,0,0,2.1124765835440191e-10
top_hat,400,1,upwind,49.75,0,0,4.9522918361816299e-10
top_hat,400,1,upwind,50.25,0,0,1.1356075229008687e-09
top_hat,400,1,upwind,50.75,0,0,2.5482068000337151e-09
top_hat,400,1,upwind,51.25,0,0,5.5975196601818536e-09
top_hat,400,1,upwind,51.75,0,0,1.2041350601183127e-08
top_hat,400,1,upwind,52.25,0,0,2.5376500713439122e-08
top_hat,400,1,upwind,52.75,0,0,5.2410486753363657e-08
top_hat,400,1,upwind,53.25,0,0,1.0611639621270739e-07
top_hat,400,1,upwind,53.75,0,0,2.1070158736865379e-07
top_hat,400,1,upwind,54.25,0,0,4.104052038407136e-07
top_hat,400,1,upwind,54.750000000000007,0,0,7.8442637553612984e-07
top_hat,400,1,upwind,55.250000000000007,0,0,1.4716902549388202e-06
top_hat,400,1,upwind,55.750000000000007,0,0,2.7110184968411094e-06
top_hat,400,1,upwind,56.25,0,0,4.9048292009689295e-06
top_hat,400,1,upwind,56.749999999999993,0,0,8.7178806776880949e-06
top_hat,400,1,upwind,57.249999999999993,0,0,1.5226877524358325e-05
top_hat,400,1,upwind,57.749999999999993,0,0,2.6141961589491131e-05
top_hat,400,1,upwind,58.25,0,0,4.4127036076229555e-05
top_hat,400,1,upwind,58.75,0,0,7.3252102193995151e-05
top_hat,400,1,upwind,59.25,0,0,0.00011961659753863346
top_hat,400,1,upwind,59.75,0,0,0.00019218702075426058
top_hat,400,1,upwind,60.25,0,0,0.00030389343324010922
top_hat,400,1,upwind,60.75,0,0,0.00047302593870984794
top_hat,400,1,upwind,61.25,0,0,0.00072496195485395576
top_hat,400,1,upwind,61.75,0,0,0.0010942360590215717
top_hat,400,1,upwind,62.25,0,0,0.0016269348657477129
top_hat,400,1,upwind,62.75,0,0,0.0023833590732258111
top_hat,400,1,upwind,63.25,0,0,0.0034408441094943816
top_hat,400,1,upwind,63.75,0,0,0.0048965720784689779
top_hat,400,1,upwind,64.25,0,0,0.0068701453569383793
top_hat,400,1,upwind,64.75,0,0,0.0095056327232233839
top_hat,400,1,upwind,65.25,0,0,0.012972750597181323
top_hat,400,1,upwind,65.75,0,0,0.017466814225297007
top_hat,400,1,upwind,66.25,0,0,0.023207095837235209
top_hat,400,1,upwind,66.75,0,0,0.030433266901517361
top_hat,400,1,upwind,67.25,0,0,0.039399684617963227
top_hat,400,1,upwind,67.75,0,0,0.050367409272701814
top_hat,400,1,upwind,68.25,0,0,0.063594004104598451
top_hat,400,1,upwind,68.75,0,0,0.079321362004076523
top_hat,400,1,upwind,69.25,0,0,0.097762007289983521
top_hat,400,1,upwind,69.75,0,0,0.11908451546090534
top_hat,400,1,upwind,70.25,0,0,0.14339885679389369
top_hat,400,1,upwind,70.75,0,0,0.17074257957417499
top_hat,400,1,upwind,71.25,0,0,0.20106878830661282
top_hat,400,1,upwind,71.75,0,0,0.23423683114985375
top_hat,400,1,upwind,72.25,0,0,0.27000648767881374
top_hat,400,1,upwind,72.75,0,0,0.30803625138566398
top_hat,400,1,upwind,73.25,0,0,0.34788604872178569
top_hat,400,1,upwind,73.75,0,0,0.38902445270275521
top_hat,400,1,upwind,74.25,0,0,0.43084016268918335
top_hat,400,1,upwind,74.75,0,0,0.47265726128490027
top_hat,400,1,upwind,75.25,0,1,0.51375354853015209
top_hat,400,1,upwind,75.75,0,1,0.55338110931930928
top_hat,400,1,upwind,76.25,0,1,0.59078819917688652
top_hat,400,1,upwind,76.75,0,1,0.62524153297660967
top_hat,400,1,upwind,77.25,0,1,0.65604811879105418
top_hat,400,1,upwind,77.75,0,1,0.68257587657291541
top_hat,400,1,upwind,78.25,0,1,0.70427239811688858
top_hat,400,1,upwind,78.75,0,1,0.72068132159432419
top_hat,400,1,upwind,79.25,0,1,0.73145589676544653
top_hat,400,1,upwind,79.75,0,1,0.73636939896439713
top_hat,400,1,upwind,80.25,0,1,0.73532211239930434
top_hat,400,1,upwind,80.75,0,1,0.72834465459756725
top_hat,400,1,upwind,81.25,0,1,0.71559746700231219
top_hat,400,1,upwind,81.75,0,1,0.69736636608590508
top_hat,400,1,upwind,82.25,0,1,0.67405414675226183
top_hat,400,1,upwind,82.75,0,1,0.64616836146515721
top_hat,400,1,upwind,83.25,0,1,0.61430556292902416
top_hat,400,1,upwind,83.75,0,1,0.57913248540284457
top_hat,400,1,upwind,84.25,0,1,0.5413648327318461
top_hat,400,1,upwind,84.75,0,1,0.50174451807145215
top_hat,400,1,upwind,85.25,0,0,0.46101633791327218
top_hat,400,1,upwind,85.75,0,0,0.41990514079048857
top_hat,400,1,upwind,86.25,0,0,0.37909455430092631
top_hat,400,1,upwind,86.75,0,0,0.33920825667488197
top_hat,400,1,upwind,87.25,0,0,0.30079462448566852
top_hat,400,1,upwind,87.75,0,0,0.26431536897342761
top_hat,400,1,upwind,88.25,0,0,0.23013851007375311
top_hat,400,1,upwind,88.75,0,0,0.19853575460616338
top_hat,400,1,upwind,89.25,0,0,0.16968406959570095
top_hat,400,1,upwind,89.75,0,0,0.14367099786785614
top_hat,400,1,upwind,90.25,0,0,0.1205030706020242
top_hat,400,1,upwind,90.75,0,0,0.10011654343312712
top_hat,400,1,upwind,91.25,0,0,0.082389624267470943
top_hat,400,1,upwind,91.75,0,0,0.067155370028747524
top_hat,400,1,upwind,92.25,0,0,0.054214497450233358
top_hat,400,1,upwind,92.75,0,0,0.043347466481016991
top_hat,400,1,upwind,93.25,0,0,0.034325337987705234
top_hat,400,1,upwind,93.75,0,0,0.026919063821417857
top_hat,400,1,upwind,94.25,0,0,0.020907021925868331
top_hat,400,1,upwind,94.75,0,0,0.016080749627372687
top_hat,400,1,upwind,95.25,0,0,0.012248945726996058
top_hat,400,1,upwind,95.75,0,0,0.0092399014389319273
top_hat,400,1,upwind,96.25,0,0,0.0069025800742033988
top_hat,400,1,upwind,96.75,0,0,0.0051065971237536506
top_hat,400,1,upwind,97.25,0,0,0.0037413597166637467
top_hat,400,1,upwind,97.75,0,0,0.0027146123284971652
top_hat,400,1,upwind,98.25,0,0,0.001950609641980033
top_hat,400,1,upwind,98.75,0,0,0.0013881030353750841
top_hat,400,1,upwind,99.25,0,0,0.00097828908623902051
top_hat,400,1,upwind,99.75,0,0,0.00068283059742195993
top_hat,400,1,upwind,100.25,0,0,0.00047202579583278069
top_hat,400,1,upwind,100.75,0,0,0.00032317130928962242
top_hat,400,1,upwind,101.25,0,0,0.00021914016896633126
top_hat,400,1,upwind,101.75,0,0,0.00014717756037011204
top_hat,400,1,upwind,102.25,0,0,9.7903971734745676e-05
top_hat,400,1,upwind,102.75,0,0,6.4507048830063918e-05
top_hat,400,1,upwind,103.25,0,0,4.2098978076116005e-05
top_hat,400,1,upwind,103.75,0,0,2.7214671180991293e-05
top_hat,400,1,upwind,104.25,0,0,1.7426559984252422e-05
top_hat,400,1,upwind,104.75,0,0,1.1053692038830547e-05
top_hat,400,1,upwind,105.25,0,0,6.9454507523710825e-06
top_hat,400,1,upwind,105.75,0,0,4.3231598869750543e-06
top_hat,400,1,upwind,106.25,0,0,2.6657564694049782e-06
top_hat,400,1,upwind,106.75,0,0,1.6284280813200959e-06
top_hat,400,1,upwind,107.25,0,0,9.8549932549379174e-07
top_hat,400,1,upwind,107.75,0,0,5.9087344754760612e-07
top_hat,400,1,upwind,108.25,0,0,3.5098924381475941e-07
top_hat,400,1,upwind,108.75,0,0,2.0656900136939833e-07
top_hat,400,1,upwind,109.25,0,0,1.2045347346336646e-07
top_hat,400,1,upwind,109.75,0,0,6.9593257113808431e-08
top_hat,400,1,upwind,110.25,0,0,3.9840011734836e-08
top_hat,400,1,upwind,110.75,0,0,2.2598883679468021e-08
top_hat,400,1,upwind,111.25,0,0,1.2702245009135423e-08
top_hat,400,1,upwind,111.75,0,0,7.0747425532115737e-09
top_hat,400,1,upwind,112.25,0,0,3.9047036907394317e-09
top_hat,400,1,upwind,112.75,0,0,2.1356170445065835e-09
top_hat,400,1,upwind,113.25,0,0,1.1575160510028323e-09
top_hat,400,1,upwind,113.75,0,0,6.2174089166930734e-10
top_hat,400,1,upwind,114.25,0,0,3.3096414138537837e-10
top_hat,400,1,upwind,114.75,0,0,1.7460303986909559e-10
top_hat,400,1,upwind,115.25,0,0,9.1291882104911553e-11
top_hat,400,1,upwind,115.75,0,0,4.7307726805612352e-11
top_hat,400,1,upwind,116.25,0,0,2.4297495803285098e-11
top_hat,400,1,upwind,116.75,0,0,1.2368878420865751e-11
top_hat,400,1,upwind,117.25,0,0,6.2409146186233613e-12
top_hat,400,1,upwind,117.75,0,0,3.1212238281913768e-12
top_hat,400,1,upwind,118.25,0,0,1.5472833906491224e-12
top_hat,400,1,upwind,118.75,0,0,7.6031314935085125e-13
top_hat,400,1,upwind,119.25,0,0,3.7034127935722062e-13
top_hat,400,1,upwind,119.75,0,0,1.7881662929901924e-13
top_hat,400,1,upwind,120.25,0,0,8.5589187773678166e-14
top_hat,400,1,upwind,120.75,0,0,4.0611035524996998e-14
top_hat,400,1,upwind,121.25,0,0,1.9102587464974576e-14
top_hat,400,1,upwind,121.75,0,0,8.9078316356043873e-15
top_hat,400,1,upwind,122.25,0,0,4.1180540722684587e-15
top_hat,400,1,upwind,122.75,0,0,1.8873862199544717e-15
top_hat,400,1,upwind,123.25,0,0,8.5760346955014096e-16
top_hat,400,1,upwind,123.75,0,0,3.8634695431202771e-16
top_hat,400,1,upwind,124.25,0,0,1.7256064102808768e-16
top_hat,400,1,upwind,124.75,0,0,7.6416516559350328e-17
top_hat,400,1,upwind,125.25,0,0,3.3552260940055981e-17
top_hat,400,1,upwind,125.75,0,0,1.4606733547234257e-17
top_hat,400,1,upwind,126.25,0,0,6.3050532573738617e-18
top_hat,400,1,upwind,126.75,0,0,2.6985855840742521e-18
top_hat,400,1,upwind,127.25,0,0,1.1452564344208534e-18
top_hat,400,1,upwind,127.75,0,0,4.8194290481345435e-19
top_hat,400,1,upwind,128.25,0,0,2.0110451496308171e-19
top_hat,400,1,upwind,128.75,0,0,8.3212463502872066e-20
top_hat,400,1,upwind,129.25,0,0,3.4143032472234899e-20
top_hat,400,1,upwind,129.75,0,0,1.3892156160899014e-20
top_hat,400,1,upwind,130.25,0,0,5.6052844026937533e-21
top_hat,400,1,upwind,130.75,0,0,2.242810258427342e-21
top_hat,400,1,upwind,131.25,0,0,8.89939801421535e-22
top_hat,400,1,upwind,131.75,0,0,3.5019355673993612e-22
top_hat,400,1,upwind,132.25,0,0,1.3665992637505917e-22
top_hat,400,1,upwind,132.75,0,0,5.2889040596895069e-23
top_hat,400,1,upwind,133.25,0,0,2.0299601607851933e-23
top_hat,400,1,upwind,133.75,0,0,7.7270261581898426e-24
top_hat,400,1,upwind,134.25,0,0,2.9170635801724709e-24
top_hat,400,1,upwind,134.75,0,0,1.0921782802523817e-24
top_hat,400,1,upwind,135.25,0,0,4.0556518608729038e-25
top_hat,400,1,upwind,135.75,0,0,1.4936627033185716e-25
top_hat,400,1,upwind,136.25,0,0,5.4559988380743207e-26
top_hat,400,1,upwind,136.75,0,0,1.9766549928536911e-26
top_hat,400,1,upwind,137.25,0,0,7.1027616676898504e-27
top_hat,400,1,upwind,137.75,0,0,2.5314429782035608e-27
top_hat,400,1,upwind,138.25,0,0,8.9486650557036274e-28
top_hat,400,1,upwind,138.75,0,0,3.1376326526879597e-28
top_hat,400,1,upwind,139.25,0,0,1.0911993664736936e-28
top_hat,400,1,upwind,139.75,0,0,3.7641644830565831e-29
top_hat,400,1,upwind,140.25,0,0,1.2879522307826371e-29
top_hat,400,1,upwind,140.75,0,0,4.3712100664577989e-30
top_hat,400,1,upwind,141.25,0,0,1.4715612011386767e-30
top_hat,400,1,upwind,141.75,0,0,4.9139820439919624e-31
top_hat,400,1,upwind,142.25,0,0,1.6276878843292111e-31
top_hat,400,1,upwind,142.75,0,0,5.3480401261783281e-32
top_hat,400,1,upwind,143.25,0,0,1.7430412437701754e-32
top_hat,400,1,upwind,143.75,0,0,5.6352548039413306e-33
top_hat,400,1,upwind,144.25,0,0,1.8072391957163355e-33
top_hat,400,1,upwind,144.75,0,0,5.7493280128208979e-34
top_hat,400,1,upwind,145.25,0,0,1.8143496396689172e-34
top_hat,400,1,upwind,145.75,0,0,5.6797639929989806e-35
top_hat,400,1,upwind,146.25,0,0,1.7637940148014695e-35
top_hat,400,1,upwind,146.75,0,0,5.4334597226612601e-36
top_hat,400,1,upwind,147.25,0,0,1.6604228054404755e-36
top_hat,400,1,upwind,147.75,0,0,5.033581508240852e-37
top_hat,400,1,upwind,148.25,0,0,1.513749870851697e-37
top_hat,400,1,upwind,148.75,0,0,4.5159803313600595e-38
top_hat,400,1,upwind,149.25,0,0,1.3365126592471679e-38
top_hat,400,1,upwind,149.75,0,0,3.9239125442675395e-39
top_hat,400,1,upwind,150.25,0,0,1.142859275718279e-39
top_hat,400,1,upwind,150.75,0,0,3.302138401026951e-40
top_hat,400,1,upwind,151.25,0,0,9.4651747235544328e-41
top_hat,400,1,upwind,151.75,0,0,2.6915008084871694e-41
top_hat,400,1,upwind,152.25,0,0,7.5926690322680285e-42
top_hat,400,1,upwind,152.75,0,0,2.1248581939761386e-42
top_hat,400,1,upwind,153.25,0,0,5.8993248195518158e-43
top_hat,400,1,upwind,153.75,0,0,1.6248481531632518e-43
top_hat,400,1,upwind,154.25,0,0,4.4397907410817159e-44
top_hat,400,1,upwind,154.75,0,0,1.203517741997111e-44
top_hat,400,1,upwind,155.25,0,0,3.2365602037084551e-45
top_hat,400,1,upwind,155.75,0,0,8.6348917027629953e-46
top_hat,400,1,upwind,156.25,0,0,2.2854557765336715e-46
top_hat,400,1,upwind,156.75,0,0,6.0011167265782172e-47
top_hat,400,1,upwind,157.25,0,0,1.5632741579703335e-47
top_hat,400,1,upwind,157.75,0,0,4.0400099719104895e-48
top_hat,400,1,upwind,158.25,0,0,1.0357959881835025e-48
top_hat,400,1,upwind,158.75,0,0,2.6345757536296181e-49
top_hat,400,1,upwind,159.25,0,0,6.6480137415779003e-50
top_hat,400,1,upwind,159.75,0,0,1.6642472392995946e-50
top_hat,400,1,upwind,160.25,0,0,4.1332184722770034e-51
top_hat,400,1,upwind,160.75,0,0,1.0183644083528789e-51
top_hat,400,1,upwind,161.25,0,0,2.4892129137160413e-52
top_hat,400,1,upwind,161.75,0,0,6.0362108554054797e-53
top_hat,400,1,upwind,162.25,0,0,1.4521441077740347e-53
top_hat,400,1,upwind,162.75,0,0,3.4657506863937615e-54
top_hat,400,1,upwind,163.25,0,0,8.2059038768287573e-55
top_hat,400,1,upwind,163.75,0,0,1.9275078370869006e-55
top_hat,400,1,upwind,164.25,0,0,4.4916458354301998e-56
top_hat,400,1,upwind,164.75,0,0,1.0383729844879042e-56
top_hat,400,1,upwind,165.25,0,0,2.3814341037530948e-57
top_hat,400,1,upwind,165.75,0,0,5.4182588740229201e-58
top_hat,400,1,upwind,166.25,0,0,1.2229691439862417e-58
top_hat,400,1,upwind,166.75,0,0,2.738446613353544e-59
top_hat,400,1,upwind,167.25,0,0,6.0830928013137512e-60
top_hat,400,1,upwind,167.75,0,0,1.3405228896115489e-60
top_hat,400,1,upwind,168.25,0,0,2.9305679069235703e-61
top_hat,400,1,upwind,168.75,0,0,6.3555791490960538e-62
top_hat,400,1,upwind,169.25,0,0,1.3673578045134528e-62
top_hat,400,1,upwind,169.75,0,0,2.9183052575586427e-63
top_hat,400,1,upwind,170.25,0,0,6.1787191132713054e-64
top_hat,400,1,upwind,170.75,0,0,1.2977258509719655e-64
top_hat,400,1,upwind,171.25,0,0,2.7038443822697478e-65
top_hat,400,1,upwind,171.75,0,0,5.5884582818679825e-66
top_hat,400,1,upwind,172.25,0,0,1.145806167115884e-66
top_hat,400,1,upwind,172.75,0,0,2.330430962668159e-67
top_hat,400,1,upwind,173.25,0,0,4.7018013892685072e-68
top_hat,400,1,upwind,173.75,0,0,9.4100550011640198e-69
top_hat,400,1,upwind,174.25,0,0,1.8681711587097064e-69
top_hat,400,1,upwind,174.75,0,0,3.6790394273761122e-70
top_hat,400,1,upwind,175.25,0,0,7.186907244311747e-71
top_hat,400,1,upwind,175.75,0,0,1.3926304236010128e-71
top_hat,400,1,upwind,176.25,0,0,2.6767774298430083e-72
top_hat,400,1,upwind,176.75,0,0,5.1034912264827974e-73
top_hat,400,1,upwind,177.25,0,0,9.651554636196269e-74
top_hat,400,1,upwind,177.75,0,0,1.8104974012976271e-74
top_hat,400,1,upwind,178.25,0,0,3.3687213424936873e-75
top_hat,400,1,upwind,178.75,0,0,6.2171953806574939e-76
top_hat,400,1,upwind,179.25,0,0,1.1381035026787535e-76
top_hat,400,1,upwind,179.75,0,0,2.0664374650964191e-77
top_hat,400,1,upwind,180.25,0,0,3.7214428792674168e-78
top_hat,400,1,upwind,180.75,0,0,6.6472838437366813e-79
top_hat,400,1,upwind,181.25,0,0,1.1776491739353666e-79
top_hat,400,1,upwind,181.75,0,0,2.0692902775902387e-80
top_hat,400,1,upwind,182.25,0,0,3.6062471416759483e-81
top_hat,400,1,upwind,182.75,0,0,6.2332251400590864e-82
top_hat,400,1,upwind,183.25,0,0,1.0685330060020075e-82
top_hat,400,1,upwind,183.75,0,0,1.8166667995180204e-83
top_hat,400,1,upwind,184.25,0,0,3.063155898855394e-84
top_hat,400,1,upwind,184.75,0,0,5.1222827054635468e-85
top_hat,400,1,upwind,185.25,0,0,8.4947892804590592e-86
top_hat,400,1,upwind,185.75,0,0,1.3971085870742732e-86
top_hat,400,1,upwind,186.25,0,0,2.278714529819119e-87
top_hat,400,1,upwind,186.75,0,0,3.6857465729199388e-88
top_hat,400,1,upwind,187.25,0,0,5.9119431232911913e-89
top_hat,400,1,upwind,187.75,0,0,9.4036736037479171e-90
top_hat,400,1,upwind,188.25,0,0,1.4832710402781619e-90
top_hat,400,1,upwind,188.75,0,0,2.320022313912461e-91
top_hat,400,1,upwind,189.25,0,0,3.5983659869188647e-92
top_hat,400,1,upwind,189.75,0,0,5.5341730308107912e-93
top_hat,400,1,upwind,190.25,0,0,8.4396981618968517e-94
top_hat,400,1,upwind,190.75,0,0,1.2762045061250666e-94
top_hat,400,1,upwind,191.25,0,0,1.9134849575578176e-95
top_hat,400,1,upwind,191.75,0,0,2.8446794518221403e-96
top_hat,400,1,upwind,192.25,0,0,4.1931176619922682e-97
top_hat,400,1,upwind,192.75,0,0,6.1281298321558617e-98
top_hat,400,1,upwind,193.25,0,0,8.8796871211087641e-99
top_hat,400,1,upwind,193.75,0,0,1.2756678301917514e-99
top_hat,400,1,upwind,194.25,0,0,1.8169335673435063e-100
top_hat,400,1,upwind,194.75,0,0,2.5656245316445445e-101
top_hat,400,1,upwind,195.25,0,0,3.5916225300072946e-102
top_hat,400,1,upwind,195.75,0,0,4.9845111134773973e-103
top_hat,400,1,upwind,196.25,0,0,6.8577133133407209e-104
top_hat,400,1,upwind,196.75,0,0,9.3530091998536461e-105
top_hat,400,1,upwind,197.25,0,0,1.2645293107803592e-105
top_hat,400,1,upwind,197.75,0,0,1.6947357195197573e-106
top_hat,400,1,upwind,198.25,0,0,2.2514404547859874e-107
top_hat,400,1,upwind,198.75,0,0,2.9647905353857382e-108
top_hat,400,1,upwind,199.25,0,0,3.8698319989943836e-109
top_hat,400,1,upwind,199.75,0,0,5.0066131735575366e-110
top_hat,400,1,TVD_vanLeer,0.25,0,0,0
top_hat,400,1,TVD_vanLeer,0.75,0,0,0
top_hat,400,1,TVD_vanLeer,1.25,0,0,0
top_hat,400,1,TVD_vanLeer,1.75,0,0,0
top_hat,400,1,TVD_vanLeer,2.25,0,0,0
top_hat,400,1,TVD_vanLeer,2.75,0,0,0
top_hat,400,1,TVD_vanLeer,3.25,0,0,0
top_hat,400,1,TVD_vanLeer,3.75,0,0,0
top_hat,400,1,TVD_vanLeer,4.25,0,0,0
top_hat,400,1,TVD_vanLeer,4.75,0,0,0
top_hat,400,1,TVD_vanLeer,5.25,0,0,0
top_hat,400,1,TVD_vanLeer,5.75,0,0,0
top_hat,400,1,TVD_vanLeer,6.25,0,0,0
top_hat,400,1,TVD_vanLeer,6.75,0,0,0
top_hat,400,1,TVD_vanLeer,7.25,0,0,0
top_hat,400,1,TVD_vanLeer,7.75,0,0,0
top_hat,400,1,TVD_vanLeer,8.25,0,0,0
top_hat,400,1,TVD_vanLeer,8.75,0,0,0
top_hat,400,1,TVD_vanLeer,9.25,0,0,0
top_hat,400,1,TVD_vanLeer,9.75,0,0,0
top_hat,400,1,TVD_vanLeer,10.25,0,0,0
top_hat,400,1,TVD_vanLeer,10.75,0,0,0
top_hat,400,1,TVD_vanLeer,11.25,0,0,0
top_hat,400,1,TVD_vanLeer,11.75,0,0,0
top_hat,400,1,TVD_vanLeer,12.25,0,0,0
top_hat,400,1,TVD_vanLeer,12.75,0,0,0
top_hat,400,1,TVD_vanLeer,13.25,0,0,0
top_hat,400,1,TVD_vanLeer,13.75,0,0,0
top_hat,400,1,TVD_vanLeer,14.25,0,0,0
top_hat,400,1,TVD_vanLeer,14.75,0,0,0
top_hat,400,1,TVD_vanLeer,15.25,0,0,0
top_hat,400,1,TVD_vanLeer,15.75,0,0,0
top_hat,400,1,TVD_vanLeer,16.25,0,0,0
top_hat,400,1,TVD_vanLeer,16.75,0,0,0
top_hat,400,1,TVD_vanLeer,17.25,0,0,0
top_hat,400,1,TVD_vanLeer,17.75,0,0,0
top_hat,400,1,TVD_vanLeer,18.25,0,0,0
top_hat,400,1,TVD_vanLeer,18.75,0,0,0
top_hat,400,1,TVD_vanLeer,19.25,0,0,0
top_hat,400,1,TVD_vanLeer,19.75,0,0,0
top_hat,400,1,TVD_vanLeer,20.25,0,0,0
top_hat,400,1,TVD_vanLeer,20.75,0,0,0
top_hat,400,1,TVD_vanLeer,21.25,0,0,0
top_hat,400,1,TVD_vanLeer,21.75,0,0,0
top_hat,400,1,TVD_vanLeer,22.25,0,0,0
top_hat,400,1,TVD_vanLeer,22.75,0,0,0
top_hat,400,1,TVD_vanLeer,23.25,0,0,0
top_hat,400,1,TVD_vanLeer,23.75,0,0,0
top_hat,400,1,TVD_vanLeer,24.25,0,0,0
top_hat,400,1,TVD_vanLeer,24.75,0,0,0
top_hat,400,1,TVD_vanLeer,25.25,1,0,9.5861415843086347e-57
top_hat,400,1,TVD_vanLeer,25.75,1,0,1.1294496256064207e-54
top_hat,400,1,TVD_vanLeer,26.25,1,0,6.6400600630679993e-53
top_hat,400,1,TVD_vanLeer,26.75,1,0,2.5971408463833302e-51
top_hat,400,1,TVD_vanLeer,27.25,1,0,7.6030415055091733e-50
top_hat,400,1,TVD_vanLeer,27.750000000000004,1,0,1.7769441766676079e-48
top_hat,400,1,TVD_vanLeer,28.25,1,0,3.4536713259316762e-47
top_hat,400,1,TVD_vanLeer,28.749999999999996,1,0,5.7417057756923501e-46
top_hat,400,1,TVD_vanLeer,29.25,1,0,8.3350049037521417e-45
top_hat,400,1,TVD_vanLeer,29.75,1,0,1.0732790249636015e-43
top_hat,400,1,TVD_vanLeer,30.25,1,0,1.2412342191671629e-42
top_hat,400,1,TVD_vanLeer,30.75,1,0,1.3022410397768439e-41
top_hat,400,1,TVD_vanLeer,31.25,1,0,1.2497613565046762e-40
top_hat,400,1,TVD_vanLeer,31.75,1,0,1.1048027383041507e-39
top_hat,400,1,TVD_vanLeer,32.25,1,0,9.0498035412517207e-39
top_hat,400,1,TVD_vanLeer,32.75,1,0,6.9041334270351955e-38
top_hat,400,1,TVD_vanLeer,33.25,1,0,4.927500848287221e-37
top_hat,400,1,TVD_vanLeer,33.75,1,0,3.3028505475582485e-36
top_hat,400,1,TVD_vanLeer,34.25,1,0,2.0864047609470489e-35
top_hat,400,1,TVD_vanLeer,34.75,1,0,1.2459353668470798e-34
top_hat,400,1,TVD_vanLeer,35.25,0,0,7.0531295772992453e-34
top_hat,400,1,TVD_vanLeer,35.75,0,0,3.7943911946232079e-33
top_hat,400,1,TVD_vanLeer,36.25,0,0,1.9442833306783408e-32
top_hat,400,1,TVD_vanLeer,36.75,0,0,9.5088905904152992e-32
top_hat,400,1,TVD_vanLeer,37.25,0,0,4.4470515743822657e-31
top_hat,400,1,TVD_vanLeer,37.75,0,0,1.9922258494543048e-30
top_hat,400,1,TVD_vanLeer,38.25,0,0,8.5629210305817172e-30
top_hat,400,1,TVD_vanLeer,38.75,0,0,3.5364103885567272e-29
top_hat,400,1,TVD_vanLeer,39.25,0,0,1.4052524824182293e-28
top_hat,400,1,TVD_vanLeer,39.75,0,0,5.3795860491566936e-28
top_hat,400,1,TVD_vanLeer,40.25,0,0,1.9863711374424955e-27
top_hat,400,1,TVD_vanLeer,40.75,0,0,7.0822191137379219e-27
top_hat,400,1,TVD_vanLeer,41.25,0,0,2.440762406612953e-26
top_hat,400,1,TVD_vanLeer,41.75,0,0,8.138620585288418e-26
top_hat,400,1,TVD_vanLeer,42.25,0,0,2.6281002306263669e-25
top_hat,400,1,TVD_vanLeer,42.75,0,0,8.225692344349563e-25
top_hat,400,1,TVD_vanLeer,43.25,0,0,2.497438978903988e-24
top_hat,400,1,TVD_vanLeer,43.75,0,0,7.3610927859466497e-24
top_hat,400,1,TVD_vanLeer,44.25,0,0,2.1078027539543021e-23
top_hat,400,1,TVD_vanLeer,44.75,0,0,5.8675498903904084e-23
top_hat,400,1,TVD_vanLeer,45.25,0,0,1.5889363273993424e-22
top_hat,400,1,TVD_vanLeer,45.75,0,0,4.1884062816835612e-22
top_hat,400,1,TVD_vanLeer,46.25,0,0,1.0753267842780252e-21
top_hat,400,1,TVD_vanLeer,46.75,0,0,2.6904578108740811e-21
top_hat,400,1,TVD_vanLeer,47.25,0,0,6.5635604994131824e-21
top_hat,400,1,TVD_vanLeer,47.75,0,0,1.5620808086802132e-20
top_hat,400,1,TVD_vanLeer,48.25,0,0,3.6285375321790054e-20
top_hat,400,1,TVD_vanLeer,48.75,0,0,8.2305384291979326e-20
top_hat,400,1,TVD_vanLeer,49.25,0,0,1.8238509295379441e-19
top_hat,400,1,TVD_vanLeer,49.75,0,0,3.950053677122001e-19
top_hat,400,1,TVD_vanLeer,50.25,0,0,8.3646929443757819e-19
top_hat,400,1,TVD_vanLeer,50.75,0,0,1.7326240255292031e-18
top_hat,400,1,TVD_vanLeer,51.25,0,0,3.5118314409776174e-18
top_hat,400,1,TVD_vanLeer,51.75,0,0,6.9678677063402309e-18
top_hat,400,1,TVD_vanLeer,52.25,0,0,1.3538162319871274e-17
top_hat,400,1,TVD_vanLeer,52.75,0,0,2.5767080779550198e-17
top_hat,400,1,TVD_vanLeer,53.25,0,0,4.8057885393516431e-17
top_hat,400,1,TVD_vanLeer,53.75,0,0,8.7862462580159953e-17
top_hat,400,1,TVD_vanLeer,54.25,0,0,1.5751610255512349e-16
top_hat,400,1,TVD_vanLeer,54.750000000000007,0,0,2.7699553811840372e-16
top_hat,400,1,TVD_vanLeer,55.250000000000007,0,0,4.7796034143943717e-16
top_hat,400,1,TVD_vanLeer,55.750000000000007,0,0,8.095270911891869e-16
top_hat,400,1,TVD_vanLeer,56.25,0,0,1.3463179803540115e-15
top_hat,400,1,TVD_vanLeer,56.749999999999993,0,0,2.1994177831344411e-15
top_hat,400,1,TVD_vanLeer,57.249999999999993,0,0,3.5309685678459732e-15
top_hat,400,1,TVD_vanLeer,57.749999999999993,0,0,5.5732470075156302e-15
top_hat,400,1,TVD_vanLeer,58.25,0,0,8.6532453356734995e-15
top_hat,400,1,TVD_vanLeer,58.75,0,0,1.3224092891958899e-14
top_hat,400,1,TVD_vanLeer,59.25,0,0,1.990524920368784e-14
top_hat,400,1,TVD_vanLeer,59.75,0,0,2.9534507015603193e-14
top_hat,400,1,TVD_vanLeer,60.25,0,0,4.3236875501588329e-14
top_hat,400,1,TVD_vanLeer,60.75,0,0,6.2519137775964272e-14
top_hat,400,1,TVD_vanLeer,61.25,0,0,8.9405860558604519e-14
top_hat,400,1,TVD_vanLeer,61.75,0,0,1.2664640504104672e-13
top_hat,400,1,TVD_vanLeer,62.25,0,0,1.7805195816736844e-13
top_hat,400,1,TVD_vanLeer,62.75,0,0,2.4909461633997101e-13
top_hat,400,1,TVD_vanLeer,63.25,0,0,3.481579559529701e-13
top_hat,400,1,TVD_vanLeer,63.75,0,0,4.9040822180731256e-13
top_hat,400,1,TVD_vanLeer,64.25,0,0,7.17855536610654e-13
top_hat,400,1,TVD_vanLeer,64.75,0,0,1.2151373752620689e-12
top_hat,400,1,TVD_vanLeer,65.25,0,0,2.8739361972729257e-12
top_hat,400,1,TVD_vanLeer,65.75,0,0,9.7481265816394755e-12
top_hat,400,1,TVD_vanLeer,66.25,0,0,3.9491557295802913e-11
top_hat,400,1,TVD_vanLeer,66.75,0,0,1.6701864718283027e-10
top_hat,400,1,TVD_vanLeer,67.25,0,0,7.0331232029309369e-10
top_hat,400,1,TVD_vanLeer,67.75,0,0,2.9128417589501511e-09
top_hat,400,1,TVD_vanLeer,68.25,0,0,1.1837535869550796e-08
top_hat,400,1,TVD_vanLeer,68.75,0,0,4.7220402228785728e-08
top_hat,400,1,TVD_vanLeer,69.25,0,0,1.8510779434053238e-07
top_hat,400,1,TVD_vanLeer,69.75,0,0,7.1417728882247584e-07
top_hat,400,1,TVD_vanLeer,70.25,0,0,2.7166489228515974e-06
top_hat,400,1,TVD_vanLeer,70.75,0,0,1.0207870871109597e-05
top_hat,400,1,TVD_vanLeer,71.25,0,0,3.7964022369016257e-05
top_hat,400,1,TVD_vanLeer,71.75,0,0,0.00014002184341941061
top_hat,400,1,TVD_vanLeer,72.25,0,0,0.00051308684558007693
top_hat,400,1,TVD_vanLeer,72.75,0,0,0.0018705903332221273
top_hat,400,1,TVD_vanLeer,73.25,0,0,0.0067878295710855144
top_hat,400,1,TVD_vanLeer,73.75,0,0,0.024437359677030701
top_hat,400,1,TVD_vanLeer,74.25,0,0,0.085791542806094911
top_hat,400,1,TVD_vanLeer,74.75,0,0,0.27412943298324066
top_hat,400,1,TVD_vanLeer,75.25,0,1,0.65588914625390293
top_hat,400,1,TVD_vanLeer,75.75,0,1,0.95122529889439233
top_hat,400,1,TVD_vanLeer,76.25,0,1,0.99916449993934031
top_hat,400,1,TVD_vanLeer,76.75,0,1,0.99999934813676505
top_hat,400,1,TVD_vanLeer,77.25,0,1,0.99999998876944107
top_hat,400,1,TVD_vanLeer,77.75,0,1,0.99999998803035361
top_hat,400,1,TVD_vanLeer,78.25,0,1,0.99999998151839298
top_hat,400,1,TVD_vanLeer,78.75,0,1,0.99999994910491863
top_hat,400,1,TVD_vanLeer,79.25,0,1,0.99999981442100072
top_hat,400,1,TVD_vanLeer,79.75,0,1,0.99999928841512187
top_hat,400,1,TVD_vanLeer,80.25,0,1,0.99999728848549219
top_hat,400,1,TVD_vanLeer,80.75,0,1,0.99998979895623175
top_hat,400,1,TVD_vanLeer,81.25,0,1,0.99996204339984873
top_hat,400,1,TVD_vanLeer,81.75,0,1,0.99985998497231976
top_hat,400,1,TVD_vanLeer,82.25,0,1,0.9994869182382351
top_hat,400,1,TVD_vanLeer,82.75,0,1,0.99812941217312801
top_hat,400,1,TVD_vanLeer,83.25,0,1,0.99321217001942919
top_hat,400,1,TVD_vanLeer,83.75,0,1,0.97556263755029438
top_hat,400,1,TVD_vanLeer,84.25,0,1,0.91420845465871958
top_hat,400,1,TVD_vanLeer,84.75,0,1,0.72587057163119351
top_hat,400,1,TVD_vanLeer,85.25,0,0,0.34411086730052742
top_hat,400,1,TVD_vanLeer,85.75,0,0,0.048774701979216767
top_hat,400,1,TVD_vanLeer,86.25,0,0,0.00083549110176612098
top_hat,400,1,TVD_vanLeer,86.75,0,0,6.4125053929644485e-07
top_hat,400,1,TVD_vanLeer,87.25,0,0,8.6775352677274304e-12
top_hat,400,1,TVD_vanLeer,87.75,0,0,1.2896038486329504e-12
top_hat,400,1,TVD_vanLeer,88.25,0,0,1.0539726489421161e-12
top_hat,400,1,TVD_vanLeer,88.75,0,0,8.8942198879681917e-13
top_hat,400,1,TVD_vanLeer,89.25,0,0,7.4143752991876722e-13
top_hat,400,1,TVD_vanLeer,89.75,0,0,6.1299556651661051e-13
top_hat,400,1,TVD_vanLeer,90.25,0,0,5.0263656515112305e-13
top_hat,400,1,TVD_vanLeer,90.75,0,0,4.0872356099507618e-13
top_hat,400,1,TVD_vanLeer,91.25,0,0,3.2959625202833389e-13
top_hat,400,1,TVD_vanLeer,91.75,0,0,2.6357987966343013e-13
top_hat,400,1,TVD_vanLeer,92.25,0,0,2.0903722517727497e-13
top_hat,400,1,TVD_vanLeer,92.75,0,0,1.6440816237235994e-13
top_hat,400,1,TVD_vanLeer,93.25,0,0,1.2823911350608276e-13
top_hat,400,1,TVD_vanLeer,93.75,0,0,9.9203106125366462e-14
top_hat,400,1,TVD_vanLeer,94.25,0,0,7.6111161138175882e-14
top_hat,400,1,TVD_vanLeer,94.75,0,0,5.7916210256589324e-14
top_hat,400,1,TVD_vanLeer,95.25,0,0,4.3710934670400597e-14
top_hat,400,1,TVD_vanLeer,95.75,0,0,3.27209689916193e-14
top_hat,400,1,TVD_vanLeer,96.25,0,0,2.4294851706836313e-14
top_hat,400,1,TVD_vanLeer,96.75,0,0,1.7891959216182845e-14
top_hat,400,1,TVD_vanLeer,97.25,0,0,1.3069467881940198e-14
top_hat,400,1,TVD_vanLeer,97.75,0,0,9.4691755949163214e-15
top_hat,400,1,TVD_vanLeer,98.25,0,0,6.804803364755423e-15
top_hat,400,1,TVD_vanLeer,98.75,0,0,4.850204003404935e-15
top_hat,400,1,TVD_vanLeer,99.25,0,0,3.4287386320200141e-15
top_hat,400,1,TVD_vanLeer,99.75,0,0,2.4039468569516846e-15
top_hat,400,1,TVD_vanLeer,100.25,0,0,1.6715334085249391e-15
top_hat,400,1,TVD_vanLeer,100.75,0,0,1.1526204489338792e-15
top_hat,400,1,TVD_vanLeer,101.25,0,0,7.881666288530247e-16
top_hat,400,1,TVD_vanLeer,101.75,0,0,5.344265709926305e-16
top_hat,400,1,TVD_vanLeer,102.25,0,0,3.5931298415899418e-16
top_hat,400,1,TVD_vanLeer,102.75,0,0,2.3952364278582149e-16
top_hat,400,1,TVD_vanLeer,103.25,0,0,1.5830321019028254e-16
top_hat,400,1,TVD_vanLeer,103.75,0,0,1.0372227080141662e-16
top_hat,400,1,TVD_vanLeer,104.25,0,0,6.7370620857883274e-17
top_hat,400,1,TVD_vanLeer,104.75,0,0,4.3377155264513427e-17
top_hat,400,1,TVD_vanLeer,105.25,0,0,2.7683438845087695e-17
top_hat,400,1,TVD_vanLeer,105.75,0,0,1.7511561616608992e-17
top_hat,400,1,TVD_vanLeer,106.25,0,0,1.0978781303660282e-17
top_hat,400,1,TVD_vanLeer,106.75,0,0,6.8216218930272049e-18
top_hat,400,1,TVD_vanLeer,107.25,0,0,4.2005546767167486e-18
top_hat,400,1,TVD_vanLeer,107.75,0,0,2.5632670422760435e-18
top_hat,400,1,TVD_vanLeer,108.25,0,0,1.5500066016816721e-18
top_hat,400,1,TVD_vanLeer,108.75,0,0,9.2877725536110387e-19
top_hat,400,1,TVD_vanLeer,109.25,0,0,5.514617006759831e-19
top_hat,400,1,TVD_vanLeer,109.75,0,0,3.2443963677000673e-19
top_hat,400,1,TVD_vanLeer,110.25,0,0,1.8912884752640985e-19
top_hat,400,1,TVD_vanLeer,110.75,0,0,1.092393289170625e-19
top_hat,400,1,TVD_vanLeer,111.25,0,0,6.2515997025702578e-20
top_hat,400,1,TVD_vanLeer,111.75,0,0,3.5447784679287697e-20
top_hat,400,1,TVD_vanLeer,112.25,0,0,1.9914484601433665e-20
top_hat,400,1,TVD_vanLeer,112.75,0,0,1.1084818130114666e-20
top_hat,400,1,TVD_vanLeer,113.25,0,0,6.1131672796348342e-21
top_hat,400,1,TVD_vanLeer,113.75,0,0,3.3402731514327405e-21
top_hat,400,1,TVD_vanLeer,114.25,0,0,1.8083250699851905e-21
top_hat,400,1,TVD_vanLeer,114.75,0,0,9.6995508579726506e-22
top_hat,400,1,TVD_vanLeer,115.25,0,0,5.1547786081809483e-22
top_hat,400,1,TVD_vanLeer,115.75,0,0,2.7142832728567949e-22
top_hat,400,1,TVD_vanLeer,116.25,0,0,1.4160915111297804e-22
top_hat,400,1,TVD_vanLeer,116.75,0,0,7.3202073799150775e-23
top_hat,400,1,TVD_vanLeer,117.25,0,0,3.7493579723139883e-23
top_hat,400,1,TVD_vanLeer,117.75,0,0,1.9028212299736238e-23
top_hat,400,1,TVD_vanLeer,118.25,0,0,9.5687065540196361e-24
top_hat,400,1,TVD_vanLeer,118.75,0,0,4.7679282447178059e-24
top_hat,400,1,TVD_vanLeer,119.25,0,0,2.3541540323469954e-24
top_hat,400,1,TVD_vanLeer,119.75,0,0,1.1517986077449885e-24
top_hat,400,1,TVD_vanLeer,120.25,0,0,5.5842244418416674e-25
top_hat,400,1,TVD_vanLeer,120.75,0,0,2.6828860570537396e-25
top_hat,400,1,TVD_vanLeer,121.25,0,0,1.2773304910064424e-25
top_hat,400,1,TVD_vanLeer,121.75,0,0,6.0266345637871363e-26
top_hat,400,1,TVD_vanLeer,122.25,0,0,2.8179025664111171e-26
top_hat,400,1,TVD_vanLeer,122.75,0,0,1.3057672406435848e-26
top_hat,400,1,TVD_vanLeer,123.25,0,0,5.9965782085433981e-27
top_hat,400,1,TVD_vanLeer,123.75,0,0,2.7292826430579628e-27
top_hat,400,1,TVD_vanLeer,124.25,0,0,1.2311478283680515e-27
top_hat,400,1,TVD_vanLeer,124.75,0,0,5.5042482521703281e-28
top_hat,400,1,TVD_vanLeer,125.25,0,0,2.4390539300932042e-28
top_hat,400,1,TVD_vanLeer,125.75,0,0,1.0712475336353332e-28
top_hat,400,1,TVD_vanLeer,126.25,0,0,4.6635083159877664e-29
top_hat,400,1,TVD_vanLeer,126.75,0,0,2.0123317566844503e-29
top_hat,400,1,TVD_vanLeer,127.25,0,0,8.6071561725357066e-30
top_hat,400,1,TVD_vanLeer,127.75,0,0,3.6492395873850656e-30
top_hat,400,1,TVD_vanLeer,128.25,0,0,1.5336876173414734e-30
top_hat,400,1,TVD_vanLeer,128.75,0,0,6.3895820712866137e-31
top_hat,400,1,TVD_vanLeer,129.25,0,0,2.6388705312644076e-31
top_hat,400,1,TVD_vanLeer,129.75,0,0,1.0803955518835582e-31
top_hat,400,1,TVD_vanLeer,130.25,0,0,4.385059056433486e-32
top_hat,400,1,TVD_vanLeer,130.75,0,0,1.7644316201466895e-32
top_hat,400,1,TVD_vanLeer,131.25,0,0,7.0384916398927746e-33
top_hat,400,1,TVD_vanLeer,131.75,0,0,2.7836093199418018e-33
top_hat,400,1,TVD_vanLeer,132.25,0,0,1.0914385503678986e-33
top_hat,400,1,TVD_vanLeer,132.75,0,0,4.2428814835535688e-34
top_hat,400,1,TVD_vanLeer,133.25,0,0,1.6353144088657517e-34
top_hat,400,1,TVD_vanLeer,133.75,0,0,6.2492570506288903e-35
top_hat,400,1,TVD_vanLeer,134.25,0,0,2.3678279995685526e-35
top_hat,400,1,TVD_vanLeer,134.75,0,0,8.8955803656000516e-36
top_hat,400,1,TVD_vanLeer,135.25,0,0,3.3136634039212783e-36
top_hat,400,1,TVD_vanLeer,135.75,0,0,1.2239394055985795e-36
top_hat,400,1,TVD_vanLeer,136.25,0,0,4.4826639029328924e-37
top_hat,400,1,TVD_vanLeer,136.75,0,0,1.627962301402723e-37
top_hat,400,1,TVD_vanLeer,137.25,0,0,5.862615933462544e-38
top_hat,400,1,TVD_vanLeer,137.75,0,0,2.0935549618750917e-38
top_hat,400,1,TVD_vanLeer,138.25,0,0,7.4136121234801061e-39
top_hat,400,1,TVD_vanLeer,138.75,0,0,2.6033618278361671e-39
top_hat,400,1,TVD_vanLeer,139.25,0,0,9.0657732979949311e-40
top_hat,400,1,TVD_vanLeer,139.75,0,0,3.1307411412734682e-40
top_hat,400,1,TVD_vanLeer,140.25,0,0,1.0721798683510313e-40
top_hat,400,1,TVD_vanLeer,140.75,0,0,3.6414335121130545e-41
top_hat,400,1,TVD_vanLeer,141.25,0,0,1.2264992960500389e-41
top_hat,400,1,TVD_vanLeer,141.75,0,0,4.0969268438255913e-42
top_hat,400,1,TVD_vanLeer,142.25,0,0,1.3572216533010346e-42
top_hat,400,1,TVD_vanLeer,142.75,0,0,4.4591344579339104e-43
top_hat,400,1,TVD_vanLeer,143.25,0,0,1.4529912646903006e-43
top_hat,400,1,TVD_vanLeer,143.75,0,0,4.6956248803331345e-44
top_hat,400,1,TVD_vanLeer,144.25,0,0,1.5050361595972256e-44
top_hat,400,1,TVD_vanLeer,144.75,0,0,4.7844133776696897e-45
top_hat,400,1,TVD_vanLeer,145.25,0,0,1.5084941904563538e-45
top_hat,400,1,TVD_vanLeer,145.75,0,0,4.717333955130887e-46
top_hat,400,1,TVD_vanLeer,146.25,0,0,1.4631618836086445e-46
top_hat,400,1,TVD_vanLeer,146.75,0,0,4.5012749982483055e-47
top_hat,400,1,TVD_vanLeer,147.25,0,0,1.3735062967096879e-47
top_hat,400,1,TVD_vanLeer,147.75,0,0,4.1570201750153573e-48
top_hat,400,1,TVD_vanLeer,148.25,0,0,1.2479417271642757e-48
top_hat,400,1,TVD_vanLeer,148.75,0,0,3.7159632160043618e-49
top_hat,400,1,TVD_vanLeer,149.25,0,0,1.0975329429729486e-49
top_hat,400,1,TVD_vanLeer,149.75,0,0,3.21541341444534e-50
top_hat,400,1,TVD_vanLeer,150.25,0,0,9.3440061305800673e-51
top_hat,400,1,TVD_vanLeer,150.75,0,0,2.6934585952364967e-51
top_hat,400,1,TVD_vanLeer,151.25,0,0,7.7014437721772566e-52
top_hat,400,1,TVD_vanLeer,151.75,0,0,2.1843504856470794e-52
top_hat,400,1,TVD_vanLeer,152.25,0,0,6.1456017324979888e-53
top_hat,400,1,TVD_vanLeer,152.75,0,0,1.7151492310722073e-53
top_hat,400,1,TVD_vanLeer,153.25,0,0,4.7483009460121514e-54
top_hat,400,1,TVD_vanLeer,153.75,0,0,1.3039973479710657e-54
top_hat,400,1,TVD_vanLeer,154.25,0,0,3.5523894094172017e-55
top_hat,400,1,TVD_vanLeer,154.75,0,0,9.6000382989577755e-56
top_hat,400,1,TVD_vanLeer,155.25,0,0,2.5735758524639695e-56
top_hat,400,1,TVD_vanLeer,155.75,0,0,6.84408777417212e-57
top_hat,400,1,TVD_vanLeer,156.25,0,0,1.8055588751550218e-57
top_hat,400,1,TVD_vanLeer,156.75,0,0,4.7252852748874892e-58
top_hat,400,1,TVD_vanLeer,157.25,0,0,1.2267820907416236e-58
top_hat,400,1,TVD_vanLeer,157.75,0,0,3.1596026541784238e-59
top_hat,400,1,TVD_vanLeer,158.25,0,0,8.0728280727137066e-60
top_hat,400,1,TVD_vanLeer,158.75,0,0,2.0462070595306057e-60
top_hat,400,1,TVD_vanLeer,159.25,0,0,5.1452496763907645e-61
top_hat,400,1,TVD_vanLeer,159.75,0,0,1.2835080384163149e-61
top_hat,400,1,TVD_vanLeer,160.25,0,0,3.1763486194784354e-62
top_hat,400,1,TVD_vanLeer,160.75,0,0,7.7982513668953209e-63
top_hat,400,1,TVD_vanLeer,161.25,0,0,1.8993620789588969e-63
top_hat,400,1,TVD_vanLeer,161.75,0,0,4.5894603730189991e-64
top_hat,400,1,TVD_vanLeer,162.25,0,0,1.1001719573368453e-64
top_hat,400,1,TVD_vanLeer,162.75,0,0,2.6164127095942659e-65
top_hat,400,1,TVD_vanLeer,163.25,0,0,6.1730557257018383e-66
top_hat,400,1,TVD_vanLeer,163.75,0,0,1.4449201017329962e-66
top_hat,400,1,TVD_vanLeer,164.25,0,0,3.3553548650399493e-67
top_hat,400,1,TVD_vanLeer,164.75,0,0,7.7301025024594109e-68
top_hat,400,1,TVD_vanLeer,165.25,0,0,1.7667913757117127e-68
top_hat,400,1,TVD_vanLeer,165.75,0,0,4.0062628239185677e-69
top_hat,400,1,TVD_vanLeer,166.25,0,0,9.0125677886881078e-70
top_hat,400,1,TVD_vanLeer,166.75,0,0,2.0114685589684037e-70
top_hat,400,1,TVD_vanLeer,167.25,0,0,4.4538344027932155e-71
top_hat,400,1,TVD_vanLeer,167.75,0,0,9.7838856275026457e-72
top_hat,400,1,TVD_vanLeer,168.25,0,0,2.1322856168209479e-72
top_hat,400,1,TVD_vanLeer,168.75,0,0,4.6103741176586495e-73
top_hat,400,1,TVD_vanLeer,169.25,0,0,9.8897122842777324e-74
top_hat,400,1,TVD_vanLeer,169.75,0,0,2.1046873977168883e-74
top_hat,400,1,TVD_vanLeer,170.25,0,0,4.4437292821738591e-75
top_hat,400,1,TVD_vanLeer,170.75,0,0,9.3081433368900013e-76
top_hat,400,1,TVD_vanLeer,171.25,0,0,1.9343420141215216e-76
top_hat,400,1,TVD_vanLeer,171.75,0,0,3.9880195937192271e-77
top_hat,400,1,TVD_vanLeer,172.25,0,0,8.1570668847904831e-78
top_hat,400,1,TVD_vanLeer,172.75,0,0,1.6552447124446166e-78
top_hat,400,1,TVD_vanLeer,173.25,0,0,3.3322715209161597e-79
top_hat,400,1,TVD_vanLeer,173.75,0,0,6.6552886074668651e-80
top_hat,400,1,TVD_vanLeer,174.25,0,0,1.3186814856189256e-80
top_hat,400,1,TVD_vanLeer,174.75,0,0,2.592133698476667e-81
top_hat,400,1,TVD_vanLeer,175.25,0,0,5.0549531772406019e-82
top_hat,400,1,TVD_vanLeer,175.75,0,0,9.7795011998780999e-83
top_hat,400,1,TVD_vanLeer,176.25,0,0,1.8769533468727785e-83
top_hat,400,1,TVD_vanLeer,176.75,0,0,3.5737538433792239e-84
top_hat,400,1,TVD_vanLeer,177.25,0,0,6.7503633539214044e-85
top_hat,400,1,TVD_vanLeer,177.75,0,0,1.2649046584455469e-85
top_hat,400,1,TVD_vanLeer,178.25,0,0,2.3513275022414036e-86
top_hat,400,1,TVD_vanLeer,178.75,0,0,4.3360022745598072e-87
top_hat,400,1,TVD_vanLeer,179.25,0,0,7.9320067244695337e-88
top_hat,400,1,TVD_vanLeer,179.75,0,0,1.4394274509586032e-88
top_hat,400,1,TVD_vanLeer,180.25,0,0,2.5912263646169524e-89
top_hat,400,1,TVD_vanLeer,180.75,0,0,4.627275050552476e-90
top_hat,400,1,TVD_vanLeer,181.25,0,0,8.1968120816757796e-91
top_hat,400,1,TVD_vanLeer,181.75,0,0,1.4403215182522548e-91
top_hat,400,1,TVD_vanLeer,182.25,0,0,2.5105196399453896e-92
top_hat,400,1,TVD_vanLeer,182.75,0,0,4.3406242314901722e-93
top_hat,400,1,TVD_vanLeer,183.25,0,0,7.4442274409852256e-94
top_hat,400,1,TVD_vanLeer,183.75,0,0,1.2663688785060401e-94
top_hat,400,1,TVD_vanLeer,184.25,0,0,2.1368205380485775e-95
top_hat,400,1,TVD_vanLeer,184.75,0,0,3.5763248708416541e-96
top_hat,400,1,TVD_vanLeer,185.25,0,0,5.9369123428009194e-97
top_hat,400,1,TVD_vanLeer,185.75,0,0,9.7753549677521079e-98
top_hat,400,1,TVD_vanLeer,186.25,0,0,1.5964154779599565e-98
top_hat,400,1,TVD_vanLeer,186.75,0,0,2.5857937751002032e-99
top_hat,400,1,TVD_vanLeer,187.25,0,0,4.1540266445674304e-100
top_hat,400,1,TVD_vanLeer,187.75,0,0,6.6185794433408984e-101
top_hat,400,1,TVD_vanLeer,188.25,0,0,1.0458584212025913e-101
top_hat,400,1,TVD_vanLeer,188.75,0,0,1.639026250402574e-102
top_hat,400,1,TVD_vanLeer,189.25,0,0,2.5473928675786631e-103
top_hat,400,1,TVD_vanLeer,189.75,0,0,3.9264030288622788e-104
top_hat,400,1,TVD_vanLeer,190.25,0,0,6.0017028177192891e-105
top_hat,400,1,TVD_vanLeer,190.75,0,0,9.0975889867723798e-106
top_hat,400,1,TVD_vanLeer,191.25,0,0,1.367545298315957e-106
top_hat,400,1,TVD_vanLeer,191.75,0,0,2.0385055591556348e-107
top_hat,400,1,TVD_vanLeer,192.25,0,0,3.0131993059760592e-108
top_hat,400,1,TVD_vanLeer,192.75,0,0,4.4165222877363512e-109
top_hat,400,1,TVD_vanLeer,193.25,0,0,6.4188947694645904e-110
top_hat,400,1,TVD_vanLeer,193.75,0,0,9.2503427324853264e-111
top_hat,400,1,TVD_vanLeer,194.25,0,0,1.3217929518890013e-111
top_hat,400,1,TVD_vanLeer,194.75,0,0,1.8726956690195069e-112
top_hat,400,1,TVD_vanLeer,195.25,0,0,2.6306259485908523e-113
top_hat,400,1,TVD_vanLeer,195.75,0,0,3.6637758170816684e-114
top_hat,400,1,TVD_vanLeer,196.25,0,0,5.0590175740137622e-115
top_hat,400,1,TVD_vanLeer,196.75,0,0,6.9256481061379699e-116
top_hat,400,1,TVD_vanLeer,197.25,0,0,9.3994155476683344e-117
top_hat,400,1,TVD_vanLeer,197.75,0,0,1.2646680894855714e-117
top_hat,400,1,TVD_vanLeer,198.25,0,0,1.6868499910119748e-118
top_hat,400,1,TVD_vanLeer,198.75,0,0,2.2304335783181795e-119
top_hat,400,1,TVD_vanLeer,199.25,0,0,2.9235034806850997e-120
top_hat,400,1,TVD_vanLeer,199.75,0,0,3.7984621978827907e-121
top_hat,400,1,PLM_MC,0.25,0,0,0
top_hat,400,1,PLM_MC,0.75,0,0,0
top_hat,400,1,PLM_MC,1.25,0,0,0
top_hat,400,1,PLM_MC,1.75,0,0,0
top_hat,400,1,PLM_MC,2.25,0,0,0
top_hat,400,1,PLM_MC,2.75,0,0,0
top_hat,400,1,PLM_MC,3.25,0,0,0
top_hat,400,1,PLM_MC,3.75,0,0,0
top_hat,400,1,PLM_MC,4.25,0,0,0
top_hat,400,1,PLM_MC,4.75,0,0,0
top_hat,400,1,PLM_MC,5.25,0,0,0
top_hat,400,1,PLM_MC,5.75,0,0,0
top_hat,400,1,PLM_MC,6.25,0,0,0
top_hat,400,1,PLM_MC,6.75,0,0,0
top_hat,400,1,PLM_MC,7.25,0,0,0
top_hat,400,1,PLM_MC,7.75,0,0,0
top_hat,400,1,PLM_MC,8.25,0,0,0
top_hat,400,1,PLM_MC,8.75,0,0,0
top_hat,400,1,PLM_MC,9.25,0,0,0
top_hat,400,1,PLM_MC,9.75,0,0,0
top_hat,400,1,PLM_MC,10.25,0,0,0
top_hat,400,1,PLM_MC,10.75,0,0,0
top_hat,400,1,PLM_MC,11.25,0,0,0
top_hat,400,1,PLM_MC,11.75,0,0,0
top_hat,400,1,PLM_MC,12.25,0,0,0
top_hat,400,1,PLM_MC,12.75,0,0,0
top_hat,400,1,PLM_MC,13.25,0,0,0
top_hat,400,1,PLM_MC,13.75,0,0,0
top_hat,400,1,PLM_MC,14.25,0,0,0
top_hat,400,1,PLM_MC,14.75,0,0,0
top_hat,400,1,PLM_MC,15.25,0,0,0
top_hat,400,1,PLM_MC,15.75,0,0,0
top_hat,400,1,PLM_MC,16.25,0,0,0
top_hat,400,1,PLM_MC,16.75,0,0,0
top_hat,400,1,PLM_MC,17.25,0,0,0
top_hat,400,1,PLM_MC,17.75,0,0,0
top_hat,400,1,PLM_MC,18.25,0,0,0
top_hat,400,1,PLM_MC,18.75,0,0,0
top_hat,400,1,PLM_MC,19.25,0,0,0
top_hat,400,1,PLM_MC,19.75,0,0,0
top_hat,400,1,PLM_MC,20.25,0,0,0
top_hat,400,1,PLM_MC,20.75,0,0,0
top_hat,400,1,PLM_MC,21.25,0,0,0
top_hat,400,1,PLM_MC,21.75,0,0,0
top_hat,400,1,PLM_MC,22.25,0,0,0
top_hat,400,1,PLM_MC,22.75,0,0,0
top_hat,400,1,PLM_MC,23.25,0,0,0
top_hat,400,1,PLM_MC,23.75,0,0,0
top_hat,400,1,PLM_MC,24.25,0,0,0
top_hat,400,1,PLM_MC,24.75,0,0,0
top_hat,400,1,PLM_MC,25.25,1,0,2.9261732697529625e-111
top_hat,400,1,PLM_MC,25.75,1,0,1.4769378883973944e-108
top_hat,400,1,PLM_MC,26.25,1,0,3.7156866945642586e-106
top_hat,400,1,PLM_MC,26.75,1,0,6.2124782298458789e-104
top_hat,400,1,PLM_MC,27.25,1,0,7.7658272817491423e-102
top_hat,400,1,PLM_MC,27.750000000000004,1,0,7.7416229614543034e-100
top_hat,400,1,PLM_MC,28.25,1,0,6.4109480145639284e-98
top_hat,400,1,PLM_MC,28.749999999999996,1,0,4.5361638536007786e-96
top_hat,400,1,PLM_MC,29.25,1,0,2.7995113353346142e-94
top_hat,400,1,PLM_MC,29.75,1,0,1.5308696914998939e-92
top_hat,400,1,PLM_MC,30.25,1,0,7.5101383608969275e-91
top_hat,400,1,PLM_MC,30.75,1,0,3.3386624745342471e-89
top_hat,400,1,PLM_MC,31.25,1,0,1.3561651884920599e-87
top_hat,400,1,PLM_MC,31.75,1,0,5.0686385523261084e-86
top_hat,400,1,PLM_MC,32.25,1,0,1.7534082381675435e-84
top_hat,400,1,PLM_MC,32.75,1,0,5.642952089473348e-83
top_hat,400,1,PLM_MC,33.25,1,0,1.6970443695624647e-81
top_hat,400,1,PLM_MC,33.75,1,0,4.787855529265762e-80
top_hat,400,1,PLM_MC,34.25,1,0,1.2716080570505946e-78
top_hat,400,1,PLM_MC,34.75,1,0,3.1891193982052693e-77
top_hat,400,1,PLM_MC,35.25,0,0,7.5735074340470741e-76
top_hat,400,1,PLM_MC,35.75,0,0,1.7073337788944767e-74
top_hat,400,1,PLM_MC,36.25,0,0,3.6620186180690048e-73
top_hat,400,1,PLM_MC,36.75,0,0,7.4886218514045437e-72
top_hat,400,1,PLM_MC,37.25,0,0,1.4628005321836277e-70
top_hat,400,1,PLM_MC,37.75,0,0,2.7341752460122593e-69
top_hat,400,1,PLM_MC,38.25,0,0,4.8980510924234882e-68
top_hat,400,1,PLM_MC,38.75,0,0,8.4221313583717105e-67
top_hat,400,1,PLM_MC,39.25,0,0,1.3919466356732571e-65
top_hat,400,1,PLM_MC,39.75,0,0,2.2140342216462811e-64
top_hat,400,1,PLM_MC,40.25,0,0,3.3933609433197229e-63
top_hat,400,1,PLM_MC,40.75,0,0,5.0170672932765232e-62
top_hat,400,1,PLM_MC,41.25,0,0,7.163162501634057e-61
top_hat,400,1,PLM_MC,41.75,0,0,9.8861967246661723e-60
top_hat,400,1,PLM_MC,42.25,0,0,1.3201831229307512e-58
top_hat,400,1,PLM_MC,42.75,0,0,1.7072977088448258e-57
top_hat,400,1,PLM_MC,43.25,0,0,2.1400557316805805e-56
top_hat,400,1,PLM_MC,43.75,0,0,2.6021669185852858e-55
top_hat,400,1,PLM_MC,44.25,0,0,3.0716921541224116e-54
top_hat,400,1,PLM_MC,44.75,0,0,3.5227136997081588e-53
top_hat,400,1,PLM_MC,45.25,0,0,3.92777682566665e-52
top_hat,400,1,PLM_MC,45.75,0,0,4.2607715945302389e-51
top_hat,400,1,PLM_MC,46.25,0,0,4.4998172250691048e-50
top_hat,400,1,PLM_MC,46.75,0,0,4.6296932142259753e-49
top_hat,400,1,PLM_MC,47.25,0,0,4.6434371417975653e-48
top_hat,400,1,PLM_MC,47.75,0,0,4.542880896437674e-47
top_hat,400,1,PLM_MC,48.25,0,0,4.3380886617591336e-46
top_hat,400,1,PLM_MC,48.75,0,0,4.0458473937767005e-45
top_hat,400,1,PLM_MC,49.25,0,0,3.6875040820637814e-44
top_hat,400,1,PLM_MC,49.75,0,0,3.2865182984902768e-43
top_hat,400,1,PLM_MC,50.25,0,0,2.866096734562017e-42
top_hat,400,1,PLM_MC,50.75,0,0,2.4472098371967851e-41
top_hat,400,1,PLM_MC,51.25,0,0,2.0471828618091775e-40
top_hat,400,1,PLM_MC,51.75,0,0,1.6789328625498974e-39
top_hat,400,1,PLM_MC,52.25,0,0,1.3508146957471303e-38
top_hat,400,1,PLM_MC,52.75,0,0,1.0669603935382731e-37
top_hat,400,1,PLM_MC,53.25,0,0,8.2795460600348427e-37
top_hat,400,1,PLM_MC,53.75,0,0,6.3168237485607498e-36
top_hat,400,1,PLM_MC,54.25,0,0,4.7420607589298137e-35
top_hat,400,1,PLM_MC,54.750000000000007,0,0,3.5056486022461944e-34
top_hat,400,1,PLM_MC,55.250000000000007,0,0,2.5543150734355333e-33
top_hat,400,1,PLM_MC,55.750000000000007,0,0,1.8359983622226213e-32
top_hat,400,1,PLM_MC,56.25,0,0,1.3030557864783811e-31
top_hat,400,1,PLM_MC,56.749999999999993,0,0,9.1402996995178011e-31
top_hat,400,1,PLM_MC,57.249999999999993,0,0,6.3429097666476886e-30
top_hat,400,1,PLM_MC,57.749999999999993,0,0,4.3589103852746637e-29
top_hat,400,1,PLM_MC,58.25,0,0,2.9693509380056369e-28
top_hat,400,1,PLM_MC,58.75,0,0,2.0071003476784338e-27
top_hat,400,1,PLM_MC,59.25,0,0,1.3474769524111587e-26
top_hat,400,1,PLM_MC,59.75,0,0,8.9933948405097456e-26
top_hat,400,1,PLM_MC,60.25,0,0,5.9725492903481689e-25
top_hat,400,1,PLM_MC,60.75,0,0,3.9498982094019972e-24
top_hat,400,1,PLM_MC,61.25,0,0,2.6033122443750956e-23
top_hat,400,1,PLM_MC,61.75,0,0,1.7110758748092744e-22
top_hat,400,1,PLM_MC,62.25,0,0,1.1221885374344255e-21
top_hat,400,1,PLM_MC,62.75,0,0,7.3473218741288807e-21
top_hat,400,1,PLM_MC,63.25,0,0,4.804361295911885e-20
top_hat,400,1,PLM_MC,63.75,0,0,3.1385459395703996e-19
top_hat,400,1,PLM_MC,64.25,0,0,2.0488975743529476e-18
top_hat,400,1,PLM_MC,64.75,0,0,1.3368959537501881e-17
top_hat,400,1,PLM_MC,65.25,0,0,8.7201826190286825e-17
top_hat,400,1,PLM_MC,65.75,0,0,5.6865873488931521e-16
top_hat,400,1,PLM_MC,66.25,0,0,3.7077457056584799e-15
top_hat,400,1,PLM_MC,66.75,0,0,2.4172628323685665e-14
top_hat,400,1,PLM_MC,67.25,0,0,1.5758306941069804e-13
top_hat,400,1,PLM_MC,67.75,0,0,1.0272534634448782e-12
top_hat,400,1,PLM_MC,68.25,0,0,6.6963003841802809e-12
top_hat,400,1,PLM_MC,68.75,0,0,4.365015955620966e-11
top_hat,400,1,PLM_MC,69.25,0,0,2.8453324346240905e-10
top_hat,400,1,PLM_MC,69.75,0,0,1.8547187933332022e-09
top_hat,400,1,PLM_MC,70.25,0,0,1.2089878973149911e-08
top_hat,400,1,PLM_MC,70.75,0,0,7.8807072861562708e-08
top_hat,400,1,PLM_MC,71.25,0,0,5.136982710348836e-07
top_hat,400,1,PLM_MC,71.75,0,0,3.3485041283459163e-06
top_hat,400,1,PLM_MC,72.25,0,0,2.1826971801819203e-05
top_hat,400,1,PLM_MC,72.75,0,0,0.00014227745709226276
top_hat,400,1,PLM_MC,73.25,0,0,0.00092742475119964897
top_hat,400,1,PLM_MC,73.75,0,0,0.0060453473761459594
top_hat,400,1,PLM_MC,74.25,0,0,0.039406134608953217
top_hat,400,1,PLM_MC,74.75,0,0,0.24401940863725258
top_hat,400,1,PLM_MC,75.25,0,1,0.71432869440773428
top_hat,400,1,PLM_MC,75.75,0,1,0.99510493049965132
top_hat,400,1,PLM_MC,76.25,0,1,0.99999999999992506
top_hat,400,1,PLM_MC,76.75,0,1,0.99999999999990896
top_hat,400,1,PLM_MC,77.25,0,1,0.99999999999978251
top_hat,400,1,PLM_MC,77.75,0,1,0.99999999999892153
top_hat,400,1,PLM_MC,78.25,0,1,0.99999999999326306
top_hat,400,1,PLM_MC,78.75,0,1,0.99999999995632205
top_hat,400,1,PLM_MC,79.25,0,1,0.99999999971545395
top_hat,400,1,PLM_MC,79.75,0,1,0.9999999981452854
top_hat,400,1,PLM_MC,80.25,0,1,0.99999998791014422
top_hat,400,1,PLM_MC,80.75,0,1,0.99999992119297121
top_hat,400,1,PLM_MC,81.25,0,1,0.99999948630179458
top_hat,400,1,PLM_MC,81.75,0,1,0.99999665149595884
top_hat,400,1,PLM_MC,82.25,0,1,0.99997817302830661
top_hat,400,1,PLM_MC,82.75,0,1,0.99985772254303606
top_hat,400,1,PLM_MC,83.25,0,1,0.99907257524894466
top_hat,400,1,PLM_MC,83.75,0,1,0.99395465262400129
top_hat,400,1,PLM_MC,84.25,0,1,0.96059386539114389
top_hat,400,1,PLM_MC,84.75,0,1,0.75598059136261186
top_hat,400,1,PLM_MC,85.25,0,0,0.2856713055919905
top_hat,400,1,PLM_MC,85.75,0,0,0.0048950695002416235
top_hat,400,1,PLM_MC,86.25,0,0,-1.077591612489937e-16
top_hat,400,1,PLM_MC,86.75,0,0,-1.0039724067519365e-16
top_hat,400,1,PLM_MC,87.25,0,0,-6.48079511132225e-17
top_hat,400,1,PLM_MC,87.75,0,0,-1.3329596043305458e-17
top_hat,400,1,PLM_MC,88.25,0,0,1.341626451400352e-33
top_hat,400,1,PLM_MC,88.75,0,0,1.2409551740582856e-33
top_hat,400,1,PLM_MC,89.25,0,0,7.9814409759006913e-34
top_hat,400,1,PLM_MC,89.75,0,0,1.4609814432772353e-34
top_hat,400,1,PLM_MC,90.25,0,0,0
top_hat,400,1,PLM_MC,90.75,0,0,0
top_hat,400,1,PLM_MC,91.25,0,0,0
top_hat,400,1,PLM_MC,91.75,0,0,0
top_hat,400,1,PLM_MC,92.25,0,0,0
top_hat,400,1,PLM_MC,92.75,0,0,0
top_hat,400,1,PLM_MC,93.25,0,0,0
top_hat,400,1,PLM_MC,93.75,0,0,0
top_hat,400,1,PLM_MC,94.25,0,0,0
top_hat,400,1,PLM_MC,94.75,0,0,0
top_hat,400,1,PLM_MC,95.25,0,0,0
top_hat,400,1,PLM_MC,95.75,0,0,0
top_hat,400,1,PLM_MC,96.25,0,0,0
top_hat,400,1,PLM_MC,96.75,0,0,0
top_hat,400,1,PLM_MC,97.25,0,0,0
top_hat,400,1,PLM_MC,97.75,0,0,0
top_hat,400,1,PLM_MC,98.25,0,0,0
top_hat,400,1,PLM_MC,98.75,0,0,0
top_hat,400,1,PLM_MC,99.25,0,0,0
top_hat,400,1,PLM_MC,99.75,0,0,0
top_hat,400,1,PLM_MC,100.25,0,0,0
top_hat,400,1,PLM_MC,100.75,0,0,0
top_hat,400,1,PLM_MC,101.25,0,0,0
top_hat,400,1,PLM_MC,101.75,0,0,0
top_hat,400,1,PLM_MC,102.25,0,0,0
top_hat,400,1,PLM_MC,102.75,0,0,0
top_hat,400,1,PLM_MC,103.25,0,0,0
top_hat,400,1,PLM_MC,103.75,0,0,0
top_hat,400,1,PLM_MC,104.25,0,0,0
top_hat,400,1,PLM_MC,104.75,0,0,0
top_hat,400,1,PLM_MC,105.25,0,0,0
top_hat,400,1,PLM_MC,105.75,0,0,0
top_hat,400,1,PLM_MC,106.25,0,0,0
top_hat,400,1,PLM_MC,106.75,0,0,0
top_hat,400,1,PLM_MC,107.25,0,0,0
top_hat,400,1,PLM_MC,107.75,0,0,0
top_hat,400,1,PLM_MC,108.25,0,0,0
top_hat,400,1,PLM_MC,108.75,0,0,0
top_hat,400,1,PLM_MC,109.25,0,0,0
top_hat,400,1,PLM_MC,109.75,0,0,0
top_hat,400,1,PLM_MC,110.25,0,0,0
top_hat,400,1,PLM_MC,110.75,0,0,0
top_hat,400,1,PLM_MC,111.25,0,0,0
top_hat,400,1,PLM_MC,111.75,0,0,0
top_hat,400,1,PLM_MC,112.25,0,0,0
top_hat,400,1,PLM_MC,112.75,0,0,0
top_hat,400,1,PLM_MC,113.25,0,0,0
top_hat,400,1,PLM_MC,113.75,0,0,0
top_hat,400,1,PLM_MC,114.25,0,0,0
top_hat,400,1,PLM_MC,114.75,0,0,0
top_hat,400,1,PLM_MC,115.25,0,0,0
top_hat,400,1,PLM_MC,115.75,0,0,0
top_hat,400,1,PLM_MC,116.25,0,0,0
top_hat,400,1,PLM_MC,116.75,0,0,0
top_hat,400,1,PLM_MC,117.25,0,0,0
top_hat,400,1,PLM_MC,117.75,0,0,0
top_hat,400,1,PLM_MC,118.25,0,0,0
top_hat,400,1,PLM_MC,118.75,0,0,0
top_hat,400,1,PLM_MC,119.25,0,0,0
top_hat,400,1,PLM_MC,119.75,0,0,0
top_hat,400,1,PLM_MC,120.25,0,0,0
top_hat,400,1,PLM_MC,120.75,0,0,0
top_hat,400,1,PLM_MC,121.25,0,0,0
top_hat,400,1,PLM_MC,121.75,0,0,0
top_hat,400,1,PLM_MC,122.25,0,0,0
top_hat,400,1,PLM_MC,122.75,0,0,0
top_hat,400,1,PLM_MC,123.25,0,0,0
top_hat,400,1,PLM_MC,123.75,0,0,0
top_hat,400,1,PLM_MC,124.25,0,0,0
top_hat,400,1,PLM_MC,124.75,0,0,0
top_hat,400,1,PLM_MC,125.25,0,0,0
top_hat,400,1,PLM_MC,125.75,0,0,0
top_hat,400,1,PLM_MC,126.25,0,0,0
top_hat,400,1,PLM_MC,126.75,0,0,0
top_hat,400,1,PLM_MC,127.25,0,0,0
top_hat,400,1,PLM_MC,127.75,0,0,0
top_hat,400,1,PLM_MC,128.25,0,0,0
top_hat,400,1,PLM_MC,128.75,0,0,0
top_hat,400,1,PLM_MC,129.25,0,0,0
top_hat,400,1,PLM_MC,129.75,0,0,0
top_hat,400,1,PLM_MC,130.25,0,0,0
top_hat,400,1,PLM_MC,130.75,0,0,0
top_hat,400,1,PLM_MC,131.25,0,0,0
top_hat,400,1,PLM_MC,131.75,0,0,0
top_hat,400,1,PLM_MC,132.25,0,0,0
top_hat,400,1,PLM_MC,132.75,0,0,0
top_hat,400,1,PLM_MC,133.25,0,0,0
top_hat,400,1,PLM_MC,133.75,0,0,0
top_hat,400,1,PLM_MC,134.25,0,0,0
top_hat,400,1,PLM_MC,134.75,0,0,0
top_hat,400,1,PLM_MC,135.25,0,0,0
top_hat,400,1,PLM_MC,135.75,0,0,0
top_hat,400,1,PLM_MC,136.25,0,0,0
top_hat,400,1,PLM_MC,136.75,0,0,0
top_hat,400,1,PLM_MC,137.25,0,0,0
top_hat,400,1,PLM_MC,137.75,0,0,0
top_hat,400,1,PLM_MC,138.25,0,0,0
top_hat,400,1,PLM_MC,138.75,0,0,0
top_hat,400,1,PLM_MC,139.25,0,0,0
top_hat,400,1,PLM_MC,139.75,0,0,0
top_hat,400,1,PLM_MC,140.25,0,0,0
top_hat,400,1,PLM_MC,140.75,0,0,0
top_hat,400,1,PLM_MC,141.25,0,0,0
top_hat,400,1,PLM_MC,141.75,0,0,0
top_hat,400,1,PLM_MC,142.25,0,0,0
top_hat,400,1,PLM_MC,142.75,0,0,0
top_hat,400,1,PLM_MC,143.25,0,0,0
top_hat,400,1,PLM_MC,143.75,0,0,0
top_hat,400,1,PLM_MC,144.25,0,0,0
top_hat,400,1,PLM_MC,144.75,0,0,0
top_hat,400,1,PLM_MC,145.25,0,0,0
top_hat,400,1,PLM_MC,145.75,0,0,0
top_hat,400,1,PLM_MC,146.25,0,0,0
top_hat,400,1,PLM_MC,146.75,0,0,0
top_hat,400,1,PLM_MC,147.25,0,0,0
top_hat,400,1,PLM_MC,147.75,0,0,0
top_hat,400,1,PLM_MC,148.25,0,0,0
top_hat,400,1,PLM_MC,148.75,0,0,0
top_hat,400,1,PLM_MC,149.25,0,0,0
top_hat,400,1,PLM_MC,149.75,0,0,0
top_hat,400,1,PLM_MC,150.25,0,0,0
top_hat,400,1,PLM_MC,150.75,0,0,0
top_hat,400,1,PLM_MC,151.25,0,0,0
top_hat,400,1,PLM_MC,151.75,0,0,0
top_hat,400,1,PLM_MC,152.25,0,0,0
top_hat,400,1,PLM_MC,152.75,0,0,0
top_hat,400,1,PLM_MC,153.25,0,0,0
top_hat,400,1,PLM_MC,153.75,0,0,0
top_hat,400,1,PLM_MC,154.25,0,0,0
top_hat,400,1,PLM_MC,154.75,0,0,0
top_hat,400,1,PLM_MC,155.25,0,0,0
top_hat,400,1,PLM_MC,155.75,0,0,0
top_hat,400,1,PLM_MC,156.25,0,0,0
top_hat,400,1,PLM_MC,156.75,0,0,0
top_hat,400,1,PLM_MC,157.25,0,0,0
top_hat,400,1,PLM_MC,157.75,0,0,0
top_hat,400,1,PLM_MC,158.25,0,0,0
top_hat,400,1,PLM_MC,158.75,0,0,0
top_hat,400,1,PLM_MC,159.25,0,0,0
top_hat,400,1,PLM_MC,159.75,0,0,0
top_hat,400,1,PLM_MC,160.25,0,0,0
top_hat,400,1,PLM_MC,160.75,0,0,0
top_hat,400,1,PLM_MC,161.25,0,0,0
top_hat,400,1,PLM_MC,161.75,0,0,0
top_hat,400,1,PLM_MC,162.25,0,0,0
top_hat,400,1,PLM_MC,162.75,0,0,0
top_hat,400,1,PLM_MC,163.25,0,0,0
top_hat,400,1,PLM_MC,163.75,0,0,0
top_hat,400,1,PLM_MC,164.25,0,0,0
top_hat,400,1,PLM_MC,164.75,0,0,0
top_hat,400,1,PLM_MC,165.25,0,0,0
top_hat,400,1,PLM_MC,165.75,0,0,0
top_hat,400,1,PLM_MC,166.25,0,0,0
top_hat,400,1,PLM_MC,166.75,0,0,0
top_hat,400,1,PLM_MC,167.25,0,0,0
top_hat,400,1,PLM_MC,167.75,0,0,0
top_hat,400,1,PLM_MC,168.25,0,0,0
top_hat,400,1,PLM_MC,168.75,0,0,0
top_hat,400,1,PLM_MC,169.25,0,0,0
top_hat,400,1,PLM_MC,169.75,0,0,0
top_hat,400,1,PLM_MC,170.25,0,0,0
top_hat,400,1,PLM_MC,170.75,0,0,0
top_hat,400,1,PLM_MC,171.25,0,0,0
top_hat,400,1,PLM_MC,171.75,0,0,0
top_hat,400,1,PLM_MC,172.25,0,0,0
top_hat,400,1,PLM_MC,172.75,0,0,0
top_hat,400,1,PLM_MC,173.25,0,0,0
top_hat,400,1,PLM_MC,173.75,0,0,0
top_hat,400,1,PLM_MC,174.25,0,0,0
top_hat,400,1,PLM_MC,174.75,0,0,0
top_hat,400,1,PLM_MC,175.25,0,0,0
top_hat,400,1,PLM_MC,175.75,0,0,0
top_hat,400,1,PLM_MC,176.25,0,0,0
top_hat,400,1,PLM_MC,176.75,0,0,0
top_hat,400,1,PLM_MC,177.25,0,0,0
top_hat,400,1,PLM_MC,177.75,0,0,0
top_hat,400,1,PLM_MC,178.25,0,0,0
top_hat,400,1,PLM_MC,178.75,0,0,0
top_hat,400,1,PLM_MC,179.25,0,0,0
top_hat,400,1,PLM_MC,179.75,0,0,0
top_hat,400,1,PLM_MC,180.25,0,0,0
top_hat,400,1,PLM_MC,180.75,0,0,0
top_hat,400,1,PLM_MC,181.25,0,0,0
top_hat,400,1,PLM_MC,181.75,0,0,0
top_hat,400,1,PLM_MC,182.25,0,0,0
top_hat,400,1,PLM_MC,182.75,0,0,0
top_hat,400,1,PLM_MC,183.25,0,0,0
top_hat,400,1,PLM_MC,183.75,0,0,0
top_hat,400,1,PLM_MC,184.25,0,0,0
top_hat,400,1,PLM_MC,184.75,0,0,0
top_hat,400,1,PLM_MC,185.25,0,0,0
top_hat,400,1,PLM_MC,185.75,0,0,0
top_hat,400,1,PLM_MC,186.25,0,0,0
top_hat,400,1,PLM_MC,186.75,0,0,0
top_hat,400,1,PLM_MC,187.25,0,0,0
top_hat,400,1,PLM_MC,187.75,0,0,0
top_hat,400,1,PLM_MC,188.25,0,0,0
top_hat,400,1,PLM_MC,188.75,0,0,0
top_hat,400,1,PLM_MC,189.25,0,0,0
top_hat,400,1,PLM_MC,189.75,0,0,0
top_hat,400,1,PLM_MC,190.25,0,0,0
top_hat,400,1,PLM_MC,190.75,0,0,0
top_hat,400,1,PLM_MC,191.25,0,0,0
top_hat,400,1,PLM_MC,191.75,0,0,0
top_hat,400,1,PLM_MC,192.25,0,0,0
top_hat,400,1,PLM_MC,192.75,0,0,0
top_hat,400,1,PLM_MC,193.25,0,0,0
top_hat,400,1,PLM_MC,193.75,0,0,0
top_hat,400,1,PLM_MC,194.25,0,0,0
top_hat,400,1,PLM_MC,194.75,0,0,0
top_hat,400,1,PLM_MC,195.25,0,0,0
top_hat,400,1,PLM_MC,195.75,0,0,0
top_hat,400,1,PLM_MC,196.25,0,0,0
top_hat,400,1,PLM_MC,196.75,0,0,0
top_hat,400,1,PLM_MC,197.25,0,0,0
top_hat,400,1,PLM_MC,197.75,0,0,0
top_hat,400,1,PLM_MC,198.25,0,0,0
top_hat,400,1,PLM_MC,198.75,0,0,0
top_hat,400,1,PLM_MC,199.25,0,0,0
top_hat,400,1,PLM_MC,199.75,0,0,0
top_hat,400,2,upwind,0.25,0,0,0
top_hat,400,2,upwind,0.75,0,0,0
top_hat,400,2,upwind,1.25,0,0,0
top_hat,400,2,upwind,1.75,0,0,0
top_hat,400,2,upwind,2.25,0,0,0
top_hat,400,2,upwind,2.75,0,0,0
top_hat,400,2,upwind,3.25,0,0,0
top_hat,400,2,upwind,3.75,0,0,0
top_hat,400,2,upwind,4.25,0,0,0
top_hat,400,2,upwind,4.75,0,0,0
top_hat,400,2,upwind,5.25,0,0,0
top_hat,400,2,upwind,5.75,0,0,0
top_hat,400,2,upwind,6.25,0,0,0
top_hat,400,2,upwind,6.75,0,0,0
top_hat,400,2,upwind,7.25,0,0,0
top_hat,400,2,upwind,7.75,0,0,0
top_hat,400,2,upwind,8.25,0,0,0
top_hat,400,2,upwind,8.75,0,0,0
top_hat,400,2,upwind,9.25,0,0,0
top_hat,400,2,upwind,9.75,0,0,0
top_hat,400,2,upwind,10.25,0,0,0
top_hat,400,2,upwind,10.75,0,0,0
top_hat,400,2,upwind,11.25,0,0,0
top_hat,400,2,upwind,11.75,0,0,0
top_hat,400,2,upwind,12.25,0,0,0
top_hat,400,2,upwind,12.75,0,0,0
top_hat,400,2,upwind,13.25,0,0,0
top_hat,400,2,upwind,13.75,0,0,0
top_hat,400,2,upwind,14.25,0,0,0
top_hat,400,2,upwind,14.75,0,0,0
top_hat,400,2,upwind,15.25,0,0,0
top_hat,400,2,upwind,15.75,0,0,0
top_hat,400,2,upwind,16.25,0,0,0
top_hat,400,2,upwind,16.75,0,0,0
top_hat,400,2,upwind,17.25,0,0,0
top_hat,400,2,upwind,17.75,0,0,0
top_hat,400,2,upwind,18.25,0,0,0
top_hat,400,2,upwind,18.75,0,0,0
top_hat,400,2,upwind,19.25,0,0,0
top_hat,400,2,upwind,19.75,0,0,0
top_hat,400,2,upwind,20.25,0,0,0
top_hat,400,2,upwind,20.75,0,0,0
top_hat,400,2,upwind,21.25,0,0,0
top_hat,400,2,upwind,21.75,0,0,0
top_hat,400,2,upwind,22.25,0,0,0
top_hat,400,2,upwind,22.75,0,0,0
top_hat,400,2,upwind,23.25,0,0,0
top_hat,400,2,upwind,23.75,0,0,0
top_hat,400,2,upwind,24.25,0,0,0
top_hat,400,2,upwind,24.75,0,0,0
top_hat,400,2,upwind,25.25,1,0,3.4499483715696646e-56
top_hat,400,2,upwind,25.75,1,0,5.7844134363318006e-54
top_hat,400,2,upwind,26.25,1,0,4.830272715034684e-52
top_hat,400,2,upwind,26.75,1,0,2.6784411449425673e-50
top_hat,400,2,upwind,27.25,1,0,1.109524726774141e-48
top_hat,400,2,upwind,27.750000000000004,1,0,3.6623407069423181e-47
top_hat,400,2,upwind,28.25,1,0,1.003390204174523e-45
top_hat,400,2,upwind,28.749999999999996,1,0,2.346920910833192e-44
top_hat,400,2,upwind,29.25,1,0,4.7840204191758478e-43
top_hat,400,2,upwind,29.75,1,0,8.6334943041278374e-42
top_hat,400,2,upwind,30.25,1,0,1.3965864331697261e-40
top_hat,400,2,upwind,30.75,1,0,2.0454789925947142e-39
top_hat,400,2,upwind,31.25,1,0,2.7350538074671394e-38
top_hat,400,2,upwind,31.75,1,0,3.3620202840976107e-37
top_hat,400,2,upwind,32.25,1,0,3.8218117050486306e-36
top_hat,400,2,upwind,32.75,1,0,4.0381984313349667e-35
top_hat,400,2,upwind,33.25,1,0,3.9836700776963084e-34
top_hat,400,2,upwind,33.75,1,0,3.6834060465449162e-33
top_hat,400,2,upwind,34.25,1,0,3.2032076270050161e-32
top_hat,400,2,upwind,34.75,1,0,2.6280019879121578e-31
top_hat,400,2,upwind,35.25,0,0,2.0397147422041914e-30
top_hat,400,2,upwind,35.75,0,0,1.5014011408394174e-29
top_hat,400,2,upwind,36.25,0,0,1.0504776706165197e-28
top_hat,400,2,upwind,36.75,0,0,7.0005345659622515e-28
top_hat,400,2,upwind,37.25,0,0,4.4518948878281183e-27
top_hat,400,2,upwind,37.75,0,0,2.7062992580052324e-26
top_hat,400,2,upwind,38.25,0,0,1.5751163311211508e-25
top_hat,400,2,upwind,38.75,0,0,8.7900534864747437e-25
top_hat,400,2,upwind,39.25,0,0,4.7097934097042641e-24
top_hat,400,2,upwind,39.75,0,0,2.4260022135097531e-23
top_hat,400,2,upwind,40.25,0,0,1.2027336765314001e-22
top_hat,400,2,upwind,40.75,0,0,5.7453005612559914e-22
top_hat,400,2,upwind,41.25,0,0,2.6470761972811939e-21
top_hat,400,2,upwind,41.75,0,0,1.1774653142168463e-20
top_hat,400,2,upwind,42.25,0,0,5.0611598182179003e-20
top_hat,400,2,upwind,42.75,0,0,2.1039788634679375e-19
top_hat,400,2,upwind,43.25,0,0,8.4658403366887088e-19
top_hat,400,2,upwind,43.75,0,0,3.2996261152350771e-18
top_hat,400,2,upwind,44.25,0,0,1.2466257051614042e-17
top_hat,400,2,upwind,44.75,0,0,4.5685500786867607e-17
top_hat,400,2,upwind,45.25,0,0,1.6250650792250832e-16
top_hat,400,2,upwind,45.75,0,0,5.6140750789786007e-16
top_hat,400,2,upwind,46.25,0,0,1.8847457459112816e-15
top_hat,400,2,upwind,46.75,0,0,6.1522551026054218e-15
top_hat,400,2,upwind,47.25,0,0,1.9536716266780612e-14
top_hat,400,2,upwind,47.75,0,0,6.0384108856696717e-14
top_hat,400,2,upwind,48.25,0,0,1.8174230423247118e-13
top_hat,400,2,upwind,48.75,0,0,5.3290644404287865e-13
top_hat,400,2,upwind,49.25,0,0,1.5229942271176478e-12
top_hat,400,2,upwind,49.75,0,0,4.2440518078039096e-12
top_hat,400,2,upwind,50.25,0,0,1.1536486123999478e-11
top_hat,400,2,upwind,50.75,0,0,3.0601673878555895e-11
top_hat,400,2,upwind,51.25,0,0,7.9242345200164414e-11
top_hat,400,2,upwind,51.75,0,0,2.0038514924246897e-10
top_hat,400,2,upwind,52.25,0,0,4.9501641337810279e-10
top_hat,400,2,upwind,52.75,0,0,1.1949888711358467e-09
top_hat,400,2,upwind,53.25,0,0,2.8199249335224992e-09
top_hat,400,2,upwind,53.75,0,0,6.5069143606183537e-09
top_hat,400,2,upwind,54.25,0,0,1.4686097798612173e-08
top_hat,400,2,upwind,54.750000000000007,0,0,3.2430766938893306e-08
top_hat,400,2,upwind,55.250000000000007,0,0,7.0088898068056385e-08
top_hat,400,2,upwind,55.750000000000007,0,0,1.4828611009251028e-07
top_hat,400,2,upwind,56.25,0,0,3.0720302433920685e-07
top_hat,400,2,upwind,56.749999999999993,0,0,6.2335519072955383e-07
top_hat,400,2,upwind,57.249999999999993,0,0,1.2391932597723756e-06
top_hat,400,2,upwind,57.749999999999993,0,0,2.4140227915554925e-06
top_hat,400,2,upwind,58.25,0,0,4.609411265516995e-06
top_hat,400,2,upwind,58.75,0,0,8.6288288401122453e-06
top_hat,400,2,upwind,59.25,0,0,1.5840136481533958e-05
top_hat,400,2,upwind,59.75,0,0,2.8520889035208046e-05
top_hat,400,2,upwind,60.25,0,0,5.0380088454454043e-05
top_hat,400,2,upwind,60.75,0,0,8.7325207493514702e-05
top_hat,400,2,upwind,61.25,0,0,0.00014855830441451434
top_hat,400,2,upwind,61.75,0,0,0.00024809699523497451
top_hat,400,2,upwind,62.25,0,0,0.00040682075211269928
top_hat,400,2,upwind,62.75,0,0,0.00065513501272319299
top_hat,400,2,upwind,63.25,0,0,0.0010363186342960467
top_hat,400,2,upwind,63.75,0,0,0.001610568045943427
top_hat,400,2,upwind,64.25,0,0,0.0024596691493597072
top_hat,400,2,upwind,64.75,0,0,0.0036921138233162987
top_hat,400,2,upwind,65.25,0,0,0.0054483351117267671
top_hat,400,2,upwind,65.75,0,0,0.0079055739590583093
top_hat,400,2,upwind,66.25,0,0,0.011281728704971438
top_hat,400,2,upwind,66.75,0,0,0.015837402073726255
top_hat,400,2,upwind,67.25,0,0,0.021875280283219653
top_hat,400,2,upwind,67.75,0,0,0.029735987899902616
top_hat,400,2,upwind,68.25,0,0,0.039789688663494666
top_hat,400,2,upwind,68.75,0,0,0.052422964026861862
top_hat,400,2,upwind,69.25,0,0,0.068020897031493624
top_hat,400,2,upwind,69.75,0,0,0.086944795892313645
top_hat,400,2,upwind,70.25,0,0,0.10950656126479645
top_hat,400,2,upwind,70.75,0,0,0.13594126398508866
top_hat,400,2,upwind,71.25,0,0,0.16637997293724466
top_hat,400,2,upwind,71.75,0,0,0.20082517141158529
top_hat,400,2,upwind,72.25,0,0,0.23913115483489694
top_hat,400,2,upwind,72.75,0,0,0.28099157226780186
top_hat,400,2,upwind,73.25,0,0,0.32593575869483887
top_hat,400,2,upwind,73.75,0,0,0.37333475121631254
top_hat,400,2,upwind,74.25,0,0,0.42241697921178706
top_hat,400,2,upwind,74.75,0,0,0.47229268693637527
top_hat,400,2,upwind,75.25,0,1,0.52198531926733571
top_hat,400,2,upwind,75.75,0,1,0.57046749853715029
top_hat,400,2,upwind,76.25,0,1,0.61669892965104978
top_hat,400,2,upwind,76.75,0,1,0.65966362768323616
top_hat,400,2,upwind,77.25,0,1,0.69840424306070781
top_hat,400,2,upwind,77.75,0,1,0.73205188427195689
top_hat,400,2,upwind,78.25,0,1,0.75985058516592141
top_hat,400,2,upwind,78.75,0,1,0.78117629334192396
top_hat,400,2,upwind,79.25,0,1,0.79555083682429784
top_hat,400,2,upwind,79.75,0,1,0.80265166189921522
top_hat,400,2,upwind,80.25,0,1,0.80231818314688574
top_hat,400,2,upwind,80.75,0,1,0.79455536661438186
top_hat,400,2,upwind,81.25,0,1,0.77953475519701554
top_hat,400,2,upwind,81.75,0,1,0.75759265881860838
top_hat,400,2,upwind,82.25,0,1,0.72922480400099154
top_hat,400,2,upwind,82.75,0,1,0.69507648877492234
top_hat,400,2,upwind,83.25,0,1,0.65592730283471834
top_hat,400,2,upwind,83.75,0,1,0.61266977737567796
top_hat,400,2,upwind,84.25,0,1,0.56628189084010294
top_hat,400,2,upwind,84.75,0,1,0.51779408763251855
top_hat,400,2,upwind,85.25,0,0,0.46825224118039138
top_hat,400,2,upwind,85.75,0,0,0.41867867228916633
top_hat,400,2,upwind,86.25,0,0,0.37003379438448308
top_hat,400,2,upwind,86.75,0,0,0.32318111203257316
top_hat,400,2,upwind,87.25,0,0,0.27885811368576541
top_hat,400,2,upwind,87.75,0,0,0.23765509667283813
top_hat,400,2,upwind,88.25,0,0,0.20000321566145951
top_hat,400,2,upwind,88.75,0,0,0.16617216434884613
top_hat,400,2,upwind,89.25,0,0,0.13627700807558329
top_hat,400,2,upwind,89.75,0,0,0.11029289974493126
top_hat,400,2,upwind,90.25,0,0,0.088075824992956436
top_hat,400,2,upwind,90.75,0,0,0.0693871897433328
top_hat,400,2,upwind,91.25,0,0,0.053919997108819652
top_hat,400,2,upwind,91.75,0,0,0.041324535596456338
top_hat,400,2,upwind,92.25,0,0,0.031231861990383913
top_hat,400,2,upwind,92.75,0,0,0.023273838748551618
top_hat,400,2,upwind,93.25,0,0,0.017099002532084219
top_hat,400,2,upwind,93.75,0,0,0.012384031008112277
top_hat,400,2,upwind,94.25,0,0,0.0088409889419035319
top_hat,400,2,upwind,94.75,0,0,0.00622084153502463
top_hat,400,2,upwind,95.25,0,0,0.0043139127462751177
top_hat,400,2,upwind,95.75,0,0,0.0029480456731595132
top_hat,400,2,upwind,96.25,0,0,0.0019852096844570712
top_hat,400,2,upwind,96.75,0,0,0.0013172200329101234
top_hat,400,2,upwind,97.25,0,0,0.00086111665750844644
top_hat,400,2,upwind,97.75,0,0,0.00055461376695811575
top_hat,400,2,upwind,98.25,0,0,0.00035189953206071479
top_hat,400,2,upwind,98.75,0,0,0.00021994873629993322
top_hat,400,2,upwind,99.25,0,0,0.00013541760779440531
top_hat,400,2,upwind,99.75,0,0,8.2121427186569913e-05
top_hat,400,2,upwind,100.25,0,0,4.9050432985262769e-05
top_hat,400,2,upwind,100.75,0,0,2.8854392340694338e-05
top_hat,400,2,upwind,101.25,0,0,1.671636197080084e-05
top_hat,400,2,upwind,101.75,0,0,9.5369730426175765e-06
top_hat,400,2,upwind,102.25,0,0,5.3579246848510684e-06
top_hat,400,2,upwind,102.75,0,0,2.9640002437116937e-06
top_hat,400,2,upwind,103.25,0,0,1.6144838339849207e-06
top_hat,400,2,upwind,103.75,0,0,8.6584692120950078e-07
top_hat,400,2,upwind,104.25,0,0,4.5717070362479683e-07
top_hat,400,2,upwind,104.75,0,0,2.3764198099305895e-07
top_hat,400,2,upwind,105.25,0,0,1.2160536626213238e-07
top_hat,400,2,upwind,105.75,0,0,6.1255352302260062e-08
top_hat,400,2,upwind,106.25,0,0,3.0372011247658262e-08
top_hat,400,2,upwind,106.75,0,0,1.4822356801637308e-08
top_hat,400,2,upwind,107.25,0,0,7.119518645428343e-09
top_hat,400,2,upwind,107.75,0,0,3.3654917480107285e-09
top_hat,400,2,upwind,108.25,0,0,1.5656158294106825e-09
top_hat,400,2,upwind,108.75,0,0,7.1669475823499927e-10
top_hat,400,2,upwind,109.25,0,0,3.2282597196907419e-10
top_hat,400,2,upwind,109.75,0,0,1.4307377388791478e-10
top_hat,400,2,upwind,110.25,0,0,6.2385009313010325e-11
top_hat,400,2,upwind,110.75,0,0,2.6760830660455963e-11
top_hat,400,2,upwind,111.25,0,0,1.1292437288217943e-11
top_hat,400,2,upwind,111.75,0,0,4.6871974138401871e-12
top_hat,400,2,upwind,112.25,0,0,1.9135685479487781e-12
top_hat,400,2,upwind,112.75,0,0,7.6832824177202921e-13
top_hat,400,2,upwind,113.25,0,0,3.033802541471731e-13
top_hat,400,2,upwind,113.75,0,0,1.1779591936307173e-13
top_hat,400,2,upwind,114.25,0,0,4.4971686720514699e-14
top_hat,400,2,upwind,114.75,0,0,1.6880158823299587e-14
top_hat,400,2,upwind,115.25,0,0,6.2287878285264161e-15
top_hat,400,2,upwind,115.75,0,0,2.2593327993114773e-15
top_hat,400,2,upwind,116.25,0,0,8.054994758268111e-16
top_hat,400,2,upwind,116.75,0,0,2.8223840233677533e-16
top_hat,400,2,upwind,117.25,0,0,9.7182656832532399e-17
top_hat,400,2,upwind,117.75,0,0,3.2880458394293862e-17
top_hat,400,2,upwind,118.25,0,0,1.0929908726527874e-17
top_hat,400,2,upwind,118.75,0,0,3.5692453648600993e-18
top_hat,400,2,upwind,119.25,0,0,1.1448998925598649e-18
top_hat,400,2,upwind,119.75,0,0,3.606934675938162e-19
top_hat,400,2,upwind,120.25,0,0,1.1159260319260216e-19
top_hat,400,2,upwind,120.75,0,0,3.3900325796462528e-20
top_hat,400,2,upwind,121.25,0,0,1.0110830004610862e-20
top_hat,400,2,upwind,121.75,0,0,2.9602301134166388e-21
top_hat,400,2,upwind,122.25,0,0,8.5066616084160933e-22
top_hat,400,2,upwind,122.75,0,0,2.398971688579242e-22
top_hat,400,2,upwind,123.25,0,0,6.638325068071948e-23
top_hat,400,2,upwind,123.75,0,0,1.8021555972194336e-23
top_hat,400,2,upwind,124.25,0,0,4.7990701530085744e-24
top_hat,400,2,upwind,124.75,0,0,1.253375631662711e-24
top_hat,400,2,upwind,125.25,0,0,3.2098929456802268e-25
top_hat,400,2,upwind,125.75,0,0,8.0595027177115898e-26
top_hat,400,2,upwind,126.25,0,0,1.9836036517877418e-26
top_hat,400,2,upwind,126.75,0,0,4.7846289957339538e-27
top_hat,400,2,upwind,127.25,0,0,1.1308452856485193e-27
top_hat,400,2,upwind,127.75,0,0,2.6183726811465388e-28
top_hat,400,2,upwind,128.25,0,0,5.9380203097809009e-29
top_hat,400,2,upwind,128.75,0,0,1.318679075884972e-29
top_hat,400,2,upwind,129.25,0,0,2.8669858746141255e-30
top_hat,400,2,upwind,129.75,0,0,6.1009732850263641e-31
top_hat,400,2,upwind,130.25,0,0,1.2704399056298424e-31
top_hat,400,2,upwind,130.75,0,0,2.5880987853109467e-32
top_hat,400,2,upwind,131.25,0,0,5.1566227146281749e-33
top_hat,400,2,upwind,131.75,0,0,1.0045910115818361e-33
top_hat,400,2,upwind,132.25,0,0,1.9130645119131599e-34
top_hat,400,2,upwind,132.75,0,0,3.5600689202019761e-35
top_hat,400,2,upwind,133.25,0,0,6.4720602584439326e-36
top_hat,400,2,upwind,133.75,0,0,1.1490620758615483e-36
top_hat,400,2,upwind,134.25,0,0,1.9916677728624041e-37
top_hat,400,2,upwind,134.75,0,0,3.3690879376974079e-38
top_hat,400,2,upwind,135.25,0,0,5.5599767323987945e-39
top_hat,400,2,upwind,135.75,0,0,8.9481874822378923e-40
top_hat,400,2,upwind,136.25,0,0,1.4038725903377184e-40
top_hat,400,2,upwind,136.75,0,0,2.1462098176232112e-41
top_hat,400,2,upwind,137.25,0,0,3.1958152994204571e-42
top_hat,400,2,upwind,137.75,0,0,4.632981861413155e-43
top_hat,400,2,upwind,138.25,0,0,6.5358800712314369e-44
top_hat,400,2,upwind,138.75,0,0,8.9680343391225594e-45
top_hat,400,2,upwind,139.25,0,0,1.1962299992275334e-45
top_hat,400,2,upwind,139.75,0,0,1.5503133168178857e-46
top_hat,400,2,upwind,140.25,0,0,1.9510235271072545e-47
top_hat,400,2,upwind,140.75,0,0,2.382766530381732e-48
top_hat,400,2,upwind,141.25,0,0,2.822279112404056e-49
top_hat,400,2,upwind,141.75,0,0,3.2398591905912986e-50
top_hat,400,2,upwind,142.25,0,0,3.6020660013141446e-51
top_hat,400,2,upwind,142.75,0,0,3.875700863821804e-52
top_hat,400,2,upwind,143.25,0,0,4.0325157300023575e-53
top_hat,400,2,upwind,143.75,0,0,4.0537975802283903e-54
top_hat,400,2,upwind,144.25,0,0,3.9338513144171989e-55
top_hat,400,2,upwind,144.75,0,0,3.6815273416838736e-56
top_hat,400,2,upwind,145.25,0,0,3.3193170569256461e-57
top_hat,400,2,upwind,145.75,0,0,2.8800878906020752e-58
top_hat,400,2,upwind,146.25,0,0,2.4020981948802994e-59
top_hat,400,2,upwind,146.75,0,0,1.9233478707182964e-60
top_hat,400,2,upwind,147.25,0,0,1.4764513230077579e-61
top_hat,400,2,upwind,147.75,0,0,1.0850254674537155e-62
top_hat,400,2,upwind,148.25,0,0,7.6213685549300703e-64
top_hat,400,2,upwind,148.75,0,0,5.1080092917208154e-65
top_hat,400,2,upwind,149.25,0,0,3.2604860773152643e-66
top_hat,400,2,upwind,149.75,0,0,1.9780383429446708e-67
top_hat,400,2,upwind,150.25,0,0,1.1379697762766368e-68
top_hat,400,2,upwind,150.75,0,0,6.1928584174468249e-70
top_hat,400,2,upwind,151.25,0,0,3.1792087436027532e-71
top_hat,400,2,upwind,151.75,0,0,1.5348983729208314e-72
top_hat,400,2,upwind,152.25,0,0,6.9450469579480719e-74
top_hat,400,2,upwind,152.75,0,0,2.9336853143413762e-75
top_hat,400,2,upwind,153.25,0,0,1.151775064964891e-76
top_hat,400,2,upwind,153.75,0,0,4.1814184238353265e-78
top_hat,400,2,upwind,154.25,0,0,1.3954406824849454e-79
top_hat,400,2,upwind,154.75,0,0,4.2512027895211014e-81
top_hat,400,2,upwind,155.25,0,0,1.1725412271913269e-82
top_hat,400,2,upwind,155.75,0,0,2.8986962515817424e-84
top_hat,400,2,upwind,156.25,0,0,6.343774412180394e-86
top_hat,400,2,upwind,156.75,0,0,1.209848210474676e-87
top_hat,400,2,upwind,157.25,0,0,1.969719577712196e-89
top_hat,400,2,upwind,157.75,0,0,2.6615880246800291e-91
top_hat,400,2,upwind,158.25,0,0,2.8656185296022268e-93
top_hat,400,2,upwind,158.75,0,0,2.3047043087779871e-95
top_hat,400,2,upwind,159.25,0,0,1.2307948685689664e-97
top_hat,400,2,upwind,159.75,0,0,3.2733906078961887e-100
top_hat,400,2,upwind,160.25,0,0,0
top_hat,400,2,upwind,160.75,0,0,0
top_hat,400,2,upwind,161.25,0,0,0
top_hat,400,2,upwind,161.75,0,0,0
top_hat,400,2,upwind,162.25,0,0,0
top_hat,400,2,upwind,162.75,0,0,0
top_hat,400,2,upwind,163.25,0,0,0
top_hat,400,2,upwind,163.75,0,0,0
top_hat,400,2,upwind,164.25,0,0,0
top_hat,400,2,upwind,164.75,0,0,0
top_hat,400,2,upwind,165.25,0,0,0
top_hat,400,2,upwind,165.75,0,0,0
top_hat,400,2,upwind,166.25,0,0,0
top_hat,400,2,upwind,166.75,0,0,0
top_hat,400,2,upwind,167.25,0,0,0
top_hat,400,2,upwind,167.75,0,0,0
top_hat,400,2,upwind,168.25,0,0,0
top_hat,400,2,upwind,168.75,0,0,0
top_hat,400,2,upwind,169.25,0,0,0
top_hat,400,2,upwind,169.75,0,0,0
top_hat,400,2,upwind,170.25,0,0,0
top_hat,400,2,upwind,170.75,0,0,0
top_hat,400,2,upwind,171.25,0,0,0
top_hat,400,2,upwind,171.75,0,0,0
top_hat,400,2,upwind,172.25,0,0,0
top_hat,400,2,upwind,172.75,0,0,0
top_hat,400,2,upwind,173.25,0,0,0
top_hat,400,2,upwind,173.75,0,0,0
top_hat,400,2,upwind,174.25,0,0,0
top_hat,400,2,upwind,174.75,0,0,0
top_hat,400,2,upwind,175.25,0,0,0
top_hat,400,2,upwind,175.75,0,0,0
top_hat,400,2,upwind,176.25,0,0,0
top_hat,400,2,upwind,176.75,0,0,0
top_hat,400,2,upwind,177.25,0,0,0
top_hat,400,2,upwind,177.75,0,0,0
top_hat,400,2,upwind,178.25,0,0,0
top_hat,400,2,upwind,178.75,0,0,0
top_hat,400,2,upwind,179.25,0,0,0
top_hat,400,2,upwind,179.75,0,0,0
top_hat,400,2,upwind,180.25,0,0,0
top_hat,400,2,upwind,180.75,0,0,0
top_hat,400,2,upwind,181.25,0,0,0
top_hat,400,2,upwind,181.75,0,0,0
top_hat,400,2,upwind,182.25,0,0,0
top_hat,400,2,upwind,182.75,0,0,0
top_hat,400,2,upwind,183.25,0,0,0
top_hat,400,2,upwind,183.75,0,0,0
top_hat,400,2,upwind,184.25,0,0,0
top_hat,400,2,upwind,184.75,0,0,0
top_hat,400,2,upwind,185.25,0,0,0
top_hat,400,2,upwind,185.75,0,0,0
top_hat,400,2,upwind,186.25,0,0,0
top_hat,400,2,upwind,186.75,0,0,0
top_hat,400,2,upwind,187.25,0,0,0
top_hat,400,2,upwind,187.75,0,0,0
top_hat,400,2,upwind,188.25,0,0,0
top_hat,400,2,upwind,188.75,0,0,0
top_hat,400,2,upwind,189.25,0,0,0
top_hat,400,2,upwind,189.75,0,0,0
top_hat,400,2,upwind,190.25,0,0,0
top_hat,400,2,upwind,190.75,0,0,0
top_hat,400,2,upwind,191.25,0,0,0
top_hat,400,2,upwind,191.75,0,0,0
top_hat,400,2,upwind,192.25,0,0,0
top_hat,400,2,upwind,192.75,0,0,0
top_hat,400,2,upwind,193.25,0,0,0
top_hat,400,2,upwind,193.75,0,0,0
top_hat,400,2,upwind,194.25,0,0,0
top_hat,400,2,upwind,194.75,0,0,0
top_hat,400,2,upwind,195.25,0,0,0
top_hat,400,2,upwind,195.75,0,0,0
top_hat,400,2,upwind,196.25,0,0,0
top_hat,400,2,upwind,196.75,0,0,0
top_hat,400,2,upwind,197.25,0,0,0
top_hat,400,2,upwind,197.75,0,0,0
top_hat,400,2,upwind,198.25,0,0,0
top_hat,400,2,upwind,198.75,0,0,0
top_hat,400,2,upwind,199.25,0,0,0
top_hat,400,2,upwind,199.75,0,0,0
top_hat,400,2,TVD_vanLeer,0.25,0,0,0
top_hat,400,2,TVD_vanLeer,0.75,0,0,0
top_hat,400,2,TVD_vanLeer,1.25,0,0,0
top_hat,400,2,TVD_vanLeer,1.75,0,0,0
top_hat,400,2,TVD_vanLeer,2.25,0,0,0
top_hat,400,2,TVD_vanLeer,2.75,0,0,0
top_hat,400,2,TVD_vanLeer,3.25,0,0,0
top_hat,400,2,TVD_vanLeer,3.75,0,0,0
top_hat,400,2,TVD_vanLeer,4.25,0,0,0
top_hat,400,2,TVD_vanLeer,4.75,0,0,0
top_hat,400,2,TVD_vanLeer,5.25,0,0,0
top_hat,400,2,TVD_vanLeer,5.75,0,0,0
top_hat,400,2,TVD_vanLeer,6.25,0,0,0
top_hat,400,2,TVD_vanLeer,6.75,0,0,0
top_hat,400,2,TVD_vanLeer,7.25,0,0,0
top_hat,400,2,TVD_vanLeer,7.75,0,0,0
top_hat,400,2,TVD_vanLeer,8.25,0,0,0
top_hat,400,2,TVD_vanLeer,8.75,0,0,0
top_hat,400,2,TVD_vanLeer,9.25,0,0,0
top_hat,400,2,TVD_vanLeer,9.75,0,0,0
top_hat,400,2,TVD_vanLeer,10.25,0,0,0
top_hat,400,2,TVD_vanLeer,10.75,0,0,0
top_hat,400,2,TVD_vanLeer,11.25,0,0,0
top_hat,400,2,TVD_vanLeer,11.75,0,0,0
top_hat,400,2,TVD_vanLeer,12.25,0,0,0
top_hat,400,2,TVD_vanLeer,12.75,0,0,0
top_hat,400,2,TVD_vanLeer,13.25,0,0,0
top_hat,400,2,TVD_vanLeer,13.75,0,0,0
top_hat,400,2,TVD_vanLeer,14.25,0,0,0
top_hat,400,2,TVD_vanLeer,14.75,0,0,0
top_hat,400,2,TVD_vanLeer,15.25,0,0,0
top_hat,400,2,TVD_vanLeer,15.75,0,0,0
top_hat,400,2,TVD_vanLeer,16.25,0,0,0
top_hat,400,2,TVD_vanLeer,16.75,0,0,0
top_hat,400,2,TVD_vanLeer,17.25,0,0,0
top_hat,400,2,TVD_vanLeer,17.75,0,0,0
top_hat,400,2,TVD_vanLeer,18.25,0,0,0
top_hat,400,2,TVD_vanLeer,18.75,0,0,0
top_hat,400,2,TVD_vanLeer,19.25,0,0,0
top_hat,400,2,TVD_vanLeer,19.75,0,0,0
top_hat,400,2,TVD_vanLeer,20.25,0,0,0
top_hat,400,2,TVD_vanLeer,20.75,0,0,0
top_hat,400,2,TVD_vanLeer,21.25,0,0,0
top_hat,400,2,TVD_vanLeer,21.75,0,0,0
top_hat,400,2,TVD_vanLeer,22.25,0,0,0
top_hat,400,2,TVD_vanLeer,22.75,0,0,0
top_hat,400,2,TVD_vanLeer,23.25,0,0,0
top_hat,400,2,TVD_vanLeer,23.75,0,0,0
top_hat,400,2,TVD_vanLeer,24.25,0,0,0
top_hat,400,2,TVD_vanLeer,24.75,0,0,0
top_hat,400,2,TVD_vanLeer,25.25,1,0,1.2944011882258466e-65
top_hat,400,2,TVD_vanLeer,25.75,1,0,2.0620853393701588e-63
top_hat,400,2,TVD_vanLeer,26.25,1,0,1.6357333665521742e-61
top_hat,400,2,TVD_vanLeer,26.75,1,0,8.6142593607550223e-60
top_hat,400,2,TVD_vanLeer,27.25,1,0,3.3881924076425258e-58
top_hat,400,2,TVD_vanLeer,27.750000000000004,1,0,1.0616568397590481e-56
top_hat,400,2,TVD_vanLeer,28.25,1,0,2.7604984555567072e-55
top_hat,400,2,TVD_vanLeer,28.749999999999996,1,0,6.1263952507914225e-54
top_hat,400,2,TVD_vanLeer,29.25,1,0,1.1846332343935496e-52
top_hat,400,2,TVD_vanLeer,29.75,1,0,2.0274771749508125e-51
top_hat,400,2,TVD_vanLeer,30.25,1,0,3.1096285303217931e-50
top_hat,400,2,TVD_vanLeer,30.75,1,0,4.3171641418582202e-49
top_hat,400,2,TVD_vanLeer,31.25,1,0,5.4704419745579781e-48
top_hat,400,2,TVD_vanLeer,31.75,1,0,6.3708685543842486e-47
top_hat,400,2,TVD_vanLeer,32.25,1,0,6.8595673972511219e-46
top_hat,400,2,TVD_vanLeer,32.75,1,0,6.8632548213756795e-45
top_hat,400,2,TVD_vanLeer,33.25,1,0,6.4095165840908962e-44
top_hat,400,2,TVD_vanLeer,33.75,1,0,5.6088503484642464e-43
top_hat,400,2,TVD_vanLeer,34.25,1,0,4.6150141600270646e-42
top_hat,400,2,TVD_vanLeer,34.75,1,0,3.5814351405595283e-41
top_hat,400,2,TVD_vanLeer,35.25,0,0,2.628587430113217e-40
top_hat,400,2,TVD_vanLeer,35.75,0,0,1.8291436001037947e-39
top_hat,400,2,TVD_vanLeer,36.25,0,0,1.2095135382905334e-38
top_hat,400,2,TVD_vanLeer,36.75,0,0,7.6155452930883671e-38
top_hat,400,2,TVD_vanLeer,37.25,0,0,4.5743760687220335e-37
top_hat,400,2,TVD_vanLeer,37.75,0,0,2.6257259979405652e-36
top_hat,400,2,TVD_vanLeer,38.25,0,0,1.4425818049493943e-35
top_hat,400,2,TVD_vanLeer,38.75,0,0,7.5969502847202871e-35
top_hat,400,2,TVD_vanLeer,39.25,0,0,3.8400189837626198e-34
top_hat,400,2,TVD_vanLeer,39.75,0,0,1.8653841825886873e-33
top_hat,400,2,TVD_vanLeer,40.25,0,0,8.718705217538563e-33
top_hat,400,2,TVD_vanLeer,40.75,0,0,3.9251704359010948e-32
top_hat,400,2,TVD_vanLeer,41.25,0,0,1.7038494335625899e-31
top_hat,400,2,TVD_vanLeer,41.75,0,0,7.1381485755843701e-31
top_hat,400,2,TVD_vanLeer,42.25,0,0,2.8887621503916903e-30
top_hat,400,2,TVD_vanLeer,42.75,0,0,1.130256069311321e-29
top_hat,400,2,TVD_vanLeer,43.25,0,0,4.2788457858551028e-29
top_hat,400,2,TVD_vanLeer,43.75,0,0,1.5685111015594727e-28
top_hat,400,2,TVD_vanLeer,44.25,0,0,5.5714513953526666e-28
top_hat,400,2,TVD_vanLeer,44.75,0,0,1.9189385214340387e-27
top_hat,400,2,TVD_vanLeer,45.25,0,0,6.4127271202473184e-27
top_hat,400,2,TVD_vanLeer,45.75,0,0,2.0805418144806564e-26
top_hat,400,2,TVD_vanLeer,46.25,0,0,6.5571054041702023e-26
top_hat,400,2,TVD_vanLeer,46.75,0,0,2.0085744184900484e-25
top_hat,400,2,TVD_vanLeer,47.25,0,0,5.9831598010375472e-25
top_hat,400,2,TVD_vanLeer,47.75,0,0,1.7340303792122429e-24
top_hat,400,2,TVD_vanLeer,48.25,0,0,4.891849792440158e-24
top_hat,400,2,TVD_vanLeer,48.75,0,0,1.343933492023042e-23
top_hat,400,2,TVD_vanLeer,49.25,0,0,3.5971646185474499e-23
top_hat,400,2,TVD_vanLeer,49.75,0,0,9.3843155811211411e-23
top_hat,400,2,TVD_vanLeer,50.25,0,0,2.3871479762108562e-22
top_hat,400,2,TVD_vanLeer,50.75,0,0,5.9232291718590278e-22
top_hat,400,2,TVD_vanLeer,51.25,0,0,1.4341745220480785e-21
top_hat,400,2,TVD_vanLeer,51.75,0,0,3.3897355476099424e-21
top_hat,400,2,TVD_vanLeer,52.25,0,0,7.8234939700896605e-21
top_hat,400,2,TVD_vanLeer,52.75,0,0,1.7638136230475353e-20
top_hat,400,2,TVD_vanLeer,53.25,0,0,3.8856443051253058e-20
top_hat,400,2,TVD_vanLeer,53.75,0,0,8.3669873620236086e-20
top_hat,400,2,TVD_vanLeer,54.25,0,0,1.7615886628118947e-19
top_hat,400,2,TVD_vanLeer,54.750000000000007,0,0,3.6274337985744537e-19
top_hat,400,2,TVD_vanLeer,55.250000000000007,0,0,7.3077116030023372e-19
top_hat,400,2,TVD_vanLeer,55.750000000000007,0,0,1.4407047083296448e-18
top_hat,400,2,TVD_vanLeer,56.25,0,0,2.7803713945806553e-18
top_hat,400,2,TVD_vanLeer,56.749999999999993,0,0,5.2539477910813187e-18
top_hat,400,2,TVD_vanLeer,57.249999999999993,0,0,9.7239642660563417e-18
top_hat,400,2,TVD_vanLeer,57.749999999999993,0,0,1.7631707947278747e-17
top_hat,400,2,TVD_vanLeer,58.25,0,0,3.1329782772130318e-17
top_hat,400,2,TVD_vanLeer,58.75,0,0,5.4569667796707451e-17
top_hat,400,2,TVD_vanLeer,59.25,0,0,9.3195781580690256e-17
top_hat,400,2,TVD_vanLeer,59.75,0,0,1.5610408455376073e-16
top_hat,400,2,TVD_vanLeer,60.25,0,0,2.5652533320345163e-16
top_hat,400,2,TVD_vanLeer,60.75,0,0,4.1368807683643493e-16
top_hat,400,2,TVD_vanLeer,61.25,0,0,6.549017497990386e-16
top_hat,400,2,TVD_vanLeer,61.75,0,0,1.0180738032699086e-15
top_hat,400,2,TVD_vanLeer,62.25,0,0,1.5546361196282876e-15
top_hat,400,2,TVD_vanLeer,62.75,0,0,2.3328062478065841e-15
top_hat,400,2,TVD_vanLeer,63.25,0,0,3.4410517289187824e-15
top_hat,400,2,TVD_vanLeer,63.75,0,0,4.9915662476091052e-15
top_hat,400,2,TVD_vanLeer,64.25,0,0,7.1235108344398444e-15
top_hat,400,2,TVD_vanLeer,64.75,0,0,1.0005727844481054e-14
top_hat,400,2,TVD_vanLeer,65.25,0,0,1.383860430619027e-14
top_hat,400,2,TVD_vanLeer,65.75,0,0,1.88547463522334e-14
top_hat,400,2,TVD_vanLeer,66.25,0,0,2.5318127286468018e-14
top_hat,400,2,TVD_vanLeer,66.75,0,0,3.3521386718825022e-14
top_hat,400,2,TVD_vanLeer,67.25,0,0,4.3780986564232336e-14
top_hat,400,2,TVD_vanLeer,67.75,0,0,5.6429975101636439e-14
top_hat,400,2,TVD_vanLeer,68.25,0,0,7.1808183871232276e-14
top_hat,400,2,TVD_vanLeer,68.75,0,0,9.0249845290526834e-14
top_hat,400,2,TVD_vanLeer,69.25,0,0,1.1207141341134125e-13
top_hat,400,2,TVD_vanLeer,69.75,0,0,1.3769163454809191e-13
top_hat,400,2,TVD_vanLeer,70.25,0,0,1.7337600132770377e-13
top_hat,400,2,TVD_vanLeer,70.75,0,0,4.3871263492182188e-13
top_hat,400,2,TVD_vanLeer,71.25,0,0,8.2463805380809479e-12
top_hat,400,2,TVD_vanLeer,71.75,0,0,2.6444498921293803e-10
top_hat,400,2,TVD_vanLeer,72.25,0,0,8.6995077094966972e-09
top_hat,400,2,TVD_vanLeer,72.75,0,0,2.8643198268542276e-07
top_hat,400,2,TVD_vanLeer,73.25,0,0,9.4273531544499141e-06
top_hat,400,2,TVD_vanLeer,73.75,0,0,0.0003088492721919512
top_hat,400,2,TVD_vanLeer,74.25,0,0,0.0095968719197639489
top_hat,400,2,TVD_vanLeer,74.75,0,0,0.18704693631978053
top_hat,400,2,TVD_vanLeer,75.25,0,1,0.80496428175522206
top_hat,400,2,TVD_vanLeer,75.75,0,1,0.99807337126965412
top_hat,400,2,TVD_vanLeer,76.25,0,1,0.99999996670477254
top_hat,400,2,TVD_vanLeer,76.75,0,1,1.0000000000000204
top_hat,400,2,TVD_vanLeer,77.25,0,1,1.0000000000000211
top_hat,400,2,TVD_vanLeer,77.75,0,1,1.0000000000000218
top_hat,400,2,TVD_vanLeer,78.25,0,1,1.0000000000000233
top_hat,400,2,TVD_vanLeer,78.75,0,1,1.0000000000000258
top_hat,400,2,TVD_vanLeer,79.25,0,1,1.0000000000000289
top_hat,400,2,TVD_vanLeer,79.75,0,1,1.0000000000000342
top_hat,400,2,TVD_vanLeer,80.25,0,1,1.0000000000000346
top_hat,400,2,TVD_vanLeer,80.75,0,1,0.99999999999985012
top_hat,400,2,TVD_vanLeer,81.25,0,1,0.99999999999209788
top_hat,400,2,TVD_vanLeer,81.75,0,1,0.99999999973597253
top_hat,400,2,TVD_vanLeer,82.25,0,1,0.99999999130098272
top_hat,400,2,TVD_vanLeer,82.75,0,1,0.99999971356854034
top_hat,400,2,TVD_vanLeer,83.25,0,1,0.99999057264748159
top_hat,400,2,TVD_vanLeer,83.75,0,1,0.99969115072844583
top_hat,400,2,TVD_vanLeer,84.25,0,1,0.99040312808080677
top_hat,400,2,TVD_vanLeer,84.75,0,1,0.81295306367634734
top_hat,400,2,TVD_vanLeer,85.25,0,0,0.19503571823882751
top_hat,400,2,TVD_vanLeer,85.75,0,0,0.0019266287304310445
top_hat,400,2,TVD_vanLeer,86.25,0,0,3.3296046973352252e-08
top_hat,400,2,TVD_vanLeer,86.75,0,0,7.1930899546628841e-13
top_hat,400,2,TVD_vanLeer,87.25,0,0,6.5037267958533155e-13
top_hat,400,2,TVD_vanLeer,87.75,0,0,5.4023508268655314e-13
top_hat,400,2,TVD_vanLeer,88.25,0,0,4.4403223439852548e-13
top_hat,400,2,TVD_vanLeer,88.75,0,0,3.6190746138703502e-13
top_hat,400,2,TVD_vanLeer,89.25,0,0,2.9141213215855126e-13
top_hat,400,2,TVD_vanLeer,89.75,0,0,2.3195584856771105e-13
top_hat,400,2,TVD_vanLeer,90.25,0,0,1.8243459937942798e-13
top_hat,400,2,TVD_vanLeer,90.75,0,0,1.4174171546634184e-13
top_hat,400,2,TVD_vanLeer,91.25,0,0,1.0875978252557741e-13
top_hat,400,2,TVD_vanLeer,91.75,0,0,8.2397717318053276e-14
top_hat,400,2,TVD_vanLeer,92.25,0,0,6.1622826851321185e-14
top_hat,400,2,TVD_vanLeer,92.75,0,0,4.5483841005936256e-14
top_hat,400,2,TVD_vanLeer,93.25,0,0,3.3126617940928098e-14
top_hat,400,2,TVD_vanLeer,93.75,0,0,2.3802489711767463e-14
top_hat,400,2,TVD_vanLeer,94.25,0,0,1.6870151542556792e-14
top_hat,400,2,TVD_vanLeer,94.75,0,0,1.179227589255726e-14
top_hat,400,2,TVD_vanLeer,95.25,0,0,8.1281826930091823e-15
top_hat,400,2,TVD_vanLeer,95.75,0,0,5.5238976827872382e-15
top_hat,400,2,TVD_vanLeer,96.25,0,0,3.7008118851493408e-15
top_hat,400,2,TVD_vanLeer,96.75,0,0,2.4439587215640215e-15
top_hat,400,2,TVD_vanLeer,97.25,0,0,1.5906899390410365e-15
top_hat,400,2,TVD_vanLeer,97.75,0,0,1.0202912248473399e-15
top_hat,400,2,TVD_vanLeer,98.25,0,0,6.4485843641953891e-16
top_hat,400,2,TVD_vanLeer,98.75,0,0,4.0157177821244973e-16
top_hat,400,2,TVD_vanLeer,99.25,0,0,2.4636529763055718e-16
top_hat,400,2,TVD_vanLeer,99.75,0,0,1.4889298958061481e-16
top_hat,400,2,TVD_vanLeer,100.25,0,0,8.863592114179347e-17
top_hat,400,2,TVD_vanLeer,100.75,0,0,5.1969666489740969e-17
top_hat,400,2,TVD_vanLeer,101.25,0,0,3.0009576053912502e-17
top_hat,400,2,TVD_vanLeer,101.75,0,0,1.7064978498611055e-17
top_hat,400,2,TVD_vanLeer,102.25,0,0,9.555528382426293e-18
top_hat,400,2,TVD_vanLeer,102.75,0,0,5.2683503873451784e-18
top_hat,400,2,TVD_vanLeer,103.25,0,0,2.8597899622413826e-18
top_hat,400,2,TVD_vanLeer,103.75,0,0,1.5282776090832632e-18
top_hat,400,2,TVD_vanLeer,104.25,0,0,8.0398599589148261e-19
top_hat,400,2,TVD_vanLeer,104.75,0,0,4.1633472307141663e-19
top_hat,400,2,TVD_vanLeer,105.25,0,0,2.1220454898197669e-19
top_hat,400,2,TVD_vanLeer,105.75,0,0,1.0645222545235205e-19
top_hat,400,2,TVD_vanLeer,106.25,0,0,5.2554862264996499e-20
top_hat,400,2,TVD_vanLeer,106.75,0,0,2.5532843741981201e-20
top_hat,400,2,TVD_vanLeer,107.25,0,0,1.2206283987744801e-20
top_hat,400,2,TVD_vanLeer,107.75,0,0,5.7416324104841544e-21
top_hat,400,2,TVD_vanLeer,108.25,0,0,2.6572000945947294e-21
top_hat,400,2,TVD_vanLeer,108.75,0,0,1.2098152167102039e-21
top_hat,400,2,TVD_vanLeer,109.25,0,0,5.4186143003646065e-22
top_hat,400,2,TVD_vanLeer,109.75,0,0,2.3872606597087761e-22
top_hat,400,2,TVD_vanLeer,110.25,0,0,1.0344780266429854e-22
top_hat,400,2,TVD_vanLeer,110.75,0,0,4.4087889749756961e-23
top_hat,400,2,TVD_vanLeer,111.25,0,0,1.8478216832535487e-23
top_hat,400,2,TVD_vanLeer,111.75,0,0,7.6156828902104839e-24
top_hat,400,2,TVD_vanLeer,112.25,0,0,3.0862437468431428e-24
top_hat,400,2,TVD_vanLeer,112.75,0,0,1.2296679043551401e-24
top_hat,400,2,TVD_vanLeer,113.25,0,0,4.8166427989976674e-25
top_hat,400,2,TVD_vanLeer,113.75,0,0,1.8546492907292307e-25
top_hat,400,2,TVD_vanLeer,114.25,0,0,7.0194105333963448e-26
top_hat,400,2,TVD_vanLeer,114.75,0,0,2.6110826537330812e-26
top_hat,400,2,TVD_vanLeer,115.25,0,0,9.545094326595476e-27
top_hat,400,2,TVD_vanLeer,115.75,0,0,3.4287573477655178e-27
top_hat,400,2,TVD_vanLeer,116.25,0,0,1.2101695790084213e-27
top_hat,400,2,TVD_vanLeer,116.75,0,0,4.1962695315554622e-28
top_hat,400,2,TVD_vanLeer,117.25,0,0,1.4293596313223292e-28
top_hat,400,2,TVD_vanLeer,117.75,0,0,4.7822527562440024e-29
top_hat,400,2,TVD_vanLeer,118.25,0,0,1.5714001613020948e-29
top_hat,400,2,TVD_vanLeer,118.75,0,0,5.0705271961263674e-30
top_hat,400,2,TVD_vanLeer,119.25,0,0,1.6064923252836918e-30
top_hat,400,2,TVD_vanLeer,119.75,0,0,4.9969943245827412e-31
top_hat,400,2,TVD_vanLeer,120.25,0,0,1.5257640559749395e-31
top_hat,400,2,TVD_vanLeer,120.75,0,0,4.572524297578899e-32
top_hat,400,2,TVD_vanLeer,121.25,0,0,1.3447905137447137e-32
top_hat,400,2,TVD_vanLeer,121.75,0,0,3.8807981231048088e-33
top_hat,400,2,TVD_vanLeer,122.25,0,0,1.0987299911069204e-33
top_hat,400,2,TVD_vanLeer,122.75,0,0,3.0513914700815603e-34
top_hat,400,2,TVD_vanLeer,123.25,0,0,8.3113793312692268e-35
top_hat,400,2,TVD_vanLeer,123.75,0,0,2.2199608300840406e-35
top_hat,400,2,TVD_vanLeer,124.25,0,0,5.81354242664856e-36
top_hat,400,2,TVD_vanLeer,124.75,0,0,1.4923936147375456e-36
top_hat,400,2,TVD_vanLeer,125.25,0,0,3.7548609153906352e-37
top_hat,400,2,TVD_vanLeer,125.75,0,0,9.2574278333981148e-38
top_hat,400,2,TVD_vanLeer,126.25,0,0,2.2360828868568672e-38
top_hat,400,2,TVD_vanLeer,126.75,0,0,5.2905214701363564e-39
top_hat,400,2,TVD_vanLeer,127.25,0,0,1.2258313906114404e-39
top_hat,400,2,TVD_vanLeer,127.75,0,0,2.7809288679987951e-40
top_hat,400,2,TVD_vanLeer,128.25,0,0,6.1755765338118137e-41
top_hat,400,2,TVD_vanLeer,128.75,0,0,1.3421202695305053e-41
top_hat,400,2,TVD_vanLeer,129.25,0,0,2.8538129070432221e-42
top_hat,400,2,TVD_vanLeer,129.75,0,0,5.9356645971839761e-43
top_hat,400,2,TVD_vanLeer,130.25,0,0,1.2072807116506883e-43
top_hat,400,2,TVD_vanLeer,130.75,0,0,2.4006169292725491e-44
top_hat,400,2,TVD_vanLeer,131.25,0,0,4.6654004535264414e-45
top_hat,400,2,TVD_vanLeer,131.75,0,0,8.8588446259173561e-46
top_hat,400,2,TVD_vanLeer,132.25,0,0,1.6430567190564162e-46
top_hat,400,2,TVD_vanLeer,132.75,0,0,2.9756019970085211e-47
top_hat,400,2,TVD_vanLeer,133.25,0,0,5.2601411843280406e-48
top_hat,400,2,TVD_vanLeer,133.75,0,0,9.0733424335740233e-49
top_hat,400,2,TVD_vanLeer,134.25,0,0,1.5265985467090576e-49
top_hat,400,2,TVD_vanLeer,134.75,0,0,2.5043969065879115e-50
top_hat,400,2,TVD_vanLeer,135.25,0,0,4.0043106722217632e-51
top_hat,400,2,TVD_vanLeer,135.75,0,0,6.2375796278072694e-52
top_hat,400,2,TVD_vanLeer,136.25,0,0,9.4618710025010531e-53
top_hat,400,2,TVD_vanLeer,136.75,0,0,1.3970444702836413e-53
top_hat,400,2,TVD_vanLeer,137.25,0,0,2.0068073759761708e-54
top_hat,400,2,TVD_vanLeer,137.75,0,0,2.8031282218646026e-55
top_hat,400,2,TVD_vanLeer,138.25,0,0,3.8053141842062124e-56
top_hat,400,2,TVD_vanLeer,138.75,0,0,5.017702913709096e-57
top_hat,400,2,TVD_vanLeer,139.25,0,0,6.4228844069822021e-58
top_hat,400,2,TVD_vanLeer,139.75,0,0,7.9762037030590466e-59
top_hat,400,2,TVD_vanLeer,140.25,0,0,9.6032652208801665e-60
top_hat,400,2,TVD_vanLeer,140.75,0,0,1.1202062859031291e-60
top_hat,400,2,TVD_vanLeer,141.25,0,0,1.2650752723191564e-61
top_hat,400,2,TVD_vanLeer,141.75,0,0,1.382097267400355e-62
top_hat,400,2,TVD_vanLeer,142.25,0,0,1.4595184407718547e-63
top_hat,400,2,TVD_vanLeer,142.75,0,0,1.488513609734864e-64
top_hat,400,2,TVD_vanLeer,143.25,0,0,1.4647674111022049e-65
top_hat,400,2,TVD_vanLeer,143.75,0,0,1.3894166236782949e-66
top_hat,400,2,TVD_vanLeer,144.25,0,0,1.2690899135807632e-67
top_hat,400,2,TVD_vanLeer,144.75,0,0,1.1149796019003372e-68
top_hat,400,2,TVD_vanLeer,145.25,0,0,9.4111449708623692e-70
top_hat,400,2,TVD_vanLeer,145.75,0,0,7.6220253575539202e-71
top_hat,400,2,TVD_vanLeer,146.25,0,0,5.9151253605224744e-72
top_hat,400,2,TVD_vanLeer,146.75,0,0,4.392329465613031e-73
top_hat,400,2,TVD_vanLeer,147.25,0,0,3.1159455961092738e-74
top_hat,400,2,TVD_vanLeer,147.75,0,0,2.1082708721943953e-75
top_hat,400,2,TVD_vanLeer,148.25,0,0,1.3580914683180375e-76
top_hat,400,2,TVD_vanLeer,148.75,0,0,8.3131369040229518e-78
top_hat,400,2,TVD_vanLeer,149.25,0,0,4.8254745554156068e-79
top_hat,400,2,TVD_vanLeer,149.75,0,0,2.6503003154659248e-80
top_hat,400,2,TVD_vanLeer,150.25,0,0,1.3740504852396616e-81
top_hat,400,2,TVD_vanLeer,150.75,0,0,6.7075717832035355e-83
top_hat,400,2,TVD_vanLeer,151.25,0,0,3.0747892296078922e-84
top_hat,400,2,TVD_vanLeer,151.75,0,0,1.3198282985449843e-85
top_hat,400,2,TVD_vanLeer,152.25,0,0,5.2890074263210054e-87
top_hat,400,2,TVD_vanLeer,152.75,0,0,1.9725796935028951e-88
top_hat,400,2,TVD_vanLeer,153.25,0,0,6.8250078839273413e-90
top_hat,400,2,TVD_vanLeer,153.75,0,0,2.1834518511804942e-91
top_hat,400,2,TVD_vanLeer,154.25,0,0,6.4366795570042032e-93
top_hat,400,2,TVD_vanLeer,154.75,0,0,1.7419741826296637e-94
top_hat,400,2,TVD_vanLeer,155.25,0,0,4.3091145670612836e-96
top_hat,400,2,TVD_vanLeer,155.75,0,0,9.6876700067866495e-98
top_hat,400,2,TVD_vanLeer,156.25,0,0,1.9631330644070749e-99
top_hat,400,2,TVD_vanLeer,156.75,0,0,3.5409813166549184e-101
top_hat,400,2,TVD_vanLeer,157.25,0,0,5.5767779751420403e-103
top_hat,400,2,TVD_vanLeer,157.75,0,0,7.4485687675627863e-105
top_hat,400,2,TVD_vanLeer,158.25,0,0,8.0727500440501603e-107
top_hat,400,2,TVD_vanLeer,158.75,0,0,6.6214640484762174e-109
top_hat,400,2,TVD_vanLeer,159.25,0,0,3.6305795482679503e-111
top_hat,400,2,TVD_vanLeer,159.75,0,0,9.9121098243304122e-114
top_hat,400,2,TVD_vanLeer,160.25,0,0,0
top_hat,400,2,TVD_vanLeer,160.75,0,0,0
top_hat,400,2,TVD_vanLeer,161.25,0,0,0
top_hat,400,2,TVD_vanLeer,161.75,0,0,0
top_hat,400,2,TVD_vanLeer,162.25,0,0,0
top_hat,400,2,TVD_vanLeer,162.75,0,0,0
top_hat,400,2,TVD_vanLeer,163.25,0,0,0
top_hat,400,2,TVD_vanLeer,163.75,0,0,0
top_hat,400,2,TVD_vanLeer,164.25,0,0,0
top_hat,400,2,TVD_vanLeer,164.75,0,0,0
top_hat,400,2,TVD_vanLeer,165.25,0,0,0
top_hat,400,2,TVD_vanLeer,165.75,0,0,0
top_hat,400,2,TVD_vanLeer,166.25,0,0,0
top_hat,400,2,TVD_vanLeer,166.75,0,0,0
top_hat,400,2,TVD_vanLeer,167.25,0,0,0
top_hat,400,2,TVD_vanLeer,167.75,0,0,0
top_hat,400,2,TVD_vanLeer,168.25,0,0,0
top_hat,400,2,TVD_vanLeer,168.75,0,0,0
top_hat,400,2,TVD_vanLeer,169.25,0,0,0
top_hat,400,2,TVD_vanLeer,169.75,0,0,0
top_hat,400,2,TVD_vanLeer,170.25,0,0,0
top_hat,400,2,TVD_vanLeer,170.75,0,0,0
top_hat,400,2,TVD_vanLeer,171.25,0,0,0
top_hat,400,2,TVD_vanLeer,171.75,0,0,0
top_hat,400,2,TVD_vanLeer,172.25,0,0,0
top_hat,400,2,TVD_vanLeer,172.75,0,0,0
top_hat,400,2,TVD_vanLeer,173.25,0,0,0
top_hat,400,2,TVD_vanLeer,173.75,0,0,0
top_hat,400,2,TVD_vanLeer,174.25,0,0,0
top_hat,400,2,TVD_vanLeer,174.75,0,0,0
top_hat,400,2,TVD_vanLeer,175.25,0,0,0
top_hat,400,2,TVD_vanLeer,175.75,0,0,0
top_hat,400,2,TVD_vanLeer,176.25,0,0,0
top_hat,400,2,TVD_vanLeer,176.75,0,0,0
top_hat,400,2,TVD_vanLeer,177.25,0,0,0
top_hat,400,2,TVD_vanLeer,177.75,0,0,0
top_hat,400,2,TVD_vanLeer,178.25,0,0,0
top_hat,400,2,TVD_vanLeer,178.75,0,0,0
top_hat,400,2,TVD_vanLeer,179.25,0,0,0
top_hat,400,2,TVD_vanLeer,179.75,0,0,0
top_hat,400,2,TVD_vanLeer,180.25,0,0,0
top_hat,400,2,TVD_vanLeer,180.75,0,0,0
top_hat,400,2,TVD_vanLeer,181.25,0,0,0
top_hat,400,2,TVD_vanLeer,181.75,0,0,0
top_hat,400,2,TVD_vanLeer,182.25,0,0,0
top_hat,400,2,TVD_vanLeer,182.75,0,0,0
top_hat,400,2,TVD_vanLeer,183.25,0,0,0
top_hat,400,2,TVD_vanLeer,183.75,0,0,0
top_hat,400,2,TVD_vanLeer,184.25,0,0,0
top_hat,400,2,TVD_vanLeer,184.75,0,0,0
top_hat,400,2,TVD_vanLeer,185.25,0,0,0
top_hat,400,2,TVD_vanLeer,185.75,0,0,0
top_hat,400,2,TVD_vanLeer,186.25,0,0,0
top_hat,400,2,TVD_vanLeer,186.75,0,0,0
top_hat,400,2,TVD_vanLeer,187.25,0,0,0
top_hat,400,2,TVD_vanLeer,187.75,0,0,0
top_hat,400,2,TVD_vanLeer,188.25,0,0,0
top_hat,400,2,TVD_vanLeer,188.75,0,0,0
top_hat,400,2,TVD_vanLeer,189.25,0,0,0
top_hat,400,2,TVD_vanLeer,189.75,0,0,0
top_hat,400,2,TVD_vanLeer,190.25,0,0,0
top_hat,400,2,TVD_vanLeer,190.75,0,0,0
top_hat,400,2,TVD_vanLeer,191.25,0,0,0
top_hat,400,2,TVD_vanLeer,191.75,0,0,0
top_hat,400,2,TVD_vanLeer,192.25,0,0,0
top_hat,400,2,TVD_vanLeer,192.75,0,0,0
top_hat,400,2,TVD_vanLeer,193.25,0,0,0
top_hat,400,2,TVD_vanLeer,193.75,0,0,0
top_hat,400,2,TVD_vanLeer,194.25,0,0,0
top_hat,400,2,TVD_vanLeer,194.75,0,0,0
top_hat,400,2,TVD_vanLeer,195.25,0,0,0
top_hat,400,2,TVD_vanLeer,195.75,0,0,0
top_hat,400,2,TVD_vanLeer,196.25,0,0,0
top_hat,400,2,TVD_vanLeer,196.75,0,0,0
top_hat,400,2,TVD_vanLeer,197.25,0,0,0
top_hat,400,2,TVD_vanLeer,197.75,0,0,0
top_hat,400,2,TVD_vanLeer,198.25,0,0,0
top_hat,400,2,TVD_vanLeer,198.75,0,0,0
top_hat,400,2,TVD_vanLeer,199.25,0,0,0
top_hat,400,2,TVD_vanLeer,199.75,0,0,0
top_hat,400,2,PLM_MC,0.25,0,0,0
top_hat,400,2,PLM_MC,0.75,0,0,0
top_hat,400,2,PLM_MC,1.25,0,0,0
top_hat,400,2,PLM_MC,1.75,0,0,0
top_hat,400,2,PLM_MC,2.25,0,0,0
top_hat,400,2,PLM_MC,2.75,0,0,0
top_hat,400,2,PLM_MC,3.25,0,0,0
top_hat,400,2,PLM_MC,3.75,0,0,0
top_hat,400,2,PLM_MC,4.25,0,0,0
top_hat,400,2,PLM_MC,4.75,0,0,0
top_hat,400,2,PLM_MC,5.25,0,0,0
top_hat,400,2,PLM_MC,5.75,0,0,0
top_hat,400,2,PLM_MC,6.25,0,0,0
top_hat,400,2,PLM_MC,6.75,0,0,0
top_hat,400,2,PLM_MC,7.25,0,0,0
top_hat,400,2,PLM_MC,7.75,0,0,0
top_hat,400,2,PLM_MC,8.25,0,0,0
top_hat,400,2,PLM_MC,8.75,0,0,0
top_hat,400,2,PLM_MC,9.25,0,0,0
top_hat,400,2,PLM_MC,9.75,0,0,0
top_hat,400,2,PLM_MC,10.25,0,0,0
top_hat,400,2,PLM_MC,10.75,0,0,0
top_hat,400,2,PLM_MC,11.25,0,0,0
top_hat,400,2,PLM_MC,11.75,0,0,0
top_hat,400,2,PLM_MC,12.25,0,0,0
top_hat,400,2,PLM_MC,12.75,0,0,0
top_hat,400,2,PLM_MC,13.25,0,0,0
top_hat,400,2,PLM_MC,13.75,0,0,0
top_hat,400,2,PLM_MC,14.25,0,0,0
top_hat,400,2,PLM_MC,14.75,0,0,0
top_hat,400,2,PLM_MC,15.25,0,0,0
top_hat,400,2,PLM_MC,15.75,0,0,0
top_hat,400,2,PLM_MC,16.25,0,0,0
top_hat,400,2,PLM_MC,16.75,0,0,0
top_hat,400,2,PLM_MC,17.25,0,0,0
top_hat,400,2,PLM_MC,17.75,0,0,0
top_hat,400,2,PLM_MC,18.25,0,0,0
top_hat,400,2,PLM_MC,18.75,0,0,0
top_hat,400,2,PLM_MC,19.25,0,0,0
top_hat,400,2,PLM_MC,19.75,0,0,0
top_hat,400,2,PLM_MC,20.25,0,0,0
top_hat,400,2,PLM_MC,20.75,0,0,0
top_hat,400,2,PLM_MC,21.25,0,0,0
top_hat,400,2,PLM_MC,21.75,0,0,0
top_hat,400,2,PLM_MC,22.25,0,0,0
top_hat,400,2,PLM_MC,22.75,0,0,0
top_hat,400,2,PLM_MC,23.25,0,0,0
top_hat,400,2,PLM_MC,23.75,0,0,0
top_hat,400,2,PLM_MC,24.25,0,0,0
top_hat,400,2,PLM_MC,24.75,0,0,0
top_hat,400,2,PLM_MC,25.25,1,0,6.7065348325335509e-168
top_hat,400,2,PLM_MC,25.75,1,0,1.777692454340469e-166
top_hat,400,2,PLM_MC,26.25,1,0,2.0359584490293694e-165
top_hat,400,2,PLM_MC,26.75,1,0,1.2702976837377751e-164
top_hat,400,2,PLM_MC,27.25,1,0,3.2471291629947058e-163
top_hat,400,2,PLM_MC,27.750000000000004,1,0,9.4902288635391826e-161
top_hat,400,2,PLM_MC,28.25,1,0,2.3798662049337724e-158
top_hat,400,2,PLM_MC,28.749999999999996,1,0,5.0979179633100212e-156
top_hat,400,2,PLM_MC,29.25,1,0,9.5234040251463166e-154
top_hat,400,2,PLM_MC,29.75,1,0,1.5762150974417824e-151
top_hat,400,2,PLM_MC,30.25,1,0,2.340384208663392e-149
top_hat,400,2,PLM_MC,30.75,1,0,3.149240629604781e-147
top_hat,400,2,PLM_MC,31.25,1,0,3.8727041840420921e-145
top_hat,400,2,PLM_MC,31.75,1,0,4.3831179869342605e-143
top_hat,400,2,PLM_MC,32.25,1,0,4.5934610353553723e-141
top_hat,400,2,PLM_MC,32.75,1,0,4.4808831502767817e-139
top_hat,400,2,PLM_MC,33.25,1,0,4.0874597681797928e-137
top_hat,400,2,PLM_MC,33.75,1,0,3.5009303087258666e-135
top_hat,400,2,PLM_MC,34.25,1,0,2.8258108988240138e-133
top_hat,400,2,PLM_MC,34.75,1,0,2.1566052023126435e-131
top_hat,400,2,PLM_MC,35.25,0,0,1.560916948335691e-129
top_hat,400,2,PLM_MC,35.75,0,0,1.0744386814871785e-127
top_hat,400,2,PLM_MC,36.25,0,0,7.0518520103271248e-126
top_hat,400,2,PLM_MC,36.75,0,0,4.4238791175622439e-124
top_hat,400,2,PLM_MC,37.25,0,0,2.6588031524964051e-122
top_hat,400,2,PLM_MC,37.75,0,0,1.5343136812985439e-120
top_hat,400,2,PLM_MC,38.25,0,0,8.5195786964739763e-119
top_hat,400,2,PLM_MC,38.75,0,0,4.5615006788621876e-117
top_hat,400,2,PLM_MC,39.25,0,0,2.359828482568291e-115
top_hat,400,2,PLM_MC,39.75,0,0,1.1820324650368296e-113
top_hat,400,2,PLM_MC,40.25,0,0,5.7444789152673018e-112
top_hat,400,2,PLM_MC,40.75,0,0,2.7142424328984035e-110
top_hat,400,2,PLM_MC,41.25,0,0,1.2495119674599548e-108
top_hat,400,2,PLM_MC,41.75,0,0,5.616392877772168e-107
top_hat,400,2,PLM_MC,42.25,0,0,2.4702736090083672e-105
top_hat,400,2,PLM_MC,42.75,0,0,1.0655119576953688e-103
top_hat,400,2,PLM_MC,43.25,0,0,4.5170519039365107e-102
top_hat,400,2,PLM_MC,43.75,0,0,1.8861875412087583e-100
top_hat,400,2,PLM_MC,44.25,0,0,7.7745447130358178e-99
top_hat,400,2,PLM_MC,44.75,0,0,3.1696696308853833e-97
top_hat,400,2,PLM_MC,45.25,0,0,1.2806628182267598e-95
top_hat,400,2,PLM_MC,45.75,0,0,5.136865773885039e-94
top_hat,400,2,PLM_MC,46.25,0,0,2.0487071648480572e-92
top_hat,400,2,PLM_MC,46.75,0,0,8.1350758058546215e-91
top_hat,400,2,PLM_MC,47.25,0,0,3.2197954993155898e-89
top_hat,400,2,PLM_MC,47.75,0,0,1.2713660915545079e-87
top_hat,400,2,PLM_MC,48.25,0,0,5.011787226576447e-86
top_hat,400,2,PLM_MC,48.75,0,0,1.9734344664252434e-84
top_hat,400,2,PLM_MC,49.25,0,0,7.7647341241711572e-83
top_hat,400,2,PLM_MC,49.75,0,0,3.0536579855552988e-81
top_hat,400,2,PLM_MC,50.25,0,0,1.2005569782938283e-79
top_hat,400,2,PLM_MC,50.75,0,0,4.7191661209247407e-78
top_hat,400,2,PLM_MC,51.25,0,0,1.8548147374500949e-76
top_hat,400,2,PLM_MC,51.75,0,0,7.2896834772679922e-75
top_hat,400,2,PLM_MC,52.25,0,0,2.8648482782298999e-73
top_hat,400,2,PLM_MC,52.75,0,0,1.1258650017785985e-71
top_hat,400,2,PLM_MC,53.25,0,0,4.4245247662069482e-70
top_hat,400,2,PLM_MC,53.75,0,0,1.7387801715513832e-68
top_hat,400,2,PLM_MC,54.25,0,0,6.83315997797962e-67
top_hat,400,2,PLM_MC,54.750000000000007,0,0,2.6853317024769825e-65
top_hat,400,2,PLM_MC,55.250000000000007,0,0,1.0552953440264398e-63
top_hat,400,2,PLM_MC,55.750000000000007,0,0,4.1471522558247982e-62
top_hat,400,2,PLM_MC,56.25,0,0,1.6297683559623491e-60
top_hat,400,2,PLM_MC,56.749999999999993,0,0,6.4047437261975319e-59
top_hat,400,2,PLM_MC,57.249999999999993,0,0,2.5169675807870793e-57
top_hat,400,2,PLM_MC,57.749999999999993,0,0,9.8913024551104018e-56
top_hat,400,2,PLM_MC,58.25,0,0,3.8871324597851603e-54
top_hat,400,2,PLM_MC,58.75,0,0,1.5275843396939427e-52
top_hat,400,2,PLM_MC,59.25,0,0,6.0031757039997686e-51
top_hat,400,2,PLM_MC,59.75,0,0,2.3591573678153611e-49
top_hat,400,2,PLM_MC,60.25,0,0,9.2711320915637479e-48
top_hat,400,2,PLM_MC,60.75,0,0,3.6434148585863376e-46
top_hat,400,2,PLM_MC,61.25,0,0,1.4318070058624273e-44
top_hat,400,2,PLM_MC,61.75,0,0,5.6267852221256838e-43
top_hat,400,2,PLM_MC,62.25,0,0,2.2112416114859641e-41
top_hat,400,2,PLM_MC,62.75,0,0,8.6898453885437798e-40
top_hat,400,2,PLM_MC,63.25,0,0,3.4149780519367497e-38
top_hat,400,2,PLM_MC,63.75,0,0,1.3420347307579261e-36
top_hat,400,2,PLM_MC,64.25,0,0,5.2739941676627386e-35
top_hat,400,2,PLM_MC,64.75,0,0,2.0725997581653032e-33
top_hat,400,2,PLM_MC,65.25,0,0,8.1450059354144913e-32
top_hat,400,2,PLM_MC,65.75,0,0,3.2008629156978473e-30
top_hat,400,2,PLM_MC,66.25,0,0,1.2578917398235588e-28
top_hat,400,2,PLM_MC,66.75,0,0,4.9433177599318715e-27
top_hat,400,2,PLM_MC,67.25,0,0,1.9426539408118748e-25
top_hat,400,2,PLM_MC,67.75,0,0,7.634303385593723e-24
top_hat,400,2,PLM_MC,68.25,0,0,3.0001891150809113e-22
top_hat,400,2,PLM_MC,68.75,0,0,1.1790127533117903e-20
top_hat,400,2,PLM_MC,69.25,0,0,4.6334557818667655e-19
top_hat,400,2,PLM_MC,69.75,0,0,1.8207984808755314e-17
top_hat,400,2,PLM_MC,70.25,0,0,7.1560206360752803e-16
top_hat,400,2,PLM_MC,70.75,0,0,2.8118175765578961e-14
top_hat,400,2,PLM_MC,71.25,0,0,1.1052751918432176e-12
top_hat,400,2,PLM_MC,71.75,0,0,4.3416506467105586e-11
top_hat,400,2,PLM_MC,72.25,0,0,1.7075431134959929e-09
top_hat,400,2,PLM_MC,72.75,0,0,6.7010046721360704e-08
top_hat,400,2,PLM_MC,73.25,0,0,2.6399621965789892e-06
top_hat,400,2,PLM_MC,73.75,0,0,0.00010328663391335444
top_hat,400,2,PLM_MC,74.25,0,0,0.0040912075764501961
top_hat,400,2,PLM_MC,74.75,0,0,0.15852390666293525
top_hat,400,2,PLM_MC,75.25,0,1,0.83727889040235959
top_hat,400,2,PLM_MC,75.75,0,1,1
top_hat,400,2,PLM_MC,76.25,0,1,1
top_hat,400,2,PLM_MC,76.75,0,1,1
top_hat,400,2,PLM_MC,77.25,0,1,1
top_hat,400,2,PLM_MC,77.75,0,1,1
top_hat,400,2,PLM_MC,78.25,0,1,1
top_hat,400,2,PLM_MC,78.75,0,1,1
top_hat,400,2,PLM_MC,79.25,0,1,1
top_hat,400,2,PLM_MC,79.75,0,1,1
top_hat,400,2,PLM_MC,80.25,0,1,0.99999999999999944
top_hat,400,2,PLM_MC,80.75,0,1,0.99999999999997213
top_hat,400,2,PLM_MC,81.25,0,1,0.999999999998895
top_hat,400,2,PLM_MC,81.75,0,1,0.99999999995658406
top_hat,400,2,PLM_MC,82.25,0,1,0.99999999829245723
top_hat,400,2,PLM_MC,82.75,0,1,0.99999993298995427
top_hat,400,2,PLM_MC,83.25,0,1,0.99999736003780404
top_hat,400,2,PLM_MC,83.75,0,1,0.99989671336608765
top_hat,400,2,PLM_MC,84.25,0,1,0.9959087924235519
top_hat,400,2,PLM_MC,84.75,0,1,0.84147609333706763
top_hat,400,2,PLM_MC,85.25,0,0,0.16272110959764352
top_hat,400,2,PLM_MC,85.75,0,0,-2.7354622380817614e-16
top_hat,400,2,PLM_MC,86.25,0,0,-2.5204261342678759e-16
top_hat,400,2,PLM_MC,86.75,0,0,-7.1312115028148032e-17
top_hat,400,2,PLM_MC,87.25,0,0,0
top_hat,400,2,PLM_MC,87.75,0,0,0
top_hat,400,2,PLM_MC,88.25,0,0,0
top_hat,400,2,PLM_MC,88.75,0,0,0
top_hat,400,2,PLM_MC,89.25,0,0,0
top_hat,400,2,PLM_MC,89.75,0,0,0
top_hat,400,2,PLM_MC,90.25,0,0,0
top_hat,400,2,PLM_MC,90.75,0,0,0
top_hat,400,2,PLM_MC,91.25,0,0,0
top_hat,400,2,PLM_MC,91.75,0,0,0
top_hat,400,2,PLM_MC,92.25,0,0,0
top_hat,400,2,PLM_MC,92.75,0,0,0
top_hat,400,2,PLM_MC,93.25,0,0,0
top_hat,400,2,PLM_MC,93.75,0,0,0
top_hat,400,2,PLM_MC,94.25,0,0,0
top_hat,400,2,PLM_MC,94.75,0,0,0
top_hat,400,2,PLM_MC,95.25,0,0,0
top_hat,400,2,PLM_MC,95.75,0,0,0
top_hat,400,2,PLM_MC,96.25,0,0,0
top_hat,400,2,PLM_MC,96.75,0,0,0
top_hat,400,2,PLM_MC,97.25,0,0,0
top_hat,400,2,PLM_MC,97.75,0,0,0
top_hat,400,2,PLM_MC,98.25,0,0,0
top_hat,400,2,PLM_MC,98.75,0,0,0
top_hat,400,2,PLM_MC,99.25,0,0,0
top_hat,400,2,PLM_MC,99.75,0,0,0
top_hat,400,2,PLM_MC,100.25,0,0,0
top_hat,400,2,PLM_MC,100.75,0,0,0
top_hat,400,2,PLM_MC,101.25,0,0,0
top_hat,400,2,PLM_MC,101.75,0,0,0
top_hat,400,2,PLM_MC,102.25,0,0,0
top_hat,400,2,PLM_MC,102.75,0,0,0
top_hat,400,2,PLM_MC,103.25,0,0,0
top_hat,400,2,PLM_MC,103.75,0,0,0
top_hat,400,2,PLM_MC,104.25,0,0,0
top_hat,400,2,PLM_MC,104.75,0,0,0
top_hat,400,2,PLM_MC,105.25,0,0,0
top_hat,400,2,PLM_MC,105.75,0,0,0
top_hat,400,2,PLM_MC,106.25,0,0,0
top_hat,400,2,PLM_MC,106.75,0,0,0
top_hat,400,2,PLM_MC,107.25,0,0,0
top_hat,400,2,PLM_MC,107.75,0,0,0
top_hat,400,2,PLM_MC,108.25,0,0,0
top_hat,400,2,PLM_MC,108.75,0,0,0
top_hat,400,2,PLM_MC,109.25,0,0,0
top_hat,400,2,PLM_MC,109.75,0,0,0
top_hat,400,2,PLM_MC,110.25,0,0,0
top_hat,400,2,PLM_MC,110.75,0,0,0
top_hat,400,2,PLM_MC,111.25,0,0,0
top_hat,400,2,PLM_MC,111.75,0,0,0
top_hat,400,2,PLM_MC,112.25,0,0,0
top_hat,400,2,PLM_MC,112.75,0,0,0
top_hat,400,2,PLM_MC,113.25,0,0,0
top_hat,400,2,PLM_MC,113.75,0,0,0
top_hat,400,2,PLM_MC,114.25,0,0,0
top_hat,400,2,PLM_MC,114.75,0,0,0
top_hat,400,2,PLM_MC,115.25,0,0,0
top_hat,400,2,PLM_MC,115.75,0,0,0
top_hat,400,2,PLM_MC,116.25,0,0,0
top_hat,400,2,PLM_MC,116.75,0,0,0
top_hat,400,2,PLM_MC,117.25,0,0,0
top_hat,400,2,PLM_MC,117.75,0,0,0
top_hat,400,2,PLM_MC,118.25,0,0,0
top_hat,400,2,PLM_MC,118.75,0,0,0
top_hat,400,2,PLM_MC,119.25,0,0,0
top_hat,400,2,PLM_MC,119.75,0,0,0
top_hat,400,2,PLM_MC,120.25,0,0,0
top_hat,400,2,PLM_MC,120.75,0,0,0
top_hat,400,2,PLM_MC,121.25,0,0,0
top_hat,400,2,PLM_MC,121.75,0,0,0
top_hat,400,2,PLM_MC,122.25,0,0,0
top_hat,400,2,PLM_MC,122.75,0,0,0
top_hat,400,2,PLM_MC,123.25,0,0,0
top_hat,400,2,PLM_MC,123.75,0,0,0
top_hat,400,2,PLM_MC,124.25,0,0,0
top_hat,400,2,PLM_MC,124.75,0,0,0
top_hat,400,2,PLM_MC,125.25,0,0,0
top_hat,400,2,PLM_MC,125.75,0,0,0
top_hat,400,2,PLM_MC,126.25,0,0,0
top_hat,400,2,PLM_MC,126.75,0,0,0
top_hat,400,2,PLM_MC,127.25,0,0,0
top_hat,400,2,PLM_MC,127.75,0,0,0
top_hat,400,2,PLM_MC,128.25,0,0,0
top_hat,400,2,PLM_MC,128.75,0,0,0
top_hat,400,2,PLM_MC,129.25,0,0,0
top_hat,400,2,PLM_MC,129.75,0,0,0
top_hat,400,2,PLM_MC,130.25,0,0,0
top_hat,400,2,PLM_MC,130.75,0,0,0
top_hat,400,2,PLM_MC,131.25,0,0,0
top_hat,400,2,PLM_MC,131.75,0,0,0
top_hat,400,2,PLM_MC,132.25,0,0,0
top_hat,400,2,PLM_MC,132.75,0,0,0
top_hat,400,2,PLM_MC,133.25,0,0,0
top_hat,400,2,PLM_MC,133.75,0,0,0
top_hat,400,2,PLM_MC,134.25,0,0,0
top_hat,400,2,PLM_MC,134.75,0,0,0
top_hat,400,2,PLM_MC,135.25,0,0,0
top_hat,400,2,PLM_MC,135.75,0,0,0
top_hat,400,2,PLM_MC,136.25,0,0,0
top_hat,400,2,PLM_MC,136.75,0,0,0
top_hat,400,2,PLM_MC,137.25,0,0,0
top_hat,400,2,PLM_MC,137.75,0,0,0
top_hat,400,2,PLM_MC,138.25,0,0,0
top_hat,400,2,PLM_MC,138.75,0,0,0
top_hat,400,2,PLM_MC,139.25,0,0,0
top_hat,400,2,PLM_MC,139.75,0,0,0
top_hat,400,2,PLM_MC,140.25,0,0,0
top_hat,400,2,PLM_MC,140.75,0,0,0
top_hat,400,2,PLM_MC,141.25,0,0,0
top_hat,400,2,PLM_MC,141.75,0,0,0
top_hat,400,2,PLM_MC,142.25,0,0,0
top_hat,400,2,PLM_MC,142.75,0,0,0
top_hat,400,2,PLM_MC,143.25,0,0,0
top_hat,400,2,PLM_MC,143.75,0,0,0
top_hat,400,2,PLM_MC,144.25,0,0,0
top_hat,400,2,PLM_MC,144.75,0,0,0
top_hat,400,2,PLM_MC,145.25,0,0,0
top_hat,400,2,PLM_MC,145.75,0,0,0
top_hat,400,2,PLM_MC,146.25,0,0,0
top_hat,400,2,PLM_MC,146.75,0,0,0
top_hat,400,2,PLM_MC,147.25,0,0,0
top_hat,400,2,PLM_MC,147.75,0,0,0
top_hat,400,2,PLM_MC,148.25,0,0,0
top_hat,400,2,PLM_MC,148.75,0,0,0
top_hat,400,2,PLM_MC,149.25,0,0,0
top_hat,400,2,PLM_MC,149.75,0,0,0
top_hat,400,2,PLM_MC,150.25,0,0,0
top_hat,400,2,PLM_MC,150.75,0,0,0
top_hat,400,2,PLM_MC,151.25,0,0,0
top_hat,400,2,PLM_MC,151.75,0,0,0
top_hat,400,2,PLM_MC,152.25,0,0,0
top_hat,400,2,PLM_MC,152.75,0,0,0
top_hat,400,2,PLM_MC,153.25,0,0,0
top_hat,400,2,PLM_MC,153.75,0,0,0
top_hat,400,2,PLM_MC,154.25,0,0,0
top_hat,400,2,PLM_MC,154.75,0,0,0
top_hat,400,2,PLM_MC,155.25,0,0,0
top_hat,400,2,PLM_MC,155.75,0,0,0
top_hat,400,2,PLM_MC,156.25,0,0,0
top_hat,400,2,PLM_MC,156.75,0,0,0
top_hat,400,2,PLM_MC,157.25,0,0,0
top_hat,400,2,PLM_MC,157.75,0,0,0
top_hat,400,2,PLM_MC,158.25,0,0,0
top_hat,400,2,PLM_MC,158.75,0,0,0
top_hat,400,2,PLM_MC,159.25,0,0,0
top_hat,400,2,PLM_MC,159.75,0,0,0
top_hat,400,2,PLM_MC,160.25,0,0,0
top_hat,400,2,PLM_MC,160.75,0,0,0
top_hat,400,2,PLM_MC,161.25,0,0,0
top_hat,400,2,PLM_MC,161.75,0,0,0
top_hat,400,2,PLM_MC,162.25,0,0,0
top_hat,400,2,PLM_MC,162.75,0,0,0
top_hat,400,2,PLM_MC,163.25,0,0,0
top_hat,400,2,PLM_MC,163.75,0,0,0
top_hat,400,2,PLM_MC,164.25,0,0,0
top_hat,400,2,PLM_MC,164.75,0,0,0
top_hat,400,2,PLM_MC,165.25,0,0,0
top_hat,400,2,PLM_MC,165.75,0,0,0
top_hat,400,2,PLM_MC,166.25,0,0,0
top_hat,400,2,PLM_MC,166.75,0,0,0
top_hat,400,2,PLM_MC,167.25,0,0,0
top_hat,400,2,PLM_MC,167.75,0,0,0
top_hat,400,2,PLM_MC,168.25,0,0,0
top_hat,400,2,PLM_MC,168.75,0,0,0
top_hat,400,2,PLM_MC,169.25,0,0,0
top_hat,400,2,PLM_MC,169.75,0,0,0
top_hat,400,2,PLM_MC,170.25,0,0,0
top_hat,400,2,PLM_MC,170.75,0,0,0
top_hat,400,2,PLM_MC,171.25,0,0,0
top_hat,400,2,PLM_MC,171.75,0,0,0
top_hat,400,2,PLM_MC,172.25,0,0,0
top_hat,400,2,PLM_MC,172.75,0,0,0
top_hat,400,2,PLM_MC,173.25,0,0,0
top_hat,400,2,PLM_MC,173.75,0,0,0
top_hat,400,2,PLM_MC,174.25,0,0,0
top_hat,400,2,PLM_MC,174.75,0,0,0
top_hat,400,2,PLM_MC,175.25,0,0,0
top_hat,400,2,PLM_MC,175.75,0,0,0
top_hat,400,2,PLM_MC,176.25,0,0,0
top_hat,400,2,PLM_MC,176.75,0,0,0
top_hat,400,2,PLM_MC,177.25,0,0,0
top_hat,400,2,PLM_MC,177.75,0,0,0
top_hat,400,2,PLM_MC,178.25,0,0,0
top_hat,400,2,PLM_MC,178.75,0,0,0
top_hat,400,2,PLM_MC,179.25,0,0,0
top_hat,400,2,PLM_MC,179.75,0,0,0
top_hat,400,2,PLM_MC,180.25,0,0,0
top_hat,400,2,PLM_MC,180.75,0,0,0
top_hat,400,2,PLM_MC,181.25,0,0,0
top_hat,400,2,PLM_MC,181.75,0,0,0
top_hat,400,2,PLM_MC,182.25,0,0,0
top_hat,400,2,PLM_MC,182.75,0,0,0
top_hat,400,2,PLM_MC,183.25,0,0,0
top_hat,400,2,PLM_MC,183.75,0,0,0
top_hat,400,2,PLM_MC,184.25,0,0,0
top_hat,400,2,PLM_MC,184.75,0,0,0
top_hat,400,2,PLM_MC,185.25,0,0,0
top_hat,400,2,PLM_MC,185.75,0,0,0
top_hat,400,2,PLM_MC,186.25,0,0,0
top_hat,400,2,PLM_MC,186.75,0,0,0
top_hat,400,2,PLM_MC,187.25,0,0,0
top_hat,400,2,PLM_MC,187.75,0,0,0
top_hat,400,2,PLM_MC,188.25,0,0,0
top_hat,400,2,PLM_MC,188.75,0,0,0
top_hat,400,2,PLM_MC,189.25,0,0,0
top_hat,400,2,PLM_MC,189.75,0,0,0
top_hat,400,2,PLM_MC,190.25,0,0,0
top_hat,400,2,PLM_MC,190.75,0,0,0
top_hat,400,2,PLM_MC,191.25,0,0,0
top_hat,400,2,PLM_MC,191.75,0,0,0
top_hat,400,2,PLM_MC,192.25,0,0,0
top_hat,400,2,PLM_MC,192.75,0,0,0
top_hat,400,2,PLM_MC,193.25,0,0,0
top_hat,400,2,PLM_MC,193.75,0,0,0
top_hat,400,2,PLM_MC,194.25,0,0,0
top_hat,400,2,PLM_MC,194.75,0,0,0
top_hat,400,2,PLM_MC,195.25,0,0,0
top_hat,400,2,PLM_MC,195.75,0,0,0
top_hat,400,2,PLM_MC,196.25,0,0,0
top_hat,400,2,PLM_MC,196.75,0,0,0
top_hat,400,2,PLM_MC,197.25,0,0,0
top_hat,400,2,PLM_MC,197.75,0,0,0
top_hat,400,2,PLM_MC,198.25,0,0,0
top_hat,400,2,PLM_MC,198.75,0,0,0
top_hat,400,2,PLM_MC,199.25,0,0,0
top_hat,400,2,PLM_MC,199.75,0,0,0
