profile,nz,dt,scheme,z,initial,exact,numerical
gaussian,200,0.10000000000000001,vanLeer_FE,0.5,4.0319648328398961e-42,3.9461819357718733e-303,6.0463004375674703e-64
gaussian,200,0.10000000000000001,vanLeer_FE,1.5,2.3495028369634597e-39,1.5056620395625786e-295,3.8286633358193673e-61
gaussian,200,0.10000000000000001,vanLeer_FE,2.5,1.0975511372095965e-36,4.6008607253322257e-288,1.8315323849649255e-58
gaussian,200,0.10000000000000001,vanLeer_FE,3.5,4.1104854473094294e-34,1.1259360137484322e-280,7.0415248524611917e-56
gaussian,200,0.10000000000000001,vanLeer_FE,4.5,1.2342785224088351e-31,2.2067508129560438e-273,2.1839886899213137e-53
gaussian,200,0.10000000000000001,vanLeer_FE,5.5,2.9717983121251882e-29,3.4638560906697508e-266,5.4735166862849675e-51
gaussian,200,0.10000000000000001,vanLeer_FE,6.5,5.7378388747034871e-27,4.3544712450299474e-259,1.1104861054903783e-48
gaussian,200,0.10000000000000001,vanLeer_FE,7.5,8.8846316733736166e-25,4.3841178589285109e-252,1.8278672136313498e-46
gaussian,200,0.10000000000000001,vanLeer_FE,8.5,1.1034033630235094e-22,3.5351063070103485e-245,2.4473474831050241e-44
gaussian,200,0.10000000000000001,vanLeer_FE,9.5,1.0992014343435166e-20,2.2829613083390864e-238,2.6736469360776728e-42
gaussian,200,0.10000000000000001,vanLeer_FE,10.5,8.7844644713825308e-19,1.1807906115914703e-231,2.391771436705078e-40
gaussian,200,0.10000000000000001,vanLeer_FE,11.5,5.6324560613763466e-17,4.8913423211149546e-225,1.7570901058366228e-38
gaussian,200,0.10000000000000001,vanLeer_FE,12.5,2.897856440858993e-15,1.6228064393540392e-218,1.0363590108232168e-36
gaussian,200,0.10000000000000001,vanLeer_FE,13.5,1.1964839192313295e-13,4.3121283107197259e-212,4.1937465247517884e-35
gaussian,200,0.10000000000000001,vanLeer_FE,14.5,3.9650113373952613e-12,9.1771078118665972e-206,1.1603604137146804e-33
gaussian,200,0.10000000000000001,vanLeer_FE,15.5,1.0547466195306394e-10,1.5642719215530576e-199,2.3386443864589692e-32
gaussian,200,0.10000000000000001,vanLeer_FE,16.5,2.2525693567795984e-09,2.1355715051143688e-193,3.6436538270611495e-31
gaussian,200,0.10000000000000001,vanLeer_FE,17.5,3.8627435570099709e-08,2.3351499952916222e-187,4.5924729916782183e-30
gaussian,200,0.10000000000000001,vanLeer_FE,18.5,5.3194075013792053e-07,2.0451150777349032e-181,4.8440112369261057e-29
gaussian,200,0.10000000000000001,vanLeer_FE,19.5,5.8835894690706761e-06,1.4345863722220529e-175,4.3866330676477213e-28
gaussian,200,0.10000000000000001,vanLeer_FE,20.5,5.2275059923927003e-05,8.0601939842523253e-170,3.478647553780627e-27
gaussian,200,0.10000000000000001,vanLeer_FE,21.5,0.00037314677268319925,3.6272558146092636e-164,2.4536564426831155e-26
gaussian,200,0.10000000000000001,vanLeer_FE,22.5,0.00214020507078222,1.3074618903550522e-158,1.5587718848413209e-25
gaussian,200,0.10000000000000001,vanLeer_FE,23.5,0.0098645206478332349,3.7748746948656425e-153,9.0107157103111639e-25
gaussian,200,0.10000000000000001,vanLeer_FE,24.5,0.036541946733464482,8.7297822633204655e-148,4.7799055974340655e-24
gaussian,200,0.10000000000000001,vanLeer_FE,25.5,0.10880468515692684,1.6170990853143237e-142,2.3433520210493073e-23
gaussian,200,0.10000000000000001,vanLeer_FE,26.5,0.26042514195959271,2.3994264868698216e-137,1.0680976917165878e-22
gaussian,200,0.10000000000000001,vanLeer_FE,27.5,0.5011065019554406,2.8518153653906486e-132,4.5493723693411287e-22
gaussian,200,0.10000000000000001,vanLeer_FE,28.5,0.77520033314678272,2.7150907736160399e-127,1.8186837056704469e-21
gaussian,200,0.10000000000000001,vanLeer_FE,29.5,0.96416556333505776,2.0706299308123932e-122,6.849654740565383e-21
gaussian,200,0.10000000000000001,vanLeer_FE,30.5,0.96416556333505798,1.2649762087967003e-117,2.4384514297875626e-20
gaussian,200,0.10000000000000001,vanLeer_FE,31.5,0.77520033314678238,6.1905738060358609e-113,8.2289687652523495e-20
gaussian,200,0.10000000000000001,vanLeer_FE,32.5,0.50110650195544038,2.4269201775492884e-108,2.639174378732901e-19
gaussian,200,0.10000000000000001,vanLeer_FE,33.5,0.26042514195959271,7.6219119829446566e-104,8.0624226792152315e-19
gaussian,200,0.10000000000000001,vanLeer_FE,34.5,0.10880468515692684,1.9176286730812131e-99,2.3508202414984784e-18
gaussian,200,0.10000000000000001,vanLeer_FE,35.5,0.036541946733464482,3.8651475082034861e-95,6.5542999964164243e-18
gaussian,200,0.10000000000000001,vanLeer_FE,36.5,0.0098645206478332349,6.2413421967517473e-91,1.7503002919108527e-17
gaussian,200,0.10000000000000001,vanLeer_FE,37.5,0.00214020507078222,8.0744004367222386e-87,4.4838131586388251e-17
gaussian,200,0.10000000000000001,vanLeer_FE,38.5,0.00037314677268319925,8.3690007569314962e-83,1.1034611436720178e-16
gaussian,200,0.10000000000000001,vanLeer_FE,39.5,5.2275059923927003e-05,6.9499126742802303e-79,2.6123986609147565e-16
gaussian,200,0.10000000000000001,vanLeer_FE,40.5,5.8835894690706761e-06,4.6242325190392664e-75,5.9578063977737662e-16
gaussian,200,0.10000000000000001,vanLeer_FE,41.5,5.3194075013792053e-07,2.4652873707848446e-71,1.3107302514179815e-15
gaussian,200,0.10000000000000001,vanLeer_FE,42.5,3.8627435570099709e-08,1.0531177035127619e-67,2.7861558424613236e-15
gaussian,200,0.10000000000000001,vanLeer_FE,43.5,2.2525693567795984e-09,3.604812134010428e-64,5.7330733479082163e-15
gaussian,200,0.10000000000000001,vanLeer_FE,44.5,1.0547466195306394e-10,9.8878225702524618e-61,1.1448087624135076e-14
gaussian,200,0.10000000000000001,vanLeer_FE,45.5,3.9650113373952613e-12,2.1734421815275004e-57,2.2260749633537817e-14
gaussian,200,0.10000000000000001,vanLeer_FE,46.5,1.1964839192313295e-13,3.8286286709321121e-54,4.236865803126617e-14
gaussian,200,0.10000000000000001,vanLeer_FE,47.5,2.897856440858993e-15,5.4051257058224677e-51,7.9595722640088614e-14
gaussian,200,0.10000000000000001,vanLeer_FE,48.5,5.6324560613763466e-17,6.1158503701640189e-48,1.4999503775565819e-13
gaussian,200,0.10000000000000001,vanLeer_FE,49.5,8.7844644713825308e-19,5.5465005312857341e-45,2.9586783274388601e-13
gaussian,200,0.10000000000000001,vanLeer_FE,50.5,1.0992014343435166e-20,4.0319648328398961e-42,6.8876984261598305e-13
gaussian,200,0.10000000000000001,vanLeer_FE,51.5,1.1034033630235094e-22,2.3495028369634597e-39,2.1831008371343897e-12
gaussian,200,0.10000000000000001,vanLeer_FE,52.5,8.8846316733736166e-25,1.0975511372095965e-36,8.7899035190384103e-12
gaussian,200,0.10000000000000001,vanLeer_FE,53.5,5.7378388747034871e-27,4.1104854473094294e-34,3.8085707328035537e-11
gaussian,200,0.10000000000000001,vanLeer_FE,54.5,2.971798312125173e-29,1.2342785224088959e-31,1.6348468382403387e-10
gaussian,200,0.10000000000000001,vanLeer_FE,55.500000000000007,1.2342785224087919e-31,2.9717983121253238e-29,6.7834484468571234e-10
gaussian,200,0.10000000000000001,vanLeer_FE,56.5,4.1104854473092387e-34,5.7378388747034046e-27,2.7043158060449134e-09
gaussian,200,0.10000000000000001,vanLeer_FE,57.499999999999993,1.0975511372096371e-36,8.8846316733732897e-25,1.034458074213799e-08
gaussian,200,0.10000000000000001,vanLeer_FE,58.5,2.3495028369635919e-39,1.1034033630235007e-22,3.7958826660899648e-08
gaussian,200,0.10000000000000001,vanLeer_FE,59.5,4.0319648328398961e-42,1.0992014343435166e-20,1.3361722092099468e-07
gaussian,200,0.10000000000000001,vanLeer_FE,60.5,5.5465005312857341e-45,8.7844644713825308e-19,4.5122229459359619e-07
gaussian,200,0.10000000000000001,vanLeer_FE,61.5,6.1158503701640189e-48,5.6324560613763466e-17,1.4619358127292253e-06
gaussian,200,0.10000000000000001,vanLeer_FE,62.5,5.4051257058224677e-51,2.897856440858993e-15,4.5446693177997569e-06
gaussian,200,0.10000000000000001,vanLeer_FE,63.5,3.8286286709321121e-54,1.1964839192313295e-13,1.3555912237291428e-05
gaussian,200,0.10000000000000001,vanLeer_FE,64.5,2.1734421815275004e-57,3.9650113373952613e-12,3.8797700310448969e-05
gaussian,200,0.10000000000000001,vanLeer_FE,65.5,9.8878225702524618e-61,1.0547466195306394e-10,0.00010653785415510862
gaussian,200,0.10000000000000001,vanLeer_FE,66.5,3.604812134010428e-64,2.2525693567795984e-09,0.00028064081910273597
gaussian,200,0.10000000000000001,vanLeer_FE,67.5,1.0531177035127619e-67,3.8627435570099709e-08,0.00070895206362206996
gaussian,200,0.10000000000000001,vanLeer_FE,68.5,2.4652873707848446e-71,5.3194075013792053e-07,0.0017167040788564944
gaussian,200,0.10000000000000001,vanLeer_FE,69.5,4.6242325190392664e-75,5.8835894690706761e-06,0.0039818239884948326
gaussian,200,0.10000000000000001,vanLeer_FE,70.5,6.9499126742802303e-79,5.2275059923927003e-05,0.0088379338104011829
gaussian,200,0.10000000000000001,vanLeer_FE,71.5,8.3690007569314962e-83,0.00037314677268319925,0.01874674061662689
gaussian,200,0.10000000000000001,vanLeer_FE,72.5,8.0744004367222386e-87,0.00214020507078222,0.037935001418279039
gaussian,200,0.10000000000000001,vanLeer_FE,73.5,6.2413421967517473e-91,0.0098645206478332349,0.073054312245050032
gaussian,200,0.10000000000000001,vanLeer_FE,74.5,3.8651475082034861e-95,0.036541946733464482,0.1333955084592198
gaussian,200,0.10000000000000001,vanLeer_FE,75.5,1.9176286730812131e-99,0.10880468515692684,0.22931356259471333
gaussian,200,0.10000000000000001,vanLeer_FE,76.5,7.6219119829446566e-104,0.26042514195959271,0.36471616789729566
gaussian,200,0.10000000000000001,vanLeer_FE,77.5,2.4269201775492884e-108,0.50110650195544038,0.51474467209852948
gaussian,200,0.10000000000000001,vanLeer_FE,78.5,6.1905738060358609e-113,0.77520033314678238,0.60929147268683415
gaussian,200,0.10000000000000001,vanLeer_FE,79.5,1.2649762087967003e-117,0.96416556333505798,0.62563338444262928
gaussian,200,0.10000000000000001,vanLeer_FE,80.5,2.0706299308123932e-122,0.96416556333505798,0.62199609275547407
gaussian,200,0.10000000000000001,vanLeer_FE,81.5,2.7150907736160399e-127,0.77520033314678238,0.60114789041055305
gaussian,200,0.10000000000000001,vanLeer_FE,82.5,2.8518153653906486e-132,0.50110650195544038,0.54526245384423411
gaussian,200,0.10000000000000001,vanLeer_FE,83.5,2.3994264868698216e-137,0.26042514195959271,0.44196188673871317
gaussian,200,0.10000000000000001,vanLeer_FE,84.5,1.6170990853143237e-142,0.10880468515692684,0.29646860930412566
gaussian,200,0.10000000000000001,vanLeer_FE,85.5,8.7297822633204655e-148,0.036541946733464482,0.14371244497822183
gaussian,200,0.10000000000000001,vanLeer_FE,86.5,3.7748746948656425e-153,0.0098645206478332349,0.039744602304987144
gaussian,200,0.10000000000000001,vanLeer_FE,87.5,1.3074618903550522e-158,0.00214020507078222,0.0044147462878027146
gaussian,200,0.10000000000000001,vanLeer_FE,88.5,3.6272558146092636e-164,0.00037314677268319925,0.00012974419836591841
gaussian,200,0.10000000000000001,vanLeer_FE,89.5,8.0601939842523253e-170,5.2275059923927003e-05,6.6942560133655871e-07
gaussian,200,0.10000000000000001,vanLeer_FE,90.5,1.4345863722220529e-175,5.8835894690706761e-06,4.2537831924515333e-10
gaussian,200,0.10000000000000001,vanLeer_FE,91.5,2.0451150777349032e-181,5.3194075013792053e-07,1.7392063587728388e-12
gaussian,200,0.10000000000000001,vanLeer_FE,92.5,2.3351499952916222e-187,3.8627435570099709e-08,1.5955860035920627e-12
gaussian,200,0.10000000000000001,vanLeer_FE,93.5,2.1355715051143688e-193,2.2525693567795984e-09,1.4226300642757328e-12
gaussian,200,0.10000000000000001,vanLeer_FE,94.5,1.5642719215530576e-199,1.0547466195306394e-10,1.2507921110791806e-12
gaussian,200,0.10000000000000001,vanLeer_FE,95.5,9.1771078118665972e-206,3.9650113373952613e-12,1.0888678470243318e-12
gaussian,200,0.10000000000000001,vanLeer_FE,96.5,4.3121283107197259e-212,1.1964839192313295e-13,9.3820958866211875e-13
gaussian,200,0.10000000000000001,vanLeer_FE,97.5,1.6228064393540392e-218,2.897856440858993e-15,7.9954609886457791e-13
gaussian,200,0.10000000000000001,vanLeer_FE,98.5,4.8913423211149546e-225,5.6324560613763466e-17,6.7353803981869626e-13
gaussian,200,0.10000000000000001,vanLeer_FE,99.5,1.1807906115914703e-231,8.7844644713825308e-19,5.6062718238104235e-13
gaussian,200,0.10000000000000001,vanLeer_FE,100.5,2.2829613083390864e-238,1.0992014343435166e-20,4.6094205878706344e-13
gaussian,200,0.10000000000000001,vanLeer_FE,101.5,3.5351063070103485e-245,1.1034033630235094e-22,3.7426805841352347e-13
gaussian,200,0.10000000000000001,vanLeer_FE,102.5,4.3841178589285109e-252,8.8846316733736166e-25,3.0006548757781044e-13
gaussian,200,0.10000000000000001,vanLeer_FE,103.5,4.3544712450299474e-259,5.7378388747034871e-27,2.3752038732522639e-13
gaussian,200,0.10000000000000001,vanLeer_FE,104.5,3.4638560906697508e-266,2.9717983121251882e-29,1.8561345362278656e-13
gaussian,200,0.10000000000000001,vanLeer_FE,105.5,2.2067508129560438e-273,1.2342785224088351e-31,1.4319499840616715e-13
gaussian,200,0.10000000000000001,vanLeer_FE,106.5,1.1259360137484322e-280,4.1104854473094294e-34,1.0905697802199217e-13
gaussian,200,0.10000000000000001,vanLeer_FE,107.5,4.6008607253322257e-288,1.0975511372095965e-36,8.1996003832196895e-14
gaussian,200,0.10000000000000001,vanLeer_FE,108.5,1.5056620395625464e-295,2.3495028369634222e-39,6.0863810301996163e-14
gaussian,200,0.10000000000000001,vanLeer_FE,109.50000000000001,3.9461819357704376e-303,4.0319648328394793e-42,4.4603825121099053e-14
gaussian,200,0.10000000000000001,vanLeer_FE,110.50000000000001,8.2829705159623653e-311,5.5465005312851709e-45,3.2274189012173683e-14
gaussian,200,0.10000000000000001,vanLeer_FE,111.50000000000001,1.3923609811404258e-318,6.1158503701635364e-48,2.3058765194917123e-14
gaussian,200,0.10000000000000001,vanLeer_FE,112.5,0,5.4051257058220226e-51,1.6268372343316027e-14
gaussian,200,0.10000000000000001,vanLeer_FE,113.49999999999999,0,3.8286286709325624e-54,1.1334736284078681e-14
gaussian,200,0.10000000000000001,vanLeer_FE,114.49999999999999,0,2.1734421815277523e-57,7.7995843652124927e-15
gaussian,200,0.10000000000000001,vanLeer_FE,115.49999999999999,0,9.8878225702533351e-61,5.3010129446005264e-15
gaussian,200,0.10000000000000001,vanLeer_FE,116.5,0,3.6048121340108328e-64,3.5588457763156179e-15
gaussian,200,0.10000000000000001,vanLeer_FE,117.5,0,1.0531177035127619e-67,2.3602531231630706e-15
gaussian,200,0.10000000000000001,vanLeer_FE,118.5,0,2.4652873707848446e-71,1.5464782973045238e-15
gaussian,200,0.10000000000000001,vanLeer_FE,119.5,0,4.6242325190392664e-75,1.0011566486070118e-15
gaussian,200,0.10000000000000001,vanLeer_FE,120.5,0,6.9499126742802303e-79,6.4042846521900062e-16
gaussian,200,0.10000000000000001,vanLeer_FE,121.5,0,8.3690007569314962e-83,4.0484359108756504e-16
gaussian,200,0.10000000000000001,vanLeer_FE,122.5,0,8.0744004367222386e-87,2.5292386755449261e-16
gaussian,200,0.10000000000000001,vanLeer_FE,123.5,0,6.2413421967517473e-91,1.5617670799228427e-16
gaussian,200,0.10000000000000001,vanLeer_FE,124.5,0,3.8651475082034861e-95,9.5324543418519855e-17
gaussian,200,0.10000000000000001,vanLeer_FE,125.5,0,1.9176286730812131e-99,5.7516628993857243e-17
gaussian,200,0.10000000000000001,vanLeer_FE,126.5,0,7.6219119829446566e-104,3.4309990582943852e-17
gaussian,200,0.10000000000000001,vanLeer_FE,127.5,0,2.4269201775492884e-108,2.0235994685615217e-17
gaussian,200,0.10000000000000001,vanLeer_FE,128.5,0,6.1905738060358609e-113,1.1801673924147452e-17
gaussian,200,0.10000000000000001,vanLeer_FE,129.5,0,1.2649762087967003e-117,6.8063780096144035e-18
gaussian,200,0.10000000000000001,vanLeer_FE,130.5,0,2.0706299308123932e-122,3.8822204046848196e-18
gaussian,200,0.10000000000000001,vanLeer_FE,131.5,0,2.7150907736160399e-127,2.1901516675989623e-18
gaussian,200,0.10000000000000001,vanLeer_FE,132.5,0,2.8518153653906486e-132,1.2221828985046663e-18
gaussian,200,0.10000000000000001,vanLeer_FE,133.5,0,2.3994264868698216e-137,6.7468995746488387e-19
gaussian,200,0.10000000000000001,vanLeer_FE,134.5,0,1.6170990853143237e-142,3.6848194464789072e-19
gaussian,200,0.10000000000000001,vanLeer_FE,135.5,0,8.7297822633204655e-148,1.9911768763606295e-19
gaussian,200,0.10000000000000001,vanLeer_FE,136.5,0,3.7748746948656425e-153,1.0646888070937799e-19
gaussian,200,0.10000000000000001,vanLeer_FE,137.5,0,1.3074618903550522e-158,5.6336792544585507e-20
gaussian,200,0.10000000000000001,vanLeer_FE,138.5,0,3.6272558146092636e-164,2.9502258623154744e-20
gaussian,200,0.10000000000000001,vanLeer_FE,139.5,0,8.0601939842523253e-170,1.5291462736443663e-20
gaussian,200,0.10000000000000001,vanLeer_FE,140.5,0,1.4345863722220529e-175,7.8453089110555097e-21
gaussian,200,0.10000000000000001,vanLeer_FE,141.5,0,2.0451150777349032e-181,3.9845077692645923e-21
gaussian,200,0.10000000000000001,vanLeer_FE,142.5,0,2.3351499952916222e-187,2.0034521860721791e-21
gaussian,200,0.10000000000000001,vanLeer_FE,143.5,0,2.1355715051143688e-193,9.9737554456285477e-22
gaussian,200,0.10000000000000001,vanLeer_FE,144.5,0,1.5642719215530576e-199,4.9164237534392141e-22
gaussian,200,0.10000000000000001,vanLeer_FE,145.5,0,9.1771078118665972e-206,2.3998597246506389e-22
gaussian,200,0.10000000000000001,vanLeer_FE,146.5,0,4.3121283107197259e-212,1.160120530380418e-22
gaussian,200,0.10000000000000001,vanLeer_FE,147.5,0,1.6228064393540392e-218,5.5543784706736182e-23
gaussian,200,0.10000000000000001,vanLeer_FE,148.5,0,4.8913423211149546e-225,2.6340072045054035e-23
gaussian,200,0.10000000000000001,vanLeer_FE,149.5,0,1.1807906115914703e-231,1.2373177505377885e-23
gaussian,200,0.10000000000000001,vanLeer_FE,150.5,0,2.2829613083390864e-238,5.7578667467377667e-24
gaussian,200,0.10000000000000001,vanLeer_FE,151.5,0,3.5351063070103485e-245,2.6545503325057428e-24
gaussian,200,0.10000000000000001,vanLeer_FE,152.5,0,4.3841178589285109e-252,1.2125560684672185e-24
gaussian,200,0.10000000000000001,vanLeer_FE,153.5,0,4.3544712450299474e-259,5.4881546613188225e-25
gaussian,200,0.10000000000000001,vanLeer_FE,154.5,0,3.4638560906697508e-266,2.4614796495281536e-25
gaussian,200,0.10000000000000001,vanLeer_FE,155.5,0,2.2067508129560438e-273,1.094064465873992e-25
gaussian,200,0.10000000000000001,vanLeer_FE,156.5,0,1.1259360137484322e-280,4.8194480383936905e-26
gaussian,200,0.10000000000000001,vanLeer_FE,157.5,0,4.6008607253322257e-288,2.10421445711303e-26
gaussian,200,0.10000000000000001,vanLeer_FE,158.5,0,1.5056620395625786e-295,9.1064939095958494e-27
gaussian,200,0.10000000000000001,vanLeer_FE,159.5,0,3.9461819357718733e-303,3.9067058743160159e-27
gaussian,200,0.10000000000000001,vanLeer_FE,160.5,0,8.2829705159638475e-311,1.6614909041378024e-27
gaussian,200,0.10000000000000001,vanLeer_FE,161.5,0,1.3923609811404258e-318,7.0055462353917916e-28
gaussian,200,0.10000000000000001,vanLeer_FE,162.5,0,0,2.9286770840915635e-28
gaussian,200,0.10000000000000001,vanLeer_FE,163.5,0,0,1.2139889000947664e-28
gaussian,200,0.10000000000000001,vanLeer_FE,164.5,0,0,4.9899891897003917e-29
gaussian,200,0.10000000000000001,vanLeer_FE,165.5,0,0,2.0340129277558772e-29
gaussian,200,0.10000000000000001,vanLeer_FE,166.5,0,0,8.2225063569735381e-30
gaussian,200,0.10000000000000001,vanLeer_FE,167.5,0,0,3.296688874151802e-30
gaussian,200,0.10000000000000001,vanLeer_FE,168.5,0,0,1.3109961555428149e-30
gaussian,200,0.10000000000000001,vanLeer_FE,169.5,0,0,5.1713116388603811e-31
gaussian,200,0.10000000000000001,vanLeer_FE,170.5,0,0,2.0234925933916568e-31
gaussian,200,0.10000000000000001,vanLeer_FE,171.5,0,0,7.8546996430348571e-32
gaussian,200,0.10000000000000001,vanLeer_FE,172.5,0,0,3.0248908172604024e-32
gaussian,200,0.10000000000000001,vanLeer_FE,173.5,0,0,1.1557575855752193e-32
gaussian,200,0.10000000000000001,vanLeer_FE,174.5,0,0,4.3815237873846802e-33
gaussian,200,0.10000000000000001,vanLeer_FE,175.5,0,0,1.6481968877490918e-33
gaussian,200,0.10000000000000001,vanLeer_FE,176.5,0,0,6.1523680128563523e-34
gaussian,200,0.10000000000000001,vanLeer_FE,177.5,0,0,2.2790209333591429e-34
gaussian,200,0.10000000000000001,vanLeer_FE,178.5,0,0,8.3781918662701505e-35
gaussian,200,0.10000000000000001,vanLeer_FE,179.5,0,0,3.0568290441698563e-35
gaussian,200,0.10000000000000001,vanLeer_FE,180.5,0,0,1.1069638734769109e-35
gaussian,200,0.10000000000000001,vanLeer_FE,181.5,0,0,3.9788675598709495e-36
gaussian,200,0.10000000000000001,vanLeer_FE,182.5,0,0,1.419617232687162e-36
gaussian,200,0.10000000000000001,vanLeer_FE,183.5,0,0,5.0279448437568201e-37
gaussian,200,0.10000000000000001,vanLeer_FE,184.5,0,0,1.7678224754910107e-37
gaussian,200,0.10000000000000001,vanLeer_FE,185.5,0,0,6.1707345895192492e-38
gaussian,200,0.10000000000000001,vanLeer_FE,186.5,0,0,2.1384842174059985e-38
gaussian,200,0.10000000000000001,vanLeer_FE,187.5,0,0,7.358119340630264e-39
gaussian,200,0.10000000000000001,vanLeer_FE,188.5,0,0,2.5138512132643807e-39
gaussian,200,0.10000000000000001,vanLeer_FE,189.5,0,0,8.527944936862472e-40
gaussian,200,0.10000000000000001,vanLeer_FE,190.5,0,0,2.8727718687678677e-40
gaussian,200,0.10000000000000001,vanLeer_FE,191.5,0,0,9.6101338043901593e-41
gaussian,200,0.10000000000000001,vanLeer_FE,192.5,0,0,3.1926303480325811e-41
gaussian,200,0.10000000000000001,vanLeer_FE,193.5,0,0,1.0533625464585577e-41
gaussian,200,0.10000000000000001,vanLeer_FE,194.5,0,0,3.4517237131246707e-42
gaussian,200,0.10000000000000001,vanLeer_FE,195.5,0,0,1.1234189690668871e-42
gaussian,200,0.10000000000000001,vanLeer_FE,196.5,0,0,3.6317293611974691e-43
gaussian,200,0.10000000000000001,vanLeer_FE,197.5,0,0,1.1661902307601797e-43
gaussian,200,0.10000000000000001,vanLeer_FE,198.5,0,0,3.7198677167374978e-44
gaussian,200,0.10000000000000001,vanLeer_FE,199.5,0,0,1.1787060921719539e-44
gaussian,200,0.10000000000000001,vanLeer_SSPRK2,0.5,4.0319648328398961e-42,3.9461819357718733e-303,7.7831836415946756e-64
gaussian,200,0.10000000000000001,vanLeer_SSPRK2,1.5,2.3495028369634597e-39,1.5056620395625786e-295,4.9245491376976423e-61
gaussian,200,0.10000000000000001,vanLeer_SSPRK2,2.5,1.0975511372095965e-36,4.6008607253322257e-288,2.3551667482274654e-58
gaussian,200,0.10000000000000001,vanLeer_SSPRK2,3.5,4.1104854473094294e-34,1.1259360137484322e-280,9.0523520964053988e-56
gaussian,200,0.10000000000000001,vanLeer_SSPRK2,4.5,1.2342785224088351e-31,2.2067508129560438e-273,2.8067778525925148e-53
gaussian,200,0.10000000000000001,vanLeer_SSPRK2,5.5,2.9717983121251882e-29,3.4638560906697508e-266,7.0316250205795334e-51
gaussian,200,0.10000000000000001,vanLeer_SSPRK2,6.5,5.7378388747034871e-27,4.3544712450299474e-259,1.4259231006427954e-48
gaussian,200,0.10000000000000001,vanLeer_SSPRK2,7.5,8.8846316733736166e-25,4.3841178589285109e-252,2.3457187327857624e-46
gaussian,200,0.10000000000000001,vanLeer_SSPRK2,8.5,1.1034033630235094e-22,3.5351063070103485e-245,3.1384939505039774e-44
gaussian,200,0.10000000000000001,vanLeer_SSPRK2,9.5,1.0992014343435166e-20,2.2829613083390864e-238,3.4257890515272003e-42
gaussian,200,0.10000000000000001,vanLeer_SSPRK2,10.5,8.7844644713825308e-19,1.1807906115914703e-231,3.0614939532153587e-40
gaussian,200,0.10000000000000001,vanLeer_SSPRK2,11.5,5.6324560613763466e-17,4.8913423211149546e-225,2.2463739036149826e-38
gaussian,200,0.10000000000000001,vanLeer_SSPRK2,12.5,2.897856440858993e-15,1.6228064393540392e-218,1.3230682788187753e-36
gaussian,200,0.10000000000000001,vanLeer_SSPRK2,13.5,1.1964839192313295e-13,4.3121283107197259e-212,5.3397634380963281e-35
gaussian,200,0.10000000000000001,vanLeer_SSPRK2,14.5,3.9650113373952613e-12,9.1771078118665972e-206,1.4714220749769835e-33
gaussian,200,0.10000000000000001,vanLeer_SSPRK2,15.5,1.0547466195306394e-10,1.5642719215530576e-199,2.9510788913127685e-32
gaussian,200,0.10000000000000001,vanLeer_SSPRK2,16.5,2.2525693567795984e-09,2.1355715051143688e-193,4.5737452847510573e-31
gaussian,200,0.10000000000000001,vanLeer_SSPRK2,17.5,3.8627435570099709e-08,2.3351499952916222e-187,5.7340528407743908e-30
gaussian,200,0.10000000000000001,vanLeer_SSPRK2,18.5,5.3194075013792053e-07,2.0451150777349032e-181,6.0163066891354093e-29
gaussian,200,0.10000000000000001,vanLeer_SSPRK2,19.5,5.8835894690706761e-06,1.4345863722220529e-175,5.4204535081773379e-28
gaussian,200,0.10000000000000001,vanLeer_SSPRK2,20.5,5.2275059923927003e-05,8.0601939842523253e-170,4.2774796710552792e-27
gaussian,200,0.10000000000000001,vanLeer_SSPRK2,21.5,0.00037314677268319925,3.6272558146092636e-164,3.0031137206406567e-26
gaussian,200,0.10000000000000001,vanLeer_SSPRK2,22.5,0.00214020507078222,1.3074618903550522e-158,1.8994803266405612e-25
gaussian,200,0.10000000000000001,vanLeer_SSPRK2,23.5,0.0098645206478332349,3.7748746948656425e-153,1.093504765133591e-24
gaussian,200,0.10000000000000001,vanLeer_SSPRK2,24.5,0.036541946733464482,8.7297822633204655e-148,5.7783280731405647e-24
gaussian,200,0.10000000000000001,vanLeer_SSPRK2,25.5,0.10880468515692684,1.6170990853143237e-142,2.8225963344992496e-23
gaussian,200,0.10000000000000001,vanLeer_SSPRK2,26.5,0.26042514195959271,2.3994264868698216e-137,1.2821830284409592e-22
gaussian,200,0.10000000000000001,vanLeer_SSPRK2,27.5,0.5011065019554406,2.8518153653906486e-132,5.4438870926264735e-22
gaussian,200,0.10000000000000001,vanLeer_SSPRK2,28.5,0.77520033314678272,2.7150907736160399e-127,2.1697758491782694e-21
gaussian,200,0.10000000000000001,vanLeer_SSPRK2,29.5,0.96416556333505776,2.0706299308123932e-122,8.1488932313064023e-21
gaussian,200,0.10000000000000001,vanLeer_SSPRK2,30.5,0.96416556333505798,1.2649762087967003e-117,2.8932074724046157e-20
gaussian,200,0.10000000000000001,vanLeer_SSPRK2,31.5,0.77520033314678238,6.1905738060358609e-113,9.7387118690333759e-20
gaussian,200,0.10000000000000001,vanLeer_SSPRK2,32.5,0.50110650195544038,2.4269201775492884e-108,3.1157511677318446e-19
gaussian,200,0.10000000000000001,vanLeer_SSPRK2,33.5,0.26042514195959271,7.6219119829446566e-104,9.4960005157876504e-19
gaussian,200,0.10000000000000001,vanLeer_SSPRK2,34.5,0.10880468515692684,1.9176286730812131e-99,2.7625628737779979e-18
gaussian,200,0.10000000000000001,vanLeer_SSPRK2,35.5,0.036541946733464482,3.8651475082034861e-95,7.6854659672564631e-18
gaussian,200,0.10000000000000001,vanLeer_SSPRK2,36.5,0.0098645206478332349,6.2413421967517473e-91,2.0480425462210355e-17
gaussian,200,0.10000000000000001,vanLeer_SSPRK2,37.5,0.00214020507078222,8.0744004367222386e-87,5.2358505000468688e-17
gaussian,200,0.10000000000000001,vanLeer_SSPRK2,38.5,0.00037314677268319925,8.3690007569314962e-83,1.2860042885407933e-16
gaussian,200,0.10000000000000001,vanLeer_SSPRK2,39.5,5.2275059923927003e-05,6.9499126742802303e-79,3.0388372459684582e-16
gaussian,200,0.10000000000000001,vanLeer_SSPRK2,40.5,5.8835894690706761e-06,4.6242325190392664e-75,6.918049493283242e-16
gaussian,200,0.10000000000000001,vanLeer_SSPRK2,41.5,5.3194075013792053e-07,2.4652873707848446e-71,1.5195137774614013e-15
gaussian,200,0.10000000000000001,vanLeer_SSPRK2,42.5,3.8627435570099709e-08,1.0531177035127619e-67,3.2254297959297965e-15
gaussian,200,0.10000000000000001,vanLeer_SSPRK2,43.5,2.2525693567795984e-09,3.604812134010428e-64,6.6299905455595234e-15
gaussian,200,0.10000000000000001,vanLeer_SSPRK2,44.5,1.0547466195306394e-10,9.8878225702524618e-61,1.3232728754169472e-14
gaussian,200,0.10000000000000001,vanLeer_SSPRK2,45.5,3.9650113373952613e-12,2.1734421815275004e-57,2.5743184972745342e-14
gaussian,200,0.10000000000000001,vanLeer_SSPRK2,46.5,1.1964839192313295e-13,3.8286286709321121e-54,4.9101899981905543e-14
gaussian,200,0.10000000000000001,vanLeer_SSPRK2,47.5,2.897856440858993e-15,5.4051257058224677e-51,9.2738526909162463e-14
gaussian,200,0.10000000000000001,vanLeer_SSPRK2,48.5,5.6324560613763466e-17,6.1158503701640189e-48,1.7703201338516909e-13
gaussian,200,0.10000000000000001,vanLeer_SSPRK2,49.5,8.7844644713825308e-19,5.5465005312857341e-45,3.6196470179368046e-13
gaussian,200,0.10000000000000001,vanLeer_SSPRK2,50.5,1.0992014343435166e-20,4.0319648328398961e-42,9.1396117984388661e-13
gaussian,200,0.10000000000000001,vanLeer_SSPRK2,51.5,1.1034033630235094e-22,2.3495028369634597e-39,3.1470027383031235e-12
gaussian,200,0.10000000000000001,vanLeer_SSPRK2,52.5,8.8846316733736166e-25,1.0975511372095965e-36,1.306294428851119e-11
gaussian,200,0.10000000000000001,vanLeer_SSPRK2,53.5,5.7378388747034871e-27,4.1104854473094294e-34,5.6453255044992985e-11
gaussian,200,0.10000000000000001,vanLeer_SSPRK2,54.5,2.971798312125173e-29,1.2342785224088959e-31,2.3915842795703973e-10
gaussian,200,0.10000000000000001,vanLeer_SSPRK2,55.500000000000007,1.2342785224087919e-31,2.9717983121253238e-29,9.7673847667861913e-10
gaussian,200,0.10000000000000001,vanLeer_SSPRK2,56.5,4.1104854473092387e-34,5.7378388747034046e-27,3.8303105173617087e-09
gaussian,200,0.10000000000000001,vanLeer_SSPRK2,57.499999999999993,1.0975511372096371e-36,8.8846316733732897e-25,1.441068253498482e-08
gaussian,200,0.10000000000000001,vanLeer_SSPRK2,58.5,2.3495028369635919e-39,1.1034033630235007e-22,5.2009247318794159e-08
gaussian,200,0.10000000000000001,vanLeer_SSPRK2,59.5,4.0319648328398961e-42,1.0992014343435166e-20,1.8007094222334499e-07
gaussian,200,0.10000000000000001,vanLeer_SSPRK2,60.5,5.5465005312857341e-45,8.7844644713825308e-19,5.9814728703483989e-07
gaussian,200,0.10000000000000001,vanLeer_SSPRK2,61.5,6.1158503701640189e-48,5.6324560613763466e-17,1.9063657534357996e-06
gaussian,200,0.10000000000000001,vanLeer_SSPRK2,62.5,5.4051257058224677e-51,2.897856440858993e-15,5.8299053428632663e-06
gaussian,200,0.10000000000000001,vanLeer_SSPRK2,63.5,3.8286286709321121e-54,1.1964839192313295e-13,1.7107357485295805e-05
gaussian,200,0.10000000000000001,vanLeer_SSPRK2,64.5,2.1734421815275004e-57,3.9650113373952613e-12,4.8167806071893446e-05
gaussian,200,0.10000000000000001,vanLeer_SSPRK2,65.5,9.8878225702524618e-61,1.0547466195306394e-10,0.00013011775334385051
gaussian,200,0.10000000000000001,vanLeer_SSPRK2,66.5,3.604812134010428e-64,2.2525693567795984e-09,0.00033715455271622337
gaussian,200,0.10000000000000001,vanLeer_SSPRK2,67.5,1.0531177035127619e-67,3.8627435570099709e-08,0.00083768260918041051
gaussian,200,0.10000000000000001,vanLeer_SSPRK2,68.5,2.4652873707848446e-71,5.3194075013792053e-07,0.0019945895225677501
gaussian,200,0.10000000000000001,vanLeer_SSPRK2,69.5,4.6242325190392664e-75,5.8835894690706761e-06,0.0045479640458143131
gaussian,200,0.10000000000000001,vanLeer_SSPRK2,70.5,6.9499126742802303e-79,5.2275059923927003e-05,0.0099200405553558149
gaussian,200,0.10000000000000001,vanLeer_SSPRK2,71.5,8.3690007569314962e-83,0.00037314677268319925,0.020669794816613431
gaussian,200,0.10000000000000001,vanLeer_SSPRK2,72.5,8.0744004367222386e-87,0.00214020507078222,0.041066496330696159
gaussian,200,0.10000000000000001,vanLeer_SSPRK2,73.5,6.2413421967517473e-91,0.0098645206478332349,0.077605982344862462
gaussian,200,0.10000000000000001,vanLeer_SSPRK2,74.5,3.8651475082034861e-95,0.036541946733464482,0.13898418307656418
gaussian,200,0.10000000000000001,vanLeer_SSPRK2,75.5,1.9176286730812131e-99,0.10880468515692684,0.23428992962580142
gaussian,200,0.10000000000000001,vanLeer_SSPRK2,76.5,7.6219119829446566e-104,0.26042514195959271,0.36588166180997339
gaussian,200,0.10000000000000001,vanLeer_SSPRK2,77.5,2.4269201775492884e-108,0.50110650195544038,0.50965914538458856
gaussian,200,0.10000000000000001,vanLeer_SSPRK2,78.5,6.1905738060358609e-113,0.77520033314678238,0.60076517571196653
gaussian,200,0.10000000000000001,vanLeer_SSPRK2,79.5,1.2649762087967003e-117,0.96416556333505798,0.61696876689731417
gaussian,200,0.10000000000000001,vanLeer_SSPRK2,80.5,2.0706299308123932e-122,0.96416556333505798,0.61335815009787309
gaussian,200,0.10000000000000001,vanLeer_SSPRK2,81.5,2.7150907736160399e-127,0.77520033314678238,0.59285977459602801
gaussian,200,0.10000000000000001,vanLeer_SSPRK2,82.5,2.8518153653906486e-132,0.50110650195544038,0.53859519772061326
gaussian,200,0.10000000000000001,vanLeer_SSPRK2,83.5,2.3994264868698216e-137,0.26042514195959271,0.43951715809012748
gaussian,200,0.10000000000000001,vanLeer_SSPRK2,84.5,1.6170990853143237e-142,0.10880468515692684,0.30095313830658676
gaussian,200,0.10000000000000001,vanLeer_SSPRK2,85.5,8.7297822633204655e-148,0.036541946733464482,0.15376729914125459
gaussian,200,0.10000000000000001,vanLeer_SSPRK2,86.5,3.7748746948656425e-153,0.0098645206478332349,0.047737430336460163
gaussian,200,0.10000000000000001,vanLeer_SSPRK2,87.5,1.3074618903550522e-158,0.00214020507078222,0.0065680453763416234
gaussian,200,0.10000000000000001,vanLeer_SSPRK2,88.5,3.6272558146092636e-164,0.00037314677268319925,0.00027057136636116118
gaussian,200,0.10000000000000001,vanLeer_SSPRK2,89.5,8.0601939842523253e-170,5.2275059923927003e-05,2.2388291858968537e-06
gaussian,200,0.10000000000000001,vanLeer_SSPRK2,90.5,1.4345863722220529e-175,5.8835894690706761e-06,2.6126271858603221e-09
gaussian,200,0.10000000000000001,vanLeer_SSPRK2,91.5,2.0451150777349032e-181,5.3194075013792053e-07,1.9590987866650808e-12
gaussian,200,0.10000000000000001,vanLeer_SSPRK2,92.5,2.3351499952916222e-187,3.8627435570099709e-08,1.5988095800699153e-12
gaussian,200,0.10000000000000001,vanLeer_SSPRK2,93.5,2.1355715051143688e-193,2.2525693567795984e-09,1.4203395431744337e-12
gaussian,200,0.10000000000000001,vanLeer_SSPRK2,94.5,1.5642719215530576e-199,1.0547466195306394e-10,1.2505365375648354e-12
gaussian,200,0.10000000000000001,vanLeer_SSPRK2,95.5,9.1771078118665972e-206,3.9650113373952613e-12,1.0887542794455427e-12
gaussian,200,0.10000000000000001,vanLeer_SSPRK2,96.5,4.3121283107197259e-212,1.1964839192313295e-13,9.3791881935861473e-13
gaussian,200,0.10000000000000001,vanLeer_SSPRK2,97.5,1.6228064393540392e-218,2.897856440858993e-15,7.9926077660294871e-13
gaussian,200,0.10000000000000001,vanLeer_SSPRK2,98.5,4.8913423211149546e-225,5.6324560613763466e-17,6.7348197333078123e-13
gaussian,200,0.10000000000000001,vanLeer_SSPRK2,99.5,1.1807906115914703e-231,8.7844644713825308e-19,5.6094465781117304e-13
gaussian,200,0.10000000000000001,vanLeer_SSPRK2,100.5,2.2829613083390864e-238,1.0992014343435166e-20,4.6167560807331508e-13
gaussian,200,0.10000000000000001,vanLeer_SSPRK2,101.5,3.5351063070103485e-245,1.1034033630235094e-22,3.7537776806974632e-13
gaussian,200,0.10000000000000001,vanLeer_SSPRK2,102.5,4.3841178589285109e-252,8.8846316733736166e-25,3.0146148355441478e-13
gaussian,200,0.10000000000000001,vanLeer_SSPRK2,103.5,4.3544712450299474e-259,5.7378388747034871e-27,2.3909292171547482e-13
gaussian,200,0.10000000000000001,vanLeer_SSPRK2,104.5,3.4638560906697508e-266,2.9717983121251882e-29,1.8725483355130565e-13
gaussian,200,0.10000000000000001,vanLeer_SSPRK2,105.5,2.2067508129560438e-273,1.2342785224088351e-31,1.4481289285078649e-13
gaussian,200,0.10000000000000001,vanLeer_SSPRK2,106.5,1.1259360137484322e-280,4.1104854473094294e-34,1.1058069157812086e-13
gaussian,200,0.10000000000000001,vanLeer_SSPRK2,107.5,4.6008607253322257e-288,1.0975511372095965e-36,8.3377747172492189e-14
gaussian,200,0.10000000000000001,vanLeer_SSPRK2,108.5,1.5056620395625464e-295,2.3495028369634222e-39,6.2076805087805305e-14
gaussian,200,0.10000000000000001,vanLeer_SSPRK2,109.50000000000001,3.9461819357704376e-303,4.0319648328394793e-42,4.5638702730635008e-14
gaussian,200,0.10000000000000001,vanLeer_SSPRK2,110.50000000000001,8.2829705159623653e-311,5.5465005312851709e-45,3.3134749162474199e-14
gaussian,200,0.10000000000000001,vanLeer_SSPRK2,111.50000000000001,1.3923609811404258e-318,6.1158503701635364e-48,2.3757811061447015e-14
gaussian,200,0.10000000000000001,vanLeer_SSPRK2,112.5,0,5.4051257058220226e-51,1.6824051511083335e-14
gaussian,200,0.10000000000000001,vanLeer_SSPRK2,113.49999999999999,0,3.8286286709325624e-54,1.1767595611164298e-14
gaussian,200,0.10000000000000001,vanLeer_SSPRK2,114.49999999999999,0,2.1734421815277523e-57,8.13038854544643e-15
gaussian,200,0.10000000000000001,vanLeer_SSPRK2,115.49999999999999,0,9.8878225702533351e-61,5.5492738413392985e-15
gaussian,200,0.10000000000000001,vanLeer_SSPRK2,116.5,0,3.6048121340108328e-64,3.7419524218887858e-15
gaussian,200,0.10000000000000001,vanLeer_SSPRK2,117.5,0,1.0531177035127619e-67,2.4930695360596313e-15
gaussian,200,0.10000000000000001,vanLeer_SSPRK2,118.5,0,2.4652873707848446e-71,1.6412772176054875e-15
gaussian,200,0.10000000000000001,vanLeer_SSPRK2,119.5,0,4.6242325190392664e-75,1.0677725743583243e-15
gaussian,200,0.10000000000000001,vanLeer_SSPRK2,120.5,0,6.9499126742802303e-79,6.8653557955534417e-16
gaussian,200,0.10000000000000001,vanLeer_SSPRK2,121.5,0,8.3690007569314962e-83,4.3628798358268902e-16
gaussian,200,0.10000000000000001,vanLeer_SSPRK2,122.5,0,8.0744004367222386e-87,2.7406148086170283e-16
gaussian,200,0.10000000000000001,vanLeer_SSPRK2,123.5,0,6.2413421967517473e-91,1.7018687176310825e-16
gaussian,200,0.10000000000000001,vanLeer_SSPRK2,124.5,0,3.8651475082034861e-95,1.0448315185030678e-16
gaussian,200,0.10000000000000001,vanLeer_SSPRK2,125.5,0,1.9176286730812131e-99,6.342310887658672e-17
gaussian,200,0.10000000000000001,vanLeer_SSPRK2,126.5,0,7.6219119829446566e-104,3.8068762296164076e-17
gaussian,200,0.10000000000000001,vanLeer_SSPRK2,127.5,0,2.4269201775492884e-108,2.2596900174597891e-17
gaussian,200,0.10000000000000001,vanLeer_SSPRK2,128.5,0,6.1905738060358609e-113,1.326559498309873e-17
gaussian,200,0.10000000000000001,vanLeer_SSPRK2,129.5,0,1.2649762087967003e-117,7.702667963203104e-18
gaussian,200,0.10000000000000001,vanLeer_SSPRK2,130.5,0,2.0706299308123932e-122,4.4241611614340361e-18
gaussian,200,0.10000000000000001,vanLeer_SSPRK2,131.5,0,2.7150907736160399e-127,2.5138227750530935e-18
gaussian,200,0.10000000000000001,vanLeer_SSPRK2,132.5,0,2.8518153653906486e-132,1.4131583976580651e-18
gaussian,200,0.10000000000000001,vanLeer_SSPRK2,133.5,0,2.3994264868698216e-137,7.8602772772278319e-19
gaussian,200,0.10000000000000001,vanLeer_SSPRK2,134.5,0,1.6170990853143237e-142,4.3262730152012294e-19
gaussian,200,0.10000000000000001,vanLeer_SSPRK2,135.5,0,8.7297822633204655e-148,2.3564434447036284e-19
gaussian,200,0.10000000000000001,vanLeer_SSPRK2,136.5,0,3.7748746948656425e-153,1.2702960860129743e-19
gaussian,200,0.10000000000000001,vanLeer_SSPRK2,137.5,0,1.3074618903550522e-158,6.7779023656215234e-20
gaussian,200,0.10000000000000001,vanLeer_SSPRK2,138.5,0,3.6272558146092636e-164,3.5798546033272524e-20
gaussian,200,0.10000000000000001,vanLeer_SSPRK2,139.5,0,8.0601939842523253e-170,1.871769013498662e-20
gaussian,200,0.10000000000000001,vanLeer_SSPRK2,140.5,0,1.4345863722220529e-175,9.6893061324105259e-21
gaussian,200,0.10000000000000001,vanLeer_SSPRK2,141.5,0,2.0451150777349032e-181,4.9661877659667034e-21
gaussian,200,0.10000000000000001,vanLeer_SSPRK2,142.5,0,2.3351499952916222e-187,2.5204598917797154e-21
gaussian,200,0.10000000000000001,vanLeer_SSPRK2,143.5,0,2.1355715051143688e-193,1.2667720756493806e-21
gaussian,200,0.10000000000000001,vanLeer_SSPRK2,144.5,0,1.5642719215530576e-199,6.3054300014980259e-22
gaussian,200,0.10000000000000001,vanLeer_SSPRK2,145.5,0,9.1771078118665972e-206,3.1085913056046311e-22
gaussian,200,0.10000000000000001,vanLeer_SSPRK2,146.5,0,4.3121283107197259e-212,1.5180288920879146e-22
gaussian,200,0.10000000000000001,vanLeer_SSPRK2,147.5,0,1.6228064393540392e-218,7.3434200572834915e-23
gaussian,200,0.10000000000000001,vanLeer_SSPRK2,148.5,0,4.8913423211149546e-225,3.5192708572914234e-23
gaussian,200,0.10000000000000001,vanLeer_SSPRK2,149.5,0,1.1807906115914703e-231,1.6710009212521547e-23
gaussian,200,0.10000000000000001,vanLeer_SSPRK2,150.5,0,2.2829613083390864e-238,7.8614682508341308e-24
gaussian,200,0.10000000000000001,vanLeer_SSPRK2,151.5,0,3.5351063070103485e-245,3.6649372188725167e-24
gaussian,200,0.10000000000000001,vanLeer_SSPRK2,152.5,0,4.3841178589285109e-252,1.6931593963460147e-24
gaussian,200,0.10000000000000001,vanLeer_SSPRK2,153.5,0,4.3544712450299474e-259,7.7522848772401653e-25
gaussian,200,0.10000000000000001,vanLeer_SSPRK2,154.5,0,3.4638560906697508e-266,3.5179845328425173e-25
gaussian,200,0.10000000000000001,vanLeer_SSPRK2,155.5,0,2.2067508129560438e-273,1.5824201732594679e-25
gaussian,200,0.10000000000000001,vanLeer_SSPRK2,156.5,0,1.1259360137484322e-280,7.0557688887696958e-26
gaussian,200,0.10000000000000001,vanLeer_SSPRK2,157.5,0,4.6008607253322257e-288,3.118832938379887e-26
gaussian,200,0.10000000000000001,vanLeer_SSPRK2,158.5,0,1.5056620395625786e-295,1.3667695513866134e-26
gaussian,200,0.10000000000000001,vanLeer_SSPRK2,159.5,0,3.9461819357718733e-303,5.9385948541658829e-27
gaussian,200,0.10000000000000001,vanLeer_SSPRK2,160.5,0,8.2829705159638475e-311,2.5585077508809177e-27
gaussian,200,0.10000000000000001,vanLeer_SSPRK2,161.5,0,1.3923609811404258e-318,1.0930334391614143e-27
gaussian,200,0.10000000000000001,vanLeer_SSPRK2,162.5,0,0,4.6307622984354763e-28
gaussian,200,0.10000000000000001,vanLeer_SSPRK2,163.5,0,0,1.9456832450879456e-28
gaussian,200,0.10000000000000001,vanLeer_SSPRK2,164.5,0,0,8.1081226368857682e-29
gaussian,200,0.10000000000000001,vanLeer_SSPRK2,165.5,0,0,3.3513866859756928e-29
gaussian,200,0.10000000000000001,vanLeer_SSPRK2,166.5,0,0,1.3740799756740816e-29
gaussian,200,0.10000000000000001,vanLeer_SSPRK2,167.5,0,0,5.5886838177605975e-30
gaussian,200,0.10000000000000001,vanLeer_SSPRK2,168.5,0,0,2.2549846584527238e-30
gaussian,200,0.10000000000000001,vanLeer_SSPRK2,169.5,0,0,9.026934252957651e-31
gaussian,200,0.10000000000000001,vanLeer_SSPRK2,170.5,0,0,3.5852989275696677e-31
gaussian,200,0.10000000000000001,vanLeer_SSPRK2,171.5,0,0,1.4129418680786359e-31
gaussian,200,0.10000000000000001,vanLeer_SSPRK2,172.5,0,0,5.5253798471939395e-32
gaussian,200,0.10000000000000001,vanLeer_SSPRK2,173.5,0,0,2.1441919735364614e-32
gaussian,200,0.10000000000000001,vanLeer_SSPRK2,174.5,0,0,8.2575898351204402e-33
gaussian,200,0.10000000000000001,vanLeer_SSPRK2,175.5,0,0,3.1561321135167861e-33
gaussian,200,0.10000000000000001,vanLeer_SSPRK2,176.5,0,0,1.1972726499000153e-33
gaussian,200,0.10000000000000001,vanLeer_SSPRK2,177.5,0,0,4.5080679384990057e-34
gaussian,200,0.10000000000000001,vanLeer_SSPRK2,178.5,0,0,1.6848860004761761e-34
gaussian,200,0.10000000000000001,vanLeer_SSPRK2,179.5,0,0,6.2510956340761572e-35
gaussian,200,0.10000000000000001,vanLeer_SSPRK2,180.5,0,0,2.3023422971038341e-35
gaussian,200,0.10000000000000001,vanLeer_SSPRK2,181.5,0,0,8.4184871205793604e-36
gaussian,200,0.10000000000000001,vanLeer_SSPRK2,182.5,0,0,3.0561215057287536e-36
gaussian,200,0.10000000000000001,vanLeer_SSPRK2,183.5,0,0,1.1015426045891986e-36
gaussian,200,0.10000000000000001,vanLeer_SSPRK2,184.5,0,0,3.9422805805242399e-37
gaussian,200,0.10000000000000001,vanLeer_SSPRK2,185.5,0,0,1.4009752726360513e-37
gaussian,200,0.10000000000000001,vanLeer_SSPRK2,186.5,0,0,4.9439151136412843e-38
gaussian,200,0.10000000000000001,vanLeer_SSPRK2,187.5,0,0,1.7325658889767795e-38
gaussian,200,0.10000000000000001,vanLeer_SSPRK2,188.5,0,0,6.0298581379802026e-39
gaussian,200,0.10000000000000001,vanLeer_SSPRK2,189.5,0,0,2.0842178722171955e-39
gaussian,200,0.10000000000000001,vanLeer_SSPRK2,190.5,0,0,7.1551324043211314e-40
gaussian,200,0.10000000000000001,vanLeer_SSPRK2,191.5,0,0,2.4397783652230343e-40
gaussian,200,0.10000000000000001,vanLeer_SSPRK2,192.5,0,0,8.2634343051537435e-41
gaussian,200,0.10000000000000001,vanLeer_SSPRK2,193.5,0,0,2.7801447137507502e-41
gaussian,200,0.10000000000000001,vanLeer_SSPRK2,194.5,0,0,9.2915834213797836e-42
gaussian,200,0.10000000000000001,vanLeer_SSPRK2,195.5,0,0,3.0849363822281008e-42
gaussian,200,0.10000000000000001,vanLeer_SSPRK2,196.5,0,0,1.0175488559316531e-42
gaussian,200,0.10000000000000001,vanLeer_SSPRK2,197.5,0,0,3.3345336233673457e-43
gaussian,200,0.10000000000000001,vanLeer_SSPRK2,198.5,0,0,1.0856846053409108e-43
gaussian,200,0.10000000000000001,vanLeer_SSPRK2,199.5,0,0,3.5121961665863101e-44
gaussian,200,1,vanLeer_FE,0.5,4.0319648328398961e-42,3.9461819357718733e-303,5.3305430506704156e-65
gaussian,200,1,vanLeer_FE,1.5,2.3495028369634597e-39,1.5056620395625786e-295,3.402350421629551e-62
gaussian,200,1,vanLeer_FE,2.5,1.0975511372095965e-36,4.6008607253322257e-288,1.6318172002845833e-59
gaussian,200,1,vanLeer_FE,3.5,4.1104854473094294e-34,1.1259360137484322e-280,6.2898400693475624e-57
gaussian,200,1,vanLeer_FE,4.5,1.2342785224088351e-31,2.2067508129560438e-273,1.9569631995347697e-54
gaussian,200,1,vanLeer_FE,5.5,2.9717983121251882e-29,3.4638560906697508e-266,4.9234271887706393e-52
gaussian,200,1,vanLeer_FE,6.5,5.7378388747034871e-27,4.3544712450299474e-259,1.0035904837458233e-49
gaussian,200,1,vanLeer_FE,7.5,8.8846316733736166e-25,4.3841178589285109e-252,1.6614114656046137e-47
gaussian,200,1,vanLeer_FE,8.5,1.1034033630235094e-22,3.5351063070103485e-245,2.2399951172040031e-45
gaussian,200,1,vanLeer_FE,9.5,1.0992014343435166e-20,2.2829613083390864e-238,2.4677196251274539e-43
gaussian,200,1,vanLeer_FE,10.5,8.7844644713825308e-19,1.1807906115914703e-231,2.2298286900898882e-41
gaussian,200,1,vanLeer_FE,11.5,5.6324560613763466e-17,4.8913423211149546e-225,1.657731379325496e-39
gaussian,200,1,vanLeer_FE,12.5,2.897856440858993e-15,1.6228064393540392e-218,9.9156078860758347e-38
gaussian,200,1,vanLeer_FE,13.5,1.1964839192313295e-13,4.3121283107197259e-212,4.1190965557803594e-36
gaussian,200,1,vanLeer_FE,14.5,3.9650113373952613e-12,9.1771078118665972e-206,1.1858399020984822e-34
gaussian,200,1,vanLeer_FE,15.5,1.0547466195306394e-10,1.5642719215530576e-199,2.5062887625561467e-33
gaussian,200,1,vanLeer_FE,16.5,2.2525693567795984e-09,2.1355715051143688e-193,4.1099191787534578e-32
gaussian,200,1,vanLeer_FE,17.5,3.8627435570099709e-08,2.3351499952916222e-187,5.4587491018743523e-31
gaussian,200,1,vanLeer_FE,18.5,5.3194075013792053e-07,2.0451150777349032e-181,6.0657756702588087e-30
gaussian,200,1,vanLeer_FE,19.5,5.8835894690706761e-06,1.4345863722220529e-175,5.7802040776649988e-29
gaussian,200,1,vanLeer_FE,20.5,5.2275059923927003e-05,8.0601939842523253e-170,4.8151254611245275e-28
gaussian,200,1,vanLeer_FE,21.5,0.00037314677268319925,3.6272558146092636e-164,3.5604310713837304e-27
gaussian,200,1,vanLeer_FE,22.5,0.00214020507078222,1.3074618903550522e-158,2.3658334043300627e-26
gaussian,200,1,vanLeer_FE,23.5,0.0098645206478332349,3.7748746948656425e-153,1.427101935387841e-25
gaussian,200,1,vanLeer_FE,24.5,0.036541946733464482,8.7297822633204655e-148,7.8810636773726223e-25
gaussian,200,1,vanLeer_FE,25.5,0.10880468515692684,1.6170990853143237e-142,4.0129982766705344e-24
gaussian,200,1,vanLeer_FE,26.5,0.26042514195959271,2.3994264868698216e-137,1.8955907392758524e-23
gaussian,200,1,vanLeer_FE,27.5,0.5011065019554406,2.8518153653906486e-132,8.3498357960031389e-23
gaussian,200,1,vanLeer_FE,28.5,0.77520033314678272,2.7150907736160399e-127,3.4453325840302156e-22
gaussian,200,1,vanLeer_FE,29.5,0.96416556333505776,2.0706299308123932e-122,1.3369468974063802e-21
gaussian,200,1,vanLeer_FE,30.5,0.96416556333505798,1.2649762087967003e-117,4.895825637977672e-21
gaussian,200,1,vanLeer_FE,31.5,0.77520033314678238,6.1905738060358609e-113,1.6970232022471516e-20
gaussian,200,1,vanLeer_FE,32.5,0.50110650195544038,2.4269201775492884e-108,5.5830354564799292e-20
gaussian,200,1,vanLeer_FE,33.5,0.26042514195959271,7.6219119829446566e-104,1.747496743514839e-19
gaussian,200,1,vanLeer_FE,34.5,0.10880468515692684,1.9176286730812131e-99,5.2150568370108344e-19
gaussian,200,1,vanLeer_FE,35.5,0.036541946733464482,3.8651475082034861e-95,1.4867510436028254e-18
gaussian,200,1,vanLeer_FE,36.5,0.0098645206478332349,6.2413421967517473e-91,4.0561498921295673e-18
gaussian,200,1,vanLeer_FE,37.5,0.00214020507078222,8.0744004367222386e-87,1.0606652334536604e-17
gaussian,200,1,vanLeer_FE,38.5,0.00037314677268319925,8.3690007569314962e-83,2.6623566713024793e-17
gaussian,200,1,vanLeer_FE,39.5,5.2275059923927003e-05,6.9499126742802303e-79,6.4234183476701614e-17
gaussian,200,1,vanLeer_FE,40.5,5.8835894690706761e-06,4.6242325190392664e-75,1.4915291586493119e-16
gaussian,200,1,vanLeer_FE,41.5,5.3194075013792053e-07,2.4652873707848446e-71,3.3372991927301253e-16
gaussian,200,1,vanLeer_FE,42.5,3.8627435570099709e-08,1.0531177035127619e-67,7.2041963185120583e-16
gaussian,200,1,vanLeer_FE,43.5,2.2525693567795984e-09,3.604812134010428e-64,1.502290067248053e-15
gaussian,200,1,vanLeer_FE,44.5,1.0547466195306394e-10,9.8878225702524618e-61,3.0304507989772379e-15
gaussian,200,1,vanLeer_FE,45.5,3.9650113373952613e-12,2.1734421815275004e-57,5.9232262036562146e-15
gaussian,200,1,vanLeer_FE,46.5,1.1964839192313295e-13,3.8286286709321121e-54,1.1240699942763989e-14
gaussian,200,1,vanLeer_FE,47.5,2.897856440858993e-15,5.4051257058224677e-51,2.0766974071649843e-14
gaussian,200,1,vanLeer_FE,48.5,5.6324560613763466e-17,6.1158503701640189e-48,3.7488157635737996e-14
gaussian,200,1,vanLeer_FE,49.5,8.7844644713825308e-19,5.5465005312857341e-45,6.6479161734986947e-14
gaussian,200,1,vanLeer_FE,50.5,1.0992014343435166e-20,4.0319648328398961e-42,1.1682154675535463e-13
gaussian,200,1,vanLeer_FE,51.5,1.1034033630235094e-22,2.3495028369634597e-39,2.0716502863981252e-13
gaussian,200,1,vanLeer_FE,52.5,8.8846316733736166e-25,1.0975511372095965e-36,3.9276781926113704e-13
gaussian,200,1,vanLeer_FE,53.5,5.7378388747034871e-27,4.1104854473094294e-34,9.362877296284208e-13
gaussian,200,1,vanLeer_FE,54.5,2.971798312125173e-29,1.2342785224088959e-31,3.2183142460659895e-12
gaussian,200,1,vanLeer_FE,55.500000000000007,1.2342785224087919e-31,2.9717983121253238e-29,1.3941201753237911e-11
gaussian,200,1,vanLeer_FE,56.5,4.1104854473092387e-34,5.7378388747034046e-27,6.3769269758437859e-11
gaussian,200,1,vanLeer_FE,57.499999999999993,1.0975511372096371e-36,8.8846316733732897e-25,2.8676764963491501e-10
gaussian,200,1,vanLeer_FE,58.5,2.3495028369635919e-39,1.1034033630235007e-22,1.2438625813500253e-09
gaussian,200,1,vanLeer_FE,59.5,4.0319648328398961e-42,1.0992014343435166e-20,5.1805471156318687e-09
gaussian,200,1,vanLeer_FE,60.5,5.5465005312857341e-45,8.7844644713825308e-19,2.0695100491032159e-08
gaussian,200,1,vanLeer_FE,61.5,6.1158503701640189e-48,5.6324560613763466e-17,7.927283317078871e-08
gaussian,200,1,vanLeer_FE,62.5,5.4051257058224677e-51,2.897856440858993e-15,2.9115600141036313e-07
gaussian,200,1,vanLeer_FE,63.5,3.8286286709321121e-54,1.1964839192313295e-13,1.0254454058492448e-06
gaussian,200,1,vanLeer_FE,64.5,2.1734421815275004e-57,3.9650113373952613e-12,3.4640902999109264e-06
gaussian,200,1,vanLeer_FE,65.5,9.8878225702524618e-61,1.0547466195306394e-10,1.1228783875672956e-05
gaussian,200,1,vanLeer_FE,66.5,3.604812134010428e-64,2.2525693567795984e-09,3.4945992055797813e-05
gaussian,200,1,vanLeer_FE,67.5,1.0531177035127619e-67,3.8627435570099709e-08,0.00010449846985623442
gaussian,200,1,vanLeer_FE,68.5,2.4652873707848446e-71,5.3194075013792053e-07,0.00030050565679746625
gaussian,200,1,vanLeer_FE,69.5,4.6242325190392664e-75,5.8835894690706761e-06,0.00083182833239964487
gaussian,200,1,vanLeer_FE,70.5,6.9499126742802303e-79,5.2275059923927003e-05,0.0022184412598614646
gaussian,200,1,vanLeer_FE,71.5,8.3690007569314962e-83,0.00037314677268319925,0.0057046813431791254
gaussian,200,1,vanLeer_FE,72.5,8.0744004367222386e-87,0.00214020507078222,0.014151252150625154
gaussian,200,1,vanLeer_FE,73.5,6.2413421967517473e-91,0.0098645206478332349,0.033855792844034324
gaussian,200,1,vanLeer_FE,74.5,3.8651475082034861e-95,0.036541946733464482,0.077908389953443527
gaussian,200,1,vanLeer_FE,75.5,1.9176286730812131e-99,0.10880468515692684,0.17048151424937047
gaussian,200,1,vanLeer_FE,76.5,7.6219119829446566e-104,0.26042514195959271,0.34089184811191536
gaussian,200,1,vanLeer_FE,77.5,2.4269201775492884e-108,0.50110650195544038,0.56327793356251465
gaussian,200,1,vanLeer_FE,78.5,6.1905738060358609e-113,0.77520033314678238,0.69466687129633764
gaussian,200,1,vanLeer_FE,79.5,1.2649762087967003e-117,0.96416556333505798,0.71107512196000977
gaussian,200,1,vanLeer_FE,80.5,2.0706299308123932e-122,0.96416556333505798,0.7072265057369348
gaussian,200,1,vanLeer_FE,81.5,2.7150907736160399e-127,0.77520033314678238,0.68278936347562191
gaussian,200,1,vanLeer_FE,82.5,2.8518153653906486e-132,0.50110650195544038,0.60680742715234814
gaussian,200,1,vanLeer_FE,83.5,2.3994264868698216e-137,0.26042514195959271,0.44497706862465897
gaussian,200,1,vanLeer_FE,84.5,1.6170990853143237e-142,0.10880468515692684,0.21372018273323806
gaussian,200,1,vanLeer_FE,85.5,8.7297822633204655e-148,0.036541946733464482,0.044112759194709167
gaussian,200,1,vanLeer_FE,86.5,3.7748746948656425e-153,0.0098645206478332349,0.0021944171292721162
gaussian,200,1,vanLeer_FE,87.5,1.3074618903550522e-158,0.00214020507078222,1.4080800431198238e-05
gaussian,200,1,vanLeer_FE,88.5,3.6272558146092636e-164,0.00037314677268319925,6.4355000753983573e-09
gaussian,200,1,vanLeer_FE,89.5,8.0601939842523253e-170,5.2275059923927003e-05,1.8935656375757006e-12
gaussian,200,1,vanLeer_FE,90.5,1.4345863722220529e-175,5.8835894690706761e-06,1.7058311791269387e-12
gaussian,200,1,vanLeer_FE,91.5,2.0451150777349032e-181,5.3194075013792053e-07,1.5644670219275002e-12
gaussian,200,1,vanLeer_FE,92.5,2.3351499952916222e-187,3.8627435570099709e-08,1.4064886532770554e-12
gaussian,200,1,vanLeer_FE,93.5,2.1355715051143688e-193,2.2525693567795984e-09,1.2473576271122633e-12
gaussian,200,1,vanLeer_FE,94.5,1.5642719215530576e-199,1.0547466195306394e-10,1.0931556922869044e-12
gaussian,200,1,vanLeer_FE,95.5,9.1771078118665972e-206,3.9650113373952613e-12,9.4648992078467982e-13
gaussian,200,1,vanLeer_FE,96.5,4.3121283107197259e-212,1.1964839192313295e-13,8.091887338228754e-13
gaussian,200,1,vanLeer_FE,97.5,1.6228064393540392e-218,2.897856440858993e-15,6.8277799144779288e-13
gaussian,200,1,vanLeer_FE,98.5,4.8913423211149546e-225,5.6324560613763466e-17,5.6841101820487574e-13
gaussian,200,1,vanLeer_FE,99.5,1.1807906115914703e-231,8.7844644713825308e-19,4.6676497197161864e-13
gaussian,200,1,vanLeer_FE,100.5,2.2829613083390864e-238,1.0992014343435166e-20,3.7801689155592146e-13
gaussian,200,1,vanLeer_FE,101.5,3.5351063070103485e-245,1.1034033630235094e-22,3.018852459921595e-13
gaussian,200,1,vanLeer_FE,102.5,4.3841178589285109e-252,8.8846316733736166e-25,2.3770758030202751e-13
gaussian,200,1,vanLeer_FE,103.5,4.3544712450299474e-259,5.7378388747034871e-27,1.8453437576894013e-13
gaussian,200,1,vanLeer_FE,104.5,3.4638560906697508e-266,2.9717983121251882e-29,1.4122629039698411e-13
gaussian,200,1,vanLeer_FE,105.5,2.2067508129560438e-273,1.2342785224088351e-31,1.0654565581494637e-13
gaussian,200,1,vanLeer_FE,106.5,1.1259360137484322e-280,4.1104854473094294e-34,7.9235857060472013e-14
gaussian,200,1,vanLeer_FE,107.5,4.6008607253322257e-288,1.0975511372095965e-36,5.8084830490828225e-14
gaussian,200,1,vanLeer_FE,108.5,1.5056620395625464e-295,2.3495028369634222e-39,4.1971302590862765e-14
gaussian,200,1,vanLeer_FE,109.50000000000001,3.9461819357704376e-303,4.0319648328394793e-42,2.989433752566849e-14
gaussian,200,1,vanLeer_FE,110.50000000000001,8.2829705159623653e-311,5.5465005312851709e-45,2.0988143282104091e-14
gaussian,200,1,vanLeer_FE,111.50000000000001,1.3923609811404258e-318,6.1158503701635364e-48,1.4524896525032737e-14
gaussian,200,1,vanLeer_FE,112.5,0,5.4051257058220226e-51,9.9086518822469364e-15
gaussian,200,1,vanLeer_FE,113.49999999999999,0,3.8286286709325624e-54,6.6633114227172617e-15
gaussian,200,1,vanLeer_FE,114.49999999999999,0,2.1734421815277523e-57,4.4172697655092745e-15
gaussian,200,1,vanLeer_FE,115.49999999999999,0,9.8878225702533351e-61,2.8868404407355017e-15
gaussian,200,1,vanLeer_FE,116.5,0,3.6048121340108328e-64,1.8600121657096802e-15
gaussian,200,1,vanLeer_FE,117.5,0,1.0531177035127619e-67,1.1815556265341154e-15
gaussian,200,1,vanLeer_FE,118.5,0,2.4652873707848446e-71,7.4005013022248919e-16
gaussian,200,1,vanLeer_FE,119.5,0,4.6242325190392664e-75,4.5704784561270491e-16
gaussian,200,1,vanLeer_FE,120.5,0,6.9499126742802303e-79,2.783443133775776e-16
gaussian,200,1,vanLeer_FE,121.5,0,8.3690007569314962e-83,1.6716727299986337e-16
gaussian,200,1,vanLeer_FE,122.5,0,8.0744004367222386e-87,9.9014258790588351e-17
gaussian,200,1,vanLeer_FE,123.5,0,6.2413421967517473e-91,5.7843200439625894e-17
gaussian,200,1,vanLeer_FE,124.5,0,3.8651475082034861e-95,3.3330858560878021e-17
gaussian,200,1,vanLeer_FE,125.5,0,1.9176286730812131e-99,1.89457889742429e-17
gaussian,200,1,vanLeer_FE,126.5,0,7.6219119829446566e-104,1.0623901606937189e-17
gaussian,200,1,vanLeer_FE,127.5,0,2.4269201775492884e-108,5.8775224695957957e-18
gaussian,200,1,vanLeer_FE,128.5,0,6.1905738060358609e-113,3.2083205043925737e-18
gaussian,200,1,vanLeer_FE,129.5,0,1.2649762087967003e-117,1.7281007938711639e-18
gaussian,200,1,vanLeer_FE,130.5,0,2.0706299308123932e-122,9.185509717682909e-19
gaussian,200,1,vanLeer_FE,131.5,0,2.7150907736160399e-127,4.8185407663421411e-19
gaussian,200,1,vanLeer_FE,132.5,0,2.8518153653906486e-132,2.4948317296070445e-19
gaussian,200,1,vanLeer_FE,133.5,0,2.3994264868698216e-137,1.2750166416683419e-19
gaussian,200,1,vanLeer_FE,134.5,0,1.6170990853143237e-142,6.4324253282041386e-20
gaussian,200,1,vanLeer_FE,135.5,0,8.7297822633204655e-148,3.2037110297134664e-20
gaussian,200,1,vanLeer_FE,136.5,0,3.7748746948656425e-153,1.5753856035489719e-20
gaussian,200,1,vanLeer_FE,137.5,0,1.3074618903550522e-158,7.6491024390085631e-21
gaussian,200,1,vanLeer_FE,138.5,0,3.6272558146092636e-164,3.6674066774743924e-21
gaussian,200,1,vanLeer_FE,139.5,0,8.0601939842523253e-170,1.7364702399190971e-21
gaussian,200,1,vanLeer_FE,140.5,0,1.4345863722220529e-175,8.1202560509187005e-22
gaussian,200,1,vanLeer_FE,141.5,0,2.0451150777349032e-181,3.7505965140407062e-22
gaussian,200,1,vanLeer_FE,142.5,0,2.3351499952916222e-187,1.7111695106809604e-22
gaussian,200,1,vanLeer_FE,143.5,0,2.1355715051143688e-193,7.7122531527827094e-23
gaussian,200,1,vanLeer_FE,144.5,0,1.5642719215530576e-199,3.433983579300807e-23
gaussian,200,1,vanLeer_FE,145.5,0,9.1771078118665972e-206,1.5106943984594812e-23
gaussian,200,1,vanLeer_FE,146.5,0,4.3121283107197259e-212,6.566725872393999e-24
gaussian,200,1,vanLeer_FE,147.5,0,1.6228064393540392e-218,2.8206358897107823e-24
gaussian,200,1,vanLeer_FE,148.5,0,4.8913423211149546e-225,1.1972990949391327e-24
gaussian,200,1,vanLeer_FE,149.5,0,1.1807906115914703e-231,5.0228126527779447e-25
gaussian,200,1,vanLeer_FE,150.5,0,2.2829613083390864e-238,2.0826237190434361e-25
gaussian,200,1,vanLeer_FE,151.5,0,3.5351063070103485e-245,8.5354130656488544e-26
gaussian,200,1,vanLeer_FE,152.5,0,4.3841178589285109e-252,3.4579456597813546e-26
gaussian,200,1,vanLeer_FE,153.5,0,4.3544712450299474e-259,1.3849090245785982e-26
gaussian,200,1,vanLeer_FE,154.5,0,3.4638560906697508e-266,5.4835643659082445e-27
gaussian,200,1,vanLeer_FE,155.5,0,2.2067508129560438e-273,2.146703236433856e-27
gaussian,200,1,vanLeer_FE,156.5,0,1.1259360137484322e-280,8.3095360395013096e-28
gaussian,200,1,vanLeer_FE,157.5,0,4.6008607253322257e-288,3.1805715022986971e-28
gaussian,200,1,vanLeer_FE,158.5,0,1.5056620395625786e-295,1.2038841296640255e-28
gaussian,200,1,vanLeer_FE,159.5,0,3.9461819357718733e-303,4.5065320434140277e-29
gaussian,200,1,vanLeer_FE,160.5,0,8.2829705159638475e-311,1.6684192521274468e-29
gaussian,200,1,vanLeer_FE,161.5,0,1.3923609811404258e-318,6.1094087730679298e-30
gaussian,200,1,vanLeer_FE,162.5,0,0,2.2128417139127779e-30
gaussian,200,1,vanLeer_FE,163.5,0,0,7.92837544637711e-31
gaussian,200,1,vanLeer_FE,164.5,0,0,2.8101266226075286e-31
gaussian,200,1,vanLeer_FE,165.5,0,0,9.8537182517047654e-32
gaussian,200,1,vanLeer_FE,166.5,0,0,3.4184664853756298e-32
gaussian,200,1,vanLeer_FE,167.5,0,0,1.1733928504808478e-32
gaussian,200,1,vanLeer_FE,168.5,0,0,3.9852914955898284e-33
gaussian,200,1,vanLeer_FE,169.5,0,0,1.339382257631641e-33
gaussian,200,1,vanLeer_FE,170.5,0,0,4.4545072881508441e-34
gaussian,200,1,vanLeer_FE,171.5,0,0,1.466114939044338e-34
gaussian,200,1,vanLeer_FE,172.5,0,0,4.7756418974730142e-35
gaussian,200,1,vanLeer_FE,173.5,0,0,1.5396170253206777e-35
gaussian,200,1,vanLeer_FE,174.5,0,0,4.9128370012406611e-36
gaussian,200,1,vanLeer_FE,175.5,0,0,1.5517146020162238e-36
gaussian,200,1,vanLeer_FE,176.5,0,0,4.8514547660942379e-37
gaussian,200,1,vanLeer_FE,177.5,0,0,1.5015273562652576e-37
gaussian,200,1,vanLeer_FE,178.5,0,0,4.6006138540097163e-38
gaussian,200,1,vanLeer_FE,179.5,0,0,1.3955307615387301e-38
gaussian,200,1,vanLeer_FE,180.5,0,0,4.191057797922662e-39
gaussian,200,1,vanLeer_FE,181.5,0,0,1.2461998225862536e-39
gaussian,200,1,vanLeer_FE,182.5,0,0,3.6690227384612497e-40
gaussian,200,1,vanLeer_FE,183.5,0,0,1.0696221397857522e-40
gaussian,200,1,vanLeer_FE,184.5,0,0,3.0877768309682056e-41
gaussian,200,1,vanLeer_FE,185.5,0,0,8.8270369704475422e-42
gaussian,200,1,vanLeer_FE,186.5,0,0,2.4989363572053706e-42
gaussian,200,1,vanLeer_FE,187.5,0,0,7.0062245670201771e-43
gaussian,200,1,vanLeer_FE,188.5,0,0,1.9454435461043327e-43
gaussian,200,1,vanLeer_FE,189.5,0,0,5.3502708295907537e-44
gaussian,200,1,vanLeer_FE,190.5,0,0,1.457377332253439e-44
gaussian,200,1,vanLeer_FE,191.5,0,0,3.9320917827932478e-45
gaussian,200,1,vanLeer_FE,192.5,0,0,1.0508644198183358e-45
gaussian,200,1,vanLeer_FE,193.5,0,0,2.7819984341706546e-46
gaussian,200,1,vanLeer_FE,194.5,0,0,7.295746088318299e-47
gaussian,200,1,vanLeer_FE,195.5,0,0,1.8953979348321294e-47
gaussian,200,1,vanLeer_FE,196.5,0,0,4.8782485985692922e-48
gaussian,200,1,vanLeer_FE,197.5,0,0,1.243870036665501e-48
gaussian,200,1,vanLeer_FE,198.5,0,0,3.1423033455711652e-49
gaussian,200,1,vanLeer_FE,199.5,0,0,7.8649770438367044e-50
gaussian,200,1,vanLeer_SSPRK2,0.5,4.0319648328398961e-42,3.9461819357718733e-303,8.5075858078240959e-64
gaussian,200,1,vanLeer_SSPRK2,1.5,2.3495028369634597e-39,1.5056620395625786e-295,5.3805617013670408e-61
gaussian,200,1,vanLeer_SSPRK2,2.5,1.0975511372095965e-36,4.6008607253322257e-288,2.5728979224271772e-58
gaussian,200,1,vanLeer_SSPRK2,3.5,4.1104854473094294e-34,1.1259360137484322e-280,9.8878502017281738e-56
gaussian,200,1,vanLeer_SSPRK2,4.5,1.2342785224088351e-31,2.2067508129560438e-273,3.0653122834249246e-53
gaussian,200,1,vanLeer_SSPRK2,5.5,2.9717983121251882e-29,3.4638560906697508e-266,7.6777119708068986e-51
gaussian,200,1,vanLeer_SSPRK2,6.5,5.7378388747034871e-27,4.3544712450299474e-259,1.5565437909448991e-48
gaussian,200,1,vanLeer_SSPRK2,7.5,8.8846316733736166e-25,4.3841178589285109e-252,2.5597998261108966e-46
gaussian,200,1,vanLeer_SSPRK2,8.5,1.1034033630235094e-22,3.5351063070103485e-245,3.4236344090724941e-44
gaussian,200,1,vanLeer_SSPRK2,9.5,1.0992014343435166e-20,2.2829613083390864e-238,3.7353294425185205e-42
gaussian,200,1,vanLeer_SSPRK2,10.5,8.7844644713825308e-19,1.1807906115914703e-231,3.3362973625856905e-40
gaussian,200,1,vanLeer_SSPRK2,11.5,5.6324560613763466e-17,4.8913423211149546e-225,2.4464295683786083e-38
gaussian,200,1,vanLeer_SSPRK2,12.5,2.897856440858993e-15,1.6228064393540392e-218,1.4398305876811846e-36
gaussian,200,1,vanLeer_SSPRK2,13.5,1.1964839192313295e-13,4.3121283107197259e-212,5.8051789079736137e-35
gaussian,200,1,vanLeer_SSPRK2,14.5,3.9650113373952613e-12,9.1771078118665972e-206,1.5972386912894987e-33
gaussian,200,1,vanLeer_SSPRK2,15.5,1.0547466195306394e-10,1.5642719215530576e-199,3.1976780783476554e-32
gaussian,200,1,vanLeer_SSPRK2,16.5,2.2525693567795984e-09,2.1355715051143688e-193,4.9467826207586722e-31
gaussian,200,1,vanLeer_SSPRK2,17.5,3.8627435570099709e-08,2.3351499952916222e-187,6.1907296215894075e-30
gaussian,200,1,vanLeer_SSPRK2,18.5,5.3194075013792053e-07,2.0451150777349032e-181,6.4849177165254667e-29
gaussian,200,1,vanLeer_SSPRK2,19.5,5.8835894690706761e-06,1.4345863722220529e-175,5.8342850356988825e-28
gaussian,200,1,vanLeer_SSPRK2,20.5,5.2275059923927003e-05,8.0601939842523253e-170,4.5984291532350369e-27
gaussian,200,1,vanLeer_SSPRK2,21.5,0.00037314677268319925,3.6272558146092636e-164,3.2252058400582089e-26
gaussian,200,1,vanLeer_SSPRK2,22.5,0.00214020507078222,1.3074618903550522e-158,2.0383427728600784e-25
gaussian,200,1,vanLeer_SSPRK2,23.5,0.0098645206478332349,3.7748746948656425e-153,1.1727547551250734e-24
gaussian,200,1,vanLeer_SSPRK2,24.5,0.036541946733464482,8.7297822633204655e-148,6.1945874998887177e-24
gaussian,200,1,vanLeer_SSPRK2,25.5,0.10880468515692684,1.6170990853143237e-142,3.0251902723647088e-23
gaussian,200,1,vanLeer_SSPRK2,26.5,0.26042514195959271,2.3994264868698216e-137,1.3740645298896846e-22
gaussian,200,1,vanLeer_SSPRK2,27.5,0.5011065019554406,2.8518153653906486e-132,5.8340180195899541e-22
gaussian,200,1,vanLeer_SSPRK2,28.5,0.77520033314678272,2.7150907736160399e-127,2.3254787953729979e-21
gaussian,200,1,vanLeer_SSPRK2,29.5,0.96416556333505776,2.0706299308123932e-122,8.7349752857452233e-21
gaussian,200,1,vanLeer_SSPRK2,30.5,0.96416556333505798,1.2649762087967003e-117,3.1018801039512373e-20
gaussian,200,1,vanLeer_SSPRK2,31.5,0.77520033314678238,6.1905738060358609e-113,1.0443289225742334e-19
gaussian,200,1,vanLeer_SSPRK2,32.5,0.50110650195544038,2.4269201775492884e-108,3.3418670797606613e-19
gaussian,200,1,vanLeer_SSPRK2,33.5,0.26042514195959271,7.6219119829446566e-104,1.0187120777185357e-18
gaussian,200,1,vanLeer_SSPRK2,34.5,0.10880468515692684,1.9176286730812131e-99,2.9641182758395644e-18
gaussian,200,1,vanLeer_SSPRK2,35.5,0.036541946733464482,3.8651475082034861e-95,8.2472705461765391e-18
gaussian,200,1,vanLeer_SSPRK2,36.5,0.0098645206478332349,6.2413421967517473e-91,2.1979437593079262e-17
gaussian,200,1,vanLeer_SSPRK2,37.5,0.00214020507078222,8.0744004367222386e-87,5.619287801510404e-17
gaussian,200,1,vanLeer_SSPRK2,38.5,0.00037314677268319925,8.3690007569314962e-83,1.3801653686937779e-16
gaussian,200,1,vanLeer_SSPRK2,39.5,5.2275059923927003e-05,6.9499126742802303e-79,3.2611464192611665e-16
gaussian,200,1,vanLeer_SSPRK2,40.5,5.8835894690706761e-06,4.6242325190392664e-75,7.4234244590713906e-16
gaussian,200,1,vanLeer_SSPRK2,41.5,5.3194075013792053e-07,2.4652873707848446e-71,1.63033005852239e-15
gaussian,200,1,vanLeer_SSPRK2,42.5,3.8627435570099709e-08,1.0531177035127619e-67,3.4603335177330095e-15
gaussian,200,1,vanLeer_SSPRK2,43.5,2.2525693567795984e-09,3.604812134010428e-64,7.1128194755558744e-15
gaussian,200,1,vanLeer_SSPRK2,44.5,1.0547466195306394e-10,9.8878225702524618e-61,1.4199337025181959e-14
gaussian,200,1,vanLeer_SSPRK2,45.5,3.9650113373952613e-12,2.1734421815275004e-57,2.7641058533548195e-14
gaussian,200,1,vanLeer_SSPRK2,46.5,1.1964839192313295e-13,3.8286286709321121e-54,5.2798697461286516e-14
gaussian,200,1,vanLeer_SSPRK2,47.5,2.897856440858993e-15,5.4051257058224677e-51,1.0003690189070101e-13
gaussian,200,1,vanLeer_SSPRK2,48.5,5.6324560613763466e-17,6.1158503701640189e-48,1.9240239659165738e-13
gaussian,200,1,vanLeer_SSPRK2,49.5,8.7844644713825308e-19,5.5465005312857341e-45,4.0140165380716943e-13
gaussian,200,1,vanLeer_SSPRK2,50.5,1.0992014343435166e-20,4.0319648328398961e-42,1.0532629857724367e-12
gaussian,200,1,vanLeer_SSPRK2,51.5,1.1034033630235094e-22,2.3495028369634597e-39,3.734688682386202e-12
gaussian,200,1,vanLeer_SSPRK2,52.5,8.8846316733736166e-25,1.0975511372095965e-36,1.5578872911226804e-11
gaussian,200,1,vanLeer_SSPRK2,53.5,5.7378388747034871e-27,4.1104854473094294e-34,6.6857015806270474e-11
gaussian,200,1,vanLeer_SSPRK2,54.5,2.971798312125173e-29,1.2342785224088959e-31,2.8034399286190448e-10
gaussian,200,1,vanLeer_SSPRK2,55.500000000000007,1.2342785224087919e-31,2.9717983121253238e-29,1.1326150409817871e-09
gaussian,200,1,vanLeer_SSPRK2,56.5,4.1104854473092387e-34,5.7378388747034046e-27,4.3941994928779272e-09
gaussian,200,1,vanLeer_SSPRK2,57.499999999999993,1.0975511372096371e-36,8.8846316733732897e-25,1.6360158883738326e-08
gaussian,200,1,vanLeer_SSPRK2,58.5,2.3495028369635919e-39,1.1034033630235007e-22,5.8448936923867255e-08
gaussian,200,1,vanLeer_SSPRK2,59.5,4.0319648328398961e-42,1.0992014343435166e-20,2.0039025591946367e-07
gaussian,200,1,vanLeer_SSPRK2,60.5,5.5465005312857341e-45,8.7844644713825308e-19,6.5936500337216477e-07
gaussian,200,1,vanLeer_SSPRK2,61.5,6.1158503701640189e-48,5.6324560613763466e-17,2.0823734539102232e-06
gaussian,200,1,vanLeer_SSPRK2,62.5,5.4051257058224677e-51,2.897856440858993e-15,6.3124597677203265e-06
gaussian,200,1,vanLeer_SSPRK2,63.5,3.8286286709321121e-54,1.1964839192313295e-13,1.8367649483227022e-05
gaussian,200,1,vanLeer_SSPRK2,64.5,2.1734421815275004e-57,3.9650113373952613e-12,5.12988151989179e-05
gaussian,200,1,vanLeer_SSPRK2,65.5,9.8878225702524618e-61,1.0547466195306394e-10,0.00013750227954045869
gaussian,200,1,vanLeer_SSPRK2,66.5,3.604812134010428e-64,2.2525693567795984e-09,0.00035364303499773258
gaussian,200,1,vanLeer_SSPRK2,67.5,1.0531177035127619e-67,3.8627435570099709e-08,0.00087240062097823212
gaussian,200,1,vanLeer_SSPRK2,68.5,2.4652873707848446e-71,5.3194075013792053e-07,0.0020631359129827504
gaussian,200,1,vanLeer_SSPRK2,69.5,4.6242325190392664e-75,5.8835894690706761e-06,0.0046737937599194215
gaussian,200,1,vanLeer_SSPRK2,70.5,6.9499126742802303e-79,5.2275059923927003e-05,0.01013192007131347
gaussian,200,1,vanLeer_SSPRK2,71.5,8.3690007569314962e-83,0.00037314677268319925,0.020989432088312433
gaussian,200,1,vanLeer_SSPRK2,72.5,8.0744004367222386e-87,0.00214020507078222,0.04147820478976566
gaussian,200,1,vanLeer_SSPRK2,73.5,6.2413421967517473e-91,0.0098645206478332349,0.078003392232547264
gaussian,200,1,vanLeer_SSPRK2,74.5,3.8651475082034861e-95,0.036541946733464482,0.13911101921860697
gaussian,200,1,vanLeer_SSPRK2,75.5,1.9176286730812131e-99,0.10880468515692684,0.23376646016143099
gaussian,200,1,vanLeer_SSPRK2,76.5,7.6219119829446566e-104,0.26042514195959271,0.36455829664348161
gaussian,200,1,vanLeer_SSPRK2,77.5,2.4269201775492884e-108,0.50110650195544038,0.50829552324345362
gaussian,200,1,vanLeer_SSPRK2,78.5,6.1905738060358609e-113,0.77520033314678238,0.6002080963259494
gaussian,200,1,vanLeer_SSPRK2,79.5,1.2649762087967003e-117,0.96416556333505798,0.61665930489849186
gaussian,200,1,vanLeer_SSPRK2,80.5,2.0706299308123932e-122,0.96416556333505798,0.6130446688260891
gaussian,200,1,vanLeer_SSPRK2,81.5,2.7150907736160399e-127,0.77520033314678238,0.59267143262095312
gaussian,200,1,vanLeer_SSPRK2,82.5,2.8518153653906486e-132,0.50110650195544038,0.53881429081682386
gaussian,200,1,vanLeer_SSPRK2,83.5,2.3994264868698216e-137,0.26042514195959271,0.44037656938531189
gaussian,200,1,vanLeer_SSPRK2,84.5,1.6170990853143237e-142,0.10880468515692684,0.30222781885579053
gaussian,200,1,vanLeer_SSPRK2,85.5,8.7297822633204655e-148,0.036541946733464482,0.15458874773419562
gaussian,200,1,vanLeer_SSPRK2,86.5,3.7748746948656425e-153,0.0098645206478332349,0.047655350907530029
gaussian,200,1,vanLeer_SSPRK2,87.5,1.3074618903550522e-158,0.00214020507078222,0.0063578938808894203
gaussian,200,1,vanLeer_SSPRK2,88.5,3.6272558146092636e-164,0.00037314677268319925,0.00024194707609412105
gaussian,200,1,vanLeer_SSPRK2,89.5,8.0601939842523253e-170,5.2275059923927003e-05,1.7040663439336028e-06
gaussian,200,1,vanLeer_SSPRK2,90.5,1.4345863722220529e-175,5.8835894690706761e-06,1.4950576167527784e-09
gaussian,200,1,vanLeer_SSPRK2,91.5,2.0451150777349032e-181,5.3194075013792053e-07,1.7800963513521773e-12
gaussian,200,1,vanLeer_SSPRK2,92.5,2.3351499952916222e-187,3.8627435570099709e-08,1.5816489547587588e-12
gaussian,200,1,vanLeer_SSPRK2,93.5,2.1355715051143688e-193,2.2525693567795984e-09,1.4195097182861051e-12
gaussian,200,1,vanLeer_SSPRK2,94.5,1.5642719215530576e-199,1.0547466195306394e-10,1.2540870463332855e-12
gaussian,200,1,vanLeer_SSPRK2,95.5,9.1771078118665972e-206,3.9650113373952613e-12,1.0942565820341326e-12
gaussian,200,1,vanLeer_SSPRK2,96.5,4.3121283107197259e-212,1.1964839192313295e-13,9.4382850026793318e-13
gaussian,200,1,vanLeer_SSPRK2,97.5,1.6228064393540392e-218,2.897856440858993e-15,8.0473902250515966e-13
gaussian,200,1,vanLeer_SSPRK2,98.5,4.8913423211149546e-225,5.6324560613763466e-17,6.7816910077987603e-13
gaussian,200,1,vanLeer_SSPRK2,99.5,1.1807906115914703e-231,8.7844644713825308e-19,5.6473700479162036e-13
gaussian,200,1,vanLeer_SSPRK2,100.5,2.2829613083390864e-238,1.0992014343435166e-20,4.6459993658219113e-13
gaussian,200,1,vanLeer_SSPRK2,101.5,3.5351063070103485e-245,1.1034033630235094e-22,3.775263026669094e-13
gaussian,200,1,vanLeer_SSPRK2,102.5,4.3841178589285109e-252,8.8846316733736166e-25,3.0295578333935154e-13
gaussian,200,1,vanLeer_SSPRK2,103.5,4.3544712450299474e-259,5.7378388747034871e-27,2.4006220637855292e-13
gaussian,200,1,vanLeer_SSPRK2,104.5,3.4638560906697508e-266,2.9717983121251882e-29,1.8782261954844209e-13
gaussian,200,1,vanLeer_SSPRK2,105.5,2.2067508129560438e-273,1.2342785224088351e-31,1.4508905276686467e-13
gaussian,200,1,vanLeer_SSPRK2,106.5,1.1259360137484322e-280,4.1104854473094294e-34,1.1065738955411955e-13
gaussian,200,1,vanLeer_SSPRK2,107.5,4.6008607253322257e-288,1.0975511372095965e-36,8.3328233666386873e-14
gaussian,200,1,vanLeer_SSPRK2,108.5,1.5056620395625464e-295,2.3495028369634222e-39,6.1956243016717789e-14
gaussian,200,1,vanLeer_SSPRK2,109.50000000000001,3.9461819357704376e-303,4.0319648328394793e-42,4.5486288128868674e-14
gaussian,200,1,vanLeer_SSPRK2,110.50000000000001,8.2829705159623653e-311,5.5465005312851709e-45,3.2976491224104531e-14
gaussian,200,1,vanLeer_SSPRK2,111.50000000000001,1.3923609811404258e-318,6.1158503701635364e-48,2.3609471732942472e-14
gaussian,200,1,vanLeer_SSPRK2,112.5,0,5.4051257058220226e-51,1.6693897082569287e-14
gaussian,200,1,vanLeer_SSPRK2,113.49999999999999,0,3.8286286709325624e-54,1.1658757241319169e-14
gaussian,200,1,vanLeer_SSPRK2,114.49999999999999,0,2.1734421815277523e-57,8.0427472453173206e-15
gaussian,200,1,vanLeer_SSPRK2,115.49999999999999,0,9.8878225702533351e-61,5.4808703769721446e-15
gaussian,200,1,vanLeer_SSPRK2,116.5,0,3.6048121340108328e-64,3.6899746135547219e-15
gaussian,200,1,vanLeer_SSPRK2,117.5,0,1.0531177035127619e-67,2.4544943015570594e-15
gaussian,200,1,vanLeer_SSPRK2,118.5,0,2.4652873707848446e-71,1.6132500822563869e-15
gaussian,200,1,vanLeer_SSPRK2,119.5,0,4.6242325190392664e-75,1.0478006482652575e-15
gaussian,200,1,vanLeer_SSPRK2,120.5,0,6.9499126742802303e-79,6.7255719932140581e-16
gaussian,200,1,vanLeer_SSPRK2,121.5,0,8.3690007569314962e-83,4.2666760590602255e-16
gaussian,200,1,vanLeer_SSPRK2,122.5,0,8.0744004367222386e-87,2.6754464333036629e-16
gaussian,200,1,vanLeer_SSPRK2,123.5,0,6.2413421967517473e-91,1.6583844969073229e-16
gaussian,200,1,vanLeer_SSPRK2,124.5,0,3.8651475082034861e-95,1.0162318201273357e-16
gaussian,200,1,vanLeer_SSPRK2,125.5,0,1.9176286730812131e-99,6.1568012044720276e-17
gaussian,200,1,vanLeer_SSPRK2,126.5,0,7.6219119829446566e-104,3.6881487317324538e-17
gaussian,200,1,vanLeer_SSPRK2,127.5,0,2.4269201775492884e-108,2.1846850238428781e-17
gaussian,200,1,vanLeer_SSPRK2,128.5,0,6.1905738060358609e-113,1.2797716442408824e-17
gaussian,200,1,vanLeer_SSPRK2,129.5,0,1.2649762087967003e-117,7.414391177973124e-18
gaussian,200,1,vanLeer_SSPRK2,130.5,0,2.0706299308123932e-122,4.2486792877179991e-18
gaussian,200,1,vanLeer_SSPRK2,131.5,0,2.7150907736160399e-127,2.4082628404500655e-18
gaussian,200,1,vanLeer_SSPRK2,132.5,0,2.8518153653906486e-132,1.3503964322301388e-18
gaussian,200,1,vanLeer_SSPRK2,133.5,0,2.3994264868698216e-137,7.4913838298790496e-19
gaussian,200,1,vanLeer_SSPRK2,134.5,0,1.6170990853143237e-142,4.1118948692380374e-19
gaussian,200,1,vanLeer_SSPRK2,135.5,0,8.7297822633204655e-148,2.2332474412755933e-19
gaussian,200,1,vanLeer_SSPRK2,136.5,0,3.7748746948656425e-153,1.200278837881312e-19
gaussian,200,1,vanLeer_SSPRK2,137.5,0,1.3074618903550522e-158,6.3843006805604815e-20
gaussian,200,1,vanLeer_SSPRK2,138.5,0,3.6272558146092636e-164,3.3609777682828535e-20
gaussian,200,1,vanLeer_SSPRK2,139.5,0,8.0601939842523253e-170,1.7513547270060777e-20
gaussian,200,1,vanLeer_SSPRK2,140.5,0,1.4345863722220529e-175,9.0338651476021086e-21
gaussian,200,1,vanLeer_SSPRK2,141.5,0,2.0451150777349032e-181,4.6131618496335492e-21
gaussian,200,1,vanLeer_SSPRK2,142.5,0,2.3351499952916222e-187,2.3322963343969678e-21
gaussian,200,1,vanLeer_SSPRK2,143.5,0,2.1355715051143688e-193,1.1675158696003993e-21
gaussian,200,1,vanLeer_SSPRK2,144.5,0,1.5642719215530576e-199,5.7872156974762859e-22
gaussian,200,1,vanLeer_SSPRK2,145.5,0,9.1771078118665972e-206,2.8407816191898312e-22
gaussian,200,1,vanLeer_SSPRK2,146.5,0,4.3121283107197259e-212,1.3810217138114195e-22
gaussian,200,1,vanLeer_SSPRK2,147.5,0,1.6228064393540392e-218,6.6495229952667865e-23
gaussian,200,1,vanLeer_SSPRK2,148.5,0,4.8913423211149546e-225,3.1713218395929642e-23
gaussian,200,1,vanLeer_SSPRK2,149.5,0,1.1807906115914703e-231,1.4982426436392206e-23
gaussian,200,1,vanLeer_SSPRK2,150.5,0,2.2829613083390864e-238,7.0120953798777459e-24
gaussian,200,1,vanLeer_SSPRK2,151.5,0,3.5351063070103485e-245,3.2513876903350099e-24
gaussian,200,1,vanLeer_SSPRK2,152.5,0,4.3841178589285109e-252,1.4937436516663034e-24
gaussian,200,1,vanLeer_SSPRK2,153.5,0,4.3544712450299474e-259,6.799868018721412e-25
gaussian,200,1,vanLeer_SSPRK2,154.5,0,3.4638560906697508e-266,3.0674136060403396e-25
gaussian,200,1,vanLeer_SSPRK2,155.5,0,2.2067508129560438e-273,1.3712657109746402e-25
gaussian,200,1,vanLeer_SSPRK2,156.5,0,1.1259360137484322e-280,6.0754424695220384e-26
gaussian,200,1,vanLeer_SSPRK2,157.5,0,4.6008607253322257e-288,2.6679055495598843e-26
gaussian,200,1,vanLeer_SSPRK2,158.5,0,1.5056620395625786e-295,1.1612562768370928e-26
gaussian,200,1,vanLeer_SSPRK2,159.5,0,3.9461819357718733e-303,5.0104790841973712e-27
gaussian,200,1,vanLeer_SSPRK2,160.5,0,8.2829705159638475e-311,2.1431475957196983e-27
gaussian,200,1,vanLeer_SSPRK2,161.5,0,1.3923609811404258e-318,9.0881247188347679e-28
gaussian,200,1,vanLeer_SSPRK2,162.5,0,0,3.82096618319208e-28
gaussian,200,1,vanLeer_SSPRK2,163.5,0,0,1.592853410461807e-28
gaussian,200,1,vanLeer_SSPRK2,164.5,0,0,6.5842868253579324e-29
gaussian,200,1,vanLeer_SSPRK2,165.5,0,0,2.6989711558978422e-29
gaussian,200,1,vanLeer_SSPRK2,166.5,0,0,1.0971606200174665e-29
gaussian,200,1,vanLeer_SSPRK2,167.5,0,0,4.4233386181044057e-30
gaussian,200,1,vanLeer_SSPRK2,168.5,0,0,1.7687374117019012e-30
gaussian,200,1,vanLeer_SSPRK2,169.5,0,0,7.0151115522760897e-31
gaussian,200,1,vanLeer_SSPRK2,170.5,0,0,2.7598682433175753e-31
gaussian,200,1,vanLeer_SSPRK2,171.5,0,0,1.0770821586044121e-31
gaussian,200,1,vanLeer_SSPRK2,172.5,0,0,4.1700365737334598e-32
gaussian,200,1,vanLeer_SSPRK2,173.5,0,0,1.6017139257599276e-32
gaussian,200,1,vanLeer_SSPRK2,174.5,0,0,6.1038981402063269e-33
gaussian,200,1,vanLeer_SSPRK2,175.5,0,0,2.3079675980041279e-33
gaussian,200,1,vanLeer_SSPRK2,176.5,0,0,8.6591406104279342e-34
gaussian,200,1,vanLeer_SSPRK2,177.5,0,0,3.2237753763043203e-34
gaussian,200,1,vanLeer_SSPRK2,178.5,0,0,1.191026957189568e-34
gaussian,200,1,vanLeer_SSPRK2,179.5,0,0,4.3668360151454594e-35
gaussian,200,1,vanLeer_SSPRK2,180.5,0,0,1.5889930401959356e-35
gaussian,200,1,vanLeer_SSPRK2,181.5,0,0,5.7386267779292071e-36
gaussian,200,1,vanLeer_SSPRK2,182.5,0,0,2.057053606762657e-36
gaussian,200,1,vanLeer_SSPRK2,183.5,0,0,7.3190610704875409e-37
gaussian,200,1,vanLeer_SSPRK2,184.5,0,0,2.5849817278634395e-37
gaussian,200,1,vanLeer_SSPRK2,185.5,0,0,9.062997723092287e-38
gaussian,200,1,vanLeer_SSPRK2,186.5,0,0,3.1544106120078036e-38
gaussian,200,1,vanLeer_SSPRK2,187.5,0,0,1.0899735317556537e-38
gaussian,200,1,vanLeer_SSPRK2,188.5,0,0,3.7392474370012648e-39
gaussian,200,1,vanLeer_SSPRK2,189.5,0,0,1.273625901097597e-39
gaussian,200,1,vanLeer_SSPRK2,190.5,0,0,4.3073249320124745e-40
gaussian,200,1,vanLeer_SSPRK2,191.5,0,0,1.4464381420260946e-40
gaussian,200,1,vanLeer_SSPRK2,192.5,0,0,4.8232162734167603e-41
gaussian,200,1,vanLeer_SSPRK2,193.5,0,0,1.597114936466546e-41
gaussian,200,1,vanLeer_SSPRK2,194.5,0,0,5.2518929037982989e-42
gaussian,200,1,vanLeer_SSPRK2,195.5,0,0,1.7151150868272333e-42
gaussian,200,1,vanLeer_SSPRK2,196.5,0,0,5.5626997998283512e-43
gaussian,200,1,vanLeer_SSPRK2,197.5,0,0,1.7918842061285379e-43
gaussian,200,1,vanLeer_SSPRK2,198.5,0,0,5.7330141785886562e-44
gaussian,200,1,vanLeer_SSPRK2,199.5,0,0,1.8218869471706795e-44
gaussian,200,2,vanLeer_FE,0.5,4.0319648328398961e-42,3.9461819357718733e-303,2.387885418130548e-66
gaussian,200,2,vanLeer_FE,1.5,2.3495028369634597e-39,1.5056620395625786e-295,1.5407092320267147e-63
gaussian,200,2,vanLeer_FE,2.5,1.0975511372095965e-36,4.6008607253322257e-288,7.4162403910986821e-61
gaussian,200,2,vanLeer_FE,3.5,4.1104854473094294e-34,1.1259360137484322e-280,2.8686743641101636e-58
gaussian,200,2,vanLeer_FE,4.5,1.2342785224088351e-31,2.2067508129560438e-273,8.9635572279830727e-56
gaussian,200,2,vanLeer_FE,5.5,2.9717983121251882e-29,3.4638560906697508e-266,2.2669388776819699e-53
gaussian,200,2,vanLeer_FE,6.5,5.7378388747034871e-27,4.3544712450299474e-259,4.6505797363446007e-51
gaussian,200,2,vanLeer_FE,7.5,8.8846316733736166e-25,4.3841178589285109e-252,7.7590057715517469e-49
gaussian,200,2,vanLeer_FE,8.5,1.1034033630235094e-22,3.5351063070103485e-245,1.0559956117758848e-46
gaussian,200,2,vanLeer_FE,9.5,1.0992014343435166e-20,2.2829613083390864e-238,1.1765833444498824e-44
gaussian,200,2,vanLeer_FE,10.5,8.7844644713825308e-19,1.1807906115914703e-231,1.0776067463945864e-42
gaussian,200,2,vanLeer_FE,11.5,5.6324560613763466e-17,4.8913423211149546e-225,8.140087111296425e-41
gaussian,200,2,vanLeer_FE,12.5,2.897856440858993e-15,1.6228064393540392e-218,4.9621908898308312e-39
gaussian,200,2,vanLeer_FE,13.5,1.1964839192313295e-13,4.3121283107197259e-212,2.1351568691547686e-37
gaussian,200,2,vanLeer_FE,14.5,3.9650113373952613e-12,9.1771078118665972e-206,6.4718001356186066e-36
gaussian,200,2,vanLeer_FE,15.5,1.0547466195306394e-10,1.5642719215530576e-199,1.4545481737343306e-34
gaussian,200,2,vanLeer_FE,16.5,2.2525693567795984e-09,2.1355715051143688e-193,2.5496787918189902e-33
gaussian,200,2,vanLeer_FE,17.5,3.8627435570099709e-08,2.3351499952916222e-187,3.6281923672060318e-32
gaussian,200,2,vanLeer_FE,18.5,5.3194075013792053e-07,2.0451150777349032e-181,4.3216054641691215e-31
gaussian,200,2,vanLeer_FE,19.5,5.8835894690706761e-06,1.4345863722220529e-175,4.411561382451123e-30
gaussian,200,2,vanLeer_FE,20.5,5.2275059923927003e-05,8.0601939842523253e-170,3.9314898478906527e-29
gaussian,200,2,vanLeer_FE,21.5,0.00037314677268319925,3.6272558146092636e-164,3.1041957799252266e-28
gaussian,200,2,vanLeer_FE,22.5,0.00214020507078222,1.3074618903550522e-158,2.1977601590614632e-27
gaussian,200,2,vanLeer_FE,23.5,0.0098645206478332349,3.7748746948656425e-153,1.4091527749044599e-26
gaussian,200,2,vanLeer_FE,24.5,0.036541946733464482,8.7297822633204655e-148,8.2507376723590207e-26
gaussian,200,2,vanLeer_FE,25.5,0.10880468515692684,1.6170990853143237e-142,4.4427099438291796e-25
gaussian,200,2,vanLeer_FE,26.5,0.26042514195959271,2.3994264868698216e-137,2.2133553701285182e-24
gaussian,200,2,vanLeer_FE,27.5,0.5011065019554406,2.8518153653906486e-132,1.02559731675248e-23
gaussian,200,2,vanLeer_FE,28.5,0.77520033314678272,2.7150907736160399e-127,4.4402765764351295e-23
gaussian,200,2,vanLeer_FE,29.5,0.96416556333505776,2.0706299308123932e-122,1.8034117947415308e-22
gaussian,200,2,vanLeer_FE,30.5,0.96416556333505798,1.2649762087967003e-117,6.8956290043941851e-22
gaussian,200,2,vanLeer_FE,31.5,0.77520033314678238,6.1905738060358609e-113,2.4901078895499156e-21
gaussian,200,2,vanLeer_FE,32.5,0.50110650195544038,2.4269201775492884e-108,8.5163333387278552e-21
gaussian,200,2,vanLeer_FE,33.5,0.26042514195959271,7.6219119829446566e-104,2.7655171666651081e-20
gaussian,200,2,vanLeer_FE,34.5,0.10880468515692684,1.9176286730812131e-99,8.5463223057960021e-20
gaussian,200,2,vanLeer_FE,35.5,0.036541946733464482,3.8651475082034861e-95,2.5185843372561676e-19
gaussian,200,2,vanLeer_FE,36.5,0.0098645206478332349,6.2413421967517473e-91,7.0912099807007606e-19
gaussian,200,2,vanLeer_FE,37.5,0.00214020507078222,8.0744004367222386e-87,1.9107798729635543e-18
gaussian,200,2,vanLeer_FE,38.5,0.00037314677268319925,8.3690007569314962e-83,4.9351910763211851e-18
gaussian,200,2,vanLeer_FE,39.5,5.2275059923927003e-05,6.9499126742802303e-79,1.2235501975352183e-17
gaussian,200,2,vanLeer_FE,40.5,5.8835894690706761e-06,4.6242325190392664e-75,2.9156705074219834e-17
gaussian,200,2,vanLeer_FE,41.5,5.3194075013792053e-07,2.4652873707848446e-71,6.6863488348119968e-17
gaussian,200,2,vanLeer_FE,42.5,3.8627435570099709e-08,1.0531177035127619e-67,1.4773320503263104e-16
gaussian,200,2,vanLeer_FE,43.5,2.2525693567795984e-09,3.604812134010428e-64,3.1484004971747784e-16
gaussian,200,2,vanLeer_FE,44.5,1.0547466195306394e-10,9.8878225702524618e-61,6.4788987568280209e-16
gaussian,200,2,vanLeer_FE,45.5,3.9650113373952613e-12,2.1734421815275004e-57,1.2888332406705352e-15
gaussian,200,2,vanLeer_FE,46.5,1.1964839192313295e-13,3.8286286709321121e-54,2.4813612724639892e-15
gaussian,200,2,vanLeer_FE,47.5,2.897856440858993e-15,5.4051257058224677e-51,4.6296460303319666e-15
gaussian,200,2,vanLeer_FE,48.5,5.6324560613763466e-17,6.1158503701640189e-48,8.38340370196168e-15
gaussian,200,2,vanLeer_FE,49.5,8.7844644713825308e-19,5.5465005312857341e-45,1.4759717251613713e-14
gaussian,200,2,vanLeer_FE,50.5,1.0992014343435166e-20,4.0319648328398961e-42,2.5319601072254189e-14
gaussian,200,2,vanLeer_FE,51.5,1.1034033630235094e-22,2.3495028369634597e-39,4.2434843879839824e-14
gaussian,200,2,vanLeer_FE,52.5,8.8846316733736166e-25,1.0975511372095965e-36,6.9722828271081436e-14
gaussian,200,2,vanLeer_FE,53.5,5.7378388747034871e-27,4.1104854473094294e-34,1.1283912121069382e-13
gaussian,200,2,vanLeer_FE,54.5,2.971798312125173e-29,1.2342785224088959e-31,1.8123023606582494e-13
gaussian,200,2,vanLeer_FE,55.500000000000007,1.2342785224087919e-31,2.9717983121253238e-29,2.943909387816995e-13
gaussian,200,2,vanLeer_FE,56.5,4.1104854473092387e-34,5.7378388747034046e-27,5.2285174413209922e-13
gaussian,200,2,vanLeer_FE,57.499999999999993,1.0975511372096371e-36,8.8846316733732897e-25,1.2671364689493422e-12
gaussian,200,2,vanLeer_FE,58.5,2.3495028369635919e-39,1.1034033630235007e-22,4.7983404704341575e-12
gaussian,200,2,vanLeer_FE,59.5,4.0319648328398961e-42,1.0992014343435166e-20,2.3014822119628732e-11
gaussian,200,2,vanLeer_FE,60.5,5.5465005312857341e-45,8.7844644713825308e-19,1.1508793779575131e-10
gaussian,200,2,vanLeer_FE,61.5,6.1158503701640189e-48,5.6324560613763466e-17,5.6220772010222613e-10
gaussian,200,2,vanLeer_FE,62.5,5.4051257058224677e-51,2.897856440858993e-15,2.6406083506161899e-09
gaussian,200,2,vanLeer_FE,63.5,3.8286286709321121e-54,1.1964839192313295e-13,1.1875832717915661e-08
gaussian,200,2,vanLeer_FE,64.5,2.1734421815275004e-57,3.9650113373952613e-12,5.1069562643452125e-08
gaussian,200,2,vanLeer_FE,65.5,9.8878225702524618e-61,1.0547466195306394e-10,2.0993694444834774e-07
gaussian,200,2,vanLeer_FE,66.5,3.604812134010428e-64,2.2525693567795984e-09,8.2602072308164573e-07
gaussian,200,2,vanLeer_FE,67.5,1.0531177035127619e-67,3.8627435570099709e-08,3.1223018058079138e-06
gaussian,200,2,vanLeer_FE,68.5,2.4652873707848446e-71,5.3194075013792053e-07,1.1418378480648162e-05
gaussian,200,2,vanLeer_FE,69.5,4.6242325190392664e-75,5.8835894690706761e-06,4.0828737756039883e-05
gaussian,200,2,vanLeer_FE,70.5,6.9499126742802303e-79,5.2275059923927003e-05,0.00014457351907720253
gaussian,200,2,vanLeer_FE,71.5,8.3690007569314962e-83,0.00037314677268319925,0.00051312248898168714
gaussian,200,2,vanLeer_FE,72.5,8.0744004367222386e-87,0.00214020507078222,0.0018405043459401005
gaussian,200,2,vanLeer_FE,73.5,6.2413421967517473e-91,0.0098645206478332349,0.0066851634045486498
gaussian,200,2,vanLeer_FE,74.5,3.8651475082034861e-95,0.036541946733464482,0.024419555496648742
gaussian,200,2,vanLeer_FE,75.5,1.9176286730812131e-99,0.10880468515692684,0.087230321312200071
gaussian,200,2,vanLeer_FE,76.5,7.6219119829446566e-104,0.26042514195959271,0.27656328368873728
gaussian,200,2,vanLeer_FE,77.5,2.4269201775492884e-108,0.50110650195544038,0.61165482031859697
gaussian,200,2,vanLeer_FE,78.5,6.1905738060358609e-113,0.77520033314678238,0.79858280821981864
gaussian,200,2,vanLeer_FE,79.5,1.2649762087967003e-117,0.96416556333505798,0.81366834214130934
gaussian,200,2,vanLeer_FE,80.5,2.0706299308123932e-122,0.96416556333505798,0.81008588563542971
gaussian,200,2,vanLeer_FE,81.5,2.7150907736160399e-127,0.77520033314678238,0.78156212067646758
gaussian,200,2,vanLeer_FE,82.5,2.8518153653906486e-132,0.50110650195544038,0.6633254099650413
gaussian,200,2,vanLeer_FE,83.5,2.3994264868698216e-137,0.26042514195959271,0.36836039022276168
gaussian,200,2,vanLeer_FE,84.5,1.6170990853143237e-142,0.10880468515692684,0.07073024728480147
gaussian,200,2,vanLeer_FE,85.5,8.7297822633204655e-148,0.036541946733464482,0.0019357240336676646
gaussian,200,2,vanLeer_FE,86.5,3.7748746948656425e-153,0.0098645206478332349,2.808202225822782e-06
gaussian,200,2,vanLeer_FE,87.5,1.3074618903550522e-158,0.00214020507078222,7.5884988429268944e-11
gaussian,200,2,vanLeer_FE,88.5,3.6272558146092636e-164,0.00037314677268319925,1.9131689220367234e-12
gaussian,200,2,vanLeer_FE,89.5,8.0601939842523253e-170,5.2275059923927003e-05,1.7881801894303773e-12
gaussian,200,2,vanLeer_FE,90.5,1.4345863722220529e-175,5.8835894690706761e-06,1.6514472649651784e-12
gaussian,200,2,vanLeer_FE,91.5,2.0451150777349032e-181,5.3194075013792053e-07,1.5095050804418275e-12
gaussian,200,2,vanLeer_FE,92.5,2.3351499952916222e-187,3.8627435570099709e-08,1.3587044766322905e-12
gaussian,200,2,vanLeer_FE,93.5,2.1355715051143688e-193,2.2525693567795984e-09,1.2036999933893563e-12
gaussian,200,2,vanLeer_FE,94.5,1.5642719215530576e-199,1.0547466195306394e-10,1.0495198959778758e-12
gaussian,200,2,vanLeer_FE,95.5,9.1771078118665972e-206,3.9650113373952613e-12,9.0083142533916306e-13
gaussian,200,2,vanLeer_FE,96.5,4.3121283107197259e-212,1.1964839192313295e-13,7.6134431787387006e-13
gaussian,200,2,vanLeer_FE,97.5,1.6228064393540392e-218,2.897856440858993e-15,6.3366071733045554e-13
gaussian,200,2,vanLeer_FE,98.5,4.8913423211149546e-225,5.6324560613763466e-17,5.1935288934280346e-13
gaussian,200,2,vanLeer_FE,99.5,1.1807906115914703e-231,8.7844644713825308e-19,4.1912198932127432e-13
gaussian,200,2,vanLeer_FE,100.5,2.2829613083390864e-238,1.0992014343435166e-20,3.3296735608497634e-13
gaussian,200,2,vanLeer_FE,101.5,3.5351063070103485e-245,1.1034033630235094e-22,2.6034232266205196e-13
gaussian,200,2,vanLeer_FE,102.5,4.3841178589285109e-252,8.8846316733736166e-25,2.0029460170983481e-13
gaussian,200,2,vanLeer_FE,103.5,4.3544712450299474e-259,5.7378388747034871e-27,1.5159445981320546e-13
gaussian,200,2,vanLeer_FE,104.5,3.4638560906697508e-266,2.9717983121251882e-29,1.1285156401586015e-13
gaussian,200,2,vanLeer_FE,105.5,2.2067508129560438e-273,1.2342785224088351e-31,8.2618125743317121e-14
gaussian,200,2,vanLeer_FE,106.5,1.1259360137484322e-280,4.1104854473094294e-34,5.9474615076907217e-14
gaussian,200,2,vanLeer_FE,107.5,4.6008607253322257e-288,1.0975511372095965e-36,4.2095102439911758e-14
gaussian,200,2,vanLeer_FE,108.5,1.5056620395625464e-295,2.3495028369634222e-39,2.9291296171535242e-14
gaussian,200,2,vanLeer_FE,109.50000000000001,3.9461819357704376e-303,4.0319648328394793e-42,2.0036558456981935e-14
gaussian,200,2,vanLeer_FE,110.50000000000001,8.2829705159623653e-311,5.5465005312851709e-45,1.3472913034569905e-14
gaussian,200,2,vanLeer_FE,111.50000000000001,1.3923609811404258e-318,6.1158503701635364e-48,8.9050252779859177e-15
gaussian,200,2,vanLeer_FE,112.5,0,5.4051257058220226e-51,5.7853555026697071e-15
gaussian,200,2,vanLeer_FE,113.49999999999999,0,3.8286286709325624e-54,3.6943350970396749e-15
gaussian,200,2,vanLeer_FE,114.49999999999999,0,2.1734421815277523e-57,2.3187170161950175e-15
gaussian,200,2,vanLeer_FE,115.49999999999999,0,9.8878225702533351e-61,1.4304142689501022e-15
gaussian,200,2,vanLeer_FE,116.5,0,3.6048121340108328e-64,8.6731962019463253e-16
gaussian,200,2,vanLeer_FE,117.5,0,1.0531177035127619e-67,5.1689623709344896e-16
gaussian,200,2,vanLeer_FE,118.5,0,2.4652873707848446e-71,3.0278946589132884e-16
gaussian,200,2,vanLeer_FE,119.5,0,4.6242325190392664e-75,1.743412418823129e-16
gaussian,200,2,vanLeer_FE,120.5,0,6.9499126742802303e-79,9.867167184815699e-17
gaussian,200,2,vanLeer_FE,121.5,0,8.3690007569314962e-83,5.4894744531542697e-17
gaussian,200,2,vanLeer_FE,122.5,0,8.0744004367222386e-87,3.0021310545503224e-17
gaussian,200,2,vanLeer_FE,123.5,0,6.2413421967517473e-91,1.614006485624523e-17
gaussian,200,2,vanLeer_FE,124.5,0,3.8651475082034861e-95,8.5305115868969183e-18
gaussian,200,2,vanLeer_FE,125.5,0,1.9176286730812131e-99,4.432589819905412e-18
gaussian,200,2,vanLeer_FE,126.5,0,7.6219119829446566e-104,2.2644985937294608e-18
gaussian,200,2,vanLeer_FE,127.5,0,2.4269201775492884e-108,1.137466727098138e-18
gaussian,200,2,vanLeer_FE,128.5,0,6.1905738060358609e-113,5.6179534669405825e-19
gaussian,200,2,vanLeer_FE,129.5,0,1.2649762087967003e-117,2.7284213532069746e-19
gaussian,200,2,vanLeer_FE,130.5,0,2.0706299308123932e-122,1.303046702843071e-19
gaussian,200,2,vanLeer_FE,131.5,0,2.7150907736160399e-127,6.1199140434775606e-20
gaussian,200,2,vanLeer_FE,132.5,0,2.8518153653906486e-132,2.8267610988356555e-20
gaussian,200,2,vanLeer_FE,133.5,0,2.3994264868698216e-137,1.284141770252817e-20
gaussian,200,2,vanLeer_FE,134.5,0,1.6170990853143237e-142,5.73770848707147e-21
gaussian,200,2,vanLeer_FE,135.5,0,8.7297822633204655e-148,2.5216628993734e-21
gaussian,200,2,vanLeer_FE,136.5,0,3.7748746948656425e-153,1.0901338044539495e-21
gaussian,200,2,vanLeer_FE,137.5,0,1.3074618903550522e-158,4.6359391660662043e-22
gaussian,200,2,vanLeer_FE,138.5,0,3.6272558146092636e-164,1.9394624935698783e-22
gaussian,200,2,vanLeer_FE,139.5,0,8.0601939842523253e-170,7.9823543923402849e-23
gaussian,200,2,vanLeer_FE,140.5,0,1.4345863722220529e-175,3.2322609159705825e-23
gaussian,200,2,vanLeer_FE,141.5,0,2.0451150777349032e-181,1.2877364415520429e-23
gaussian,200,2,vanLeer_FE,142.5,0,2.3351499952916222e-187,5.0479104776887251e-24
gaussian,200,2,vanLeer_FE,143.5,0,2.1355715051143688e-193,1.9470576110726731e-24
gaussian,200,2,vanLeer_FE,144.5,0,1.5642719215530576e-199,7.3900325707277809e-25
gaussian,200,2,vanLeer_FE,145.5,0,9.1771078118665972e-206,2.7601433932185536e-25
gaussian,200,2,vanLeer_FE,146.5,0,4.3121283107197259e-212,1.0144986260659987e-25
gaussian,200,2,vanLeer_FE,147.5,0,1.6228064393540392e-218,3.6696277311672861e-26
gaussian,200,2,vanLeer_FE,148.5,0,4.8913423211149546e-225,1.306348000353273e-26
gaussian,200,2,vanLeer_FE,149.5,0,1.1807906115914703e-231,4.5769595982602841e-27
gaussian,200,2,vanLeer_FE,150.5,0,2.2829613083390864e-238,1.5783050710878094e-27
gaussian,200,2,vanLeer_FE,151.5,0,3.5351063070103485e-245,5.3569084554799746e-28
gaussian,200,2,vanLeer_FE,152.5,0,4.3841178589285109e-252,1.7896164642186666e-28
gaussian,200,2,vanLeer_FE,153.5,0,4.3544712450299474e-259,5.8849202831021367e-29
gaussian,200,2,vanLeer_FE,154.5,0,3.4638560906697508e-266,1.904880836777557e-29
gaussian,200,2,vanLeer_FE,155.5,0,2.2067508129560438e-273,6.0694970622612116e-30
gaussian,200,2,vanLeer_FE,156.5,0,1.1259360137484322e-280,1.9037311926800819e-30
gaussian,200,2,vanLeer_FE,157.5,0,4.6008607253322257e-288,5.878090100701786e-31
gaussian,200,2,vanLeer_FE,158.5,0,1.5056620395625786e-295,1.7867076744370592e-31
gaussian,200,2,vanLeer_FE,159.5,0,3.9461819357718733e-303,5.3464518882906285e-32
gaussian,200,2,vanLeer_FE,160.5,0,8.2829705159638475e-311,1.5749988581693418e-32
gaussian,200,2,vanLeer_FE,161.5,0,1.3923609811404258e-318,4.567768018005928e-33
gaussian,200,2,vanLeer_FE,162.5,0,0,1.3041967465492141e-33
gaussian,200,2,vanLeer_FE,163.5,0,0,3.6660871274796816e-34
gaussian,200,2,vanLeer_FE,164.5,0,0,1.0145830904579729e-34
gaussian,200,2,vanLeer_FE,165.5,0,0,2.7644035563118293e-35
gaussian,200,2,vanLeer_FE,166.5,0,0,7.4156172825246622e-36
gaussian,200,2,vanLeer_FE,167.5,0,0,1.9585177144047729e-36
gaussian,200,2,vanLeer_FE,168.5,0,0,5.0926466883518293e-37
gaussian,200,2,vanLeer_FE,169.5,0,0,1.3037555613124552e-37
gaussian,200,2,vanLeer_FE,170.5,0,0,3.2861344966119551e-38
gaussian,200,2,vanLeer_FE,171.5,0,0,8.154741275236274e-39
gaussian,200,2,vanLeer_FE,172.5,0,0,1.9923658537736215e-39
gaussian,200,2,vanLeer_FE,173.5,0,0,4.7924721507042481e-40
gaussian,200,2,vanLeer_FE,174.5,0,0,1.1349545030568102e-40
gaussian,200,2,vanLeer_FE,175.5,0,0,2.6461933667115477e-41
gaussian,200,2,vanLeer_FE,176.5,0,0,6.0741297930190661e-42
gaussian,200,2,vanLeer_FE,177.5,0,0,1.3726511903785141e-42
gaussian,200,2,vanLeer_FE,178.5,0,0,3.0538195502236494e-43
gaussian,200,2,vanLeer_FE,179.5,0,0,6.6884607872029715e-44
gaussian,200,2,vanLeer_FE,180.5,0,0,1.4421165327580907e-44
gaussian,200,2,vanLeer_FE,181.5,0,0,3.0609535661955047e-45
gaussian,200,2,vanLeer_FE,182.5,0,0,6.3956594412373181e-46
gaussian,200,2,vanLeer_FE,183.5,0,0,1.3154526775297438e-46
gaussian,200,2,vanLeer_FE,184.5,0,0,2.6632666897840752e-47
gaussian,200,2,vanLeer_FE,185.5,0,0,5.3075113850421924e-48
gaussian,200,2,vanLeer_FE,186.5,0,0,1.04109526893124e-48
gaussian,200,2,vanLeer_FE,187.5,0,0,2.0100125387831799e-49
gaussian,200,2,vanLeer_FE,188.5,0,0,3.8194460558940142e-50
gaussian,200,2,vanLeer_FE,189.5,0,0,7.142971871160304e-51
gaussian,200,2,vanLeer_FE,190.5,0,0,1.314671104521876e-51
gaussian,200,2,vanLeer_FE,191.5,0,0,2.3812041059978305e-52
gaussian,200,2,vanLeer_FE,192.5,0,0,4.2442229304342396e-53
gaussian,200,2,vanLeer_FE,193.5,0,0,7.4439175277461297e-54
gaussian,200,2,vanLeer_FE,194.5,0,0,1.2846518758877304e-54
gaussian,200,2,vanLeer_FE,195.5,0,0,2.1813613360269785e-55
gaussian,200,2,vanLeer_FE,196.5,0,0,3.6442209471717438e-56
gaussian,200,2,vanLeer_FE,197.5,0,0,5.9895245547158483e-57
gaussian,200,2,vanLeer_FE,198.5,0,0,9.6842304717323891e-58
gaussian,200,2,vanLeer_FE,199.5,0,0,1.540268622199421e-58
gaussian,200,2,vanLeer_SSPRK2,0.5,4.0319648328398961e-42,3.9461819357718733e-303,1.1454597452268427e-63
gaussian,200,2,vanLeer_SSPRK2,1.5,2.3495028369634597e-39,1.5056620395625786e-295,7.2335733375847455e-61
gaussian,200,2,vanLeer_SSPRK2,2.5,1.0975511372095965e-36,4.6008607253322257e-288,3.457328608102325e-58
gaussian,200,2,vanLeer_SSPRK2,3.5,4.1104854473094294e-34,1.1259360137484322e-280,1.3280414619758135e-55
gaussian,200,2,vanLeer_SSPRK2,4.5,1.2342785224088351e-31,2.2067508129560438e-273,4.1146245578170453e-53
gaussian,200,2,vanLeer_SSPRK2,5.5,2.9717983121251882e-29,3.4638560906697508e-266,1.0298525203510066e-50
gaussian,200,2,vanLeer_SSPRK2,6.5,5.7378388747034871e-27,4.3544712450299474e-259,2.0860382263432139e-48
gaussian,200,2,vanLeer_SSPRK2,7.5,8.8846316733736166e-25,4.3841178589285109e-252,3.4268950184925833e-46
gaussian,200,2,vanLeer_SSPRK2,8.5,1.1034033630235094e-22,3.5351063070103485e-245,4.5773763752359508e-44
gaussian,200,2,vanLeer_SSPRK2,9.5,1.0992014343435166e-20,2.2829613083390864e-238,4.9862712418683539e-42
gaussian,200,2,vanLeer_SSPRK2,10.5,8.7844644713825308e-19,1.1807906115914703e-231,4.4452308087602643e-40
gaussian,200,2,vanLeer_SSPRK2,11.5,5.6324560613763466e-17,4.8913423211149546e-225,3.2523255345858844e-38
gaussian,200,2,vanLeer_SSPRK2,12.5,2.897856440858993e-15,1.6228064393540392e-218,1.9092779368034396e-36
gaussian,200,2,vanLeer_SSPRK2,13.5,1.1964839192313295e-13,4.3121283107197259e-212,7.6738279699977768e-35
gaussian,200,2,vanLeer_SSPRK2,14.5,3.9650113373952613e-12,9.1771078118665972e-206,2.1014383804456662e-33
gaussian,200,2,vanLeer_SSPRK2,15.5,1.0547466195306394e-10,1.5642719215530576e-199,4.1840007118315697e-32
gaussian,200,2,vanLeer_SSPRK2,16.5,2.2525693567795984e-09,2.1355715051143688e-193,6.4366504219593953e-31
gaussian,200,2,vanLeer_SSPRK2,17.5,3.8627435570099709e-08,2.3351499952916222e-187,8.0134099121442335e-30
gaussian,200,2,vanLeer_SSPRK2,18.5,5.3194075013792053e-07,2.0451150777349032e-181,8.3556980837878803e-29
gaussian,200,2,vanLeer_SSPRK2,19.5,5.8835894690706761e-06,1.4345863722220529e-175,7.4883844237556904e-28
gaussian,200,2,vanLeer_SSPRK2,20.5,5.2275059923927003e-05,8.0601939842523253e-170,5.8840191234879445e-27
gaussian,200,2,vanLeer_SSPRK2,21.5,0.00037314677268319925,3.6272558146092636e-164,4.1174451526870841e-26
gaussian,200,2,vanLeer_SSPRK2,22.5,0.00214020507078222,1.3074618903550522e-158,2.5982366449969611e-25
gaussian,200,2,vanLeer_SSPRK2,23.5,0.0098645206478332349,3.7748746948656425e-153,1.4936083414815452e-24
gaussian,200,2,vanLeer_SSPRK2,24.5,0.036541946733464482,8.7297822633204655e-148,7.8873317504299365e-24
gaussian,200,2,vanLeer_SSPRK2,25.5,0.10880468515692684,1.6170990853143237e-142,3.8528004553759764e-23
gaussian,200,2,vanLeer_SSPRK2,26.5,0.26042514195959271,2.3994264868698216e-137,1.7510961404099067e-22
gaussian,200,2,vanLeer_SSPRK2,27.5,0.5011065019554406,2.8518153653906486e-132,7.4417868181240145e-22
gaussian,200,2,vanLeer_SSPRK2,28.5,0.77520033314678272,2.7150907736160399e-127,2.9696973108844292e-21
gaussian,200,2,vanLeer_SSPRK2,29.5,0.96416556333505776,2.0706299308123932e-122,1.1168500479371883e-20
gaussian,200,2,vanLeer_SSPRK2,30.5,0.96416556333505798,1.2649762087967003e-117,3.9709836397318393e-20
gaussian,200,2,vanLeer_SSPRK2,31.5,0.77520033314678238,6.1905738060358609e-113,1.3385207877931307e-19
gaussian,200,2,vanLeer_SSPRK2,32.5,0.50110650195544038,2.4269201775492884e-108,4.287853174663235e-19
gaussian,200,2,vanLeer_SSPRK2,33.5,0.26042514195959271,7.6219119829446566e-104,1.3082528879445803e-18
gaussian,200,2,vanLeer_SSPRK2,34.5,0.10880468515692684,1.9176286730812131e-99,3.8092112494538625e-18
gaussian,200,2,vanLeer_SSPRK2,35.5,0.036541946733464482,3.8651475082034861e-95,1.0603432179863693e-17
gaussian,200,2,vanLeer_SSPRK2,36.5,0.0098645206478332349,6.2413421967517473e-91,2.8264337544224193e-17
gaussian,200,2,vanLeer_SSPRK2,37.5,0.00214020507078222,8.0744004367222386e-87,7.2256210793182119e-17
gaussian,200,2,vanLeer_SSPRK2,38.5,0.00037314677268319925,8.3690007569314962e-83,1.7741240324484737e-16
gaussian,200,2,vanLeer_SSPRK2,39.5,5.2275059923927003e-05,6.9499126742802303e-79,4.1896559207986889e-16
gaussian,200,2,vanLeer_SSPRK2,40.5,5.8835894690706761e-06,4.6242325190392664e-75,9.5298111527439023e-16
gaussian,200,2,vanLeer_SSPRK2,41.5,5.3194075013792053e-07,2.4652873707848446e-71,2.0911420993344352e-15
gaussian,200,2,vanLeer_SSPRK2,42.5,3.8627435570099709e-08,1.0531177035127619e-67,4.4348691077890205e-15
gaussian,200,2,vanLeer_SSPRK2,43.5,2.2525693567795984e-09,3.604812134010428e-64,9.1119202595684741e-15
gaussian,200,2,vanLeer_SSPRK2,44.5,1.0547466195306394e-10,9.8878225702524618e-61,1.8197295204223005e-14
gaussian,200,2,vanLeer_SSPRK2,45.5,3.9650113373952613e-12,2.1734421815275004e-57,3.5498786398459106e-14
gaussian,200,2,vanLeer_SSPRK2,46.5,1.1964839192313295e-13,3.8286286709321121e-54,6.8185995245495236e-14
gaussian,200,2,vanLeer_SSPRK2,47.5,2.897856440858993e-15,5.4051257058224677e-51,1.3087971347364066e-13
gaussian,200,2,vanLeer_SSPRK2,48.5,5.6324560613763466e-17,6.1158503701640189e-48,2.6012780163099349e-13
gaussian,200,2,vanLeer_SSPRK2,49.5,8.7844644713825308e-19,5.5465005312857341e-45,5.903353477920298e-13
gaussian,200,2,vanLeer_SSPRK2,50.5,1.0992014343435166e-20,4.0319648328398961e-42,1.7586620986607593e-12
gaussian,200,2,vanLeer_SSPRK2,51.5,1.1034033630235094e-22,2.3495028369634597e-39,6.6920736393246226e-12
gaussian,200,2,vanLeer_SSPRK2,52.5,8.8846316733736166e-25,1.0975511372095965e-36,2.7898712776819648e-11
gaussian,200,2,vanLeer_SSPRK2,53.5,5.7378388747034871e-27,4.1104854473094294e-34,1.1627096998532887e-10
gaussian,200,2,vanLeer_SSPRK2,54.5,2.971798312125173e-29,1.2342785224088959e-31,4.7013258016604888e-10
gaussian,200,2,vanLeer_SSPRK2,55.500000000000007,1.2342785224087919e-31,2.9717983121253238e-29,1.8300649862233329e-09
gaussian,200,2,vanLeer_SSPRK2,56.5,4.1104854473092387e-34,5.7378388747034046e-27,6.8461223082272127e-09
gaussian,200,2,vanLeer_SSPRK2,57.499999999999993,1.0975511372096371e-36,8.8846316733732897e-25,2.4605158431802175e-08
gaussian,200,2,vanLeer_SSPRK2,58.5,2.3495028369635919e-39,1.1034033630235007e-22,8.4962868459103519e-08
gaussian,200,2,vanLeer_SSPRK2,59.5,4.0319648328398961e-42,1.0992014343435166e-20,2.8190307153241968e-07
gaussian,200,2,vanLeer_SSPRK2,60.5,5.5465005312857341e-45,8.7844644713825308e-19,8.9884100138730851e-07
gaussian,200,2,vanLeer_SSPRK2,61.5,6.1158503701640189e-48,5.6324560613763466e-17,2.7543113002976626e-06
gaussian,200,2,vanLeer_SSPRK2,62.5,5.4051257058224677e-51,2.897856440858993e-15,8.1116642048528351e-06
gaussian,200,2,vanLeer_SSPRK2,63.5,3.8286286709321121e-54,1.1964839192313295e-13,2.2960078780114543e-05
gaussian,200,2,vanLeer_SSPRK2,64.5,2.1734421815275004e-57,3.9650113373952613e-12,6.2456321152692222e-05
gaussian,200,2,vanLeer_SSPRK2,65.5,9.8878225702524618e-61,1.0547466195306394e-10,0.00016325157363150734
gaussian,200,2,vanLeer_SSPRK2,66.5,3.604812134010428e-64,2.2525693567795984e-09,0.00040992996281425569
gaussian,200,2,vanLeer_SSPRK2,67.5,1.0531177035127619e-67,3.8627435570099709e-08,0.00098848383438954516
gaussian,200,2,vanLeer_SSPRK2,68.5,2.4652873707848446e-71,5.3194075013792053e-07,0.002287717313639883
gaussian,200,2,vanLeer_SSPRK2,69.5,4.6242325190392664e-75,5.8835894690706761e-06,0.0050779231460095307
gaussian,200,2,vanLeer_SSPRK2,70.5,6.9499126742802303e-79,5.2275059923927003e-05,0.010799235898697549
gaussian,200,2,vanLeer_SSPRK2,71.5,8.3690007569314962e-83,0.00037314677268319925,0.021976894822894354
gaussian,200,2,vanLeer_SSPRK2,72.5,8.0744004367222386e-87,0.00214020507078222,0.042725644836682973
gaussian,200,2,vanLeer_SSPRK2,73.5,6.2413421967517473e-91,0.0098645206478332349,0.079181500667149157
gaussian,200,2,vanLeer_SSPRK2,74.5,3.8651475082034861e-95,0.036541946733464482,0.13946091028645016
gaussian,200,2,vanLeer_SSPRK2,75.5,1.9176286730812131e-99,0.10880468515692684,0.2321920095900869
gaussian,200,2,vanLeer_SSPRK2,76.5,7.6219119829446566e-104,0.26042514195959271,0.36065127549652698
gaussian,200,2,vanLeer_SSPRK2,77.5,2.4269201775492884e-108,0.50110650195544038,0.50426062174177766
gaussian,200,2,vanLeer_SSPRK2,78.5,6.1905738060358609e-113,0.77520033314678238,0.59840295639542163
gaussian,200,2,vanLeer_SSPRK2,79.5,1.2649762087967003e-117,0.96416556333505798,0.6154511571604111
gaussian,200,2,vanLeer_SSPRK2,80.5,2.0706299308123932e-122,0.96416556333505798,0.61183160062736452
gaussian,200,2,vanLeer_SSPRK2,81.5,2.7150907736160399e-127,0.77520033314678238,0.5919608475948136
gaussian,200,2,vanLeer_SSPRK2,82.5,2.8518153653906486e-132,0.50110650195544038,0.53947666831206365
gaussian,200,2,vanLeer_SSPRK2,83.5,2.3994264868698216e-137,0.26042514195959271,0.44309433251757929
gaussian,200,2,vanLeer_SSPRK2,84.5,1.6170990853143237e-142,0.10880468515692684,0.30625216363366548
gaussian,200,2,vanLeer_SSPRK2,85.5,8.7297822633204655e-148,0.036541946733464482,0.15719980708865211
gaussian,200,2,vanLeer_SSPRK2,86.5,3.7748746948656425e-153,0.0098645206478332349,0.047459424603393835
gaussian,200,2,vanLeer_SSPRK2,87.5,1.3074618903550522e-158,0.00214020507078222,0.005783715592038924
gaussian,200,2,vanLeer_SSPRK2,88.5,3.6272558146092636e-164,0.00037314677268319925,0.00017511395534597818
gaussian,200,2,vanLeer_SSPRK2,89.5,8.0601939842523253e-170,5.2275059923927003e-05,7.8375156153608732e-07
gaussian,200,2,vanLeer_SSPRK2,90.5,1.4345863722220529e-175,5.8835894690706761e-06,3.1504512741280205e-10
gaussian,200,2,vanLeer_SSPRK2,91.5,2.0451150777349032e-181,5.3194075013792053e-07,1.5331271767103598e-12
gaussian,200,2,vanLeer_SSPRK2,92.5,2.3351499952916222e-187,3.8627435570099709e-08,1.4078004656254753e-12
gaussian,200,2,vanLeer_SSPRK2,93.5,2.1355715051143688e-193,2.2525693567795984e-09,1.2553697019977235e-12
gaussian,200,2,vanLeer_SSPRK2,94.5,1.5642719215530576e-199,1.0547466195306394e-10,1.106972568130167e-12
gaussian,200,2,vanLeer_SSPRK2,95.5,9.1771078118665972e-206,3.9650113373952613e-12,9.6676663918019649e-13
gaussian,200,2,vanLeer_SSPRK2,96.5,4.3121283107197259e-212,1.1964839192313295e-13,8.3536200384480206e-13
gaussian,200,2,vanLeer_SSPRK2,97.5,1.6228064393540392e-218,2.897856440858993e-15,7.1380873367869673e-13
gaussian,200,2,vanLeer_SSPRK2,98.5,4.8913423211149546e-225,5.6324560613763466e-17,6.0297898346316327e-13
gaussian,200,2,vanLeer_SSPRK2,99.5,1.1807906115914703e-231,8.7844644713825308e-19,5.0338929180017761e-13
gaussian,200,2,vanLeer_SSPRK2,100.5,2.2829613083390864e-238,1.0992014343435166e-20,4.1521965676135986e-13
gaussian,200,2,vanLeer_SSPRK2,101.5,3.5351063070103485e-245,1.1034033630235094e-22,3.3832912863150887e-13
gaussian,200,2,vanLeer_SSPRK2,102.5,4.3841178589285109e-252,8.8846316733736166e-25,2.722843419545847e-13
gaussian,200,2,vanLeer_SSPRK2,103.5,4.3544712450299474e-259,5.7378388747034871e-27,2.1640896392350073e-13
gaussian,200,2,vanLeer_SSPRK2,104.5,3.4638560906697508e-266,2.9717983121251882e-29,1.6984583419155858e-13
gaussian,200,2,vanLeer_SSPRK2,105.5,2.2067508129560438e-273,1.2342785224088351e-31,1.3162199136987012e-13
gaussian,200,2,vanLeer_SSPRK2,106.5,1.1259360137484322e-280,4.1104854473094294e-34,1.0070970907754875e-13
gaussian,200,2,vanLeer_SSPRK2,107.5,4.6008607253322257e-288,1.0975511372095965e-36,7.6079423900799737e-14
gaussian,200,2,vanLeer_SSPRK2,108.5,1.5056620395625464e-295,2.3495028369634222e-39,5.6742372573404099e-14
gaussian,200,2,vanLeer_SSPRK2,109.50000000000001,3.9461819357704376e-303,4.0319648328394793e-42,4.1782139217250589e-14
gaussian,200,2,vanLeer_SSPRK2,110.50000000000001,8.2829705159623653e-311,5.5465005312851709e-45,3.0375370755012019e-14
gaussian,200,2,vanLeer_SSPRK2,111.50000000000001,1.3923609811404258e-318,6.1158503701635364e-48,2.1802715933718098e-14
gaussian,200,2,vanLeer_SSPRK2,112.5,0,5.4051257058220226e-51,1.5451576926006706e-14
gaussian,200,2,vanLeer_SSPRK2,113.49999999999999,0,3.8286286709325624e-54,1.0812530971318589e-14
gaussian,200,2,vanLeer_SSPRK2,114.49999999999999,0,2.1734421815277523e-57,7.4713105481516857e-15
gaussian,200,2,vanLeer_SSPRK2,115.49999999999999,0,9.8878225702533351e-61,5.0980772818755238e-15
gaussian,200,2,vanLeer_SSPRK2,116.5,0,3.6048121340108328e-64,3.4354520470343077e-15
gaussian,200,2,vanLeer_SSPRK2,117.5,0,1.0531177035127619e-67,2.2864344235935099e-15
gaussian,200,2,vanLeer_SSPRK2,118.5,0,2.4652873707848446e-71,1.5030106042504711e-15
gaussian,200,2,vanLeer_SSPRK2,119.5,0,4.6242325190392664e-75,9.7594656029574301e-16
gaussian,200,2,vanLeer_SSPRK2,120.5,0,6.9499126742802303e-79,6.2601385039467725e-16
gaussian,200,2,vanLeer_SSPRK2,121.5,0,8.3690007569314962e-83,3.9670685246201464e-16
gaussian,200,2,vanLeer_SSPRK2,122.5,0,8.0744004367222386e-87,2.4838068162832456e-16
gaussian,200,2,vanLeer_SSPRK2,123.5,0,6.2413421967517473e-91,1.5366083044181027e-16
gaussian,200,2,vanLeer_SSPRK2,124.5,0,3.8651475082034861e-95,9.3937924552373768e-17
gaussian,200,2,vanLeer_SSPRK2,125.5,0,1.9176286730812131e-99,5.6752698777891218e-17
gaussian,200,2,vanLeer_SSPRK2,126.5,0,7.6219119829446566e-104,3.3887169103795253e-17
gaussian,200,2,vanLeer_SSPRK2,127.5,0,2.4269201775492884e-108,1.9999665729168056e-17
gaussian,200,2,vanLeer_SSPRK2,128.5,0,6.1905738060358609e-113,1.1667673984721432e-17
gaussian,200,2,vanLeer_SSPRK2,129.5,0,1.2649762087967003e-117,6.7290735780333909e-18
gaussian,200,2,vanLeer_SSPRK2,130.5,0,2.0706299308123932e-122,3.8368155983982519e-18
gaussian,200,2,vanLeer_SSPRK2,131.5,0,2.7150907736160399e-127,2.1630486701825903e-18
gaussian,200,2,vanLeer_SSPRK2,132.5,0,2.8518153653906486e-132,1.2058026573646293e-18
gaussian,200,2,vanLeer_SSPRK2,133.5,0,2.3994264868698216e-137,6.6471489869725224e-19
gaussian,200,2,vanLeer_SSPRK2,134.5,0,1.6170990853143237e-142,3.6239169212383059e-19
gaussian,200,2,vanLeer_SSPRK2,135.5,0,8.7297822633204655e-148,1.9540642978578438e-19
gaussian,200,2,vanLeer_SSPRK2,136.5,0,3.7748746948656425e-153,1.0422001745354548e-19
gaussian,200,2,vanLeer_SSPRK2,137.5,0,1.3074618903550522e-158,5.4985565062482474e-20
gaussian,200,2,vanLeer_SSPRK2,138.5,0,3.6272558146092636e-164,2.8698868893877248e-20
gaussian,200,2,vanLeer_SSPRK2,139.5,0,8.0601939842523253e-170,1.4819459434148814e-20
gaussian,200,2,vanLeer_SSPRK2,140.5,0,1.4345863722220529e-175,7.5715372574750807e-21
gaussian,200,2,vanLeer_SSPRK2,141.5,0,2.0451150777349032e-181,3.8278258153355209e-21
gaussian,200,2,vanLeer_SSPRK2,142.5,0,2.3351499952916222e-187,1.9149992236688005e-21
gaussian,200,2,vanLeer_SSPRK2,143.5,0,2.1355715051143688e-193,9.4812355981642206e-22
gaussian,200,2,vanLeer_SSPRK2,144.5,0,1.5642719215530576e-199,4.6459269435457032e-22
gaussian,200,2,vanLeer_SSPRK2,145.5,0,9.1771078118665972e-206,2.2533141370438616e-22
gaussian,200,2,vanLeer_SSPRK2,146.5,0,4.3121283107197259e-212,1.0817912855730298e-22
gaussian,200,2,vanLeer_SSPRK2,147.5,0,1.6228064393540392e-218,5.1412372703695626e-23
gaussian,200,2,vanLeer_SSPRK2,148.5,0,4.8913423211149546e-225,2.4189334314582324e-23
gaussian,200,2,vanLeer_SSPRK2,149.5,0,1.1807906115914703e-231,1.1267863166629792e-23
gaussian,200,2,vanLeer_SSPRK2,150.5,0,2.2829613083390864e-238,5.1969611663047765e-24
gaussian,200,2,vanLeer_SSPRK2,151.5,0,3.5351063070103485e-245,2.3734283366609961e-24
gaussian,200,2,vanLeer_SSPRK2,152.5,0,4.3841178589285109e-252,1.0733703776523799e-24
gaussian,200,2,vanLeer_SSPRK2,153.5,0,4.3544712450299474e-259,4.8072599534410803e-25
gaussian,200,2,vanLeer_SSPRK2,154.5,0,3.4638560906697508e-266,2.1322956350888499e-25
gaussian,200,2,vanLeer_SSPRK2,155.5,0,2.2067508129560438e-273,9.3675480518258339e-26
gaussian,200,2,vanLeer_SSPRK2,156.5,0,1.1259360137484322e-280,4.0762389817144569e-26
gaussian,200,2,vanLeer_SSPRK2,157.5,0,4.6008607253322257e-288,1.7570116608883969e-26
gaussian,200,2,vanLeer_SSPRK2,158.5,0,1.5056620395625786e-295,7.502338501512163e-27
gaussian,200,2,vanLeer_SSPRK2,159.5,0,3.9461819357718733e-303,3.1735912526106868e-27
gaussian,200,2,vanLeer_SSPRK2,160.5,0,8.2829705159638475e-311,1.3300334981686166e-27
gaussian,200,2,vanLeer_SSPRK2,161.5,0,1.3923609811404258e-318,5.5227574196465449e-28
gaussian,200,2,vanLeer_SSPRK2,162.5,0,0,2.2722458615808263e-28
gaussian,200,2,vanLeer_SSPRK2,163.5,0,0,9.2636988205244421e-29
gaussian,200,2,vanLeer_SSPRK2,164.5,0,0,3.7425421431137643e-29
gaussian,200,2,vanLeer_SSPRK2,165.5,0,0,1.4983910956376895e-29
gaussian,200,2,vanLeer_SSPRK2,166.5,0,0,5.9454202615141492e-30
gaussian,200,2,vanLeer_SSPRK2,167.5,0,0,2.3380895679134677e-30
gaussian,200,2,vanLeer_SSPRK2,168.5,0,0,9.1134518198165047e-31
gaussian,200,2,vanLeer_SSPRK2,169.5,0,0,3.521027708181488e-31
gaussian,200,2,vanLeer_SSPRK2,170.5,0,0,1.3484723003613834e-31
gaussian,200,2,vanLeer_SSPRK2,171.5,0,0,5.1194297056759888e-32
gaussian,200,2,vanLeer_SSPRK2,172.5,0,0,1.9267647334776654e-32
gaussian,200,2,vanLeer_SSPRK2,173.5,0,0,7.189250117718924e-33
gaussian,200,2,vanLeer_SSPRK2,174.5,0,0,2.659538119616446e-33
gaussian,200,2,vanLeer_SSPRK2,175.5,0,0,9.7547504956222123e-34
gaussian,200,2,vanLeer_SSPRK2,176.5,0,0,3.5475841893766578e-34
gaussian,200,2,vanLeer_SSPRK2,177.5,0,0,1.2793071287441221e-34
gaussian,200,2,vanLeer_SSPRK2,178.5,0,0,4.5746845146954485e-35
gaussian,200,2,vanLeer_SSPRK2,179.5,0,0,1.6222211118365899e-35
gaussian,200,2,vanLeer_SSPRK2,180.5,0,0,5.7047888009366017e-36
gaussian,200,2,vanLeer_SSPRK2,181.5,0,0,1.989607776792584e-36
gaussian,200,2,vanLeer_SSPRK2,182.5,0,0,6.8819452009299632e-37
gaussian,200,2,vanLeer_SSPRK2,183.5,0,0,2.3609564141777319e-37
gaussian,200,2,vanLeer_SSPRK2,184.5,0,0,8.0336821268584751e-38
gaussian,200,2,vanLeer_SSPRK2,185.5,0,0,2.7114890211557564e-38
gaussian,200,2,vanLeer_SSPRK2,186.5,0,0,9.0778694616848921e-39
gaussian,200,2,vanLeer_SSPRK2,187.5,0,0,3.0148032006658913e-39
gaussian,200,2,vanLeer_SSPRK2,188.5,0,0,9.932275620404098e-40
gaussian,200,2,vanLeer_SSPRK2,189.5,0,0,3.2461521130749045e-40
gaussian,200,2,vanLeer_SSPRK2,190.5,0,0,1.0525302126078254e-40
gaussian,200,2,vanLeer_SSPRK2,191.5,0,0,3.3857969787966905e-41
gaussian,200,2,vanLeer_SSPRK2,192.5,0,0,1.0805943227735593e-41
gaussian,200,2,vanLeer_SSPRK2,193.5,0,0,3.4217983992933287e-42
gaussian,200,2,vanLeer_SSPRK2,194.5,0,0,1.0751038712102339e-42
gaussian,200,2,vanLeer_SSPRK2,195.5,0,0,3.3516971056505942e-43
gaussian,200,2,vanLeer_SSPRK2,196.5,0,0,1.0368388514745152e-43
gaussian,200,2,vanLeer_SSPRK2,197.5,0,0,3.1827572468470975e-44
gaussian,200,2,vanLeer_SSPRK2,198.5,0,0,9.6951580325787099e-45
gaussian,200,2,vanLeer_SSPRK2,199.5,0,0,2.9307483995033269e-45
gaussian,200,5,vanLeer_FE,0.5,4.0319648328398961e-42,3.9461819357718733e-303,3.180659427853366e-72
gaussian,200,5,vanLeer_FE,1.5,2.3495028369634597e-39,1.5056620395625786e-295,2.1714968775716554e-69
gaussian,200,5,vanLeer_FE,2.5,1.0975511372095965e-36,4.6008607253322257e-288,1.0669025412720125e-66
gaussian,200,5,vanLeer_FE,3.5,4.1104854473094294e-34,1.1259360137484322e-280,4.2053044120545685e-64
gaussian,200,5,vanLeer_FE,4.5,1.2342785224088351e-31,2.2067508129560438e-273,1.3439137697921745e-61
gaussian,200,5,vanLeer_FE,5.5,2.9717983121251882e-29,3.4638560906697508e-266,3.4932692919142589e-59
gaussian,200,5,vanLeer_FE,6.5,5.7378388747034871e-27,4.3544712450299474e-259,7.4086321916439276e-57
gaussian,200,5,vanLeer_FE,7.5,8.8846316733736166e-25,4.3841178589285109e-252,1.2866373947836024e-54
gaussian,200,5,vanLeer_FE,8.5,1.1034033630235094e-22,3.5351063070103485e-245,1.8373409262257731e-52
gaussian,200,5,vanLeer_FE,9.5,1.0992014343435166e-20,2.2829613083390864e-238,2.1676368174004422e-50
gaussian,200,5,vanLeer_FE,10.5,8.7844644713825308e-19,1.1807906115914703e-231,2.1238399784901445e-48
gaussian,200,5,vanLeer_FE,11.5,5.6324560613763466e-17,4.8913423211149546e-225,1.7359535512417966e-46
gaussian,200,5,vanLeer_FE,12.5,2.897856440858993e-15,1.6228064393540392e-218,1.1643405719035711e-44
gaussian,200,5,vanLeer_FE,13.5,1.1964839192313295e-13,4.3121283107197259e-212,5.8945498630266323e-43
gaussian,200,5,vanLeer_FE,14.5,3.9650113373952613e-12,9.1771078118665972e-206,2.2324862273158826e-41
gaussian,200,5,vanLeer_FE,15.5,1.0547466195306394e-10,1.5642719215530576e-199,6.5196587005028756e-40
gaussian,200,5,vanLeer_FE,16.5,2.2525693567795984e-09,2.1355715051143688e-193,1.520619887922259e-38
gaussian,200,5,vanLeer_FE,17.5,3.8627435570099709e-08,2.3351499952916222e-187,2.9197040465846913e-37
gaussian,200,5,vanLeer_FE,18.5,5.3194075013792053e-07,2.0451150777349032e-181,4.7291779768184544e-36
gaussian,200,5,vanLeer_FE,19.5,5.8835894690706761e-06,1.4345863722220529e-175,6.5889654897018246e-35
gaussian,200,5,vanLeer_FE,20.5,5.2275059923927003e-05,8.0601939842523253e-170,8.0209172560839151e-34
gaussian,200,5,vanLeer_FE,21.5,0.00037314677268319925,3.6272558146092636e-164,8.6402923189308491e-33
gaussian,200,5,vanLeer_FE,22.5,0.00214020507078222,1.3074618903550522e-158,8.3230705659591521e-32
gaussian,200,5,vanLeer_FE,23.5,0.0098645206478332349,3.7748746948656425e-153,7.2325826113843923e-31
gaussian,200,5,vanLeer_FE,24.5,0.036541946733464482,8.7297822633204655e-148,5.7118236838040384e-30
gaussian,200,5,vanLeer_FE,25.5,0.10880468515692684,1.6170990853143237e-142,4.1255152213771751e-29
gaussian,200,5,vanLeer_FE,26.5,0.26042514195959271,2.3994264868698216e-137,2.740176480688297e-28
gaussian,200,5,vanLeer_FE,27.5,0.5011065019554406,2.8518153653906486e-132,1.681685141836783e-27
gaussian,200,5,vanLeer_FE,28.5,0.77520033314678272,2.7150907736160399e-127,9.5762013301095668e-27
gaussian,200,5,vanLeer_FE,29.5,0.96416556333505776,2.0706299308123932e-122,5.0784461877592526e-26
gaussian,200,5,vanLeer_FE,30.5,0.96416556333505798,1.2649762087967003e-117,2.5164454839847318e-25
gaussian,200,5,vanLeer_FE,31.5,0.77520033314678238,6.1905738060358609e-113,1.1685406352404637e-24
gaussian,200,5,vanLeer_FE,32.5,0.50110650195544038,2.4269201775492884e-108,5.0986198565457514e-24
gaussian,200,5,vanLeer_FE,33.5,0.26042514195959271,7.6219119829446566e-104,2.0953530598755299e-23
gaussian,200,5,vanLeer_FE,34.5,0.10880468515692684,1.9176286730812131e-99,8.1284183390137651e-23
gaussian,200,5,vanLeer_FE,35.5,0.036541946733464482,3.8651475082034861e-95,2.9823963869820596e-22
gaussian,200,5,vanLeer_FE,36.5,0.0098645206478332349,6.2413421967517473e-91,1.0368827510610351e-21
gaussian,200,5,vanLeer_FE,37.5,0.00214020507078222,8.0744004367222386e-87,3.4216110071659634e-21
gaussian,200,5,vanLeer_FE,38.5,0.00037314677268319925,8.3690007569314962e-83,1.0733590401354603e-20
gaussian,200,5,vanLeer_FE,39.5,5.2275059923927003e-05,6.9499126742802303e-79,3.2055398439260925e-20
gaussian,200,5,vanLeer_FE,40.5,5.8835894690706761e-06,4.6242325190392664e-75,9.1260965193993402e-20
gaussian,200,5,vanLeer_FE,41.5,5.3194075013792053e-07,2.4652873707848446e-71,2.4799640344646945e-19
gaussian,200,5,vanLeer_FE,42.5,3.8627435570099709e-08,1.0531177035127619e-67,6.4401855689512217e-19
gaussian,200,5,vanLeer_FE,43.5,2.2525693567795984e-09,3.604812134010428e-64,1.6000446486292456e-18
gaussian,200,5,vanLeer_FE,44.5,1.0547466195306394e-10,9.8878225702524618e-61,3.807241937389121e-18
gaussian,200,5,vanLeer_FE,45.5,3.9650113373952613e-12,2.1734421815275004e-57,8.6851487247441857e-18
gaussian,200,5,vanLeer_FE,46.5,1.1964839192313295e-13,3.8286286709321121e-54,1.9013408539582597e-17
gaussian,200,5,vanLeer_FE,47.5,2.897856440858993e-15,5.4051257058224677e-51,3.9982873713623847e-17
gaussian,200,5,vanLeer_FE,48.5,5.6324560613763466e-17,6.1158503701640189e-48,8.084009760669963e-17
gaussian,200,5,vanLeer_FE,49.5,8.7844644713825308e-19,5.5465005312857341e-45,1.5729776926246302e-16
gaussian,200,5,vanLeer_FE,50.5,1.0992014343435166e-20,4.0319648328398961e-42,2.9482650199033308e-16
gaussian,200,5,vanLeer_FE,51.5,1.1034033630235094e-22,2.3495028369634597e-39,5.3280659757278799e-16
gaussian,200,5,vanLeer_FE,52.5,8.8846316733736166e-25,1.0975511372095965e-36,9.2929160324100768e-16
gaussian,200,5,vanLeer_FE,53.5,5.7378388747034871e-27,4.1104854473094294e-34,1.5658345848685675e-15
gaussian,200,5,vanLeer_FE,54.5,2.971798312125173e-29,1.2342785224088959e-31,2.5515023416081361e-15
gaussian,200,5,vanLeer_FE,55.500000000000007,1.2342785224087919e-31,2.9717983121253238e-29,4.0249301685200083e-15
gaussian,200,5,vanLeer_FE,56.5,4.1104854473092387e-34,5.7378388747034046e-27,6.1531388843908312e-15
gaussian,200,5,vanLeer_FE,57.499999999999993,1.0975511372096371e-36,8.8846316733732897e-25,9.1259214517608925e-15
gaussian,200,5,vanLeer_FE,58.5,2.3495028369635919e-39,1.1034033630235007e-22,1.3144948696184785e-14
gaussian,200,5,vanLeer_FE,59.5,4.0319648328398961e-42,1.0992014343435166e-20,1.8407337800427131e-14
gaussian,200,5,vanLeer_FE,60.5,5.5465005312857341e-45,8.7844644713825308e-19,2.5084222503387923e-14
gaussian,200,5,vanLeer_FE,61.5,6.1158503701640189e-48,5.6324560613763466e-17,3.3295761518125761e-14
gaussian,200,5,vanLeer_FE,62.5,5.4051257058224677e-51,2.897856440858993e-15,4.3084874914841447e-14
gaussian,200,5,vanLeer_FE,63.5,3.8286286709321121e-54,1.1964839192313295e-13,5.4392637339489396e-14
gaussian,200,5,vanLeer_FE,64.5,2.1734421815275004e-57,3.9650113373952613e-12,6.7038568581870307e-14
gaussian,200,5,vanLeer_FE,65.5,9.8878225702524618e-61,1.0547466195306394e-10,8.0709097559228692e-14
gaussian,200,5,vanLeer_FE,66.5,3.604812134010428e-64,2.2525693567795984e-09,9.4957448266078869e-14
gaussian,200,5,vanLeer_FE,67.5,1.0531177035127619e-67,3.8627435570099709e-08,1.0921819289015467e-13
gaussian,200,5,vanLeer_FE,68.5,2.4652873707848446e-71,5.3194075013792053e-07,1.2283922907375119e-13
gaussian,200,5,vanLeer_FE,69.5,4.6242325190392664e-75,5.8835894690706761e-06,1.3513181212973758e-13
gaussian,200,5,vanLeer_FE,70.5,6.9499126742802303e-79,5.2275059923927003e-05,1.4543471711511967e-13
gaussian,200,5,vanLeer_FE,71.5,8.3690007569314962e-83,0.00037314677268319925,1.5318274426605387e-13
gaussian,200,5,vanLeer_FE,72.5,8.0744004367222386e-87,0.00214020507078222,1.5796594733176017e-13
gaussian,200,5,vanLeer_FE,73.5,6.2413421967517473e-91,0.0098645206478332349,1.5957634675752624e-13
gaussian,200,5,vanLeer_FE,74.5,3.8651475082034861e-95,0.036541946733464482,1.6082448692988422e-13
gaussian,200,5,vanLeer_FE,75.5,1.9176286730812131e-99,0.10880468515692684,5.6935674233565391e-06
gaussian,200,5,vanLeer_FE,76.5,7.6219119829446566e-104,0.26042514195959271,0.050154166595205996
gaussian,200,5,vanLeer_FE,77.5,2.4269201775492884e-108,0.50110650195544038,0.68742751860106877
gaussian,200,5,vanLeer_FE,78.5,6.1905738060358609e-113,0.77520033314678238,0.95985289250784089
gaussian,200,5,vanLeer_FE,79.5,1.2649762087967003e-117,0.96416556333505798,0.9612405050851327
gaussian,200,5,vanLeer_FE,80.5,2.0706299308123932e-122,0.96416556333505798,0.96124050508513292
gaussian,200,5,vanLeer_FE,81.5,2.7150907736160399e-127,0.77520033314678238,0.95985289250763262
gaussian,200,5,vanLeer_FE,82.5,2.8518153653906486e-132,0.50110650195544038,0.68742751858455819
gaussian,200,5,vanLeer_FE,83.5,2.3994264868698216e-137,0.26042514195959271,0.050154166590745751
gaussian,200,5,vanLeer_FE,84.5,1.6170990853143237e-142,0.10880468515692684,5.6935695505784234e-06
gaussian,200,5,vanLeer_FE,85.5,8.7297822633204655e-148,0.036541946733464482,2.2805371239670645e-12
gaussian,200,5,vanLeer_FE,86.5,3.7748746948656425e-153,0.0098645206478332349,2.2557617154615964e-12
gaussian,200,5,vanLeer_FE,87.5,1.3074618903550522e-158,0.00214020507078222,2.183314303182974e-12
gaussian,200,5,vanLeer_FE,88.5,3.6272558146092636e-164,0.00037314677268319925,2.0682335634936047e-12
gaussian,200,5,vanLeer_FE,89.5,8.0601939842523253e-170,5.2275059923927003e-05,1.9181237613922946e-12
gaussian,200,5,vanLeer_FE,90.5,1.4345863722220529e-175,5.8835894690706761e-06,1.742170369005156e-12
gaussian,200,5,vanLeer_FE,91.5,2.0451150777349032e-181,5.3194075013792053e-07,1.5500969919956613e-12
gaussian,200,5,vanLeer_FE,92.5,2.3351499952916222e-187,3.8627435570099709e-08,1.3512555438683392e-12
gaussian,200,5,vanLeer_FE,93.5,2.1355715051143688e-193,2.2525693567795984e-09,1.1539648467141127e-12
gaussian,200,5,vanLeer_FE,94.5,1.5642719215530576e-199,1.0547466195306394e-10,9.6512284467504001e-13
gaussian,200,5,vanLeer_FE,95.5,9.1771078118665972e-206,3.9650113373952613e-12,7.9004915395898624e-13
gaussian,200,5,vanLeer_FE,96.5,4.3121283107197259e-212,1.1964839192313295e-13,6.3248525419805566e-13
gaussian,200,5,vanLeer_FE,97.5,1.6228064393540392e-218,2.897856440858993e-15,4.9468607556044752e-13
gaussian,200,5,vanLeer_FE,98.5,4.8913423211149546e-225,5.6324560613763466e-17,3.7756221440960014e-13
gaussian,200,5,vanLeer_FE,99.5,1.1807906115914703e-231,8.7844644713825308e-19,2.8085747672228933e-13
gaussian,200,5,vanLeer_FE,100.5,2.2829613083390864e-238,1.0992014343435166e-20,2.0335980747397284e-13
gaussian,200,5,vanLeer_FE,101.5,3.5351063070103485e-245,1.1034033630235094e-22,1.4314290350998509e-13
gaussian,200,5,vanLeer_FE,102.5,4.3841178589285109e-252,8.8846316733736166e-25,9.782652805533837e-14
gaussian,200,5,vanLeer_FE,103.5,4.3544712450299474e-259,5.7378388747034871e-27,6.4833866074284493e-14
gaussian,200,5,vanLeer_FE,104.5,3.4638560906697508e-266,2.9717983121251882e-29,4.162030276316017e-14
gaussian,200,5,vanLeer_FE,105.5,2.2067508129560438e-273,1.2342785224088351e-31,2.5851763304865514e-14
gaussian,200,5,vanLeer_FE,106.5,1.1259360137484322e-280,4.1104854473094294e-34,1.5520415448383835e-14
gaussian,200,5,vanLeer_FE,107.5,4.6008607253322257e-288,1.0975511372095965e-36,8.9973029814230048e-15
gaussian,200,5,vanLeer_FE,108.5,1.5056620395625464e-295,2.3495028369634222e-39,5.0315650091044243e-15
gaussian,200,5,vanLeer_FE,109.50000000000001,3.9461819357704376e-303,4.0319648328394793e-42,2.711919338253233e-15
gaussian,200,5,vanLeer_FE,110.50000000000001,8.2829705159623653e-311,5.5465005312851709e-45,1.4074942884853671e-15
gaussian,200,5,vanLeer_FE,111.50000000000001,1.3923609811404258e-318,6.1158503701635364e-48,7.0280468566091905e-16
gaussian,200,5,vanLeer_FE,112.5,0,5.4051257058220226e-51,3.3734005897117911e-16
gaussian,200,5,vanLeer_FE,113.49999999999999,0,3.8286286709325624e-54,1.5551602342176847e-16
gaussian,200,5,vanLeer_FE,114.49999999999999,0,2.1734421815277523e-57,6.879911450224927e-17
gaussian,200,5,vanLeer_FE,115.49999999999999,0,9.8878225702533351e-61,2.9181760691991625e-17
gaussian,200,5,vanLeer_FE,116.5,0,3.6048121340108328e-64,1.1856906901330913e-17
gaussian,200,5,vanLeer_FE,117.5,0,1.0531177035127619e-67,4.6106118864090966e-18
gaussian,200,5,vanLeer_FE,118.5,0,2.4652873707848446e-71,1.7141548247410444e-18
gaussian,200,5,vanLeer_FE,119.5,0,4.6242325190392664e-75,6.0869433146600291e-19
gaussian,200,5,vanLeer_FE,120.5,0,6.9499126742802303e-79,2.0621998595755334e-19
gaussian,200,5,vanLeer_FE,121.5,0,8.3690007569314962e-83,6.6578588954947324e-20
gaussian,200,5,vanLeer_FE,122.5,0,8.0744004367222386e-87,2.0457855523099957e-20
gaussian,200,5,vanLeer_FE,123.5,0,6.2413421967517473e-91,5.9746030680868132e-21
gaussian,200,5,vanLeer_FE,124.5,0,3.8651475082034861e-95,1.6558760883225517e-21
gaussian,200,5,vanLeer_FE,125.5,0,1.9176286730812131e-99,4.3480921027299955e-22
gaussian,200,5,vanLeer_FE,126.5,0,7.6219119829446566e-104,1.0797667915381506e-22
gaussian,200,5,vanLeer_FE,127.5,0,2.4269201775492884e-108,2.5307203961034853e-23
gaussian,200,5,vanLeer_FE,128.5,0,6.1905738060358609e-113,5.5855387277040828e-24
gaussian,200,5,vanLeer_FE,129.5,0,1.2649762087967003e-117,1.1579822406065568e-24
gaussian,200,5,vanLeer_FE,130.5,0,2.0706299308123932e-122,2.2486967517939156e-25
gaussian,200,5,vanLeer_FE,131.5,0,2.7150907736160399e-127,4.0773044831859521e-26
gaussian,200,5,vanLeer_FE,132.5,0,2.8518153653906486e-132,6.8780882274877369e-27
gaussian,200,5,vanLeer_FE,133.5,0,2.3994264868698216e-137,1.075074833257989e-27
gaussian,200,5,vanLeer_FE,134.5,0,1.6170990853143237e-142,1.5497214731557744e-28
gaussian,200,5,vanLeer_FE,135.5,0,8.7297822633204655e-148,2.0491397132520367e-29
gaussian,200,5,vanLeer_FE,136.5,0,3.7748746948656425e-153,2.4698775736653449e-30
gaussian,200,5,vanLeer_FE,137.5,0,1.3074618903550522e-158,2.6939179026751389e-31
gaussian,200,5,vanLeer_FE,138.5,0,3.6272558146092636e-164,2.6359516663595745e-32
gaussian,200,5,vanLeer_FE,139.5,0,8.0601939842523253e-170,2.2900147071471768e-33
gaussian,200,5,vanLeer_FE,140.5,0,1.4345863722220529e-175,1.7443992144421727e-34
gaussian,200,5,vanLeer_FE,141.5,0,2.0451150777349032e-181,1.1473495036412243e-35
gaussian,200,5,vanLeer_FE,142.5,0,2.3351499952916222e-187,6.3935498110147185e-37
gaussian,200,5,vanLeer_FE,143.5,0,2.1355715051143688e-193,2.9482293185554006e-38
gaussian,200,5,vanLeer_FE,144.5,0,1.5642719215530576e-199,1.0933399821155554e-39
gaussian,200,5,vanLeer_FE,145.5,0,9.1771078118665972e-206,3.1602110637722505e-41
gaussian,200,5,vanLeer_FE,146.5,0,4.3121283107197259e-212,6.9644705629821918e-43
gaussian,200,5,vanLeer_FE,147.5,0,1.6228064393540392e-218,1.1961442603007827e-44
gaussian,200,5,vanLeer_FE,148.5,0,4.8913423211149546e-225,1.7384525365470614e-46
gaussian,200,5,vanLeer_FE,149.5,0,1.1807906115914703e-231,2.123919407662584e-48
gaussian,200,5,vanLeer_FE,150.5,0,2.2829613083390864e-238,2.1676383598006395e-50
gaussian,200,5,vanLeer_FE,151.5,0,3.5351063070103485e-245,1.8373409455989939e-52
gaussian,200,5,vanLeer_FE,152.5,0,4.3841178589285109e-252,1.2866373957626055e-54
gaussian,200,5,vanLeer_FE,153.5,0,4.3544712450299474e-259,7.4086322625972503e-57
gaussian,200,5,vanLeer_FE,154.5,0,3.4638560906697508e-266,3.4932698212898368e-59
gaussian,200,5,vanLeer_FE,155.5,0,2.2067508129560438e-273,1.3439171221348431e-61
gaussian,200,5,vanLeer_FE,156.5,0,1.1259360137484322e-280,4.2054796656190903e-64
gaussian,200,5,vanLeer_FE,157.5,0,4.6008607253322257e-288,1.0676292890829524e-66
gaussian,200,5,vanLeer_FE,158.5,0,1.5056620395625786e-295,2.1939522735605109e-69
gaussian,200,5,vanLeer_FE,159.5,0,3.9461819357718733e-303,3.6427841638918802e-72
gaussian,200,5,vanLeer_FE,160.5,0,8.2829705159638475e-311,4.8794743804946024e-75
gaussian,200,5,vanLeer_FE,161.5,0,1.3923609811404258e-318,5.2661750813431128e-78
gaussian,200,5,vanLeer_FE,162.5,0,0,4.5745321449358794e-81
gaussian,200,5,vanLeer_FE,163.5,0,0,3.1956172033151439e-84
gaussian,200,5,vanLeer_FE,164.5,0,0,1.7939658725824332e-87
gaussian,200,5,vanLeer_FE,165.5,0,0,8.088630068875045e-91
gaussian,200,5,vanLeer_FE,166.5,0,0,2.9277402824100891e-94
gaussian,200,5,vanLeer_FE,167.5,0,0,8.5039253215741054e-98
gaussian,200,5,vanLeer_FE,168.5,0,0,1.9815200439605845e-101
gaussian,200,5,vanLeer_FE,169.5,0,0,3.7030292247368947e-105
gaussian,200,5,vanLeer_FE,170.5,0,0,5.5488502700561724e-109
gaussian,200,5,vanLeer_FE,171.5,0,0,6.6659175106792267e-113
gaussian,200,5,vanLeer_FE,172.5,0,0,6.4189655196834827e-117
gaussian,200,5,vanLeer_FE,173.5,0,0,4.9541164707877612e-121
gaussian,200,5,vanLeer_FE,174.5,0,0,3.0642209785305734e-125
gaussian,200,5,vanLeer_FE,175.5,0,0,1.5187644039986543e-129
gaussian,200,5,vanLeer_FE,176.5,0,0,6.0317976003377117e-134
gaussian,200,5,vanLeer_FE,177.5,0,0,1.919390892016128e-138
gaussian,200,5,vanLeer_FE,178.5,0,0,4.8934886482257795e-143
gaussian,200,5,vanLeer_FE,179.5,0,0,9.9952477672520291e-148
gaussian,200,5,vanLeer_FE,180.5,0,0,1.6355819444643419e-152
gaussian,200,5,vanLeer_FE,181.5,0,0,2.1440795882317473e-157
gaussian,200,5,vanLeer_FE,182.5,0,0,2.2515790959818728e-162
gaussian,200,5,vanLeer_FE,183.5,0,0,1.8940897576257437e-167
gaussian,200,5,vanLeer_FE,184.5,0,0,1.2763550540873057e-172
gaussian,200,5,vanLeer_FE,185.5,0,0,6.8895623002862521e-178
gaussian,200,5,vanLeer_FE,186.5,0,0,2.9788826161075824e-183
gaussian,200,5,vanLeer_FE,187.5,0,0,1.0316917418737748e-188
gaussian,200,5,vanLeer_FE,188.5,0,0,2.8620361985943348e-194
gaussian,200,5,vanLeer_FE,189.5,0,0,6.3595036916403738e-200
gaussian,200,5,vanLeer_FE,190.5,0,0,1.1318504444606819e-205
gaussian,200,5,vanLeer_FE,191.5,0,0,1.6134955506963288e-211
gaussian,200,5,vanLeer_FE,192.5,0,0,1.8422770121080485e-217
gaussian,200,5,vanLeer_FE,193.5,0,0,1.6847922735687246e-223
gaussian,200,5,vanLeer_FE,194.5,0,0,1.234065360347765e-229
gaussian,200,5,vanLeer_FE,195.5,0,0,7.2398017490611047e-236
gaussian,200,5,vanLeer_FE,196.5,0,0,3.4017974613892256e-242
gaussian,200,5,vanLeer_FE,197.5,0,0,1.2802071430957159e-248
gaussian,200,5,vanLeer_FE,198.5,0,0,3.8586818800271538e-255
gaussian,200,5,vanLeer_FE,199.5,0,0,9.3149756026381003e-262
gaussian,200,5,vanLeer_SSPRK2,0.5,4.0319648328398961e-42,3.9461819357718733e-303,1.5614154412612564e-62
gaussian,200,5,vanLeer_SSPRK2,1.5,2.3495028369634597e-39,1.5056620395625786e-295,9.7232318668447224e-60
gaussian,200,5,vanLeer_SSPRK2,2.5,1.0975511372095965e-36,4.6008607253322257e-288,4.6269929810881923e-57
gaussian,200,5,vanLeer_SSPRK2,3.5,4.1104854473094294e-34,1.1259360137484322e-280,1.76940004805132e-54
gaussian,200,5,vanLeer_SSPRK2,4.5,1.2342785224088351e-31,2.2067508129560438e-273,5.4521311132193032e-52
gaussian,200,5,vanLeer_SSPRK2,5.5,2.9717983121251882e-29,3.4638560906697508e-266,1.3554603394943721e-49
gaussian,200,5,vanLeer_SSPRK2,6.5,5.7378388747034871e-27,4.3544712450299474e-259,2.7230094364226163e-47
gaussian,200,5,vanLeer_SSPRK2,7.5,8.8846316733736166e-25,4.3841178589285109e-252,4.4284313281335701e-45
gaussian,200,5,vanLeer_SSPRK2,8.5,1.1034033630235094e-22,3.5351063070103485e-245,5.8431142340384077e-43
gaussian,200,5,vanLeer_SSPRK2,9.5,1.0992014343435166e-20,2.2829613083390864e-238,6.2714885085525593e-41
gaussian,200,5,vanLeer_SSPRK2,10.5,8.7844644713825308e-19,1.1807906115914703e-231,5.4924115621967879e-39
gaussian,200,5,vanLeer_SSPRK2,11.5,5.6324560613763466e-17,4.8913423211149546e-225,3.9345527019513123e-37
gaussian,200,5,vanLeer_SSPRK2,12.5,2.897856440858993e-15,1.6228064393540392e-218,2.2570108298621892e-35
gaussian,200,5,vanLeer_SSPRK2,13.5,1.1964839192313295e-13,4.3121283107197259e-212,8.9070884909838804e-34
gaussian,200,5,vanLeer_SSPRK2,14.5,3.9650113373952613e-12,9.1771078118665972e-206,2.4001236124741674e-32
gaussian,200,5,vanLeer_SSPRK2,15.5,1.0547466195306394e-10,1.5642719215530576e-199,4.735746651134393e-31
gaussian,200,5,vanLeer_SSPRK2,16.5,2.2525693567795984e-09,2.1355715051143688e-193,7.2929846727146639e-30
gaussian,200,5,vanLeer_SSPRK2,17.5,3.8627435570099709e-08,2.3351499952916222e-187,9.18523950176117e-29
gaussian,200,5,vanLeer_SSPRK2,18.5,5.3194075013792053e-07,2.0451150777349032e-181,9.7805192072309507e-28
gaussian,200,5,vanLeer_SSPRK2,19.5,5.8835894690706761e-06,1.4345863722220529e-175,9.0165476423030571e-27
gaussian,200,5,vanLeer_SSPRK2,20.5,5.2275059923927003e-05,8.0601939842523253e-170,7.3226510448829905e-26
gaussian,200,5,vanLeer_SSPRK2,21.5,0.00037314677268319925,3.6272558146092636e-164,5.3077931006647068e-25
gaussian,200,5,vanLeer_SSPRK2,22.5,0.00214020507078222,1.3074618903550522e-158,3.4687899716463764e-24
gaussian,200,5,vanLeer_SSPRK2,23.5,0.0098645206478332349,3.7748746948656425e-153,2.0606216640472373e-23
gaussian,200,5,vanLeer_SSPRK2,24.5,0.036541946733464482,8.7297822633204655e-148,1.1202499021414755e-22
gaussian,200,5,vanLeer_SSPRK2,25.5,0.10880468515692684,1.6170990853143237e-142,5.605861449263629e-22
gaussian,200,5,vanLeer_SSPRK2,26.5,0.26042514195959271,2.3994264868698216e-137,2.5952551147593303e-21
gaussian,200,5,vanLeer_SSPRK2,27.5,0.5011065019554406,2.8518153653906486e-132,1.1165657597041594e-20
gaussian,200,5,vanLeer_SSPRK2,28.5,0.77520033314678272,2.7150907736160399e-127,4.4824517779075813e-20
gaussian,200,5,vanLeer_SSPRK2,29.5,0.96416556333505776,2.0706299308123932e-122,1.6852761838916918e-19
gaussian,200,5,vanLeer_SSPRK2,30.5,0.96416556333505798,1.2649762087967003e-117,5.9539812914479535e-19
gaussian,200,5,vanLeer_SSPRK2,31.5,0.77520033314678238,6.1905738060358609e-113,1.9827086866143154e-18
gaussian,200,5,vanLeer_SSPRK2,32.5,0.50110650195544038,2.4269201775492884e-108,6.2409587512113543e-18
gaussian,200,5,vanLeer_SSPRK2,33.5,0.26042514195959271,7.6219119829446566e-104,1.8617239232404349e-17
gaussian,200,5,vanLeer_SSPRK2,34.5,0.10880468515692684,1.9176286730812131e-99,5.2759344458794938e-17
gaussian,200,5,vanLeer_SSPRK2,35.5,0.036541946733464482,3.8651475082034861e-95,1.423594407478791e-16
gaussian,200,5,vanLeer_SSPRK2,36.5,0.0098645206478332349,6.2413421967517473e-91,3.6653501369942815e-16
gaussian,200,5,vanLeer_SSPRK2,37.5,0.00214020507078222,8.0744004367222386e-87,9.0244261291955454e-16
gaussian,200,5,vanLeer_SSPRK2,38.5,0.00037314677268319925,8.3690007569314962e-83,2.1295322536721042e-15
gaussian,200,5,vanLeer_SSPRK2,39.5,5.2275059923927003e-05,6.9499126742802303e-79,4.8288962580652689e-15
gaussian,200,5,vanLeer_SSPRK2,40.5,5.8835894690706761e-06,4.6242325190392664e-75,1.0557701905257564e-14
gaussian,200,5,vanLeer_SSPRK2,41.5,5.3194075013792053e-07,2.4652873707848446e-71,2.2362171030514729e-14
gaussian,200,5,vanLeer_SSPRK2,42.5,3.8627435570099709e-08,1.0531177035127619e-67,4.6224572527706472e-14
gaussian,200,5,vanLeer_SSPRK2,43.5,2.2525693567795984e-09,3.604812134010428e-64,9.4407672498113484e-14
gaussian,200,5,vanLeer_SSPRK2,44.5,1.0547466195306394e-10,9.8878225702524618e-61,1.9488555266229519e-13
gaussian,200,5,vanLeer_SSPRK2,45.5,3.9650113373952613e-12,2.1734421815275004e-57,4.2547776017049253e-13
gaussian,200,5,vanLeer_SSPRK2,46.5,1.1964839192313295e-13,3.8286286709321121e-54,1.0591639221765078e-12
gaussian,200,5,vanLeer_SSPRK2,47.5,2.897856440858993e-15,5.4051257058224677e-51,3.1378089472518129e-12
gaussian,200,5,vanLeer_SSPRK2,48.5,5.6324560613763466e-17,6.1158503701640189e-48,1.0466786761636297e-11
gaussian,200,5,vanLeer_SSPRK2,49.5,8.7844644713825308e-19,5.5465005312857341e-45,3.6248209375352626e-11
gaussian,200,5,vanLeer_SSPRK2,50.5,1.0992014343435166e-20,4.0319648328398961e-42,1.2469232577141688e-10
gaussian,200,5,vanLeer_SSPRK2,51.5,1.1034033630235094e-22,2.3495028369634597e-39,4.1921836505134236e-10
gaussian,200,5,vanLeer_SSPRK2,52.5,8.8846316733736166e-25,1.0975511372095965e-36,1.3707084115200472e-09
gaussian,200,5,vanLeer_SSPRK2,53.5,5.7378388747034871e-27,4.1104854473094294e-34,4.3529138979342033e-09
gaussian,200,5,vanLeer_SSPRK2,54.5,2.971798312125173e-29,1.2342785224088959e-31,1.3422321915473619e-08
gaussian,200,5,vanLeer_SSPRK2,55.500000000000007,1.2342785224087919e-31,2.9717983121253238e-29,4.018747494585687e-08
gaussian,200,5,vanLeer_SSPRK2,56.5,4.1104854473092387e-34,5.7378388747034046e-27,1.1684099863347127e-07
gaussian,200,5,vanLeer_SSPRK2,57.499999999999993,1.0975511372096371e-36,8.8846316733732897e-25,3.2988466759956452e-07
gaussian,200,5,vanLeer_SSPRK2,58.5,2.3495028369635919e-39,1.1034033630235007e-22,9.0447924644162591e-07
gaussian,200,5,vanLeer_SSPRK2,59.5,4.0319648328398961e-42,1.0992014343435166e-20,2.408215712798619e-06
gaussian,200,5,vanLeer_SSPRK2,60.5,5.5465005312857341e-45,8.7844644713825308e-19,6.2262272679443178e-06
gaussian,200,5,vanLeer_SSPRK2,61.5,6.1158503701640189e-48,5.6324560613763466e-17,1.5629323805448545e-05
gaussian,200,5,vanLeer_SSPRK2,62.5,5.4051257058224677e-51,2.897856440858993e-15,3.8086625863161875e-05
gaussian,200,5,vanLeer_SSPRK2,63.5,3.8286286709321121e-54,1.1964839192313295e-13,9.0080306975887138e-05
gaussian,200,5,vanLeer_SSPRK2,64.5,2.1734421815275004e-57,3.9650113373952613e-12,0.00020672550822663113
gaussian,200,5,vanLeer_SSPRK2,65.5,9.8878225702524618e-61,1.0547466195306394e-10,0.00046016913405745206
gaussian,200,5,vanLeer_SSPRK2,66.5,3.604812134010428e-64,2.2525693567795984e-09,0.00099315926476437055
gaussian,200,5,vanLeer_SSPRK2,67.5,1.0531177035127619e-67,3.8627435570099709e-08,0.0020772005121348783
gaussian,200,5,vanLeer_SSPRK2,68.5,2.4652873707848446e-71,5.3194075013792053e-07,0.0042075673958671921
gaussian,200,5,vanLeer_SSPRK2,69.5,4.6242325190392664e-75,5.8835894690706761e-06,0.0082481914299104304
gaussian,200,5,vanLeer_SSPRK2,70.5,6.9499126742802303e-79,5.2275059923927003e-05,0.015634346036017079
gaussian,200,5,vanLeer_SSPRK2,71.5,8.3690007569314962e-83,0.00037314677268319925,0.028624328307650014
gaussian,200,5,vanLeer_SSPRK2,72.5,8.0744004367222386e-87,0.00214020507078222,0.050555658283471194
gaussian,200,5,vanLeer_SSPRK2,73.5,6.2413421967517473e-91,0.0098645206478332349,0.086000318389546443
gaussian,200,5,vanLeer_SSPRK2,74.5,3.8651475082034861e-95,0.036541946733464482,0.14064170406804641
gaussian,200,5,vanLeer_SSPRK2,75.5,1.9176286730812131e-99,0.10880468515692684,0.22074144619231392
gaussian,200,5,vanLeer_SSPRK2,76.5,7.6219119829446566e-104,0.26042514195959271,0.33196316173667539
gaussian,200,5,vanLeer_SSPRK2,77.5,2.4269201775492884e-108,0.50110650195544038,0.47042943626361133
gaussian,200,5,vanLeer_SSPRK2,78.5,6.1905738060358609e-113,0.77520033314678238,0.58329133144843848
gaussian,200,5,vanLeer_SSPRK2,79.5,1.2649762087967003e-117,0.96416556333505798,0.60988773875104685
gaussian,200,5,vanLeer_SSPRK2,80.5,2.0706299308123932e-122,0.96416556333505798,0.60605703460231886
gaussian,200,5,vanLeer_SSPRK2,81.5,2.7150907736160399e-127,0.77520033314678238,0.58948940263423366
gaussian,200,5,vanLeer_SSPRK2,82.5,2.8518153653906486e-132,0.50110650195544038,0.54447694781946798
gaussian,200,5,vanLeer_SSPRK2,83.5,2.3994264868698216e-137,0.26042514195959271,0.46069412342635263
gaussian,200,5,vanLeer_SSPRK2,84.5,1.6170990853143237e-142,0.10880468515692684,0.33392502434997973
gaussian,200,5,vanLeer_SSPRK2,85.5,8.7297822633204655e-148,0.036541946733464482,0.17762370083603177
gaussian,200,5,vanLeer_SSPRK2,86.5,3.7748746948656425e-153,0.0098645206478332349,0.047762669797621018
gaussian,200,5,vanLeer_SSPRK2,87.5,1.3074618903550522e-158,0.00214020507078222,0.0031967779247106462
gaussian,200,5,vanLeer_SSPRK2,88.5,3.6272558146092636e-164,0.00037314677268319925,1.9543593174884427e-05
gaussian,200,5,vanLeer_SSPRK2,89.5,8.0601939842523253e-170,5.2275059923927003e-05,3.1644435859622683e-09
gaussian,200,5,vanLeer_SSPRK2,90.5,1.4345863722220529e-175,5.8835894690706761e-06,1.6331594797950321e-12
gaussian,200,5,vanLeer_SSPRK2,91.5,2.0451150777349032e-181,5.3194075013792053e-07,1.543913648696028e-12
gaussian,200,5,vanLeer_SSPRK2,92.5,2.3351499952916222e-187,3.8627435570099709e-08,1.4254589865766214e-12
gaussian,200,5,vanLeer_SSPRK2,93.5,2.1355715051143688e-193,2.2525693567795984e-09,1.2845122494628831e-12
gaussian,200,5,vanLeer_SSPRK2,94.5,1.5642719215530576e-199,1.0547466195306394e-10,1.1423642514474889e-12
gaussian,200,5,vanLeer_SSPRK2,95.5,9.1771078118665972e-206,3.9650113373952613e-12,1.0035778476763683e-12
gaussian,200,5,vanLeer_SSPRK2,96.5,4.3121283107197259e-212,1.1964839192313295e-13,8.719636509867428e-13
gaussian,200,5,vanLeer_SSPRK2,97.5,1.6228064393540392e-218,2.897856440858993e-15,7.4912110011077351e-13
gaussian,200,5,vanLeer_SSPRK2,98.5,4.8913423211149546e-225,5.6324560613763466e-17,6.3588943524884029e-13
gaussian,200,5,vanLeer_SSPRK2,99.5,1.1807906115914703e-231,8.7844644713825308e-19,5.3296244427097352e-13
gaussian,200,5,vanLeer_SSPRK2,100.5,2.2829613083390864e-238,1.0992014343435166e-20,4.4086362642708373e-13
gaussian,200,5,vanLeer_SSPRK2,101.5,3.5351063070103485e-245,1.1034033630235094e-22,3.5982614335279168e-13
gaussian,200,5,vanLeer_SSPRK2,102.5,4.3841178589285109e-252,8.8846316733736166e-25,2.8973158386350988e-13
gaussian,200,5,vanLeer_SSPRK2,103.5,4.3544712450299474e-259,5.7378388747034871e-27,2.3012767171351128e-13
gaussian,200,5,vanLeer_SSPRK2,104.5,3.4638560906697508e-266,2.9717983121251882e-29,1.802920213279792e-13
gaussian,200,5,vanLeer_SSPRK2,105.5,2.2067508129560438e-273,1.2342785224088351e-31,1.3931216271465496e-13
gaussian,200,5,vanLeer_SSPRK2,106.5,1.1259360137484322e-280,4.1104854473094294e-34,1.0616486362642057e-13
gaussian,200,5,vanLeer_SSPRK2,107.5,4.6008607253322257e-288,1.0975511372095965e-36,7.9786600948873464e-14
gaussian,200,5,vanLeer_SSPRK2,108.5,1.5056620395625464e-295,2.3495028369634222e-39,5.9131390302176829e-14
gaussian,200,5,vanLeer_SSPRK2,109.50000000000001,3.9461819357704376e-303,4.0319648328394793e-42,4.3214540873194115e-14
gaussian,200,5,vanLeer_SSPRK2,110.50000000000001,8.2829705159623653e-311,5.5465005312851709e-45,3.1142464139679087e-14
gaussian,200,5,vanLeer_SSPRK2,111.50000000000001,1.3923609811404258e-318,6.1158503701635364e-48,2.2129799740960439e-14
gaussian,200,5,vanLeer_SSPRK2,112.5,0,5.4051257058220226e-51,1.5505866071722215e-14
gaussian,200,5,vanLeer_SSPRK2,113.49999999999999,0,3.8286286709325624e-54,1.0712810417092596e-14
gaussian,200,5,vanLeer_SSPRK2,114.49999999999999,0,2.1734421815277523e-57,7.2978763848632281e-15
gaussian,200,5,vanLeer_SSPRK2,115.49999999999999,0,9.8878225702533351e-61,4.9020074939575114e-15
gaussian,200,5,vanLeer_SSPRK2,116.5,0,3.6048121340108328e-64,3.2466552035663051e-15
gaussian,200,5,vanLeer_SSPRK2,117.5,0,1.0531177035127619e-67,2.1202394076848317e-15
gaussian,200,5,vanLeer_SSPRK2,118.5,0,2.4652873707848446e-71,1.3652847745179933e-15
gaussian,200,5,vanLeer_SSPRK2,119.5,0,4.6242325190392664e-75,8.6687277768051979e-16
gaussian,200,5,vanLeer_SSPRK2,120.5,0,6.9499126742802303e-79,5.4273312354731331e-16
gaussian,200,5,vanLeer_SSPRK2,121.5,0,8.3690007569314962e-83,3.3505951055595727e-16
gaussian,200,5,vanLeer_SSPRK2,122.5,0,8.0744004367222386e-87,2.0397109674348223e-16
gaussian,200,5,vanLeer_SSPRK2,123.5,0,6.2413421967517473e-91,1.2244278822983009e-16
gaussian,200,5,vanLeer_SSPRK2,124.5,0,3.8651475082034861e-95,7.2480775056443607e-17
gaussian,200,5,vanLeer_SSPRK2,125.5,0,1.9176286730812131e-99,4.2310172814465235e-17
gaussian,200,5,vanLeer_SSPRK2,126.5,0,7.6219119829446566e-104,2.4356029497886222e-17
gaussian,200,5,vanLeer_SSPRK2,127.5,0,2.4269201775492884e-108,1.3826594318754884e-17
gaussian,200,5,vanLeer_SSPRK2,128.5,0,6.1905738060358609e-113,7.7406627733693757e-18
gaussian,200,5,vanLeer_SSPRK2,129.5,0,1.2649762087967003e-117,4.2736818316560977e-18
gaussian,200,5,vanLeer_SSPRK2,130.5,0,2.0706299308123932e-122,2.3269868057707661e-18
gaussian,200,5,vanLeer_SSPRK2,131.5,0,2.7150907736160399e-127,1.2495669397499782e-18
gaussian,200,5,vanLeer_SSPRK2,132.5,0,2.8518153653906486e-132,6.6176638479621624e-19
gaussian,200,5,vanLeer_SSPRK2,133.5,0,2.3994264868698216e-137,3.4564844775061061e-19
gaussian,200,5,vanLeer_SSPRK2,134.5,0,1.6170990853143237e-142,1.7805485330945047e-19
gaussian,200,5,vanLeer_SSPRK2,135.5,0,8.7297822633204655e-148,9.0462011000335878e-20
gaussian,200,5,vanLeer_SSPRK2,136.5,0,3.7748746948656425e-153,4.5328892345838341e-20
gaussian,200,5,vanLeer_SSPRK2,137.5,0,1.3074618903550522e-158,2.2401800273440855e-20
gaussian,200,5,vanLeer_SSPRK2,138.5,0,3.6272558146092636e-164,1.0919214867511538e-20
gaussian,200,5,vanLeer_SSPRK2,139.5,0,8.0601939842523253e-170,5.2493014408604485e-21
gaussian,200,5,vanLeer_SSPRK2,140.5,0,1.4345863722220529e-175,2.4889336944854234e-21
gaussian,200,5,vanLeer_SSPRK2,141.5,0,2.0451150777349032e-181,1.1639279683843944e-21
gaussian,200,5,vanLeer_SSPRK2,142.5,0,2.3351499952916222e-187,5.368317754548009e-22
gaussian,200,5,vanLeer_SSPRK2,143.5,0,2.1355715051143688e-193,2.4420082470874167e-22
gaussian,200,5,vanLeer_SSPRK2,144.5,0,1.5642719215530576e-199,1.0955933511709878e-22
gaussian,200,5,vanLeer_SSPRK2,145.5,0,9.1771078118665972e-206,4.847754354185289e-23
gaussian,200,5,vanLeer_SSPRK2,146.5,0,4.3121283107197259e-212,2.1155116601059079e-23
gaussian,200,5,vanLeer_SSPRK2,147.5,0,1.6228064393540392e-218,9.1047391958355858e-24
gaussian,200,5,vanLeer_SSPRK2,148.5,0,4.8913423211149546e-225,3.8644663988849726e-24
gaussian,200,5,vanLeer_SSPRK2,149.5,0,1.1807906115914703e-231,1.617607514373756e-24
gaussian,200,5,vanLeer_SSPRK2,150.5,0,2.2829613083390864e-238,6.6774246068272148e-25
gaussian,200,5,vanLeer_SSPRK2,151.5,0,3.5351063070103485e-245,2.7182326116969917e-25
gaussian,200,5,vanLeer_SSPRK2,152.5,0,4.3841178589285109e-252,1.091175310266141e-25
gaussian,200,5,vanLeer_SSPRK2,153.5,0,4.3544712450299474e-259,4.3193673069151665e-26
gaussian,200,5,vanLeer_SSPRK2,154.5,0,3.4638560906697508e-266,1.685969564834788e-26
gaussian,200,5,vanLeer_SSPRK2,155.5,0,2.2067508129560438e-273,6.4888609799757697e-27
gaussian,200,5,vanLeer_SSPRK2,156.5,0,1.1259360137484322e-280,2.4624099267067352e-27
gaussian,200,5,vanLeer_SSPRK2,157.5,0,4.6008607253322257e-288,9.2131511252208859e-28
gaussian,200,5,vanLeer_SSPRK2,158.5,0,1.5056620395625786e-295,3.3985494861727069e-28
gaussian,200,5,vanLeer_SSPRK2,159.5,0,3.9461819357718733e-303,1.2359386850612819e-28
gaussian,200,5,vanLeer_SSPRK2,160.5,0,8.2829705159638475e-311,4.4309543229526997e-29
gaussian,200,5,vanLeer_SSPRK2,161.5,0,1.3923609811404258e-318,1.5659303190390129e-29
gaussian,200,5,vanLeer_SSPRK2,162.5,0,0,5.4550516114201174e-30
gaussian,200,5,vanLeer_SSPRK2,163.5,0,0,1.8730598480796134e-30
gaussian,200,5,vanLeer_SSPRK2,164.5,0,0,6.3387625457126754e-31
gaussian,200,5,vanLeer_SSPRK2,165.5,0,0,2.1141197384841432e-31
gaussian,200,5,vanLeer_SSPRK2,166.5,0,0,6.9486059906108514e-32
gaussian,200,5,vanLeer_SSPRK2,167.5,0,0,2.2504947307043411e-32
gaussian,200,5,vanLeer_SSPRK2,168.5,0,0,7.1818799046560486e-33
gaussian,200,5,vanLeer_SSPRK2,169.5,0,0,2.2581047257457222e-33
gaussian,200,5,vanLeer_SSPRK2,170.5,0,0,6.9945553503736154e-34
gaussian,200,5,vanLeer_SSPRK2,171.5,0,0,2.1342671127580781e-34
gaussian,200,5,vanLeer_SSPRK2,172.5,0,0,6.4146179017879785e-35
gaussian,200,5,vanLeer_SSPRK2,173.5,0,0,1.8988253651737005e-35
gaussian,200,5,vanLeer_SSPRK2,174.5,0,0,5.5353919906362424e-36
gaussian,200,5,vanLeer_SSPRK2,175.5,0,0,1.5889702123650691e-36
gaussian,200,5,vanLeer_SSPRK2,176.5,0,0,4.4909678833558276e-37
gaussian,200,5,vanLeer_SSPRK2,177.5,0,0,1.2496016374196267e-37
gaussian,200,5,vanLeer_SSPRK2,178.5,0,0,3.4226226913253766e-38
gaussian,200,5,vanLeer_SSPRK2,179.5,0,0,9.2267397783905987e-39
gaussian,200,5,vanLeer_SSPRK2,180.5,0,0,2.4478391458030255e-39
gaussian,200,5,vanLeer_SSPRK2,181.5,0,0,6.3900436424249626e-40
gaussian,200,5,vanLeer_SSPRK2,182.5,0,0,1.6411543773612274e-40
gaussian,200,5,vanLeer_SSPRK2,183.5,0,0,4.1462476312172055e-41
gaussian,200,5,vanLeer_SSPRK2,184.5,0,0,1.0302766038195102e-41
gaussian,200,5,vanLeer_SSPRK2,185.5,0,0,2.5175308352940176e-42
gaussian,200,5,vanLeer_SSPRK2,186.5,0,0,6.048455412677811e-43
gaussian,200,5,vanLeer_SSPRK2,187.5,0,0,1.4285186307579599e-43
gaussian,200,5,vanLeer_SSPRK2,188.5,0,0,3.3160309803761386e-44
gaussian,200,5,vanLeer_SSPRK2,189.5,0,0,7.5641183181173243e-45
gaussian,200,5,vanLeer_SSPRK2,190.5,0,0,1.69518482637421e-45
gaussian,200,5,vanLeer_SSPRK2,191.5,0,0,3.7316652613078163e-46
gaussian,200,5,vanLeer_SSPRK2,192.5,0,0,8.0671246420149559e-47
gaussian,200,5,vanLeer_SSPRK2,193.5,0,0,1.7122389986019079e-47
gaussian,200,5,vanLeer_SSPRK2,194.5,0,0,3.5672523464459546e-48
gaussian,200,5,vanLeer_SSPRK2,195.5,0,0,7.2931707268619886e-49
gaussian,200,5,vanLeer_SSPRK2,196.5,0,0,1.4628371479884481e-49
gaussian,200,5,vanLeer_SSPRK2,197.5,0,0,2.8777360686712638e-50
gaussian,200,5,vanLeer_SSPRK2,198.5,0,0,5.5507758118737483e-51
gaussian,200,5,vanLeer_SSPRK2,199.5,0,0,1.0494704399968405e-51
gaussian,400,0.10000000000000001,vanLeer_FE,0.25,2.9674496460687887e-43,1.1754538816431203e-306,4.0064693135073889e-87
gaussian,400,0.10000000000000001,vanLeer_FE,0.75,7.7671847010728729e-42,7.8911884176621055e-303,5.1369118436769971e-85
gaussian,400,0.10000000000000001,vanLeer_FE,1.25,1.9234772699037504e-40,5.0115132566242844e-299,3.4151920982712571e-83
gaussian,400,0.10000000000000001,vanLeer_FE,1.75,4.5066579469365438e-39,3.0108229277994623e-295,1.5807335379738096e-81
gaussian,400,0.10000000000000001,vanLeer_FE,2.25,9.9900396552230441e-38,1.7111639375053288e-291,5.7710921837691228e-80
gaussian,400,0.10000000000000001,vanLeer_FE,2.75,2.0952018778669732e-36,9.2000102867270423e-288,1.7840060701222542e-78
gaussian,400,0.10000000000000001,vanLeer_FE,3.25,4.1574932920676779e-35,4.6792421069904345e-284,4.8865384852418166e-77
gaussian,400,0.10000000000000001,vanLeer_FE,3.75,7.8052215654120522e-34,2.2514041032861653e-280,1.2223443898953767e-75
gaussian,400,0.10000000000000001,vanLeer_FE,4.25,1.3863978914236671e-32,1.0247604389836399e-276,2.8482127105462964e-74
gaussian,400,0.10000000000000001,vanLeer_FE,4.75,2.3299172556753034e-31,4.4124768654730575e-273,6.2593612751704919e-73
gaussian,400,0.10000000000000001,vanLeer_FE,5.25,3.7046232122636381e-30,1.7973553963570837e-269,1.306974068295008e-71
gaussian,400,0.10000000000000001,vanLeer_FE,5.75,5.5731343030240402e-29,6.9259148259432187e-266,2.603721062040933e-70
gaussian,400,0.10000000000000001,vanLeer_FE,6.25,7.9324597368587958e-28,2.524714327289028e-262,4.9603931258624442e-69
gaussian,400,0.10000000000000001,vanLeer_FE,6.75,1.0682431775721122e-26,8.7064177757326062e-259,9.0490789052978359e-68
gaussian,400,0.10000000000000001,vanLeer_FE,7.25,1.3610912551087849e-25,2.840267037654652e-255,1.582044882141995e-66
gaussian,400,0.10000000000000001,vanLeer_FE,7.75,1.6408172091638449e-24,8.7653954508192737e-252,2.6522889944369097e-65
gaussian,400,0.10000000000000001,vanLeer_FE,8.25,1.8715006371449644e-23,2.5590382982320149e-248,4.2660881300267298e-64
gaussian,400,0.10000000000000001,vanLeer_FE,8.75,2.0196566623325172e-22,7.0676535757225397e-245,6.5864031171807039e-63
gaussian,400,0.10000000000000001,vanLeer_FE,9.25,2.0621671839623482e-21,1.8465760180528026e-241,9.7650168811717642e-62
gaussian,400,0.10000000000000001,vanLeer_FE,9.75,1.9921861502908032e-20,4.5640760406601197e-238,1.3909102856291801e-60
gaussian,400,0.10000000000000001,vanLeer_FE,10.25,1.8209442012348391e-19,1.0671674647092527e-234,1.9042416201215946e-59
gaussian,400,0.10000000000000001,vanLeer_FE,10.75,1.574798474153022e-18,2.3605140557182057e-231,2.5069048947829573e-58
gaussian,400,0.10000000000000001,vanLeer_FE,11.25,1.2885933928463541e-17,4.9394114690073506e-228,3.1749970843124581e-57
gaussian,400,0.10000000000000001,vanLeer_FE,11.75,9.9763187299063161e-17,9.7777452307610052e-225,3.8702221073928081e-56
gaussian,400,0.10000000000000001,vanLeer_FE,12.25,7.3078421136059479e-16,1.8310382879326304e-221,4.5426922800675783e-55
gaussian,400,0.10000000000000001,vanLeer_FE,12.75,5.0649286703574024e-15,3.2437818404201462e-218,5.136569474150038e-54
gaussian,400,0.10000000000000001,vanLeer_FE,13.25,3.32141965274349e-14,5.4362781113090602e-215,5.5977174016793711e-53
gaussian,400,0.10000000000000001,vanLeer_FE,13.75,2.0608258731883101e-13,8.6188203433280492e-212,5.8818681204990566e-52
gaussian,400,0.10000000000000001,vanLeer_FE,14.25,1.2098369706947906e-12,1.2926782639492832e-208,5.9615087085580781e-51
gaussian,400,0.10000000000000001,vanLeer_FE,14.75,6.720185704095718e-12,1.8341288841093893e-205,5.8299417198991499e-50
gaussian,400,0.10000000000000001,vanLeer_FE,15.25,3.5318757270266376e-11,2.4618771352528383e-202,5.5017415102865391e-49
gaussian,400,0.10000000000000001,vanLeer_FE,15.75,1.7563056663586188e-10,3.1260819659708616e-199,5.0098206036851178e-48
gaussian,400,0.10000000000000001,vanLeer_FE,16.25,8.2635404032736578e-10,3.7551920776900123e-196,4.4000863562969733e-47
gaussian,400,0.10000000000000001,vanLeer_FE,16.75,3.6787846732318305e-09,4.2673878181510019e-193,3.724920392206541e-46
gaussian,400,0.10000000000000001,vanLeer_FE,17.25,1.549585421550539e-08,4.5876533240074568e-190,3.0365437749655703e-45
gaussian,400,0.10000000000000001,vanLeer_FE,17.75,6.1759016924693913e-08,4.6657123372592864e-187,2.3810734058542929e-44
gaussian,400,0.10000000000000001,vanLeer_FE,18.25,2.3289473156464855e-07,4.4889481261414988e-184,1.7939472406486407e-43
gaussian,400,0.10000000000000001,vanLeer_FE,18.75,8.3098676871119177e-07,4.0857412073436646e-181,1.2973158274709772e-42
gaussian,400,0.10000000000000001,vanLeer_FE,19.25,2.805462080291371e-06,3.5180106454759892e-178,8.997482662716841e-42
gaussian,400,0.10000000000000001,vanLeer_FE,19.75,8.9617168578499812e-06,2.865654733798599e-175,5.9811672868215822e-41
gaussian,400,0.10000000000000001,vanLeer_FE,20.25,2.7086644187709968e-05,2.2082660613823784e-172,3.8098764241977642e-40
gaussian,400,0.10000000000000001,vanLeer_FE,20.75,7.7463475660144112e-05,1.6098305307890998e-169,2.3253225001590146e-39
gaussian,400,0.10000000000000001,vanLeer_FE,21.25,0.00020961248401428069,1.110223877799716e-166,1.3601780620966768e-38
gaussian,400,0.10000000000000001,vanLeer_FE,21.75,0.0005366810613521174,7.2434093904405302e-164,7.628360932856299e-38
gaussian,400,0.10000000000000001,vanLeer_FE,22.25,0.0013001543065751825,4.4707253843875347e-161,4.1043536932013005e-37
gaussian,400,0.10000000000000001,vanLeer_FE,22.75,0.0029802558349892572,2.6104530553256889e-158,2.1200573395419795e-36
gaussian,400,0.10000000000000001,vanLeer_FE,23.25,0.0064638713079587205,1.4419730959227927e-155,1.0521850788938572e-35
gaussian,400,0.10000000000000001,vanLeer_FE,23.75,0.01326516998770776,7.535329658772136e-153,5.0217998713673566e-35
gaussian,400,0.10000000000000001,vanLeer_FE,24.25,0.025758129949459849,3.7252176024985683e-150,2.307005700345632e-34
gaussian,400,0.10000000000000001,vanLeer_FE,24.75,0.047325763517469137,1.7422312350615947e-147,1.0211021398153063e-33
gaussian,400,0.10000000000000001,vanLeer_FE,25.25,0.082274089358194719,7.7084166646794762e-145,4.3584667388326748e-33
gaussian,400,0.10000000000000001,vanLeer_FE,25.75,0.13533528095565894,3.2264897539639332e-142,1.795782412323409e-32
gaussian,400,0.10000000000000001,vanLeer_FE,26.25,0.21064044631089568,1.2776197474953692e-139,7.1488382999914752e-32
gaussian,400,0.10000000000000001,vanLeer_FE,26.75,0.31020983760828968,4.7860767762647408e-137,2.752185282651696e-31
gaussian,400,0.10000000000000001,vanLeer_FE,27.25,0.43226758151908995,1.6961526594972429e-134,1.0255796025553077e-30
gaussian,400,0.10000000000000001,vanLeer_FE,27.750000000000004,0.5699454223917918,5.6866692041863252e-132,3.7024468970655502e-30
gaussian,400,0.10000000000000001,vanLeer_FE,28.25,0.71104575448692675,1.8036791093263672e-129,1.2959930753333022e-29
gaussian,400,0.10000000000000001,vanLeer_FE,28.749999999999996,0.83935491180663779,5.4121447561387576e-127,4.4021564227245622e-29
gaussian,400,0.10000000000000001,vanLeer_FE,29.25,0.93751373301239194,1.5363455249679772e-124,1.4521770028761319e-28
gaussian,400,0.10000000000000001,vanLeer_FE,29.75,0.99081739365772359,4.1258964063751506e-122,4.6558083920454567e-28
gaussian,400,0.10000000000000001,vanLeer_FE,30.25,0.99081739365772359,1.0482339688612536e-119,1.4518115978690898e-27
gaussian,400,0.10000000000000001,vanLeer_FE,30.75,0.93751373301239227,2.5194700779047881e-117,4.4062737970719104e-27
gaussian,400,0.10000000000000001,vanLeer_FE,31.25,0.83935491180663835,5.7289077838712314e-115,1.3024882764226317e-26
gaussian,400,0.10000000000000001,vanLeer_FE,31.75,0.71104575448692653,1.2323858534232878e-112,3.7523331800178524e-26
gaussian,400,0.10000000000000001,vanLeer_FE,32.25,0.56994542239179147,2.5080398224404083e-110,1.0542115247752368e-25
gaussian,400,0.10000000000000001,vanLeer_FE,32.75,0.43226758151908928,4.8287599568741481e-108,2.8901234932427712e-25
gaussian,400,0.10000000000000001,vanLeer_FE,33.25,0.31020983760828968,8.7953048135199631e-106,7.7360836648310063e-25
gaussian,400,0.10000000000000001,vanLeer_FE,33.75,0.21064044631089568,1.5155870917754113e-103,2.0229571687425269e-24
gaussian,400,0.10000000000000001,vanLeer_FE,34.25,0.13533528095565894,2.4707355778510861e-101,5.1706947378976761e-24
gaussian,400,0.10000000000000001,vanLeer_FE,34.75,0.082274089358194719,3.8105499903839356e-99,1.2925143867100459e-23
gaussian,400,0.10000000000000001,vanLeer_FE,35.25,0.047325763517469137,5.5598841967139978e-97,3.1613009475193656e-23
gaussian,400,0.10000000000000001,vanLeer_FE,35.75,0.025758129949459849,7.6746961744397911e-95,7.5692431891254782e-23
gaussian,400,0.10000000000000001,vanLeer_FE,36.25,0.01326516998770776,1.0022468169693816e-92,1.7750079849450265e-22
gaussian,400,0.10000000000000001,vanLeer_FE,36.75,0.0064638713079587205,1.2382459711806558e-90,4.0785680877330987e-22
gaussian,400,0.10000000000000001,vanLeer_FE,37.25,0.0029802558349892572,1.4473001645291398e-88,9.1868491332989728e-22
gaussian,400,0.10000000000000001,vanLeer_FE,37.75,0.0013001543065751825,1.6004070856991646e-86,2.0293770273408519e-21
gaussian,400,0.10000000000000001,vanLeer_FE,38.25,0.0005366810613521174,1.674261198243687e-84,4.3982127734729157e-21
gaussian,400,0.10000000000000001,vanLeer_FE,38.75,0.00020961248401428069,1.6570575394038535e-82,9.3558153549539814e-21
gaussian,400,0.10000000000000001,vanLeer_FE,39.25,7.7463475660144112e-05,1.5515806073559298e-80,1.9541069185873854e-20
gaussian,400,0.10000000000000001,vanLeer_FE,39.75,2.7086644187709968e-05,1.3744667287824868e-78,4.0090427701205432e-20
gaussian,400,0.10000000000000001,vanLeer_FE,40.25,8.9617168578499812e-06,1.151908605840987e-76,8.0819926006060663e-20
gaussian,400,0.10000000000000001,vanLeer_FE,40.75,2.805462080291371e-06,9.1332741774944847e-75,1.6015364353006399e-19
gaussian,400,0.10000000000000001,vanLeer_FE,41.25,8.3098676871119177e-07,6.8511020544828789e-73,3.1206622731328213e-19
gaussian,400,0.10000000000000001,vanLeer_FE,41.75,2.3289473156464855e-07,4.8620637210248339e-71,5.9812944128009097e-19
gaussian,400,0.10000000000000001,vanLeer_FE,42.25,6.1759016924693913e-08,3.264434297492065e-69,1.128041467761231e-18
gaussian,400,0.10000000000000001,vanLeer_FE,42.75,1.549585421550539e-08,2.0735910640506034e-67,2.0939955144685499e-18
gaussian,400,0.10000000000000001,vanLeer_FE,43.25,3.6787846732318305e-09,1.2461405151221231e-65,3.827216534555956e-18
gaussian,400,0.10000000000000001,vanLeer_FE,43.75,8.2635404032736578e-10,7.0850102165086812e-64,6.8893683081023831e-18
gaussian,400,0.10000000000000001,vanLeer_FE,44.25,1.7563056663586188e-10,3.8110474312064361e-62,1.221783308890605e-17
gaussian,400,0.10000000000000001,vanLeer_FE,44.75,3.5318757270266376e-11,1.9394540397384177e-60,2.1352748815991071e-17
gaussian,400,0.10000000000000001,vanLeer_FE,45.25,6.720185704095718e-12,9.3378471821560134e-59,3.6785945606363339e-17
gaussian,400,0.10000000000000001,vanLeer_FE,45.75,1.2098369706947906e-12,4.2535058912334405e-57,6.2488471019255397e-17
gaussian,400,0.10000000000000001,vanLeer_FE,46.25,2.0608258731883101e-13,1.8330790986179901e-55,1.0469525250383316e-16
gaussian,400,0.10000000000000001,vanLeer_FE,46.75,3.32141965274349e-14,7.473949432002463e-54,1.7305370413690696e-16
gaussian,400,0.10000000000000001,vanLeer_FE,47.25,5.0649286703574024e-15,2.8830673534146148e-52,2.8227886777387469e-16
gaussian,400,0.10000000000000001,vanLeer_FE,47.75,7.3078421136059479e-16,1.0521944676303421e-50,4.5450214657341956e-16
gaussian,400,0.10000000000000001,vanLeer_FE,48.25,9.9763187299063161e-17,3.6330782212603504e-49,7.2255512978686028e-16
gaussian,400,0.10000000000000001,vanLeer_FE,48.75,1.2885933928463541e-17,1.1868392918202003e-47,1.1344961231791835e-15
gaussian,400,0.10000000000000001,vanLeer_FE,49.25,1.574798474153022e-18,3.6681614880766029e-46,1.7597675464299094e-15
gaussian,400,0.10000000000000001,vanLeer_FE,49.75,1.8209442012348391e-19,1.0726184913763865e-44,2.6974724010368705e-15
gaussian,400,0.10000000000000001,vanLeer_FE,50.25,1.9921861502908032e-20,2.9674496460687887e-43,4.0873871666017845e-15
gaussian,400,0.10000000000000001,vanLeer_FE,50.75,2.0621671839623482e-21,7.7671847010728729e-42,6.1245047760963028e-15
gaussian,400,0.10000000000000001,vanLeer_FE,51.25,2.0196566623325172e-22,1.9234772699037504e-40,9.0781577032673021e-15
gaussian,400,0.10000000000000001,vanLeer_FE,51.75,1.8715006371449644e-23,4.5066579469365438e-39,1.3317166692852101e-14
gaussian,400,0.10000000000000001,vanLeer_FE,52.25,1.6408172091638449e-24,9.9900396552230441e-38,1.9343100169896213e-14
gaussian,400,0.10000000000000001,vanLeer_FE,52.75,1.3610912551087849e-25,2.0952018778669732e-36,2.7834800743493947e-14
gaussian,400,0.10000000000000001,vanLeer_FE,53.25,1.0682431775721122e-26,4.1574932920676779e-35,3.9709183264393918e-14
gaussian,400,0.10000000000000001,vanLeer_FE,53.75,7.9324597368587958e-28,7.8052215654120522e-34,5.6206592138876649e-14
gaussian,400,0.10000000000000001,vanLeer_FE,54.25,5.5731343030239449e-29,1.3863978914236972e-32,7.9015050183152785e-14
gaussian,400,0.10000000000000001,vanLeer_FE,54.750000000000007,3.7046232122634539e-30,2.329917255675422e-31,1.1045938508974561e-13
gaussian,400,0.10000000000000001,vanLeer_FE,55.250000000000007,2.3299172556752342e-31,3.7046232122637783e-30,1.5380508414546401e-13
gaussian,400,0.10000000000000001,vanLeer_FE,55.750000000000007,1.3863978914236129e-32,5.5731343030242554e-29,2.137796076705327e-13
gaussian,400,0.10000000000000001,vanLeer_FE,56.25,7.8052215654118452e-34,7.9324597368586648e-28,2.9754416428887859e-13
gaussian,400,0.10000000000000001,vanLeer_FE,56.749999999999993,4.1574932920679029e-35,1.0682431775720784e-26,4.1672233856895045e-13
gaussian,400,0.10000000000000001,vanLeer_FE,57.249999999999993,2.09520187786704e-36,1.3610912551087358e-25,5.9240611337512798e-13
gaussian,400,0.10000000000000001,vanLeer_FE,57.749999999999993,9.9900396552234596e-38,1.6408172091637804e-24,8.7046064141345557e-13
gaussian,400,0.10000000000000001,vanLeer_FE,58.25,4.5066579469367624e-39,1.8715006371449415e-23,1.3747878216103273e-12
gaussian,400,0.10000000000000001,vanLeer_FE,58.75,1.9234772699037504e-40,2.0196566623325172e-22,2.4812773633072659e-12
gaussian,400,0.10000000000000001,vanLeer_FE,59.25,7.7671847010728729e-42,2.0621671839623482e-21,5.3122276944352625e-12
gaussian,400,0.10000000000000001,vanLeer_FE,59.75,2.9674496460687887e-43,1.9921861502908032e-20,1.3056345257588359e-11
gaussian,400,0.10000000000000001,vanLeer_FE,60.25,1.0726184913763865e-44,1.8209442012348391e-19,3.4473476654608288e-11
gaussian,400,0.10000000000000001,vanLeer_FE,60.75,3.6681614880766029e-46,1.574798474153022e-18,9.309037939532509e-11
gaussian,400,0.10000000000000001,vanLeer_FE,61.25,1.1868392918202003e-47,1.2885933928463541e-17,2.5084960301480031e-10
gaussian,400,0.10000000000000001,vanLeer_FE,61.75,3.6330782212603504e-49,9.9763187299063161e-17,6.6765857852718624e-10
gaussian,400,0.10000000000000001,vanLeer_FE,62.25,1.0521944676303421e-50,7.3078421136059479e-16,1.7482020715321661e-09
gaussian,400,0.10000000000000001,vanLeer_FE,62.75,2.8830673534146148e-52,5.0649286703574024e-15,4.4962532960948058e-09
gaussian,400,0.10000000000000001,vanLeer_FE,63.25,7.473949432002463e-54,3.32141965274349e-14,1.13514506868001e-08
gaussian,400,0.10000000000000001,vanLeer_FE,63.75,1.8330790986179901e-55,2.0608258731883101e-13,2.8122537721633363e-08
gaussian,400,0.10000000000000001,vanLeer_FE,64.25,4.2535058912334405e-57,1.2098369706947906e-12,6.8354978079751294e-08
gaussian,400,0.10000000000000001,vanLeer_FE,64.75,9.3378471821560134e-59,6.720185704095718e-12,1.6297586520023642e-07
gaussian,400,0.10000000000000001,vanLeer_FE,65.25,1.9394540397384177e-60,3.5318757270266376e-11,3.8110229457952925e-07
gaussian,400,0.10000000000000001,vanLeer_FE,65.75,3.8110474312064361e-62,1.7563056663586188e-10,8.738772071613383e-07
gaussian,400,0.10000000000000001,vanLeer_FE,66.25,7.0850102165086812e-64,8.2635404032736578e-10,1.964586181505286e-06
gaussian,400,0.10000000000000001,vanLeer_FE,66.75,1.2461405151221231e-65,3.6787846732318305e-09,4.3293175929313259e-06
gaussian,400,0.10000000000000001,vanLeer_FE,67.25,2.0735910640506034e-67,1.549585421550539e-08,9.3498585164056355e-06
gaussian,400,0.10000000000000001,vanLeer_FE,67.75,3.264434297492065e-69,6.1759016924693913e-08,1.978473062530133e-05
gaussian,400,0.10000000000000001,vanLeer_FE,68.25,4.8620637210248339e-71,2.3289473156464855e-07,4.1009905793572248e-05
gaussian,400,0.10000000000000001,vanLeer_FE,68.75,6.8511020544828789e-73,8.3098676871119177e-07,8.3246447028350869e-05
gaussian,400,0.10000000000000001,vanLeer_FE,69.25,9.1332741774944847e-75,2.805462080291371e-06,0.00016543815510366126
gaussian,400,0.10000000000000001,vanLeer_FE,69.75,1.151908605840987e-76,8.9617168578499812e-06,0.00032178292865414377
gaussian,400,0.10000000000000001,vanLeer_FE,70.25,1.3744667287824868e-78,2.7086644187709968e-05,0.0006123532139055666
gaussian,400,0.10000000000000001,vanLeer_FE,70.75,1.5515806073559298e-80,7.7463475660144112e-05,0.0011397215166047035
gaussian,400,0.10000000000000001,vanLeer_FE,71.25,1.6570575394038535e-82,0.00020961248401428069,0.0020739324648904561
gaussian,400,0.10000000000000001,vanLeer_FE,71.75,1.674261198243687e-84,0.0005366810613521174,0.0036883515190650217
gaussian,400,0.10000000000000001,vanLeer_FE,72.25,1.6004070856991646e-86,0.0013001543065751825,0.006408625726127889
gaussian,400,0.10000000000000001,vanLeer_FE,72.75,1.4473001645291398e-88,0.0029802558349892572,0.010875972504069915
gaussian,400,0.10000000000000001,vanLeer_FE,73.25,1.2382459711806558e-90,0.0064638713079587205,0.018024168637273505
gaussian,400,0.10000000000000001,vanLeer_FE,73.75,1.0022468169693816e-92,0.01326516998770776,0.029167138537751082
gaussian,400,0.10000000000000001,vanLeer_FE,74.25,7.6746961744397911e-95,0.025758129949459849,0.046091426063623701
gaussian,400,0.10000000000000001,vanLeer_FE,74.75,5.5598841967139978e-97,0.047325763517469137,0.071145366942953397
gaussian,400,0.10000000000000001,vanLeer_FE,75.25,3.8105499903839356e-99,0.082274089358194719,0.1073129886800019
gaussian,400,0.10000000000000001,vanLeer_FE,75.75,2.4707355778510861e-101,0.13533528095565894,0.15824811589804974
gaussian,400,0.10000000000000001,vanLeer_FE,76.25,1.5155870917754113e-103,0.21064044631089568,0.22819608650378942
gaussian,400,0.10000000000000001,vanLeer_FE,76.75,8.7953048135199631e-106,0.31020983760828968,0.32155305155924369
gaussian,400,0.10000000000000001,vanLeer_FE,77.25,4.8287599568741481e-108,0.43226758151908928,0.44119923948272494
gaussian,400,0.10000000000000001,vanLeer_FE,77.75,2.5080398224404083e-110,0.56994542239179147,0.58305355530207481
gaussian,400,0.10000000000000001,vanLeer_FE,78.25,1.2323858534232878e-112,0.71104575448692653,0.72332450401515447
gaussian,400,0.10000000000000001,vanLeer_FE,78.75,5.7289077838712314e-115,0.83935491180663835,0.81408372318191269
gaussian,400,0.10000000000000001,vanLeer_FE,79.25,2.5194700779047881e-117,0.93751373301239227,0.83835366227427444
gaussian,400,0.10000000000000001,vanLeer_FE,79.75,1.0482339688612536e-119,0.99081739365772359,0.83892219134501889
gaussian,400,0.10000000000000001,vanLeer_FE,80.25,4.1258964063751506e-122,0.99081739365772359,0.83606765080702572
gaussian,400,0.10000000000000001,vanLeer_FE,80.75,1.5363455249679772e-124,0.93751373301239227,0.82490089620940776
gaussian,400,0.10000000000000001,vanLeer_FE,81.25,5.4121447561387576e-127,0.83935491180663835,0.79866513699608477
gaussian,400,0.10000000000000001,vanLeer_FE,81.75,1.8036791093263672e-129,0.71104575448692653,0.75049106498315721
gaussian,400,0.10000000000000001,vanLeer_FE,82.25,5.6866692041863252e-132,0.56994542239179147,0.67508666773183967
gaussian,400,0.10000000000000001,vanLeer_FE,82.75,1.6961526594972429e-134,0.43226758151908928,0.57036328793393543
gaussian,400,0.10000000000000001,vanLeer_FE,83.25,4.7860767762647408e-137,0.31020983760828968,0.4390278579593242
gaussian,400,0.10000000000000001,vanLeer_FE,83.75,1.2776197474953692e-139,0.21064044631089568,0.29116180236328615
gaussian,400,0.10000000000000001,vanLeer_FE,84.25,3.2264897539639332e-142,0.13533528095565894,0.14921690883049554
gaussian,400,0.10000000000000001,vanLeer_FE,84.75,7.7084166646794762e-145,0.082274089358194719,0.048211391312419569
gaussian,400,0.10000000000000001,vanLeer_FE,85.25,1.7422312350615947e-147,0.047325763517469137,0.0070916529816993203
gaussian,400,0.10000000000000001,vanLeer_FE,85.75,3.7252176024985683e-150,0.025758129949459849,0.00031346428367236149
gaussian,400,0.10000000000000001,vanLeer_FE,86.25,7.535329658772136e-153,0.01326516998770776,2.7054634515769957e-06
gaussian,400,0.10000000000000001,vanLeer_FE,86.75,1.4419730959227927e-155,0.0064638713079587205,3.095208937924854e-09
gaussian,400,0.10000000000000001,vanLeer_FE,87.25,2.6104530553256889e-158,0.0029802558349892572,6.1380795935592064e-12
gaussian,400,0.10000000000000001,vanLeer_FE,87.75,4.4707253843875347e-161,0.0013001543065751825,5.7540312229278158e-12
gaussian,400,0.10000000000000001,vanLeer_FE,88.25,7.2434093904405302e-164,0.0005366810613521174,5.5520795806553398e-12
gaussian,400,0.10000000000000001,vanLeer_FE,88.75,1.110223877799716e-166,0.00020961248401428069,5.3379155652068987e-12
gaussian,400,0.10000000000000001,vanLeer_FE,89.25,1.6098305307890998e-169,7.7463475660144112e-05,5.1111237534438363e-12
gaussian,400,0.10000000000000001,vanLeer_FE,89.75,2.2082660613823784e-172,2.7086644187709968e-05,4.8749857271443421e-12
gaussian,400,0.10000000000000001,vanLeer_FE,90.25,2.865654733798599e-175,8.9617168578499812e-06,4.6311999495390761e-12
gaussian,400,0.10000000000000001,vanLeer_FE,90.75,3.5180106454759892e-178,2.805462080291371e-06,4.3812986908788131e-12
gaussian,400,0.10000000000000001,vanLeer_FE,91.25,4.0857412073436646e-181,8.3098676871119177e-07,4.1268947598409971e-12
gaussian,400,0.10000000000000001,vanLeer_FE,91.75,4.4889481261414988e-184,2.3289473156464855e-07,3.8696968702093816e-12
gaussian,400,0.10000000000000001,vanLeer_FE,92.25,4.6657123372592864e-187,6.1759016924693913e-08,3.6114958136248139e-12
gaussian,400,0.10000000000000001,vanLeer_FE,92.75,4.5876533240074568e-190,1.549585421550539e-08,3.3541343005549453e-12
gaussian,400,0.10000000000000001,vanLeer_FE,93.25,4.2673878181510019e-193,3.6787846732318305e-09,3.0994665078813106e-12
gaussian,400,0.10000000000000001,vanLeer_FE,93.75,3.7551920776900123e-196,8.2635404032736578e-10,2.8493135881394366e-12
gaussian,400,0.10000000000000001,vanLeer_FE,94.25,3.1260819659708616e-199,1.7563056663586188e-10,2.6054193775602525e-12
gaussian,400,0.10000000000000001,vanLeer_FE,94.75,2.4618771352528383e-202,3.5318757270266376e-11,2.3694089581321615e-12
gaussian,400,0.10000000000000001,vanLeer_FE,95.25,1.8341288841093893e-205,6.720185704095718e-12,2.1427518766941933e-12
gaussian,400,0.10000000000000001,vanLeer_FE,95.75,1.2926782639492832e-208,1.2098369706947906e-12,1.9267313684598676e-12
gaussian,400,0.10000000000000001,vanLeer_FE,96.25,8.6188203433280492e-212,2.0608258731883101e-13,1.7224205956724885e-12
gaussian,400,0.10000000000000001,vanLeer_FE,96.75,5.4362781113090602e-215,3.32141965274349e-14,1.5306665637790484e-12
gaussian,400,0.10000000000000001,vanLeer_FE,97.25,3.2437818404201462e-218,5.0649286703574024e-15,1.3520819926863469e-12
gaussian,400,0.10000000000000001,vanLeer_FE,97.75,1.8310382879326304e-221,7.3078421136059479e-16,1.1870450239253521e-12
gaussian,400,0.10000000000000001,vanLeer_FE,98.25,9.7777452307610052e-225,9.9763187299063161e-17,1.0357062721122742e-12
gaussian,400,0.10000000000000001,vanLeer_FE,98.75,4.9394114690073506e-228,1.2885933928463541e-17,8.9800241110446047e-13
gaussian,400,0.10000000000000001,vanLeer_FE,99.25,2.3605140557182057e-231,1.574798474153022e-18,7.7367524077254054e-13
gaussian,400,0.10000000000000001,vanLeer_FE,99.75,1.0671674647092527e-234,1.8209442012348391e-19,6.622950179983637e-13
gaussian,400,0.10000000000000001,vanLeer_FE,100.25,4.5640760406602172e-238,1.9921861502908424e-20,5.6328675590365998e-13
gaussian,400,0.10000000000000001,vanLeer_FE,100.75,1.8465760180530717e-241,2.0621671839624332e-21,4.759581931087783e-13
gaussian,400,0.10000000000000001,vanLeer_FE,101.25,7.0676535757226893e-245,2.0196566623325658e-22,3.9952820062533858e-13
gaussian,400,0.10000000000000001,vanLeer_FE,101.75,2.5590382982323944e-248,1.8715006371450632e-23,3.3315451567152768e-13
gaussian,400,0.10000000000000001,vanLeer_FE,102.25,8.7653954508196459e-252,1.6408172091638786e-24,2.7595985547585996e-13
gaussian,400,0.10000000000000001,vanLeer_FE,102.75,2.8402670376555085e-255,1.3610912551088474e-25,2.2705565551090608e-13
gaussian,400,0.10000000000000001,vanLeer_FE,103.25,8.7064177757327922e-259,1.0682431775721348e-26,1.8556288126752113e-13
gaussian,400,0.10000000000000001,vanLeer_FE,103.75,2.5247143272894142e-262,7.9324597368591832e-28,1.506295673443681e-13
gaussian,400,0.10000000000000001,vanLeer_FE,104.25,6.9259148259432187e-266,5.5731343030240402e-29,1.2144493071253786e-13
gaussian,400,0.10000000000000001,vanLeer_FE,104.75,1.7973553963570837e-269,3.7046232122636381e-30,9.7250077216574057e-14
gaussian,400,0.10000000000000001,vanLeer_FE,105.25,4.4124768654730575e-273,2.3299172556753034e-31,7.7345465002971199e-14
gaussian,400,0.10000000000000001,vanLeer_FE,105.75,1.0247604389836399e-276,1.3863978914236671e-32,6.1095401665233137e-14
gaussian,400,0.10000000000000001,vanLeer_FE,106.25,2.2514041032861653e-280,7.8052215654120522e-34,4.7929932122812318e-14
gaussian,400,0.10000000000000001,vanLeer_FE,106.75,4.6792421069904345e-284,4.1574932920676779e-35,3.7344522593176329e-14
gaussian,400,0.10000000000000001,vanLeer_FE,107.25,9.2000102867270423e-288,2.0952018778669732e-36,2.889796533663771e-14
gaussian,400,0.10000000000000001,vanLeer_FE,107.75,1.7111639375053288e-291,9.9900396552230441e-38,2.2208923375408447e-14
gaussian,400,0.10000000000000001,vanLeer_FE,108.25,3.0108229277994623e-295,4.5066579469365438e-39,1.6951509148044349e-14
gaussian,400,0.10000000000000001,vanLeer_FE,108.75,5.0115132566240711e-299,1.9234772699036974e-40,1.2850251394247871e-14
gaussian,400,0.10000000000000001,vanLeer_FE,109.25,7.8911884176594854e-303,7.7671847010722867e-42,9.6747556671669104e-15
gaussian,400,0.10000000000000001,vanLeer_FE,109.75,1.1754538816430952e-306,2.9674496460687058e-43,7.2343104494405222e-15
gaussian,400,0.10000000000000001,vanLeer_FE,110.25,1.6563733026717291e-310,1.0726184913763019e-44,5.3726368936258558e-15
gaussian,400,0.10000000000000001,vanLeer_FE,110.75,2.2080052079334144e-314,3.6681614880765345e-46,3.962928857917289e-15
gaussian,400,0.10000000000000001,vanLeer_FE,111.25,2.7843810569852211e-318,1.1868392918201357e-47,2.9032834249448546e-15
gaussian,400,0.10000000000000001,vanLeer_FE,111.75,3.4090529563046012e-322,3.6330782212602471e-49,2.1125818998273153e-15
gaussian,400,0.10000000000000001,vanLeer_FE,112.25,0,1.0521944676302521e-50,1.5268480718836615e-15
gaussian,400,0.10000000000000001,vanLeer_FE,112.75,0,2.8830673534146975e-52,1.0960843763751276e-15
gaussian,400,0.10000000000000001,vanLeer_FE,113.25,0,7.4739494320031271e-54,7.8156713386515695e-16
gaussian,400,0.10000000000000001,vanLeer_FE,113.75,0,1.8330790986180433e-55,5.5356858609042902e-16
gaussian,400,0.10000000000000001,vanLeer_FE,114.25,0,4.2535058912338327e-57,3.8946511497587001e-16
gaussian,400,0.10000000000000001,vanLeer_FE,114.75,0,9.3378471821561956e-59,2.7218687664227628e-16
gaussian,400,0.10000000000000001,vanLeer_FE,115.25,0,1.9394540397385407e-60,1.8896316568232212e-16
gaussian,400,0.10000000000000001,vanLeer_FE,115.75,0,3.8110474312065483e-62,1.303192775536257e-16
gaussian,400,0.10000000000000001,vanLeer_FE,116.25,0,7.0850102165093802e-64,8.9283697825266166e-17
gaussian,400,0.10000000000000001,vanLeer_FE,116.75,0,1.2461405151221231e-65,6.0768482637548809e-17
gaussian,400,0.10000000000000001,vanLeer_FE,117.25,0,2.0735910640506034e-67,4.1090202823111165e-17
gaussian,400,0.10000000000000001,vanLeer_FE,117.75,0,3.264434297492065e-69,2.7603427021708919e-17
gaussian,400,0.10000000000000001,vanLeer_FE,118.25,0,4.8620637210248339e-71,1.8423150071373419e-17
gaussian,400,0.10000000000000001,vanLeer_FE,118.75,0,6.8511020544828789e-73,1.2216658819040939e-17
gaussian,400,0.10000000000000001,vanLeer_FE,119.25,0,9.1332741774944847e-75,8.0489701365759816e-18
gaussian,400,0.10000000000000001,vanLeer_FE,119.75,0,1.151908605840987e-76,5.2691343556262147e-18
gaussian,400,0.10000000000000001,vanLeer_FE,120.25,0,1.3744667287824868e-78,3.4273715981274056e-18
gaussian,400,0.10000000000000001,vanLeer_FE,120.75,0,1.5515806073559298e-80,2.2152260503738321e-18
gaussian,400,0.10000000000000001,vanLeer_FE,121.25,0,1.6570575394038199e-82,1.4227280417335435e-18
gaussian,400,0.10000000000000001,vanLeer_FE,121.75,0,1.6742611982435561e-84,9.0799787633479481e-19
gaussian,400,0.10000000000000001,vanLeer_FE,122.25,0,1.6004070856991157e-86,5.7586282235879851e-19
gaussian,400,0.10000000000000001,vanLeer_FE,122.75,0,1.4473001645289649e-88,3.6294158090239432e-19
gaussian,400,0.10000000000000001,vanLeer_FE,123.25,0,1.2382459711806176e-90,2.2732653306215061e-19
gaussian,400,0.10000000000000001,vanLeer_FE,123.75,0,1.0022468169692573e-92,1.4150490994002728e-19
gaussian,400,0.10000000000000001,vanLeer_FE,124.25,0,7.6746961744396341e-95,8.7541330530859928e-20
gaussian,400,0.10000000000000001,vanLeer_FE,124.75,0,5.5598841967135248e-97,5.382540533988015e-20
gaussian,400,0.10000000000000001,vanLeer_FE,125.25,0,3.8105499903840143e-99,3.2893211897379989e-20
gaussian,400,0.10000000000000001,vanLeer_FE,125.75,0,2.4707355778513018e-101,1.9979394856001735e-20
gaussian,400,0.10000000000000001,vanLeer_FE,126.25,0,1.5155870917754581e-103,1.2062232628746242e-20
gaussian,400,0.10000000000000001,vanLeer_FE,126.75,0,8.7953048135211462e-106,7.2386006781224145e-21
gaussian,400,0.10000000000000001,vanLeer_FE,127.25,0,4.8287599568742986e-108,4.3179269098339443e-21
gaussian,400,0.10000000000000001,vanLeer_FE,127.75,0,2.508039822440754e-110,2.5603649217904743e-21
gaussian,400,0.10000000000000001,vanLeer_FE,128.25,0,1.2323858534232878e-112,1.5091989461988171e-21
gaussian,400,0.10000000000000001,vanLeer_FE,128.75,0,5.7289077838712314e-115,8.8434402927202969e-22
gaussian,400,0.10000000000000001,vanLeer_FE,129.25,0,2.5194700779047881e-117,5.1515530229058883e-22
gaussian,400,0.10000000000000001,vanLeer_FE,129.75,0,1.0482339688612536e-119,2.9833847438435836e-22
gaussian,400,0.10000000000000001,vanLeer_FE,130.25,0,4.1258964063751506e-122,1.717696613476499e-22
gaussian,400,0.10000000000000001,vanLeer_FE,130.75,0,1.5363455249679772e-124,9.8324476804604842e-23
gaussian,400,0.10000000000000001,vanLeer_FE,131.25,0,5.4121447561387576e-127,5.5958574970854893e-23
gaussian,400,0.10000000000000001,vanLeer_FE,131.75,0,1.8036791093263672e-129,3.1664543641669171e-23
gaussian,400,0.10000000000000001,vanLeer_FE,132.25,0,5.6866692041863252e-132,1.7815298764211693e-23
gaussian,400,0.10000000000000001,vanLeer_FE,132.75,0,1.6961526594972429e-134,9.9663908987321967e-24
gaussian,400,0.10000000000000001,vanLeer_FE,133.25,0,4.7860767762647408e-137,5.5439490294899622e-24
gaussian,400,0.10000000000000001,vanLeer_FE,133.75,0,1.2776197474953692e-139,3.0665394214488274e-24
gaussian,400,0.10000000000000001,vanLeer_FE,134.25,0,3.2264897539639332e-142,1.6866979780784606e-24
gaussian,400,0.10000000000000001,vanLeer_FE,134.75,0,7.7084166646794762e-145,9.2256486840076045e-25
gaussian,400,0.10000000000000001,vanLeer_FE,135.25,0,1.7422312350615947e-147,5.0180919154329335e-25
gaussian,400,0.10000000000000001,vanLeer_FE,135.75,0,3.7252176024985683e-150,2.7143987419550186e-25
gaussian,400,0.10000000000000001,vanLeer_FE,136.25,0,7.535329658772136e-153,1.4602027497104486e-25
gaussian,400,0.10000000000000001,vanLeer_FE,136.75,0,1.4419730959227927e-155,7.8121079625137908e-26
gaussian,400,0.10000000000000001,vanLeer_FE,137.25,0,2.6104530553256889e-158,4.1567113683086977e-26
gaussian,400,0.10000000000000001,vanLeer_FE,137.75,0,4.4707253843875347e-161,2.1997280074648006e-26
gaussian,400,0.10000000000000001,vanLeer_FE,138.25,0,7.2434093904405302e-164,1.1578076920934429e-26
gaussian,400,0.10000000000000001,vanLeer_FE,138.75,0,1.110223877799716e-166,6.0612609246308761e-27
gaussian,400,0.10000000000000001,vanLeer_FE,139.25,0,1.6098305307890998e-169,3.1561622998724753e-27
gaussian,400,0.10000000000000001,vanLeer_FE,139.75,0,2.2082660613823784e-172,1.6346925873772654e-27
gaussian,400,0.10000000000000001,vanLeer_FE,140.25,0,2.865654733798599e-175,8.421778553138603e-28
gaussian,400,0.10000000000000001,vanLeer_FE,140.75,0,3.5180106454759892e-178,4.3159158214888697e-28
gaussian,400,0.10000000000000001,vanLeer_FE,141.25,0,4.0857412073436646e-181,2.2001582751350261e-28
gaussian,400,0.10000000000000001,vanLeer_FE,141.75,0,4.4889481261414988e-184,1.1157245880703666e-28
gaussian,400,0.10000000000000001,vanLeer_FE,142.25,0,4.6657123372592864e-187,5.6284969891264164e-29
gaussian,400,0.10000000000000001,vanLeer_FE,142.75,0,4.5876533240074568e-190,2.8246873342184023e-29
gaussian,400,0.10000000000000001,vanLeer_FE,143.25,0,4.2673878181510019e-193,1.4102656143419066e-29
gaussian,400,0.10000000000000001,vanLeer_FE,143.75,0,3.7551920776900123e-196,7.0047726442588282e-30
gaussian,400,0.10000000000000001,vanLeer_FE,144.25,0,3.1260819659708616e-199,3.4614629689535949e-30
gaussian,400,0.10000000000000001,vanLeer_FE,144.75,0,2.4618771352528383e-202,1.7017968100542682e-30
gaussian,400,0.10000000000000001,vanLeer_FE,145.25,0,1.8341288841093893e-205,8.3243027062842703e-31
gaussian,400,0.10000000000000001,vanLeer_FE,145.75,0,1.2926782639492832e-208,4.0512576757219663e-31
gaussian,400,0.10000000000000001,vanLeer_FE,146.25,0,8.6188203433280492e-212,1.9617485309798568e-31
gaussian,400,0.10000000000000001,vanLeer_FE,146.75,0,5.4362781113090602e-215,9.4518717751076255e-32
gaussian,400,0.10000000000000001,vanLeer_FE,147.25,0,3.2437818404201462e-218,4.5312998055841256e-32
gaussian,400,0.10000000000000001,vanLeer_FE,147.75,0,1.8310382879326304e-221,2.1615618431816328e-32
gaussian,400,0.10000000000000001,vanLeer_FE,148.25,0,9.7777452307610052e-225,1.0260340002876564e-32
gaussian,400,0.10000000000000001,vanLeer_FE,148.75,0,4.9394114690073506e-228,4.8463448412937599e-33
gaussian,400,0.10000000000000001,vanLeer_FE,149.25,0,2.3605140557182057e-231,2.2778993411649791e-33
gaussian,400,0.10000000000000001,vanLeer_FE,149.75,0,1.0671674647092527e-234,1.0654461633616333e-33
gaussian,400,0.10000000000000001,vanLeer_FE,150.25,0,4.5640760406601197e-238,4.9592304935235286e-34
gaussian,400,0.10000000000000001,vanLeer_FE,150.75,0,1.8465760180528026e-241,2.2971631858905554e-34
gaussian,400,0.10000000000000001,vanLeer_FE,151.25,0,7.0676535757225397e-245,1.0589441807259075e-34
gaussian,400,0.10000000000000001,vanLeer_FE,151.75,0,2.5590382982320149e-248,4.8581037041040716e-35
gaussian,400,0.10000000000000001,vanLeer_FE,152.25,0,8.7653954508192737e-252,2.2181031783076396e-35
gaussian,400,0.10000000000000001,vanLeer_FE,152.75,0,2.840267037654652e-255,1.0079213496491727e-35
gaussian,400,0.10000000000000001,vanLeer_FE,153.25,0,8.7064177757326062e-259,4.5583755424569376e-36
gaussian,400,0.10000000000000001,vanLeer_FE,153.75,0,2.524714327289028e-262,2.0518266554904956e-36
gaussian,400,0.10000000000000001,vanLeer_FE,154.25,0,6.9259148259432187e-266,9.1923558017650225e-37
gaussian,400,0.10000000000000001,vanLeer_FE,154.75,0,1.7973553963570837e-269,4.0989912809141401e-37
gaussian,400,0.10000000000000001,vanLeer_FE,155.25,0,4.4124768654730575e-273,1.819279913407968e-37
gaussian,400,0.10000000000000001,vanLeer_FE,155.75,0,1.0247604389836399e-276,8.0371616172614564e-38
gaussian,400,0.10000000000000001,vanLeer_FE,156.25,0,2.2514041032861653e-280,3.5342294880716761e-38
gaussian,400,0.10000000000000001,vanLeer_FE,156.75,0,4.6792421069904345e-284,1.5469768487869163e-38
gaussian,400,0.10000000000000001,vanLeer_FE,157.25,0,9.2000102867270423e-288,6.740280934581309e-39
gaussian,400,0.10000000000000001,vanLeer_FE,157.75,0,1.7111639375053288e-291,2.9233803721684626e-39
gaussian,400,0.10000000000000001,vanLeer_FE,158.25,0,3.0108229277994623e-295,1.2621581201551139e-39
gaussian,400,0.10000000000000001,vanLeer_FE,158.75,0,5.0115132566242844e-299,5.4246437080856677e-40
gaussian,400,0.10000000000000001,vanLeer_FE,159.25,0,7.8911884176621055e-303,2.3209486311817322e-40
gaussian,400,0.10000000000000001,vanLeer_FE,159.75,0,1.1754538816431203e-306,9.8856328184664754e-41
gaussian,400,0.10000000000000001,vanLeer_FE,160.25,0,1.6563733026719762e-310,4.1917539319902268e-41
gaussian,400,0.10000000000000001,vanLeer_FE,160.75,0,2.2080052079334144e-314,1.7694858899519535e-41
gaussian,400,0.10000000000000001,vanLeer_FE,161.25,0,2.7843810569852211e-318,7.4364565906899824e-42
gaussian,400,0.10000000000000001,vanLeer_FE,161.75,0,3.4090529563046012e-322,3.1114308438576291e-42
gaussian,400,0.10000000000000001,vanLeer_FE,162.25,0,0,1.2960952063480735e-42
gaussian,400,0.10000000000000001,vanLeer_FE,162.75,0,0,5.3753126411103858e-43
gaussian,400,0.10000000000000001,vanLeer_FE,163.25,0,0,2.219565652807305e-43
gaussian,400,0.10000000000000001,vanLeer_FE,163.75,0,0,9.1250870696877521e-44
gaussian,400,0.10000000000000001,vanLeer_FE,164.25,0,0,3.7352360296696356e-44
gaussian,400,0.10000000000000001,vanLeer_FE,164.75,0,0,1.5223632650784209e-44
gaussian,400,0.10000000000000001,vanLeer_FE,165.25,0,0,6.1779572735115164e-45
gaussian,400,0.10000000000000001,vanLeer_FE,165.75,0,0,2.4963470130834499e-45
gaussian,400,0.10000000000000001,vanLeer_FE,166.25,0,0,1.0043972148971939e-45
gaussian,400,0.10000000000000001,vanLeer_FE,166.75,0,0,4.0239587218676281e-46
gaussian,400,0.10000000000000001,vanLeer_FE,167.25,0,0,1.6052990152550306e-46
gaussian,400,0.10000000000000001,vanLeer_FE,167.75,0,0,6.3770474131015907e-47
gaussian,400,0.10000000000000001,vanLeer_FE,168.25,0,0,2.5226178515639477e-47
gaussian,400,0.10000000000000001,vanLeer_FE,168.75,0,0,9.9370659466145255e-48
gaussian,400,0.10000000000000001,vanLeer_FE,169.25,0,0,3.8980418132026203e-48
gaussian,400,0.10000000000000001,vanLeer_FE,169.75,0,0,1.5227307017961392e-48
gaussian,400,0.10000000000000001,vanLeer_FE,170.25,0,0,5.9237214715140249e-49
gaussian,400,0.10000000000000001,vanLeer_FE,170.75,0,0,2.294920511325212e-49
gaussian,400,0.10000000000000001,vanLeer_FE,171.25,0,0,8.8541868777907066e-50
gaussian,400,0.10000000000000001,vanLeer_FE,171.75,0,0,3.4020776264352254e-50
gaussian,400,0.10000000000000001,vanLeer_FE,172.25,0,0,1.301849209002769e-50
gaussian,400,0.10000000000000001,vanLeer_FE,172.75,0,0,4.9614025136082336e-51
gaussian,400,0.10000000000000001,vanLeer_FE,173.25,0,0,1.883136896299319e-51
gaussian,400,0.10000000000000001,vanLeer_FE,173.75,0,0,7.1186766294002181e-52
gaussian,400,0.10000000000000001,vanLeer_FE,174.25,0,0,2.6801729856592412e-52
gaussian,400,0.10000000000000001,vanLeer_FE,174.75,0,0,1.005029415156128e-52
gaussian,400,0.10000000000000001,vanLeer_FE,175.25,0,0,3.7536455626256419e-53
gaussian,400,0.10000000000000001,vanLeer_FE,175.75,0,0,1.3963439353852264e-53
gaussian,400,0.10000000000000001,vanLeer_FE,176.25,0,0,5.1737121495408302e-54
gaussian,400,0.10000000000000001,vanLeer_FE,176.75,0,0,1.9093645783614957e-54
gaussian,400,0.10000000000000001,vanLeer_FE,177.25,0,0,7.0187242491870551e-55
gaussian,400,0.10000000000000001,vanLeer_FE,177.75,0,0,2.5698995883050304e-55
gaussian,400,0.10000000000000001,vanLeer_FE,178.25,0,0,9.3727855233479904e-56
gaussian,400,0.10000000000000001,vanLeer_FE,178.75,0,0,3.4050351976042972e-56
gaussian,400,0.10000000000000001,vanLeer_FE,179.25,0,0,1.2321986946258603e-56
gaussian,400,0.10000000000000001,vanLeer_FE,179.75,0,0,4.4417270308692571e-57
gaussian,400,0.10000000000000001,vanLeer_FE,180.25,0,0,1.5949265837954267e-57
gaussian,400,0.10000000000000001,vanLeer_FE,180.75,0,0,5.7049642562209612e-58
gaussian,400,0.10000000000000001,vanLeer_FE,181.25,0,0,2.0327979152565002e-58
gaussian,400,0.10000000000000001,vanLeer_FE,181.75,0,0,7.2155616672088223e-59
gaussian,400,0.10000000000000001,vanLeer_FE,182.25,0,0,2.5514455583915139e-59
gaussian,400,0.10000000000000001,vanLeer_FE,182.75,0,0,8.9876929676664409e-60
gaussian,400,0.10000000000000001,vanLeer_FE,183.25,0,0,3.1539979119655833e-60
gaussian,400,0.10000000000000001,vanLeer_FE,183.75,0,0,1.1026337511178924e-60
gaussian,400,0.10000000000000001,vanLeer_FE,184.25,0,0,3.840283503647579e-61
gaussian,400,0.10000000000000001,vanLeer_FE,184.75,0,0,1.3324864346474073e-61
gaussian,400,0.10000000000000001,vanLeer_FE,185.25,0,0,4.6061190060818798e-62
gaussian,400,0.10000000000000001,vanLeer_FE,185.75,0,0,1.5863012555396183e-62
gaussian,400,0.10000000000000001,vanLeer_FE,186.25,0,0,5.4427653091534703e-63
gaussian,400,0.10000000000000001,vanLeer_FE,186.75,0,0,1.8605537025645997e-63
gaussian,400,0.10000000000000001,vanLeer_FE,187.25,0,0,6.3366347323513711e-64
gaussian,400,0.10000000000000001,vanLeer_FE,187.75,0,0,2.1501767602001128e-64
gaussian,400,0.10000000000000001,vanLeer_FE,188.25,0,0,7.2693203869650522e-65
gaussian,400,0.10000000000000001,vanLeer_FE,188.75,0,0,2.4486274259007286e-65
gaussian,400,0.10000000000000001,vanLeer_FE,189.25,0,0,8.2179959499432199e-66
gaussian,400,0.10000000000000001,vanLeer_FE,189.75,0,0,2.748074349981193e-66
gaussian,400,0.10000000000000001,vanLeer_FE,190.25,0,0,9.1562021208726362e-67
gaussian,400,0.10000000000000001,vanLeer_FE,190.75,0,0,3.0397058698338318e-67
gaussian,400,0.10000000000000001,vanLeer_FE,191.25,0,0,1.0054997817491907e-67
gaussian,400,0.10000000000000001,vanLeer_FE,191.75,0,0,3.3141451332177199e-68
gaussian,400,0.10000000000000001,vanLeer_FE,192.25,0,0,1.0884414042778091e-68
gaussian,400,0.10000000000000001,vanLeer_FE,192.75,0,0,3.5619466117126403e-69
gaussian,400,0.10000000000000001,vanLeer_FE,193.25,0,0,1.1615111403875065e-69
gaussian,400,0.10000000000000001,vanLeer_FE,193.75,0,0,3.7741377352069776e-70
gaussian,400,0.10000000000000001,vanLeer_FE,194.25,0,0,1.2220113578282282e-70
gaussian,400,0.10000000000000001,vanLeer_FE,194.75,0,0,3.9427621516687291e-71
gaussian,400,0.10000000000000001,vanLeer_FE,195.25,0,0,1.2676472923729274e-71
gaussian,400,0.10000000000000001,vanLeer_FE,195.75,0,0,4.061378385896781e-72
gaussian,400,0.10000000000000001,vanLeer_FE,196.25,0,0,1.2966723724551438e-72
gaussian,400,0.10000000000000001,vanLeer_FE,196.75,0,0,4.1254700196312119e-73
gaussian,400,0.10000000000000001,vanLeer_FE,197.25,0,0,1.3079994044886383e-73
gaussian,400,0.10000000000000001,vanLeer_FE,197.75,0,0,4.1327308411037209e-74
gaussian,400,0.10000000000000001,vanLeer_FE,198.25,0,0,1.3012677380320211e-74
gaussian,400,0.10000000000000001,vanLeer_FE,198.75,0,0,4.083199921015188e-75
gaussian,400,0.10000000000000001,vanLeer_FE,199.25,0,0,1.2768606767437969e-75
gaussian,400,0.10000000000000001,vanLeer_FE,199.75,0,0,3.9792358861883717e-76
gaussian,400,0.10000000000000001,vanLeer_SSPRK2,0.25,2.9674496460687887e-43,1.1754538816431203e-306,1.1114098496255739e-86
gaussian,400,0.10000000000000001,vanLeer_SSPRK2,0.75,7.7671847010728729e-42,7.8911884176621055e-303,1.4020903080275769e-84
gaussian,400,0.10000000000000001,vanLeer_SSPRK2,1.25,1.9234772699037504e-40,5.0115132566242844e-299,9.1836904293665882e-83
gaussian,400,0.10000000000000001,vanLeer_SSPRK2,1.75,4.5066579469365438e-39,3.0108229277994623e-295,4.1942371395962807e-81
gaussian,400,0.10000000000000001,vanLeer_SSPRK2,2.25,9.9900396552230441e-38,1.7111639375053288e-291,1.5135047692644936e-79
gaussian,400,0.10000000000000001,vanLeer_SSPRK2,2.75,2.0952018778669732e-36,9.2000102867270423e-288,4.6325441187088262e-78
gaussian,400,0.10000000000000001,vanLeer_SSPRK2,3.25,4.1574932920676779e-35,4.6792421069904345e-284,1.2584799046007333e-76
gaussian,400,0.10000000000000001,vanLeer_SSPRK2,3.75,7.8052215654120522e-34,2.2514041032861653e-280,3.1266184115625755e-75
gaussian,400,0.10000000000000001,vanLeer_SSPRK2,4.25,1.3863978914236671e-32,1.0247604389836399e-276,7.2435561148885614e-74
gaussian,400,0.10000000000000001,vanLeer_SSPRK2,4.75,2.3299172556753034e-31,4.4124768654730575e-273,1.5838363064853816e-72
gaussian,400,0.10000000000000001,vanLeer_SSPRK2,5.25,3.7046232122636381e-30,1.7973553963570837e-269,3.2916688363410635e-71
gaussian,400,0.10000000000000001,vanLeer_SSPRK2,5.75,5.5731343030240402e-29,6.9259148259432187e-266,6.5280489379652477e-70
gaussian,400,0.10000000000000001,vanLeer_SSPRK2,6.25,7.9324597368587958e-28,2.524714327289028e-262,1.2380957897117934e-68
gaussian,400,0.10000000000000001,vanLeer_SSPRK2,6.75,1.0682431775721122e-26,8.7064177757326062e-259,2.2483614986353341e-67
gaussian,400,0.10000000000000001,vanLeer_SSPRK2,7.25,1.3610912551087849e-25,2.840267037654652e-255,3.91255316718361e-66
gaussian,400,0.10000000000000001,vanLeer_SSPRK2,7.75,1.6408172091638449e-24,8.7653954508192737e-252,6.528134125240404e-65
gaussian,400,0.10000000000000001,vanLeer_SSPRK2,8.25,1.8715006371449644e-23,2.5590382982320149e-248,1.0448831685307182e-63
gaussian,400,0.10000000000000001,vanLeer_SSPRK2,8.75,2.0196566623325172e-22,7.0676535757225397e-245,1.6050810681643967e-62
gaussian,400,0.10000000000000001,vanLeer_SSPRK2,9.25,2.0621671839623482e-21,1.8465760180528026e-241,2.3674059762020058e-61
gaussian,400,0.10000000000000001,vanLeer_SSPRK2,9.75,1.9921861502908032e-20,4.5640760406601197e-238,3.354208345330095e-60
gaussian,400,0.10000000000000001,vanLeer_SSPRK2,10.25,1.8209442012348391e-19,1.0671674647092527e-234,4.567139605996511e-59
gaussian,400,0.10000000000000001,vanLeer_SSPRK2,10.75,1.574798474153022e-18,2.3605140557182057e-231,5.979044108995523e-58
gaussian,400,0.10000000000000001,vanLeer_SSPRK2,11.25,1.2885933928463541e-17,4.9394114690073506e-228,7.5292126655112583e-57
gaussian,400,0.10000000000000001,vanLeer_SSPRK2,11.75,9.9763187299063161e-17,9.7777452307610052e-225,9.1242157079479874e-56
gaussian,400,0.10000000000000001,vanLeer_SSPRK2,12.25,7.3078421136059479e-16,1.8310382879326304e-221,1.06455468394505e-54
gaussian,400,0.10000000000000001,vanLeer_SSPRK2,12.75,5.0649286703574024e-15,3.2437818404201462e-218,1.1963683494505915e-53
gaussian,400,0.10000000000000001,vanLeer_SSPRK2,13.25,3.32141965274349e-14,5.4362781113090602e-215,1.2956336598869161e-52
gaussian,400,0.10000000000000001,vanLeer_SSPRK2,13.75,2.0608258731883101e-13,8.6188203433280492e-212,1.3527202460779044e-51
gaussian,400,0.10000000000000001,vanLeer_SSPRK2,14.25,1.2098369706947906e-12,1.2926782639492832e-208,1.3621024187125797e-50
gaussian,400,0.10000000000000001,vanLeer_SSPRK2,14.75,6.720185704095718e-12,1.8341288841093893e-205,1.3231571918888394e-49
gaussian,400,0.10000000000000001,vanLeer_SSPRK2,15.25,3.5318757270266376e-11,2.4618771352528383e-202,1.2401117056081195e-48
gaussian,400,0.10000000000000001,vanLeer_SSPRK2,15.75,1.7563056663586188e-10,3.1260819659708616e-199,1.1212313455460352e-47
gaussian,400,0.10000000000000001,vanLeer_SSPRK2,16.25,8.2635404032736578e-10,3.7551920776900123e-196,9.7750309311376519e-47
gaussian,400,0.10000000000000001,vanLeer_SSPRK2,16.75,3.6787846732318305e-09,4.2673878181510019e-193,8.211040010991485e-46
gaussian,400,0.10000000000000001,vanLeer_SSPRK2,17.25,1.549585421550539e-08,4.5876533240074568e-190,6.6388933296926644e-45
gaussian,400,0.10000000000000001,vanLeer_SSPRK2,17.75,6.1759016924693913e-08,4.6657123372592864e-187,5.1607350514105654e-44
gaussian,400,0.10000000000000001,vanLeer_SSPRK2,18.25,2.3289473156464855e-07,4.4889481261414988e-184,3.8525270135516128e-43
gaussian,400,0.10000000000000001,vanLeer_SSPRK2,18.75,8.3098676871119177e-07,4.0857412073436646e-181,2.7590005046466846e-42
gaussian,400,0.10000000000000001,vanLeer_SSPRK2,19.25,2.805462080291371e-06,3.5180106454759892e-178,1.8939931822391678e-41
gaussian,400,0.10000000000000001,vanLeer_SSPRK2,19.75,8.9617168578499812e-06,2.865654733798599e-175,1.2456400188832677e-40
gaussian,400,0.10000000000000001,vanLeer_SSPRK2,20.25,2.7086644187709968e-05,2.2082660613823784e-172,7.846690778113976e-40
gaussian,400,0.10000000000000001,vanLeer_SSPRK2,20.75,7.7463475660144112e-05,1.6098305307890998e-169,4.734482256466352e-39
gaussian,400,0.10000000000000001,vanLeer_SSPRK2,21.25,0.00020961248401428069,1.110223877799716e-166,2.7369625672662414e-38
gaussian,400,0.10000000000000001,vanLeer_SSPRK2,21.75,0.0005366810613521174,7.2434093904405302e-164,1.5166421527898641e-37
gaussian,400,0.10000000000000001,vanLeer_SSPRK2,22.25,0.0013001543065751825,4.4707253843875347e-161,8.0610898104312692e-37
gaussian,400,0.10000000000000001,vanLeer_SSPRK2,22.75,0.0029802558349892572,2.6104530553256889e-158,4.1127585886936733e-36
gaussian,400,0.10000000000000001,vanLeer_SSPRK2,23.25,0.0064638713079587205,1.4419730959227927e-155,2.015918390153541e-35
gaussian,400,0.10000000000000001,vanLeer_SSPRK2,23.75,0.01326516998770776,7.535329658772136e-153,9.5019077117545552e-35
gaussian,400,0.10000000000000001,vanLeer_SSPRK2,24.25,0.025758129949459849,3.7252176024985683e-150,4.3108295478817322e-34
gaussian,400,0.10000000000000001,vanLeer_SSPRK2,24.75,0.047325763517469137,1.7422312350615947e-147,1.8842791081348584e-33
gaussian,400,0.10000000000000001,vanLeer_SSPRK2,25.25,0.082274089358194719,7.7084166646794762e-145,7.9430625985556809e-33
gaussian,400,0.10000000000000001,vanLeer_SSPRK2,25.75,0.13533528095565894,3.2264897539639332e-142,3.2322899432501424e-32
gaussian,400,0.10000000000000001,vanLeer_SSPRK2,26.25,0.21064044631089568,1.2776197474953692e-139,1.2709460645996594e-31
gaussian,400,0.10000000000000001,vanLeer_SSPRK2,26.75,0.31020983760828968,4.7860767762647408e-137,4.8333088703480421e-31
gaussian,400,0.10000000000000001,vanLeer_SSPRK2,27.25,0.43226758151908995,1.6961526594972429e-134,1.7793371297193426e-30
gaussian,400,0.10000000000000001,vanLeer_SSPRK2,27.750000000000004,0.5699454223917918,5.6866692041863252e-132,6.3467621930416283e-30
gaussian,400,0.10000000000000001,vanLeer_SSPRK2,28.25,0.71104575448692675,1.8036791093263672e-129,2.1953220806523852e-29
gaussian,400,0.10000000000000001,vanLeer_SSPRK2,28.749999999999996,0.83935491180663779,5.4121447561387576e-127,7.3697952422453749e-29
gaussian,400,0.10000000000000001,vanLeer_SSPRK2,29.25,0.93751373301239194,1.5363455249679772e-124,2.4030907784993923e-28
gaussian,400,0.10000000000000001,vanLeer_SSPRK2,29.75,0.99081739365772359,4.1258964063751506e-122,7.6168664133832222e-28
gaussian,400,0.10000000000000001,vanLeer_SSPRK2,30.25,0.99081739365772359,1.0482339688612536e-119,2.3485260513267884e-27
gaussian,400,0.10000000000000001,vanLeer_SSPRK2,30.75,0.93751373301239227,2.5194700779047881e-117,7.0491501333831633e-27
gaussian,400,0.10000000000000001,vanLeer_SSPRK2,31.25,0.83935491180663835,5.7289077838712314e-115,2.0610964020432759e-26
gaussian,400,0.10000000000000001,vanLeer_SSPRK2,31.75,0.71104575448692653,1.2323858534232878e-112,5.8744425875249332e-26
gaussian,400,0.10000000000000001,vanLeer_SSPRK2,32.25,0.56994542239179147,2.5080398224404083e-110,1.6331187328185149e-25
gaussian,400,0.10000000000000001,vanLeer_SSPRK2,32.75,0.43226758151908928,4.8287599568741481e-108,4.4311583494857811e-25
gaussian,400,0.10000000000000001,vanLeer_SSPRK2,33.25,0.31020983760828968,8.7953048135199631e-106,1.1741432629740664e-24
gaussian,400,0.10000000000000001,vanLeer_SSPRK2,33.75,0.21064044631089568,1.5155870917754113e-103,3.0400155945233795e-24
gaussian,400,0.10000000000000001,vanLeer_SSPRK2,34.25,0.13533528095565894,2.4707355778510861e-101,7.6951868633277236e-24
gaussian,400,0.10000000000000001,vanLeer_SSPRK2,34.75,0.082274089358194719,3.8105499903839356e-99,1.9053751445299282e-23
gaussian,400,0.10000000000000001,vanLeer_SSPRK2,35.25,0.047325763517469137,5.5598841967139978e-97,4.6172259947746825e-23
gaussian,400,0.10000000000000001,vanLeer_SSPRK2,35.75,0.025758129949459849,7.6746961744397911e-95,1.0955566732834189e-22
gaussian,400,0.10000000000000001,vanLeer_SSPRK2,36.25,0.01326516998770776,1.0022468169693816e-92,2.5465266541579368e-22
gaussian,400,0.10000000000000001,vanLeer_SSPRK2,36.75,0.0064638713079587205,1.2382459711806558e-90,5.8012425919329429e-22
gaussian,400,0.10000000000000001,vanLeer_SSPRK2,37.25,0.0029802558349892572,1.4473001645291398e-88,1.2958255590044708e-21
gaussian,400,0.10000000000000001,vanLeer_SSPRK2,37.75,0.0013001543065751825,1.6004070856991646e-86,2.8393041750031747e-21
gaussian,400,0.10000000000000001,vanLeer_SSPRK2,38.25,0.0005366810613521174,1.674261198243687e-84,6.1051801451251478e-21
gaussian,400,0.10000000000000001,vanLeer_SSPRK2,38.75,0.00020961248401428069,1.6570575394038535e-82,1.2887895503180211e-20
gaussian,400,0.10000000000000001,vanLeer_SSPRK2,39.25,7.7463475660144112e-05,1.5515806073559298e-80,2.6719787506634726e-20
gaussian,400,0.10000000000000001,vanLeer_SSPRK2,39.75,2.7086644187709968e-05,1.3744667287824868e-78,5.4427321546356215e-20
gaussian,400,0.10000000000000001,vanLeer_SSPRK2,40.25,8.9617168578499812e-06,1.151908605840987e-76,1.089669053959697e-19
gaussian,400,0.10000000000000001,vanLeer_SSPRK2,40.75,2.805462080291371e-06,9.1332741774944847e-75,2.1449745182264906e-19
gaussian,400,0.10000000000000001,vanLeer_SSPRK2,41.25,8.3098676871119177e-07,6.8511020544828789e-73,4.152898846878949e-19
gaussian,400,0.10000000000000001,vanLeer_SSPRK2,41.75,2.3289473156464855e-07,4.8620637210248339e-71,7.9109738662427961e-19
gaussian,400,0.10000000000000001,vanLeer_SSPRK2,42.25,6.1759016924693913e-08,3.264434297492065e-69,1.4832066142573682e-18
gaussian,400,0.10000000000000001,vanLeer_SSPRK2,42.75,1.549585421550539e-08,2.0735910640506034e-67,2.7378295731211725e-18
gaussian,400,0.10000000000000001,vanLeer_SSPRK2,43.25,3.6787846732318305e-09,1.2461405151221231e-65,4.977148104967523e-18
gaussian,400,0.10000000000000001,vanLeer_SSPRK2,43.75,8.2635404032736578e-10,7.0850102165086812e-64,8.9136800021137955e-18
gaussian,400,0.10000000000000001,vanLeer_SSPRK2,44.25,1.7563056663586188e-10,3.8110474312064361e-62,1.5731333300276276e-17
gaussian,400,0.10000000000000001,vanLeer_SSPRK2,44.75,3.5318757270266376e-11,1.9394540397384177e-60,2.7367349390141003e-17
gaussian,400,0.10000000000000001,vanLeer_SSPRK2,45.25,6.720185704095718e-12,9.3378471821560134e-59,4.6944270832755603e-17
gaussian,400,0.10000000000000001,vanLeer_SSPRK2,45.75,1.2098369706947906e-12,4.2535058912334405e-57,7.9421235471341276e-17
gaussian,400,0.10000000000000001,vanLeer_SSPRK2,46.25,2.0608258731883101e-13,1.8330790986179901e-55,1.3256057249360909e-16
gaussian,400,0.10000000000000001,vanLeer_SSPRK2,46.75,3.32141965274349e-14,7.473949432002463e-54,2.183402635116827e-16
gaussian,400,0.10000000000000001,vanLeer_SSPRK2,47.25,5.0649286703574024e-15,2.8830673534146148e-52,3.5498685902742626e-16
gaussian,400,0.10000000000000001,vanLeer_SSPRK2,47.75,7.3078421136059479e-16,1.0521944676303421e-50,5.6985861270855077e-16
gaussian,400,0.10000000000000001,vanLeer_SSPRK2,48.25,9.9763187299063161e-17,3.6330782212603504e-49,9.0347700253725335e-16
gaussian,400,0.10000000000000001,vanLeer_SSPRK2,48.75,1.2885933928463541e-17,1.1868392918202003e-47,1.4150894313341519e-15
gaussian,400,0.10000000000000001,vanLeer_SSPRK2,49.25,1.574798474153022e-18,3.6681614880766029e-46,2.1902516696184802e-15
gaussian,400,0.10000000000000001,vanLeer_SSPRK2,49.75,1.8209442012348391e-19,1.0726184913763865e-44,3.3510543988240718e-15
gaussian,400,0.10000000000000001,vanLeer_SSPRK2,50.25,1.9921861502908032e-20,2.9674496460687887e-43,5.0698004402035383e-15
gaussian,400,0.10000000000000001,vanLeer_SSPRK2,50.75,2.0621671839623482e-21,7.7671847010728729e-42,7.5871981007900855e-15
gaussian,400,0.10000000000000001,vanLeer_SSPRK2,51.25,2.0196566623325172e-22,1.9234772699037504e-40,1.1236526386659212e-14
gaussian,400,0.10000000000000001,vanLeer_SSPRK2,51.75,1.8715006371449644e-23,4.5066579469365438e-39,1.6475848578286199e-14
gaussian,400,0.10000000000000001,vanLeer_SSPRK2,52.25,1.6408172091638449e-24,9.9900396552230441e-38,2.3931381124351504e-14
gaussian,400,0.10000000000000001,vanLeer_SSPRK2,52.75,1.3610912551087849e-25,2.0952018778669732e-36,3.4456896156437974e-14
gaussian,400,0.10000000000000001,vanLeer_SSPRK2,53.25,1.0682431775721122e-26,4.1574932920676779e-35,4.9217181429478211e-14
gaussian,400,0.10000000000000001,vanLeer_SSPRK2,53.75,7.9324597368587958e-28,7.8052215654120522e-34,6.9809372783493843e-14
gaussian,400,0.10000000000000001,vanLeer_SSPRK2,54.25,5.5731343030239449e-29,1.3863978914236972e-32,9.8447126878482446e-14
gaussian,400,0.10000000000000001,vanLeer_SSPRK2,54.750000000000007,3.7046232122634539e-30,2.329917255675422e-31,1.3825536203571356e-13
gaussian,400,0.10000000000000001,vanLeer_SSPRK2,55.250000000000007,2.3299172556752342e-31,3.7046232122637783e-30,1.9377338902387879e-13
gaussian,400,0.10000000000000001,vanLeer_SSPRK2,55.750000000000007,1.3863978914236129e-32,5.5731343030242554e-29,2.718861588213998e-13
gaussian,400,0.10000000000000001,vanLeer_SSPRK2,56.25,7.8052215654118452e-34,7.9324597368586648e-28,3.8374469036508618e-13
gaussian,400,0.10000000000000001,vanLeer_SSPRK2,56.749999999999993,4.1574932920679029e-35,1.0682431775720784e-26,5.4939424300338334e-13
gaussian,400,0.10000000000000001,vanLeer_SSPRK2,57.249999999999993,2.09520187786704e-36,1.3610912551087358e-25,8.1145537231626775e-13
gaussian,400,0.10000000000000001,vanLeer_SSPRK2,57.749999999999993,9.9900396552234596e-38,1.6408172091637804e-24,1.2817641904405645e-12
gaussian,400,0.10000000000000001,vanLeer_SSPRK2,58.25,4.5066579469367624e-39,1.8715006371449415e-23,2.293698127240457e-12
gaussian,400,0.10000000000000001,vanLeer_SSPRK2,58.75,1.9234772699037504e-40,2.0196566623325172e-22,4.8350768735330019e-12
gaussian,400,0.10000000000000001,vanLeer_SSPRK2,59.25,7.7671847010728729e-42,2.0621671839623482e-21,1.1691586939835621e-11
gaussian,400,0.10000000000000001,vanLeer_SSPRK2,59.75,2.9674496460687887e-43,1.9921861502908032e-20,3.0445728442353837e-11
gaussian,400,0.10000000000000001,vanLeer_SSPRK2,60.25,1.0726184913763865e-44,1.8209442012348391e-19,8.1265220704922285e-11
gaussian,400,0.10000000000000001,vanLeer_SSPRK2,60.75,3.6681614880766029e-46,1.574798474153022e-18,2.1673920727359816e-10
gaussian,400,0.10000000000000001,vanLeer_SSPRK2,61.25,1.1868392918202003e-47,1.2885933928463541e-17,5.7135166373338938e-10
gaussian,400,0.10000000000000001,vanLeer_SSPRK2,61.75,3.6330782212603504e-49,9.9763187299063161e-17,1.4823147215544541e-09
gaussian,400,0.10000000000000001,vanLeer_SSPRK2,62.25,1.0521944676303421e-50,7.3078421136059479e-16,3.7785255256089373e-09
gaussian,400,0.10000000000000001,vanLeer_SSPRK2,62.75,2.8830673534146148e-52,5.0649286703574024e-15,9.4569472941310738e-09
gaussian,400,0.10000000000000001,vanLeer_SSPRK2,63.25,7.473949432002463e-54,3.32141965274349e-14,2.3231857536836482e-08
gaussian,400,0.10000000000000001,vanLeer_SSPRK2,63.75,1.8330790986179901e-55,2.0608258731883101e-13,5.6005924875961645e-08
gaussian,400,0.10000000000000001,vanLeer_SSPRK2,64.25,4.2535058912334405e-57,1.2098369706947906e-12,1.3247427973758137e-07
gaussian,400,0.10000000000000001,vanLeer_SSPRK2,64.75,9.3378471821560134e-59,6.720185704095718e-12,3.0740516022970839e-07
gaussian,400,0.10000000000000001,vanLeer_SSPRK2,65.25,1.9394540397384177e-60,3.5318757270266376e-11,6.9969026964336029e-07
gaussian,400,0.10000000000000001,vanLeer_SSPRK2,65.75,3.8110474312064361e-62,1.7563056663586188e-10,1.561871006468231e-06
gaussian,400,0.10000000000000001,vanLeer_SSPRK2,66.25,7.0850102165086812e-64,8.2635404032736578e-10,3.4186450462877861e-06
gaussian,400,0.10000000000000001,vanLeer_SSPRK2,66.75,1.2461405151221231e-65,3.6787846732318305e-09,7.3358725935890161e-06
gaussian,400,0.10000000000000001,vanLeer_SSPRK2,67.25,2.0735910640506034e-67,1.549585421550539e-08,1.5429494864348898e-05
gaussian,400,0.10000000000000001,vanLeer_SSPRK2,67.75,3.264434297492065e-69,6.1759016924693913e-08,3.1802422431368455e-05
gaussian,400,0.10000000000000001,vanLeer_SSPRK2,68.25,4.8620637210248339e-71,2.3289473156464855e-07,6.4220876826513908e-05
gaussian,400,0.10000000000000001,vanLeer_SSPRK2,68.75,6.8511020544828789e-73,8.3098676871119177e-07,0.00012702548818052981
gaussian,400,0.10000000000000001,vanLeer_SSPRK2,69.25,9.1332741774944847e-75,2.805462080291371e-06,0.00024602948450688376
gaussian,400,0.10000000000000001,vanLeer_SSPRK2,69.75,1.151908605840987e-76,8.9617168578499812e-06,0.00046648790996567385
gaussian,400,0.10000000000000001,vanLeer_SSPRK2,70.25,1.3744667287824868e-78,2.7086644187709968e-05,0.00086560391689358238
gaussian,400,0.10000000000000001,vanLeer_SSPRK2,70.75,1.5515806073559298e-80,7.7463475660144112e-05,0.0015714029705374277
gaussian,400,0.10000000000000001,vanLeer_SSPRK2,71.25,1.6570575394038535e-82,0.00020961248401428069,0.0027900237660050419
gaussian,400,0.10000000000000001,vanLeer_SSPRK2,71.75,1.674261198243687e-84,0.0005366810613521174,0.0048433473250700833
gaussian,400,0.10000000000000001,vanLeer_SSPRK2,72.25,1.6004070856991646e-86,0.0013001543065751825,0.0082181641226927154
gaussian,400,0.10000000000000001,vanLeer_SSPRK2,72.75,1.4473001645291398e-88,0.0029802558349892572,0.01362652022451517
gaussian,400,0.10000000000000001,vanLeer_SSPRK2,73.25,1.2382459711806558e-90,0.0064638713079587205,0.022074339391755269
gaussian,400,0.10000000000000001,vanLeer_SSPRK2,73.75,1.0022468169693816e-92,0.01326516998770776,0.034931912422467119
gaussian,400,0.10000000000000001,vanLeer_SSPRK2,74.25,7.6746961744397911e-95,0.025758129949459849,0.053995538964817402
gaussian,400,0.10000000000000001,vanLeer_SSPRK2,74.75,5.5598841967139978e-97,0.047325763517469137,0.081524516198501346
gaussian,400,0.10000000000000001,vanLeer_SSPRK2,75.25,3.8105499903839356e-99,0.082274089358194719,0.12023091218054141
gaussian,400,0.10000000000000001,vanLeer_SSPRK2,75.75,2.4707355778510861e-101,0.13533528095565894,0.17318736486564307
gaussian,400,0.10000000000000001,vanLeer_SSPRK2,76.25,1.5155870917754113e-103,0.21064044631089568,0.24358685537060132
gaussian,400,0.10000000000000001,vanLeer_SSPRK2,76.75,8.7953048135199631e-106,0.31020983760828968,0.33418788372240521
gaussian,400,0.10000000000000001,vanLeer_SSPRK2,77.25,4.8287599568741481e-108,0.43226758151908928,0.44593909110313174
gaussian,400,0.10000000000000001,vanLeer_SSPRK2,77.75,2.5080398224404083e-110,0.56994542239179147,0.57432000213602308
gaussian,400,0.10000000000000001,vanLeer_SSPRK2,78.25,1.2323858534232878e-112,0.71104575448692653,0.7010736545456564
gaussian,400,0.10000000000000001,vanLeer_SSPRK2,78.75,5.7289077838712314e-115,0.83935491180663835,0.78897379576406534
gaussian,400,0.10000000000000001,vanLeer_SSPRK2,79.25,2.5194700779047881e-117,0.93751373301239227,0.81706734715770057
gaussian,400,0.10000000000000001,vanLeer_SSPRK2,79.75,1.0482339688612536e-119,0.99081739365772359,0.81826921168437083
gaussian,400,0.10000000000000001,vanLeer_SSPRK2,80.25,4.1258964063751506e-122,0.99081739365772359,0.8155124206659925
gaussian,400,0.10000000000000001,vanLeer_SSPRK2,80.75,1.5363455249679772e-124,0.93751373301239227,0.80432193443840161
gaussian,400,0.10000000000000001,vanLeer_SSPRK2,81.25,5.4121447561387576e-127,0.83935491180663835,0.7780618688778318
gaussian,400,0.10000000000000001,vanLeer_SSPRK2,81.75,1.8036791093263672e-129,0.71104575448692653,0.73063470216737592
gaussian,400,0.10000000000000001,vanLeer_SSPRK2,82.25,5.6866692041863252e-132,0.56994542239179147,0.65817435794216628
gaussian,400,0.10000000000000001,vanLeer_SSPRK2,82.75,1.6961526594972429e-134,0.43226758151908928,0.56051295404504342
gaussian,400,0.10000000000000001,vanLeer_SSPRK2,83.25,4.7860767762647408e-137,0.31020983760828968,0.44203072941931737
gaussian,400,0.10000000000000001,vanLeer_SSPRK2,83.75,1.2776197474953692e-139,0.21064044631089568,0.31197562416362207
gaussian,400,0.10000000000000001,vanLeer_SSPRK2,84.25,3.2264897539639332e-142,0.13533528095565894,0.18503180819423731
gaussian,400,0.10000000000000001,vanLeer_SSPRK2,84.75,7.7084166646794762e-145,0.082274089358194719,0.081809544498070597
gaussian,400,0.10000000000000001,vanLeer_SSPRK2,85.25,1.7422312350615947e-147,0.047325763517469137,0.021790216790416976
gaussian,400,0.10000000000000001,vanLeer_SSPRK2,85.75,3.7252176024985683e-150,0.025758129949459849,0.0025368627910102538
gaussian,400,0.10000000000000001,vanLeer_SSPRK2,86.25,7.535329658772136e-153,0.01326516998770776,8.7442806243135995e-05
gaussian,400,0.10000000000000001,vanLeer_SSPRK2,86.75,1.4419730959227927e-155,0.0064638713079587205,6.0361273383800988e-07
gaussian,400,0.10000000000000001,vanLeer_SSPRK2,87.25,2.6104530553256889e-158,0.0029802558349892572,5.9582161044265428e-10
gaussian,400,0.10000000000000001,vanLeer_SSPRK2,87.75,4.4707253843875347e-161,0.0013001543065751825,5.6846980905356203e-12
gaussian,400,0.10000000000000001,vanLeer_SSPRK2,88.25,7.2434093904405302e-164,0.0005366810613521174,5.5063881006406882e-12
gaussian,400,0.10000000000000001,vanLeer_SSPRK2,88.75,1.110223877799716e-166,0.00020961248401428069,5.3020777293270224e-12
gaussian,400,0.10000000000000001,vanLeer_SSPRK2,89.25,1.6098305307890998e-169,7.7463475660144112e-05,5.0790199338765049e-12
gaussian,400,0.10000000000000001,vanLeer_SSPRK2,89.75,2.2082660613823784e-172,2.7086644187709968e-05,4.8470567993240758e-12
gaussian,400,0.10000000000000001,vanLeer_SSPRK2,90.25,2.865654733798599e-175,8.9617168578499812e-06,4.6084214497086958e-12
gaussian,400,0.10000000000000001,vanLeer_SSPRK2,90.75,3.5180106454759892e-178,2.805462080291371e-06,4.3642969755245429e-12
gaussian,400,0.10000000000000001,vanLeer_SSPRK2,91.25,4.0857412073436646e-181,8.3098676871119177e-07,4.1159712087333602e-12
gaussian,400,0.10000000000000001,vanLeer_SSPRK2,91.75,4.4889481261414988e-184,2.3289473156464855e-07,3.8648782833787622e-12
gaussian,400,0.10000000000000001,vanLeer_SSPRK2,92.25,4.6657123372592864e-187,6.1759016924693913e-08,3.6125786135044145e-12
gaussian,400,0.10000000000000001,vanLeer_SSPRK2,92.75,4.5876533240074568e-190,1.549585421550539e-08,3.3607311255053522e-12
gaussian,400,0.10000000000000001,vanLeer_SSPRK2,93.25,4.2673878181510019e-193,3.6787846732318305e-09,3.1110525748634991e-12
gaussian,400,0.10000000000000001,vanLeer_SSPRK2,93.75,3.7551920776900123e-196,8.2635404032736578e-10,2.8652695954915823e-12
gaussian,400,0.10000000000000001,vanLeer_SSPRK2,94.25,3.1260819659708616e-199,1.7563056663586188e-10,2.6250693331984927e-12
gaussian,400,0.10000000000000001,vanLeer_SSPRK2,94.75,2.4618771352528383e-202,3.5318757270266376e-11,2.3920524945381118e-12
gaussian,400,0.10000000000000001,vanLeer_SSPRK2,95.25,1.8341288841093893e-205,6.720185704095718e-12,2.1676912007029281e-12
gaussian,400,0.10000000000000001,vanLeer_SSPRK2,95.75,1.2926782639492832e-208,1.2098369706947906e-12,1.9532932021066528e-12
gaussian,400,0.10000000000000001,vanLeer_SSPRK2,96.25,8.6188203433280492e-212,2.0608258731883101e-13,1.7499734927290389e-12
gaussian,400,0.10000000000000001,vanLeer_SSPRK2,96.75,5.4362781113090602e-215,3.32141965274349e-14,1.5586339628502515e-12
gaussian,400,0.10000000000000001,vanLeer_SSPRK2,97.25,3.2437818404201462e-218,5.0649286703574024e-15,1.3799513536830812e-12
gaussian,400,0.10000000000000001,vanLeer_SSPRK2,97.75,1.8310382879326304e-221,7.3078421136059479e-16,1.2143734076882221e-12
gaussian,400,0.10000000000000001,vanLeer_SSPRK2,98.25,9.7777452307610052e-225,9.9763187299063161e-17,1.0621227565102142e-12
gaussian,400,0.10000000000000001,vanLeer_SSPRK2,98.75,4.9394114690073506e-228,1.2885933928463541e-17,9.2320777605289064e-13
gaussian,400,0.10000000000000001,vanLeer_SSPRK2,99.25,2.3605140557182057e-231,1.574798474153022e-18,7.9743938490968829e-13
gaussian,400,0.10000000000000001,vanLeer_SSPRK2,99.75,1.0671674647092527e-234,1.8209442012348391e-19,6.8445258183602036e-13
gaussian,400,0.10000000000000001,vanLeer_SSPRK2,100.25,4.5640760406602172e-238,1.9921861502908424e-20,5.8373141672816963e-13
gaussian,400,0.10000000000000001,vanLeer_SSPRK2,100.75,1.8465760180530717e-241,2.0621671839624332e-21,4.946360673017313e-13
gaussian,400,0.10000000000000001,vanLeer_SSPRK2,101.25,7.0676535757226893e-245,2.0196566623325658e-22,4.1643074403495756e-13
gaussian,400,0.10000000000000001,vanLeer_SSPRK2,101.75,2.5590382982323944e-248,1.8715006371450632e-23,3.4831125802657189e-13
gaussian,400,0.10000000000000001,vanLeer_SSPRK2,102.25,8.7653954508196459e-252,1.6408172091638786e-24,2.8943124618540645e-13
gaussian,400,0.10000000000000001,vanLeer_SSPRK2,102.75,2.8402670376555085e-255,1.3610912551088474e-25,2.3892624004210492e-13
gaussian,400,0.10000000000000001,vanLeer_SSPRK2,103.25,8.7064177757327922e-259,1.0682431775721348e-26,1.9593497275465069e-13
gaussian,400,0.10000000000000001,vanLeer_SSPRK2,103.75,2.5247143272894142e-262,7.9324597368591832e-28,1.5961752895677612e-13
gaussian,400,0.10000000000000001,vanLeer_SSPRK2,104.25,6.9259148259432187e-266,5.5731343030240402e-29,1.2917014136775573e-13
gaussian,400,0.10000000000000001,vanLeer_SSPRK2,104.75,1.7973553963570837e-269,3.7046232122636381e-30,1.0383661655841765e-13
gaussian,400,0.10000000000000001,vanLeer_SSPRK2,105.25,4.4124768654730575e-273,2.3299172556753034e-31,8.2916522894892744e-14
gaussian,400,0.10000000000000001,vanLeer_SSPRK2,105.75,1.0247604389836399e-276,1.3863978914236671e-32,6.5770392358269017e-14
gaussian,400,0.10000000000000001,vanLeer_SSPRK2,106.25,2.2514041032861653e-280,7.8052215654120522e-34,5.1822273318834993e-14
gaussian,400,0.10000000000000001,vanLeer_SSPRK2,106.75,4.6792421069904345e-284,4.1574932920676779e-35,4.056002445428744e-14
gaussian,400,0.10000000000000001,vanLeer_SSPRK2,107.25,9.2000102867270423e-288,2.0952018778669732e-36,3.1533763745226961e-14
gaussian,400,0.10000000000000001,vanLeer_SSPRK2,107.75,1.7111639375053288e-291,9.9900396552230441e-38,2.4352885087390819e-14
gaussian,400,0.10000000000000001,vanLeer_SSPRK2,108.25,3.0108229277994623e-295,4.5066579469365438e-39,1.8682033533554652e-14
gaussian,400,0.10000000000000001,vanLeer_SSPRK2,108.75,5.0115132566240711e-299,1.9234772699036974e-40,1.4236393797066993e-14
gaussian,400,0.10000000000000001,vanLeer_SSPRK2,109.25,7.8911884176594854e-303,7.7671847010722867e-42,1.0776600540756974e-14
gaussian,400,0.10000000000000001,vanLeer_SSPRK2,109.75,1.1754538816430952e-306,2.9674496460687058e-43,8.1035277902920731e-15
gaussian,400,0.10000000000000001,vanLeer_SSPRK2,110.25,1.6563733026717291e-310,1.0726184913763019e-44,6.0531625043535366e-15
gaussian,400,0.10000000000000001,vanLeer_SSPRK2,110.75,2.2080052079334144e-314,3.6681614880765345e-46,4.4917170440530302e-15
gaussian,400,0.10000000000000001,vanLeer_SSPRK2,111.25,2.7843810569852211e-318,1.1868392918201357e-47,3.3110893036737718e-15
gaussian,400,0.10000000000000001,vanLeer_SSPRK2,111.75,3.4090529563046012e-322,3.6330782212602471e-49,2.4247390812705025e-15
gaussian,400,0.10000000000000001,vanLeer_SSPRK2,112.25,0,1.0521944676302521e-50,1.7640156540444057e-15
gaussian,400,0.10000000000000001,vanLeer_SSPRK2,112.75,0,2.8830673534146975e-52,1.2749446614091601e-15
gaussian,400,0.10000000000000001,vanLeer_SSPRK2,113.25,0,7.4739494320031271e-54,9.1546201484831361e-16
gaussian,400,0.10000000000000001,vanLeer_SSPRK2,113.75,0,1.8330790986180433e-55,6.5306805466472705e-16
gaussian,400,0.10000000000000001,vanLeer_SSPRK2,114.25,0,4.2535058912338327e-57,4.6286576989377883e-16
gaussian,400,0.10000000000000001,vanLeer_SSPRK2,114.75,0,9.3378471821561956e-59,3.2594170812460361e-16
gaussian,400,0.10000000000000001,vanLeer_SSPRK2,115.25,0,1.9394540397385407e-60,2.2804633783911424e-16
gaussian,400,0.10000000000000001,vanLeer_SSPRK2,115.75,0,3.8110474312065483e-62,1.5853125087495002e-16
gaussian,400,0.10000000000000001,vanLeer_SSPRK2,116.25,0,7.0850102165093802e-64,1.0950296284886094e-16
gaussian,400,0.10000000000000001,vanLeer_SSPRK2,116.75,0,1.2461405151221231e-65,7.5156554976523575e-17
gaussian,400,0.10000000000000001,vanLeer_SSPRK2,117.25,0,2.0735910640506034e-67,5.1256493022176464e-17
gaussian,400,0.10000000000000001,vanLeer_SSPRK2,117.75,0,3.264434297492065e-69,3.4736267068095794e-17
gaussian,400,0.10000000000000001,vanLeer_SSPRK2,118.25,0,4.8620637210248339e-71,2.3392735215595929e-17
gaussian,400,0.10000000000000001,vanLeer_SSPRK2,118.75,0,6.8511020544828789e-73,1.5655032915109534e-17
gaussian,400,0.10000000000000001,vanLeer_SSPRK2,119.25,0,9.1332741774944847e-75,1.0411510282694663e-17
gaussian,400,0.10000000000000001,vanLeer_SSPRK2,119.75,0,1.151908605840987e-76,6.8813240206740648e-18
gaussian,400,0.10000000000000001,vanLeer_SSPRK2,120.25,0,1.3744667287824868e-78,4.5200232803606628e-18
gaussian,400,0.10000000000000001,vanLeer_SSPRK2,120.75,0,1.5515806073559298e-80,2.950744922295699e-18
gaussian,400,0.10000000000000001,vanLeer_SSPRK2,121.25,0,1.6570575394038199e-82,1.9145072504770968e-18
gaussian,400,0.10000000000000001,vanLeer_SSPRK2,121.75,0,1.6742611982435561e-84,1.2346071555296791e-18
gaussian,400,0.10000000000000001,vanLeer_SSPRK2,122.25,0,1.6004070856991157e-86,7.9133270953703248e-19
gaussian,400,0.10000000000000001,vanLeer_SSPRK2,122.75,0,1.4473001645289649e-88,5.0415045529527983e-19
gaussian,400,0.10000000000000001,vanLeer_SSPRK2,123.25,0,1.2382459711806176e-90,3.1925971539028737e-19
gaussian,400,0.10000000000000001,vanLeer_SSPRK2,123.75,0,1.0022468169692573e-92,2.0096628614348603e-19
gaussian,400,0.10000000000000001,vanLeer_SSPRK2,124.25,0,7.6746961744396341e-95,1.2575047774431278e-19
gaussian,400,0.10000000000000001,vanLeer_SSPRK2,124.75,0,5.5598841967135248e-97,7.8219612994631128e-20
gaussian,400,0.10000000000000001,vanLeer_SSPRK2,125.25,0,3.8105499903840143e-99,4.8367483448305046e-20
gaussian,400,0.10000000000000001,vanLeer_SSPRK2,125.75,0,2.4707355778513018e-101,2.9732768406355966e-20
gaussian,400,0.10000000000000001,vanLeer_SSPRK2,126.25,0,1.5155870917754581e-103,1.8170774313651992e-20
gaussian,400,0.10000000000000001,vanLeer_SSPRK2,126.75,0,8.7953048135211462e-106,1.104027602992178e-20
gaussian,400,0.10000000000000001,vanLeer_SSPRK2,127.25,0,4.8287599568742986e-108,6.6690964041848896e-21
gaussian,400,0.10000000000000001,vanLeer_SSPRK2,127.75,0,2.508039822440754e-110,4.0054078885312612e-21
gaussian,400,0.10000000000000001,vanLeer_SSPRK2,128.25,0,1.2323858534232878e-112,2.3918353512456691e-21
gaussian,400,0.10000000000000001,vanLeer_SSPRK2,128.75,0,5.7289077838712314e-115,1.4201448358315383e-21
gaussian,400,0.10000000000000001,vanLeer_SSPRK2,129.25,0,2.5194700779047881e-117,8.3842231610829987e-22
gaussian,400,0.10000000000000001,vanLeer_SSPRK2,129.75,0,1.0482339688612536e-119,4.9219116090980612e-22
gaussian,400,0.10000000000000001,vanLeer_SSPRK2,130.25,0,4.1258964063751506e-122,2.873144637968846e-22
gaussian,400,0.10000000000000001,vanLeer_SSPRK2,130.75,0,1.5363455249679772e-124,1.6678067335236661e-22
gaussian,400,0.10000000000000001,vanLeer_SSPRK2,131.25,0,5.4121447561387576e-127,9.6274286780842679e-23
gaussian,400,0.10000000000000001,vanLeer_SSPRK2,131.75,0,1.8036791093263672e-129,5.5266631138799575e-23
gaussian,400,0.10000000000000001,vanLeer_SSPRK2,132.25,0,5.6866692041863252e-132,3.1551168734693179e-23
gaussian,400,0.10000000000000001,vanLeer_SSPRK2,132.75,0,1.6961526594972429e-134,1.7913452881207286e-23
gaussian,400,0.10000000000000001,vanLeer_SSPRK2,133.25,0,4.7860767762647408e-137,1.011500520304201e-23
gaussian,400,0.10000000000000001,vanLeer_SSPRK2,133.75,0,1.2776197474953692e-139,5.6805103378186545e-24
gaussian,400,0.10000000000000001,vanLeer_SSPRK2,134.25,0,3.2264897539639332e-142,3.1728859339383838e-24
gaussian,400,0.10000000000000001,vanLeer_SSPRK2,134.75,0,7.7084166646794762e-145,1.7627015154530462e-24
gaussian,400,0.10000000000000001,vanLeer_SSPRK2,135.25,0,1.7422312350615947e-147,9.7402833962911286e-25
gaussian,400,0.10000000000000001,vanLeer_SSPRK2,135.75,0,3.7252176024985683e-150,5.3535777780651591e-25
gaussian,400,0.10000000000000001,vanLeer_SSPRK2,136.25,0,7.535329658772136e-153,2.9268973313968088e-25
gaussian,400,0.10000000000000001,vanLeer_SSPRK2,136.75,0,1.4419730959227927e-155,1.5917423687877095e-25
gaussian,400,0.10000000000000001,vanLeer_SSPRK2,137.25,0,2.6104530553256889e-158,8.6109481357163452e-26
gaussian,400,0.10000000000000001,vanLeer_SSPRK2,137.75,0,4.4707253843875347e-161,4.6339676673554688e-26
gaussian,400,0.10000000000000001,vanLeer_SSPRK2,138.25,0,7.2434093904405302e-164,2.4807882634843658e-26
gaussian,400,0.10000000000000001,vanLeer_SSPRK2,138.75,0,1.110223877799716e-166,1.3212099665372918e-26
gaussian,400,0.10000000000000001,vanLeer_SSPRK2,139.25,0,1.6098305307890998e-169,7.0001947243109607e-27
gaussian,400,0.10000000000000001,vanLeer_SSPRK2,139.75,0,2.2082660613823784e-172,3.6899047566961601e-27
gaussian,400,0.10000000000000001,vanLeer_SSPRK2,140.25,0,2.865654733798599e-175,1.9350736075198596e-27
gaussian,400,0.10000000000000001,vanLeer_SSPRK2,140.75,0,3.5180106454759892e-178,1.0096424147411173e-27
gaussian,400,0.10000000000000001,vanLeer_SSPRK2,141.25,0,4.0857412073436646e-181,5.2412616146826783e-28
gaussian,400,0.10000000000000001,vanLeer_SSPRK2,141.75,0,4.4889481261414988e-184,2.7071514699208314e-28
gaussian,400,0.10000000000000001,vanLeer_SSPRK2,142.25,0,4.6657123372592864e-187,1.3912589736689967e-28
gaussian,400,0.10000000000000001,vanLeer_SSPRK2,142.75,0,4.5876533240074568e-190,7.1143015009613284e-29
gaussian,400,0.10000000000000001,vanLeer_SSPRK2,143.25,0,4.2673878181510019e-193,3.6198910910028753e-29
gaussian,400,0.10000000000000001,vanLeer_SSPRK2,143.75,0,3.7551920776900123e-196,1.8327688770416763e-29
gaussian,400,0.10000000000000001,vanLeer_SSPRK2,144.25,0,3.1260819659708616e-199,9.2337644174403785e-30
gaussian,400,0.10000000000000001,vanLeer_SSPRK2,144.75,0,2.4618771352528383e-202,4.6293352007504792e-30
gaussian,400,0.10000000000000001,vanLeer_SSPRK2,145.25,0,1.8341288841093893e-205,2.3096012077494683e-30
gaussian,400,0.10000000000000001,vanLeer_SSPRK2,145.75,0,1.2926782639492832e-208,1.1466836133382061e-30
gaussian,400,0.10000000000000001,vanLeer_SSPRK2,146.25,0,8.6188203433280492e-212,5.665628389837122e-31
gaussian,400,0.10000000000000001,vanLeer_SSPRK2,146.75,0,5.4362781113090602e-215,2.7858645312774857e-31
gaussian,400,0.10000000000000001,vanLeer_SSPRK2,147.25,0,3.2437818404201462e-218,1.363291778849131e-31
gaussian,400,0.10000000000000001,vanLeer_SSPRK2,147.75,0,1.8310382879326304e-221,6.6396312627631802e-32
gaussian,400,0.10000000000000001,vanLeer_SSPRK2,148.25,0,9.7777452307610052e-225,3.2183610794833641e-32
gaussian,400,0.10000000000000001,vanLeer_SSPRK2,148.75,0,4.9394114690073506e-228,1.5526390312931015e-32
gaussian,400,0.10000000000000001,vanLeer_SSPRK2,149.25,0,2.3605140557182057e-231,7.4552180363540425e-33
gaussian,400,0.10000000000000001,vanLeer_SSPRK2,149.75,0,1.0671674647092527e-234,3.5629804349076986e-33
gaussian,400,0.10000000000000001,vanLeer_SSPRK2,150.25,0,4.5640760406601197e-238,1.694879446213987e-33
gaussian,400,0.10000000000000001,vanLeer_SSPRK2,150.75,0,1.8465760180528026e-241,8.0250076310021499e-34
gaussian,400,0.10000000000000001,vanLeer_SSPRK2,151.25,0,7.0676535757225397e-245,3.7821806499202927e-34
gaussian,400,0.10000000000000001,vanLeer_SSPRK2,151.75,0,2.5590382982320149e-248,1.774345110296067e-34
gaussian,400,0.10000000000000001,vanLeer_SSPRK2,152.25,0,8.7653954508192737e-252,8.2859383854468557e-35
gaussian,400,0.10000000000000001,vanLeer_SSPRK2,152.75,0,2.840267037654652e-255,3.8517827575567383e-35
gaussian,400,0.10000000000000001,vanLeer_SSPRK2,153.25,0,8.7064177757326062e-259,1.7824074184928208e-35
gaussian,400,0.10000000000000001,vanLeer_SSPRK2,153.75,0,2.524714327289028e-262,8.2108071591691937e-36
gaussian,400,0.10000000000000001,vanLeer_SSPRK2,154.25,0,6.9259148259432187e-266,3.7653633841662131e-36
gaussian,400,0.10000000000000001,vanLeer_SSPRK2,154.75,0,1.7973553963570837e-269,1.7190105385108735e-36
gaussian,400,0.10000000000000001,vanLeer_SSPRK2,155.25,0,4.4124768654730575e-273,7.8128439229769178e-37
gaussian,400,0.10000000000000001,vanLeer_SSPRK2,155.75,0,1.0247604389836399e-276,3.5351432867087094e-37
gaussian,400,0.10000000000000001,vanLeer_SSPRK2,156.25,0,2.2514041032861653e-280,1.5925034835685082e-37
gaussian,400,0.10000000000000001,vanLeer_SSPRK2,156.75,0,4.6792421069904345e-284,7.1422891194285714e-38
gaussian,400,0.10000000000000001,vanLeer_SSPRK2,157.25,0,9.2000102867270423e-288,3.1892328781864062e-38
gaussian,400,0.10000000000000001,vanLeer_SSPRK2,157.75,0,1.7111639375053288e-291,1.4178648999563978e-38
gaussian,400,0.10000000000000001,vanLeer_SSPRK2,158.25,0,3.0108229277994623e-295,6.2761203346755302e-39
gaussian,400,0.10000000000000001,vanLeer_SSPRK2,158.75,0,5.0115132566242844e-299,2.7660713661564791e-39
gaussian,400,0.10000000000000001,vanLeer_SSPRK2,159.25,0,7.8911884176621055e-303,1.2138333455124659e-39
gaussian,400,0.10000000000000001,vanLeer_SSPRK2,159.75,0,1.1754538816431203e-306,5.3037873744606377e-40
gaussian,400,0.10000000000000001,vanLeer_SSPRK2,160.25,0,1.6563733026719762e-310,2.3075559423851911e-40
gaussian,400,0.10000000000000001,vanLeer_SSPRK2,160.75,0,2.2080052079334144e-314,9.9968951675901655e-41
gaussian,400,0.10000000000000001,vanLeer_SSPRK2,161.25,0,2.7843810569852211e-318,4.3125328677733598e-41
gaussian,400,0.10000000000000001,vanLeer_SSPRK2,161.75,0,3.4090529563046012e-322,1.8525145802388351e-41
gaussian,400,0.10000000000000001,vanLeer_SSPRK2,162.25,0,0,7.924288631730423e-42
gaussian,400,0.10000000000000001,vanLeer_SSPRK2,162.75,0,0,3.375482112865429e-42
gaussian,400,0.10000000000000001,vanLeer_SSPRK2,163.25,0,0,1.431843634815868e-42
gaussian,400,0.10000000000000001,vanLeer_SSPRK2,163.75,0,0,6.0484898874195211e-43
gaussian,400,0.10000000000000001,vanLeer_SSPRK2,164.25,0,0,2.5444690825995108e-43
gaussian,400,0.10000000000000001,vanLeer_SSPRK2,164.75,0,0,1.0659908232019537e-43
gaussian,400,0.10000000000000001,vanLeer_SSPRK2,165.25,0,0,4.4475719454298974e-44
gaussian,400,0.10000000000000001,vanLeer_SSPRK2,165.75,0,0,1.8480462335486256e-44
gaussian,400,0.10000000000000001,vanLeer_SSPRK2,166.25,0,0,7.647686333414151e-45
gaussian,400,0.10000000000000001,vanLeer_SSPRK2,166.75,0,0,3.1519671750103348e-45
gaussian,400,0.10000000000000001,vanLeer_SSPRK2,167.25,0,0,1.2938223046769503e-45
gaussian,400,0.10000000000000001,vanLeer_SSPRK2,167.75,0,0,5.2895143989144859e-46
gaussian,400,0.10000000000000001,vanLeer_SSPRK2,168.25,0,0,2.1538330505398658e-46
gaussian,400,0.10000000000000001,vanLeer_SSPRK2,168.75,0,0,8.7351451015174188e-47
gaussian,400,0.10000000000000001,vanLeer_SSPRK2,169.25,0,0,3.5285542816998917e-47
gaussian,400,0.10000000000000001,vanLeer_SSPRK2,169.75,0,0,1.4197071308650053e-47
gaussian,400,0.10000000000000001,vanLeer_SSPRK2,170.25,0,0,5.6896119277471064e-48
gaussian,400,0.10000000000000001,vanLeer_SSPRK2,170.75,0,0,2.2711982133197203e-48
gaussian,400,0.10000000000000001,vanLeer_SSPRK2,171.25,0,0,9.0307221864173376e-49
gaussian,400,0.10000000000000001,vanLeer_SSPRK2,171.75,0,0,3.5767737638362865e-49
gaussian,400,0.10000000000000001,vanLeer_SSPRK2,172.25,0,0,1.4111346306549032e-49
gaussian,400,0.10000000000000001,vanLeer_SSPRK2,172.75,0,0,5.5457439760053497e-50
gaussian,400,0.10000000000000001,vanLeer_SSPRK2,173.25,0,0,2.171060472314529e-50
gaussian,400,0.10000000000000001,vanLeer_SSPRK2,173.75,0,0,8.4666394752783292e-51
gaussian,400,0.10000000000000001,vanLeer_SSPRK2,174.25,0,0,3.2891487508583592e-51
gaussian,400,0.10000000000000001,vanLeer_SSPRK2,174.75,0,0,1.2729034871571137e-51
gaussian,400,0.10000000000000001,vanLeer_SSPRK2,175.25,0,0,4.9074187671668085e-52
gaussian,400,0.10000000000000001,vanLeer_SSPRK2,175.75,0,0,1.8847882583240106e-52
gaussian,400,0.10000000000000001,vanLeer_SSPRK2,176.25,0,0,7.211571269884088e-53
gaussian,400,0.10000000000000001,vanLeer_SSPRK2,176.75,0,0,2.748913991182039e-53
gaussian,400,0.10000000000000001,vanLeer_SSPRK2,177.25,0,0,1.0439082150460705e-53
gaussian,400,0.10000000000000001,vanLeer_SSPRK2,177.75,0,0,3.9494747341172333e-54
gaussian,400,0.10000000000000001,vanLeer_SSPRK2,178.25,0,0,1.4886689576531711e-54
gaussian,400,0.10000000000000001,vanLeer_SSPRK2,178.75,0,0,5.5904215534502491e-55
gaussian,400,0.10000000000000001,vanLeer_SSPRK2,179.25,0,0,2.0916279623617262e-55
gaussian,400,0.10000000000000001,vanLeer_SSPRK2,179.75,0,0,7.7969286302215047e-56
gaussian,400,0.10000000000000001,vanLeer_SSPRK2,180.25,0,0,2.8957939624557057e-56
gaussian,400,0.10000000000000001,vanLeer_SSPRK2,180.75,0,0,1.0715746681659754e-56
gaussian,400,0.10000000000000001,vanLeer_SSPRK2,181.25,0,0,3.950877464019467e-57
gaussian,400,0.10000000000000001,vanLeer_SSPRK2,181.75,0,0,1.4513984183302852e-57
gaussian,400,0.10000000000000001,vanLeer_SSPRK2,182.25,0,0,5.3126019367471193e-58
gaussian,400,0.10000000000000001,vanLeer_SSPRK2,182.75,0,0,1.9375860374727718e-58
gaussian,400,0.10000000000000001,vanLeer_SSPRK2,183.25,0,0,7.0413074958409716e-59
gaussian,400,0.10000000000000001,vanLeer_SSPRK2,183.75,0,0,2.5497035356403071e-59
gaussian,400,0.10000000000000001,vanLeer_SSPRK2,184.25,0,0,9.199739981872405e-60
gaussian,400,0.10000000000000001,vanLeer_SSPRK2,184.75,0,0,3.3076252789795164e-60
gaussian,400,0.10000000000000001,vanLeer_SSPRK2,185.25,0,0,1.1849971078500608e-60
gaussian,400,0.10000000000000001,vanLeer_SSPRK2,185.75,0,0,4.2304233966298483e-61
gaussian,400,0.10000000000000001,vanLeer_SSPRK2,186.25,0,0,1.5049470494976856e-61
gaussian,400,0.10000000000000001,vanLeer_SSPRK2,186.75,0,0,5.3350032765098756e-62
gaussian,400,0.10000000000000001,vanLeer_SSPRK2,187.25,0,0,1.8846445737372131e-62
gaussian,400,0.10000000000000001,vanLeer_SSPRK2,187.75,0,0,6.6345382093124871e-63
gaussian,400,0.10000000000000001,vanLeer_SSPRK2,188.25,0,0,2.3274671242911013e-63
gaussian,400,0.10000000000000001,vanLeer_SSPRK2,188.75,0,0,8.1367904583434387e-64
gaussian,400,0.10000000000000001,vanLeer_SSPRK2,189.25,0,0,2.8348135665807562e-64
gaussian,400,0.10000000000000001,vanLeer_SSPRK2,189.75,0,0,9.8424384001584388e-65
gaussian,400,0.10000000000000001,vanLeer_SSPRK2,190.25,0,0,3.4055930114671921e-65
gaussian,400,0.10000000000000001,vanLeer_SSPRK2,190.75,0,0,1.1743555275094997e-65
gaussian,400,0.10000000000000001,vanLeer_SSPRK2,191.25,0,0,4.0357866145428196e-66
gaussian,400,0.10000000000000001,vanLeer_SSPRK2,191.75,0,0,1.3822399805569511e-66
gaussian,400,0.10000000000000001,vanLeer_SSPRK2,192.25,0,0,4.7181336146360014e-67
gaussian,400,0.10000000000000001,vanLeer_SSPRK2,192.75,0,0,1.6050678416117584e-67
gaussian,400,0.10000000000000001,vanLeer_SSPRK2,193.25,0,0,5.441989944905773e-68
gaussian,400,0.10000000000000001,vanLeer_SSPRK2,193.75,0,0,1.838942033601105e-68
gaussian,400,0.10000000000000001,vanLeer_SSPRK2,194.25,0,0,6.1933989552339585e-69
gaussian,400,0.10000000000000001,vanLeer_SSPRK2,194.75,0,0,2.0789569824794947e-69
gaussian,400,0.10000000000000001,vanLeer_SSPRK2,195.25,0,0,6.9553992937721495e-70
gaussian,400,0.10000000000000001,vanLeer_SSPRK2,195.75,0,0,2.3193345921522814e-70
gaussian,400,0.10000000000000001,vanLeer_SSPRK2,196.25,0,0,7.7085757778730142e-71
gaussian,400,0.10000000000000001,vanLeer_SSPRK2,196.75,0,0,2.553635379417147e-71
gaussian,400,0.10000000000000001,vanLeer_SSPRK2,197.25,0,0,8.4318368742995278e-72
gaussian,400,0.10000000000000001,vanLeer_SSPRK2,197.75,0,0,2.77503594792861e-72
gaussian,400,0.10000000000000001,vanLeer_SSPRK2,198.25,0,0,9.1033795403861628e-73
gaussian,400,0.10000000000000001,vanLeer_SSPRK2,198.75,0,0,2.9766569576422604e-73
gaussian,400,0.10000000000000001,vanLeer_SSPRK2,199.25,0,0,9.7017813100008863e-74
gaussian,400,0.10000000000000001,vanLeer_SSPRK2,199.75,0,0,3.1519197803874672e-74
gaussian,400,1,vanLeer_FE,0.25,2.9674496460687887e-43,1.1754538816431203e-306,1.0408229366559002e-91
gaussian,400,1,vanLeer_FE,0.75,7.7671847010728729e-42,7.8911884176621055e-303,1.5734600497593323e-89
gaussian,400,1,vanLeer_FE,1.25,1.9234772699037504e-40,5.0115132566242844e-299,1.219521172417195e-87
gaussian,400,1,vanLeer_FE,1.75,4.5066579469365438e-39,3.0108229277994623e-295,6.4932933826010441e-86
gaussian,400,1,vanLeer_FE,2.25,9.9900396552230441e-38,1.7111639375053288e-291,2.6862733221856855e-84
gaussian,400,1,vanLeer_FE,2.75,2.0952018778669732e-36,9.2000102867270423e-288,9.2594720135796506e-83
gaussian,400,1,vanLeer_FE,3.25,4.1574932920676779e-35,4.6792421069904345e-284,2.7833564454462033e-81
gaussian,400,1,vanLeer_FE,3.75,7.8052215654120522e-34,2.2514041032861653e-280,7.5314478366301924e-80
gaussian,400,1,vanLeer_FE,4.25,1.3863978914236671e-32,1.0247604389836399e-276,1.876142375594175e-78
gaussian,400,1,vanLeer_FE,4.75,2.3299172556753034e-31,4.4124768654730575e-273,4.3703144485684577e-77
gaussian,400,1,vanLeer_FE,5.25,3.7046232122636381e-30,1.7973553963570837e-269,9.6197122637933323e-76
gaussian,400,1,vanLeer_FE,5.75,5.5731343030240402e-29,6.9259148259432187e-266,2.0142875415708436e-74
gaussian,400,1,vanLeer_FE,6.25,7.9324597368587958e-28,2.524714327289028e-262,4.0288095322579715e-73
gaussian,400,1,vanLeer_FE,6.75,1.0682431775721122e-26,8.7064177757326062e-259,7.7161397296466136e-72
gaussian,400,1,vanLeer_FE,7.25,1.3610912551087849e-25,2.840267037654652e-255,1.4172368113829593e-70
gaussian,400,1,vanLeer_FE,7.75,1.6408172091638449e-24,8.7653954508192737e-252,2.4987497563191291e-69
gaussian,400,1,vanLeer_FE,8.25,1.8715006371449644e-23,2.5590382982320149e-248,4.2319467091373923e-68
gaussian,400,1,vanLeer_FE,8.75,2.0196566623325172e-22,7.0676535757225397e-245,6.8886659774769981e-67
gaussian,400,1,vanLeer_FE,9.25,2.0621671839623482e-21,1.8465760180528026e-241,1.0782530955153057e-65
gaussian,400,1,vanLeer_FE,9.75,1.9921861502908032e-20,4.5640760406601197e-238,1.6236707703904055e-64
gaussian,400,1,vanLeer_FE,10.25,1.8209442012348391e-19,1.0671674647092527e-234,2.3532212906906877e-63
gaussian,400,1,vanLeer_FE,10.75,1.574798474153022e-18,2.3605140557182057e-231,3.2840429623048753e-62
gaussian,400,1,vanLeer_FE,11.25,1.2885933928463541e-17,4.9394114690073506e-228,4.4149821451552874e-61
gaussian,400,1,vanLeer_FE,11.75,9.9763187299063161e-17,9.7777452307610052e-225,5.7202551786413392e-60
gaussian,400,1,vanLeer_FE,12.25,7.3078421136059479e-16,1.8310382879326304e-221,7.1459499203156086e-59
gaussian,400,1,vanLeer_FE,12.75,5.0649286703574024e-15,3.2437818404201462e-218,8.6110033754363586e-58
gaussian,400,1,vanLeer_FE,13.25,3.32141965274349e-14,5.4362781113090602e-215,1.0013517349959518e-56
gaussian,400,1,vanLeer_FE,13.75,2.0608258731883101e-13,8.6188203433280492e-212,1.1242057075710565e-55
gaussian,400,1,vanLeer_FE,14.25,1.2098369706947906e-12,1.2926782639492832e-208,1.219022959890027e-54
gaussian,400,1,vanLeer_FE,14.75,6.720185704095718e-12,1.8341288841093893e-205,1.2771791296156906e-53
gaussian,400,1,vanLeer_FE,15.25,3.5318757270266376e-11,2.4618771352528383e-202,1.2933195773933491e-52
gaussian,400,1,vanLeer_FE,15.75,1.7563056663586188e-10,3.1260819659708616e-199,1.2661054658277621e-51
gaussian,400,1,vanLeer_FE,16.25,8.2635404032736578e-10,3.7551920776900123e-196,1.1983263797525271e-50
gaussian,400,1,vanLeer_FE,16.75,3.6787846732318305e-09,4.2673878181510019e-193,1.0964037608759214e-49
gaussian,400,1,vanLeer_FE,17.25,1.549585421550539e-08,4.5876533240074568e-190,9.6942425560938971e-49
gaussian,400,1,vanLeer_FE,17.75,6.1759016924693913e-08,4.6657123372592864e-187,8.2789656104510078e-48
gaussian,400,1,vanLeer_FE,18.25,2.3289473156464855e-07,4.4889481261414988e-184,6.8243162116205997e-47
gaussian,400,1,vanLeer_FE,18.75,8.3098676871119177e-07,4.0857412073436646e-181,5.4253172846096349e-46
gaussian,400,1,vanLeer_FE,19.25,2.805462080291371e-06,3.5180106454759892e-178,4.1565207578719317e-45
gaussian,400,1,vanLeer_FE,19.75,8.9617168578499812e-06,2.865654733798599e-175,3.0665895093968439e-44
gaussian,400,1,vanLeer_FE,20.25,2.7086644187709968e-05,2.2082660613823784e-172,2.1773920142549401e-43
gaussian,400,1,vanLeer_FE,20.75,7.7463475660144112e-05,1.6098305307890998e-169,1.4872263625102521e-42
gaussian,400,1,vanLeer_FE,21.25,0.00020961248401428069,1.110223877799716e-166,9.7692099147542694e-42
gaussian,400,1,vanLeer_FE,21.75,0.0005366810613521174,7.2434093904405302e-164,6.1708547458684757e-41
gaussian,400,1,vanLeer_FE,22.25,0.0013001543065751825,4.4707253843875347e-161,3.7486145374098945e-40
gaussian,400,1,vanLeer_FE,22.75,0.0029802558349892572,2.6104530553256889e-158,2.190474458993992e-39
gaussian,400,1,vanLeer_FE,23.25,0.0064638713079587205,1.4419730959227927e-155,1.2317040343226849e-38
gaussian,400,1,vanLeer_FE,23.75,0.01326516998770776,7.535329658772136e-153,6.6677653570434401e-38
gaussian,400,1,vanLeer_FE,24.25,0.025758129949459849,3.7252176024985683e-150,3.4769741089377776e-37
gaussian,400,1,vanLeer_FE,24.75,0.047325763517469137,1.7422312350615947e-147,1.747587097079511e-36
gaussian,400,1,vanLeer_FE,25.25,0.082274089358194719,7.7084166646794762e-145,8.47191094634276e-36
gaussian,400,1,vanLeer_FE,25.75,0.13533528095565894,3.2264897539639332e-142,3.9639809746236546e-35
gaussian,400,1,vanLeer_FE,26.25,0.21064044631089568,1.2776197474953692e-139,1.7914307018816816e-34
gaussian,400,1,vanLeer_FE,26.75,0.31020983760828968,4.7860767762647408e-137,7.8253057742283141e-34
gaussian,400,1,vanLeer_FE,27.25,0.43226758151908995,1.6961526594972429e-134,3.3063636389025315e-33
gaussian,400,1,vanLeer_FE,27.750000000000004,0.5699454223917918,5.6866692041863252e-132,1.3522624886090073e-32
gaussian,400,1,vanLeer_FE,28.25,0.71104575448692675,1.8036791093263672e-129,5.3572450138191067e-32
gaussian,400,1,vanLeer_FE,28.749999999999996,0.83935491180663779,5.4121447561387576e-127,2.0572905896421799e-31
gaussian,400,1,vanLeer_FE,29.25,0.93751373301239194,1.5363455249679772e-124,7.663378377311296e-31
gaussian,400,1,vanLeer_FE,29.75,0.99081739365772359,4.1258964063751506e-122,2.7707982164176389e-30
gaussian,400,1,vanLeer_FE,30.25,0.99081739365772359,1.0482339688612536e-119,9.7304103535033712e-30
gaussian,400,1,vanLeer_FE,30.75,0.93751373301239227,2.5194700779047881e-117,3.3210276520387048e-29
gaussian,400,1,vanLeer_FE,31.25,0.83935491180663835,5.7289077838712314e-115,1.1022853766351567e-28
gaussian,400,1,vanLeer_FE,31.75,0.71104575448692653,1.2323858534232878e-112,3.5600215067235723e-28
gaussian,400,1,vanLeer_FE,32.25,0.56994542239179147,2.5080398224404083e-110,1.1194295207470367e-27
gaussian,400,1,vanLeer_FE,32.75,0.43226758151908928,4.8287599568741481e-108,3.4289950329225543e-27
gaussian,400,1,vanLeer_FE,33.25,0.31020983760828968,8.7953048135199631e-106,1.0237534782649952e-26
gaussian,400,1,vanLeer_FE,33.75,0.21064044631089568,1.5155870917754113e-103,2.9806234172671086e-26
gaussian,400,1,vanLeer_FE,34.25,0.13533528095565894,2.4707355778510861e-101,8.4667998872962619e-26
gaussian,400,1,vanLeer_FE,34.75,0.082274089358194719,3.8105499903839356e-99,2.3476969133826866e-25
gaussian,400,1,vanLeer_FE,35.25,0.047325763517469137,5.5598841967139978e-97,6.3573842606438455e-25
gaussian,400,1,vanLeer_FE,35.75,0.025758129949459849,7.6746961744397911e-95,1.6819965458403281e-24
gaussian,400,1,vanLeer_FE,36.25,0.01326516998770776,1.0022468169693816e-92,4.3498279203030048e-24
gaussian,400,1,vanLeer_FE,36.75,0.0064638713079587205,1.2382459711806558e-90,1.1000272381462e-23
gaussian,400,1,vanLeer_FE,37.25,0.0029802558349892572,1.4473001645291398e-88,2.7214315548466911e-23
gaussian,400,1,vanLeer_FE,37.75,0.0013001543065751825,1.6004070856991646e-86,6.5891089421546285e-23
gaussian,400,1,vanLeer_FE,38.25,0.0005366810613521174,1.674261198243687e-84,1.5619195000717975e-22
gaussian,400,1,vanLeer_FE,38.75,0.00020961248401428069,1.6570575394038535e-82,3.6262325295940709e-22
gaussian,400,1,vanLeer_FE,39.25,7.7463475660144112e-05,1.5515806073559298e-80,8.2485053783433911e-22
gaussian,400,1,vanLeer_FE,39.75,2.7086644187709968e-05,1.3744667287824868e-78,1.838952436784079e-21
gaussian,400,1,vanLeer_FE,40.25,8.9617168578499812e-06,1.151908605840987e-76,4.0196666658610947e-21
gaussian,400,1,vanLeer_FE,40.75,2.805462080291371e-06,9.1332741774944847e-75,8.617444079176093e-21
gaussian,400,1,vanLeer_FE,41.25,8.3098676871119177e-07,6.8511020544828789e-73,1.8124936103237484e-20
gaussian,400,1,vanLeer_FE,41.75,2.3289473156464855e-07,4.8620637210248339e-71,3.7412873822175707e-20
gaussian,400,1,vanLeer_FE,42.25,6.1759016924693913e-08,3.264434297492065e-69,7.581335830783944e-20
gaussian,400,1,vanLeer_FE,42.75,1.549585421550539e-08,2.0735910640506034e-67,1.5086228697895598e-19
gaussian,400,1,vanLeer_FE,43.25,3.6787846732318305e-09,1.2461405151221231e-65,2.9488522729818893e-19
gaussian,400,1,vanLeer_FE,43.75,8.2635404032736578e-10,7.0850102165086812e-64,5.6635257865911814e-19
gaussian,400,1,vanLeer_FE,44.25,1.7563056663586188e-10,3.8110474312064361e-62,1.069063966042721e-18
gaussian,400,1,vanLeer_FE,44.75,3.5318757270266376e-11,1.9394540397384177e-60,1.9839114338984929e-18
gaussian,400,1,vanLeer_FE,45.25,6.720185704095718e-12,9.3378471821560134e-59,3.6204212066353404e-18
gaussian,400,1,vanLeer_FE,45.75,1.2098369706947906e-12,4.2535058912334405e-57,6.4987287533097277e-18
gaussian,400,1,vanLeer_FE,46.25,2.0608258731883101e-13,1.8330790986179901e-55,1.1477372867020564e-17
gaussian,400,1,vanLeer_FE,46.75,3.32141965274349e-14,7.473949432002463e-54,1.9948574754538445e-17
gaussian,400,1,vanLeer_FE,47.25,5.0649286703574024e-15,2.8830673534146148e-52,3.4130732337336096e-17
gaussian,400,1,vanLeer_FE,47.75,7.3078421136059479e-16,1.0521944676303421e-50,5.7497846385872617e-17
gaussian,400,1,vanLeer_FE,48.25,9.9763187299063161e-17,3.6330782212603504e-49,9.5397474172725173e-17
gaussian,400,1,vanLeer_FE,48.75,1.2885933928463541e-17,1.1868392918202003e-47,1.5592230399037396e-16
gaussian,400,1,vanLeer_FE,49.25,1.574798474153022e-18,3.6681614880766029e-46,2.5111497668765568e-16
gaussian,400,1,vanLeer_FE,49.75,1.8209442012348391e-19,1.0726184913763865e-44,3.9860042754717707e-16
gaussian,400,1,vanLeer_FE,50.25,1.9921861502908032e-20,2.9674496460687887e-43,6.2375356655721338e-16
gaussian,400,1,vanLeer_FE,50.75,2.0621671839623482e-21,7.7671847010728729e-42,9.6252118933254606e-16
gaussian,400,1,vanLeer_FE,51.25,2.0196566623325172e-22,1.9234772699037504e-40,1.4650243700007538e-15
gaussian,400,1,vanLeer_FE,51.75,1.8715006371449644e-23,4.5066579469365438e-39,2.2000705218173748e-15
gaussian,400,1,vanLeer_FE,52.25,1.6408172091638449e-24,9.9900396552230441e-38,3.260703170015338e-15
gaussian,400,1,vanLeer_FE,52.75,1.3610912551087849e-25,2.0952018778669732e-36,4.7709142437276629e-15
gaussian,400,1,vanLeer_FE,53.25,1.0682431775721122e-26,4.1574932920676779e-35,6.8936424988957897e-15
gaussian,400,1,vanLeer_FE,53.75,7.9324597368587958e-28,7.8052215654120522e-34,9.8401892287464965e-15
gaussian,400,1,vanLeer_FE,54.25,5.5731343030239449e-29,1.3863978914236972e-32,1.3881208189799469e-14
gaussian,400,1,vanLeer_FE,54.750000000000007,3.7046232122634539e-30,2.329917255675422e-31,1.9359483104108915e-14
gaussian,400,1,vanLeer_FE,55.250000000000007,2.3299172556752342e-31,3.7046232122637783e-30,2.6704808941444014e-14
gaussian,400,1,vanLeer_FE,55.750000000000007,1.3863978914236129e-32,5.5731343030242554e-29,3.6451462623738554e-14
gaussian,400,1,vanLeer_FE,56.25,7.8052215654118452e-34,7.9324597368586648e-28,4.9259012220212905e-14
gaussian,400,1,vanLeer_FE,56.749999999999993,4.1574932920679029e-35,1.0682431775720784e-26,6.5937611552899193e-14
gaussian,400,1,vanLeer_FE,57.249999999999993,2.09520187786704e-36,1.3610912551087358e-25,8.7479524227003164e-14
gaussian,400,1,vanLeer_FE,57.749999999999993,9.9900396552234596e-38,1.6408172091637804e-24,1.1509952807401781e-13
gaussian,400,1,vanLeer_FE,58.25,4.5066579469367624e-39,1.8715006371449415e-23,1.5028826548105908e-13
gaussian,400,1,vanLeer_FE,58.75,1.9234772699037504e-40,2.0196566623325172e-22,1.9488489434375573e-13
gaussian,400,1,vanLeer_FE,59.25,7.7671847010728729e-42,2.0621671839623482e-21,2.511792717601955e-13
gaussian,400,1,vanLeer_FE,59.75,2.9674496460687887e-43,1.9921861502908032e-20,3.2206083631287099e-13
gaussian,400,1,vanLeer_FE,60.25,1.0726184913763865e-44,1.8209442012348391e-19,4.1124465366586816e-13
gaussian,400,1,vanLeer_FE,60.75,3.6681614880766029e-46,1.574798474153022e-18,5.2363379584325186e-13
gaussian,400,1,vanLeer_FE,61.25,1.1868392918202003e-47,1.2885933928463541e-17,6.6595789959369127e-13
gaussian,400,1,vanLeer_FE,61.75,3.6330782212603504e-49,9.9763187299063161e-17,8.4817340057272903e-13
gaussian,400,1,vanLeer_FE,62.25,1.0521944676303421e-50,7.3078421136059479e-16,1.0879810959624365e-12
gaussian,400,1,vanLeer_FE,62.75,2.8830673534146148e-52,5.0649286703574024e-15,1.4299690885184006e-12
gaussian,400,1,vanLeer_FE,63.25,7.473949432002463e-54,3.32141965274349e-14,2.0250434315070171e-12
gaussian,400,1,vanLeer_FE,63.75,1.8330790986179901e-55,2.0608258731883101e-13,3.4152666176380375e-12
gaussian,400,1,vanLeer_FE,64.25,4.2535058912334405e-57,1.2098369706947906e-12,7.4570063860188898e-12
gaussian,400,1,vanLeer_FE,64.75,9.3378471821560134e-59,6.720185704095718e-12,2.023005691359993e-11
gaussian,400,1,vanLeer_FE,65.25,1.9394540397384177e-60,3.5318757270266376e-11,6.1082002106338555e-11
gaussian,400,1,vanLeer_FE,65.75,3.8110474312064361e-62,1.7563056663586188e-10,1.9018566444288152e-10
gaussian,400,1,vanLeer_FE,66.25,7.0850102165086812e-64,8.2635404032736578e-10,5.9065335025721993e-10
gaussian,400,1,vanLeer_FE,66.75,1.2461405151221231e-65,3.6787846732318305e-09,1.8077287925746142e-09
gaussian,400,1,vanLeer_FE,67.25,2.0735910640506034e-67,1.549585421550539e-08,5.42959142142986e-09
gaussian,400,1,vanLeer_FE,67.75,3.264434297492065e-69,6.1759016924693913e-08,1.5979343135788633e-08
gaussian,400,1,vanLeer_FE,68.25,4.8620637210248339e-71,2.3289473156464855e-07,4.6043047424612921e-08
gaussian,400,1,vanLeer_FE,68.75,6.8511020544828789e-73,8.3098676871119177e-07,1.2980670583253702e-07
gaussian,400,1,vanLeer_FE,69.25,9.1332741774944847e-75,2.805462080291371e-06,3.5781853015303791e-07
gaussian,400,1,vanLeer_FE,69.75,1.151908605840987e-76,8.9617168578499812e-06,9.6382390948858639e-07
gaussian,400,1,vanLeer_FE,70.25,1.3744667287824868e-78,2.7086644187709968e-05,2.5362728349932521e-06
gaussian,400,1,vanLeer_FE,70.75,1.5515806073559298e-80,7.7463475660144112e-05,6.5233094619536466e-06
gaussian,400,1,vanLeer_FE,71.25,1.6570575394038535e-82,0.00020961248401428069,1.642094338097885e-05
gaussian,400,1,vanLeer_FE,71.75,1.674261198243687e-84,0.0005366810613521174,4.0521710386471734e-05
gaussian,400,1,vanLeer_FE,72.25,1.6004070856991646e-86,0.0013001543065751825,9.8038593717262175e-05
gaussian,400,1,vanLeer_FE,72.75,1.4473001645291398e-88,0.0029802558349892572,0.00023162150542402037
gaussian,400,1,vanLeer_FE,73.25,1.2382459711806558e-90,0.0064638713079587205,0.00052899081040985285
gaussian,400,1,vanLeer_FE,73.75,1.0022468169693816e-92,0.01326516998770776,0.0011521929582162308
gaussian,400,1,vanLeer_FE,74.25,7.6746961744397911e-95,0.025758129949459849,0.0023793225966931624
gaussian,400,1,vanLeer_FE,74.75,5.5598841967139978e-97,0.047325763517469137,0.0047454469199283969
gaussian,400,1,vanLeer_FE,75.25,3.8105499903839356e-99,0.082274089358194719,0.0096263373920829169
gaussian,400,1,vanLeer_FE,75.75,2.4707355778510861e-101,0.13533528095565894,0.021323448756284412
gaussian,400,1,vanLeer_FE,76.25,1.5155870917754113e-103,0.21064044631089568,0.054113095035769526
gaussian,400,1,vanLeer_FE,76.75,8.7953048135199631e-106,0.31020983760828968,0.15263361543131837
gaussian,400,1,vanLeer_FE,77.25,4.8287599568741481e-108,0.43226758151908928,0.41009016994157432
gaussian,400,1,vanLeer_FE,77.75,2.5080398224404083e-110,0.56994542239179147,0.78733397022976326
gaussian,400,1,vanLeer_FE,78.25,1.2323858534232878e-112,0.71104575448692653,0.95563517746603521
gaussian,400,1,vanLeer_FE,78.75,5.7289077838712314e-115,0.83935491180663835,0.96804647329897708
gaussian,400,1,vanLeer_FE,79.25,2.5194700779047881e-117,0.93751373301239227,0.96809897043168702
gaussian,400,1,vanLeer_FE,79.75,1.0482339688612536e-119,0.99081739365772359,0.96801396070307766
gaussian,400,1,vanLeer_FE,80.25,4.1258964063751506e-122,0.99081739365772359,0.96746707051255521
gaussian,400,1,vanLeer_FE,80.75,1.5363455249679772e-124,0.93751373301239227,0.96512778124959397
gaussian,400,1,vanLeer_FE,81.25,5.4121447561387576e-127,0.83935491180663835,0.95624854720966868
gaussian,400,1,vanLeer_FE,81.75,1.8036791093263672e-129,0.71104575448692653,0.92431777938710846
gaussian,400,1,vanLeer_FE,82.25,5.6866692041863252e-132,0.56994542239179147,0.81764543563096848
gaussian,400,1,vanLeer_FE,82.75,1.6961526594972429e-134,0.43226758151908928,0.53629111364792337
gaussian,400,1,vanLeer_FE,83.25,4.7860767762647408e-137,0.31020983760828968,0.15481319959642559
gaussian,400,1,vanLeer_FE,83.75,1.2776197474953692e-139,0.21064044631089568,0.0086577917466432487
gaussian,400,1,vanLeer_FE,84.25,3.2264897539639332e-142,0.13533528095565894,3.6012475751508772e-05
gaussian,400,1,vanLeer_FE,84.75,7.7084166646794762e-145,0.082274089358194719,7.1763911118760932e-09
gaussian,400,1,vanLeer_FE,85.25,1.7422312350615947e-147,0.047325763517469137,3.0008167445386812e-09
gaussian,400,1,vanLeer_FE,85.75,3.7252176024985683e-150,0.025758129949459849,2.8765189354224087e-09
gaussian,400,1,vanLeer_FE,86.25,7.535329658772136e-153,0.01326516998770776,2.6060794534051932e-09
gaussian,400,1,vanLeer_FE,86.75,1.4419730959227927e-155,0.0064638713079587205,1.7808264284946812e-09
gaussian,400,1,vanLeer_FE,87.25,2.6104530553256889e-158,0.0029802558349892572,5.3804913692801945e-10
gaussian,400,1,vanLeer_FE,87.75,4.4707253843875347e-161,0.0013001543065751825,3.5386689351745904e-11
gaussian,400,1,vanLeer_FE,88.25,7.2434093904405302e-164,0.0005366810613521174,5.5603069942539665e-12
gaussian,400,1,vanLeer_FE,88.75,1.110223877799716e-166,0.00020961248401428069,5.3099134603365207e-12
gaussian,400,1,vanLeer_FE,89.25,1.6098305307890998e-169,7.7463475660144112e-05,5.0414329369353296e-12
gaussian,400,1,vanLeer_FE,89.75,2.2082660613823784e-172,2.7086644187709968e-05,4.7485739154796177e-12
gaussian,400,1,vanLeer_FE,90.25,2.865654733798599e-175,8.9617168578499812e-06,4.4507644232715536e-12
gaussian,400,1,vanLeer_FE,90.75,3.5180106454759892e-178,2.805462080291371e-06,4.1545992677453058e-12
gaussian,400,1,vanLeer_FE,91.25,4.0857412073436646e-181,8.3098676871119177e-07,3.8634527316765871e-12
gaussian,400,1,vanLeer_FE,91.75,4.4889481261414988e-184,2.3289473156464855e-07,3.5784497698372417e-12
gaussian,400,1,vanLeer_FE,92.25,4.6657123372592864e-187,6.1759016924693913e-08,3.3000320968820857e-12
gaussian,400,1,vanLeer_FE,92.75,4.5876533240074568e-190,1.549585421550539e-08,3.0287969807274204e-12
gaussian,400,1,vanLeer_FE,93.25,4.2673878181510019e-193,3.6787846732318305e-09,2.7656382013251745e-12
gaussian,400,1,vanLeer_FE,93.75,3.7551920776900123e-196,8.2635404032736578e-10,2.5116363694986592e-12
gaussian,400,1,vanLeer_FE,94.25,3.1260819659708616e-199,1.7563056663586188e-10,2.2679277552501023e-12
gaussian,400,1,vanLeer_FE,94.75,2.4618771352528383e-202,3.5318757270266376e-11,2.0356118717423914e-12
gaussian,400,1,vanLeer_FE,95.25,1.8341288841093893e-205,6.720185704095718e-12,1.815691310203638e-12
gaussian,400,1,vanLeer_FE,95.75,1.2926782639492832e-208,1.2098369706947906e-12,1.6090289234412388e-12
gaussian,400,1,vanLeer_FE,96.25,8.6188203433280492e-212,2.0608258731883101e-13,1.4163147589548771e-12
gaussian,400,1,vanLeer_FE,96.75,5.4362781113090602e-215,3.32141965274349e-14,1.2380411563141268e-12
gaussian,400,1,vanLeer_FE,97.25,3.2437818404201462e-218,5.0649286703574024e-15,1.0744867051083006e-12
gaussian,400,1,vanLeer_FE,97.75,1.8310382879326304e-221,7.3078421136059479e-16,9.2570983516685025e-13
gaussian,400,1,vanLeer_FE,98.25,9.7777452307610052e-225,9.9763187299063161e-17,7.9155211895016136e-13
gaussian,400,1,vanLeer_FE,98.75,4.9394114690073506e-228,1.2885933928463541e-17,6.7165060754447618e-13
gaussian,400,1,vanLeer_FE,99.25,2.3605140557182057e-231,1.574798474153022e-18,5.6545792496214771e-13
gaussian,400,1,vanLeer_FE,99.75,1.0671674647092527e-234,1.8209442012348391e-19,4.7226844702008021e-13
gaussian,400,1,vanLeer_FE,100.25,4.5640760406602172e-238,1.9921861502908424e-20,3.9124867556184357e-13
gaussian,400,1,vanLeer_FE,100.75,1.8465760180530717e-241,2.0621671839624332e-21,3.2146986422210841e-13
gaussian,400,1,vanLeer_FE,101.25,7.0676535757226893e-245,2.0196566623325658e-22,2.6194103624537152e-13
gaussian,400,1,vanLeer_FE,101.75,2.5590382982323944e-248,1.8715006371450632e-23,2.1164073333081853e-13
gaussian,400,1,vanLeer_FE,102.25,8.7653954508196459e-252,1.6408172091638786e-24,1.6954611824002263e-13
gaussian,400,1,vanLeer_FE,102.75,2.8402670376555085e-255,1.3610912551088474e-25,1.34658391164906e-13
gaussian,400,1,vanLeer_FE,103.25,8.7064177757327922e-259,1.0682431775721348e-26,1.0602383843890133e-13
gaussian,400,1,vanLeer_FE,103.75,2.5247143272894142e-262,7.9324597368591832e-28,8.2750182417369587e-14
gaussian,400,1,vanLeer_FE,104.25,6.9259148259432187e-266,5.5731343030240402e-29,6.4018218499068441e-14
gaussian,400,1,vanLeer_FE,104.75,1.7973553963570837e-269,3.7046232122636381e-30,4.9088991065330192e-14
gaussian,400,1,vanLeer_FE,105.25,4.4124768654730575e-273,2.3299172556753034e-31,3.7306963547597641e-14
gaussian,400,1,vanLeer_FE,105.75,1.0247604389836399e-276,1.3863978914236671e-32,2.8099774928349418e-14
gaussian,400,1,vanLeer_FE,106.25,2.2514041032861653e-280,7.8052215654120522e-34,2.0975247978454505e-14
gaussian,400,1,vanLeer_FE,106.75,4.6792421069904345e-284,4.1574932920676779e-35,1.5516330551832148e-14
gaussian,400,1,vanLeer_FE,107.25,9.2000102867270423e-288,2.0952018778669732e-36,1.1374620696154522e-14
gaussian,400,1,vanLeer_FE,107.75,1.7111639375053288e-291,9.9900396552230441e-38,8.2630612654505259e-15
gaussian,400,1,vanLeer_FE,108.25,3.0108229277994623e-295,4.5066579469365438e-39,5.9483024211088162e-15
gaussian,400,1,vanLeer_FE,108.75,5.0115132566240711e-299,1.9234772699036974e-40,4.2431322168536247e-15
gaussian,400,1,vanLeer_FE,109.25,7.8911884176594854e-303,7.7671847010722867e-42,2.9992759577878562e-15
gaussian,400,1,vanLeer_FE,109.75,1.1754538816430952e-306,2.9674496460687058e-43,2.1007715779690292e-15
gaussian,400,1,vanLeer_FE,110.25,1.6563733026717291e-310,1.0726184913763019e-44,1.4580459484924034e-15
gaussian,400,1,vanLeer_FE,110.75,2.2080052079334144e-314,3.6681614880765345e-46,1.002748680971028e-15
gaussian,400,1,vanLeer_FE,111.25,2.7843810569852211e-318,1.1868392918201357e-47,6.8334663848838657e-16
gaussian,400,1,vanLeer_FE,111.75,3.4090529563046012e-322,3.6330782212602471e-49,4.614435671659256e-16
gaussian,400,1,vanLeer_FE,112.25,0,1.0521944676302521e-50,3.0876356730263988e-16
gaussian,400,1,vanLeer_FE,112.75,0,2.8830673534146975e-52,2.0472248857119646e-16
gaussian,400,1,vanLeer_FE,113.25,0,7.4739494320031271e-54,1.345054680357814e-16
gaussian,400,1,vanLeer_FE,113.75,0,1.8330790986180433e-55,8.7569465071050541e-17
gaussian,400,1,vanLeer_FE,114.25,0,4.2535058912338327e-57,5.6494724184242901e-17
gaussian,400,1,vanLeer_FE,114.75,0,9.3378471821561956e-59,3.6116872107155482e-17
gaussian,400,1,vanLeer_FE,115.25,0,1.9394540397385407e-60,2.2880446733496628e-17
gaussian,400,1,vanLeer_FE,115.75,0,3.8110474312065483e-62,1.4364037248826602e-17
gaussian,400,1,vanLeer_FE,116.25,0,7.0850102165093802e-64,8.936184379122319e-18
gaussian,400,1,vanLeer_FE,116.75,0,1.2461405151221231e-65,5.5093145924620126e-18
gaussian,400,1,vanLeer_FE,117.25,0,2.0735910640506034e-67,3.3660415707664887e-18
gaussian,400,1,vanLeer_FE,117.75,0,3.264434297492065e-69,2.0380963804677086e-18
gaussian,400,1,vanLeer_FE,118.25,0,4.8620637210248339e-71,1.2229830704763939e-18
gaussian,400,1,vanLeer_FE,118.75,0,6.8511020544828789e-73,7.2730074710367234e-19
gaussian,400,1,vanLeer_FE,119.25,0,9.1332741774944847e-75,4.2866010252251081e-19
gaussian,400,1,vanLeer_FE,119.75,0,1.151908605840987e-76,2.5039479430098581e-19
gaussian,400,1,vanLeer_FE,120.25,0,1.3744667287824868e-78,1.4496349459356225e-19
gaussian,400,1,vanLeer_FE,120.75,0,1.5515806073559298e-80,8.3180434395812319e-20
gaussian,400,1,vanLeer_FE,121.25,0,1.6570575394038199e-82,4.7306528095228662e-20
gaussian,400,1,vanLeer_FE,121.75,0,1.6742611982435561e-84,2.6666535980324863e-20
gaussian,400,1,vanLeer_FE,122.25,0,1.6004070856991157e-86,1.4899309235834405e-20
gaussian,400,1,vanLeer_FE,122.75,0,1.4473001645289649e-88,8.2514087631211351e-21
gaussian,400,1,vanLeer_FE,123.25,0,1.2382459711806176e-90,4.5296119781752849e-21
gaussian,400,1,vanLeer_FE,123.75,0,1.0022468169692573e-92,2.4647527861756345e-21
gaussian,400,1,vanLeer_FE,124.25,0,7.6746961744396341e-95,1.3294553858739823e-21
gaussian,400,1,vanLeer_FE,124.75,0,5.5598841967135248e-97,7.1083825886771527e-22
gaussian,400,1,vanLeer_FE,125.25,0,3.8105499903840143e-99,3.7676716373655919e-22
gaussian,400,1,vanLeer_FE,125.75,0,2.4707355778513018e-101,1.9796532275146061e-22
gaussian,400,1,vanLeer_FE,126.25,0,1.5155870917754581e-103,1.0311636991006486e-22
gaussian,400,1,vanLeer_FE,126.75,0,8.7953048135211462e-106,5.3247240004952853e-23
gaussian,400,1,vanLeer_FE,127.25,0,4.8287599568742986e-108,2.725876218982578e-23
gaussian,400,1,vanLeer_FE,127.75,0,2.508039822440754e-110,1.383449218771437e-23
gaussian,400,1,vanLeer_FE,128.25,0,1.2323858534232878e-112,6.9610837276684145e-24
gaussian,400,1,vanLeer_FE,128.75,0,5.7289077838712314e-115,3.4726056865942779e-24
gaussian,400,1,vanLeer_FE,129.25,0,2.5194700779047881e-117,1.7175423409660698e-24
gaussian,400,1,vanLeer_FE,129.75,0,1.0482339688612536e-119,8.4225020922749751e-25
gaussian,400,1,vanLeer_FE,130.25,0,4.1258964063751506e-122,4.0951024146362324e-25
gaussian,400,1,vanLeer_FE,130.75,0,1.5363455249679772e-124,1.9741792179802193e-25
gaussian,400,1,vanLeer_FE,131.25,0,5.4121447561387576e-127,9.4365813112235762e-26
gaussian,400,1,vanLeer_FE,131.75,0,1.8036791093263672e-129,4.4725701354183586e-26
gaussian,400,1,vanLeer_FE,132.25,0,5.6866692041863252e-132,2.1019480503598134e-26
gaussian,400,1,vanLeer_FE,132.75,0,1.6961526594972429e-134,9.7952842780202601e-27
gaussian,400,1,vanLeer_FE,133.25,0,4.7860767762647408e-137,4.52637130467538e-27
gaussian,400,1,vanLeer_FE,133.75,0,1.2776197474953692e-139,2.0740972071031541e-27
gaussian,400,1,vanLeer_FE,134.25,0,3.2264897539639332e-142,9.4245685192813486e-28
gaussian,400,1,vanLeer_FE,134.75,0,7.7084166646794762e-145,4.2467318165231111e-28
gaussian,400,1,vanLeer_FE,135.25,0,1.7422312350615947e-147,1.8976523047232987e-28
gaussian,400,1,vanLeer_FE,135.75,0,3.7252176024985683e-150,8.4091917535099061e-29
gaussian,400,1,vanLeer_FE,136.25,0,7.535329658772136e-153,3.6955147428014717e-29
gaussian,400,1,vanLeer_FE,136.75,0,1.4419730959227927e-155,1.6105931807221528e-29
gaussian,400,1,vanLeer_FE,137.25,0,2.6104530553256889e-158,6.9613596011910422e-30
gaussian,400,1,vanLeer_FE,137.75,0,4.4707253843875347e-161,2.984053034606884e-30
gaussian,400,1,vanLeer_FE,138.25,0,7.2434093904405302e-164,1.2686158104196834e-30
gaussian,400,1,vanLeer_FE,138.75,0,1.110223877799716e-166,5.3489873119137313e-31
gaussian,400,1,vanLeer_FE,139.25,0,1.6098305307890998e-169,2.2368534375760182e-31
gaussian,400,1,vanLeer_FE,139.75,0,2.2082660613823784e-172,9.2775765372502986e-32
gaussian,400,1,vanLeer_FE,140.25,0,2.865654733798599e-175,3.8165332652862043e-32
gaussian,400,1,vanLeer_FE,140.75,0,3.5180106454759892e-178,1.5572106873882411e-32
gaussian,400,1,vanLeer_FE,141.25,0,4.0857412073436646e-181,6.3019613688929769e-33
gaussian,400,1,vanLeer_FE,141.75,0,4.4889481261414988e-184,2.5296488939079883e-33
gaussian,400,1,vanLeer_FE,142.25,0,4.6657123372592864e-187,1.0071795755238397e-33
gaussian,400,1,vanLeer_FE,142.75,0,4.5876533240074568e-190,3.9776047165698173e-34
gaussian,400,1,vanLeer_FE,143.25,0,4.2673878181510019e-193,1.5581532468807712e-34
gaussian,400,1,vanLeer_FE,143.75,0,3.7551920776900123e-196,6.0544992498096027e-35
gaussian,400,1,vanLeer_FE,144.25,0,3.1260819659708616e-199,2.333626640495393e-35
gaussian,400,1,vanLeer_FE,144.75,0,2.4618771352528383e-202,8.9222638782523141e-36
gaussian,400,1,vanLeer_FE,145.25,0,1.8341288841093893e-205,3.3838776464552239e-36
gaussian,400,1,vanLeer_FE,145.75,0,1.2926782639492832e-208,1.2730790861623672e-36
gaussian,400,1,vanLeer_FE,146.25,0,8.6188203433280492e-212,4.7511899975643778e-37
gaussian,400,1,vanLeer_FE,146.75,0,5.4362781113090602e-215,1.7589792851172156e-37
gaussian,400,1,vanLeer_FE,147.25,0,3.2437818404201462e-218,6.4600412096393577e-38
gaussian,400,1,vanLeer_FE,147.75,0,1.8310382879326304e-221,2.3535905181596398e-38
gaussian,400,1,vanLeer_FE,148.25,0,9.7777452307610052e-225,8.5065270677645241e-39
gaussian,400,1,vanLeer_FE,148.75,0,4.9394114690073506e-228,3.0500295139089641e-39
gaussian,400,1,vanLeer_FE,149.25,0,2.3605140557182057e-231,1.0849023939015047e-39
gaussian,400,1,vanLeer_FE,149.75,0,1.0671674647092527e-234,3.8283934259058557e-40
gaussian,400,1,vanLeer_FE,150.25,0,4.5640760406601197e-238,1.3402506224865729e-40
gaussian,400,1,vanLeer_FE,150.75,0,1.8465760180528026e-241,4.6548235696172153e-41
gaussian,400,1,vanLeer_FE,151.25,0,7.0676535757225397e-245,1.6038814715540209e-41
gaussian,400,1,vanLeer_FE,151.75,0,2.5590382982320149e-248,5.4827335434793485e-42
gaussian,400,1,vanLeer_FE,152.25,0,8.7653954508192737e-252,1.85943806890399e-42
gaussian,400,1,vanLeer_FE,152.75,0,2.840267037654652e-255,6.2564760844154545e-43
gaussian,400,1,vanLeer_FE,153.25,0,8.7064177757326062e-259,2.0885507672436326e-43
gaussian,400,1,vanLeer_FE,153.75,0,2.524714327289028e-262,6.9172113620417694e-44
gaussian,400,1,vanLeer_FE,154.25,0,6.9259148259432187e-266,2.272957449994333e-44
gaussian,400,1,vanLeer_FE,154.75,0,1.7973553963570837e-269,7.4101876368081005e-45
gaussian,400,1,vanLeer_FE,155.25,0,4.4124768654730575e-273,2.396889636225938e-45
gaussian,400,1,vanLeer_FE,155.75,0,1.0247604389836399e-276,7.6922076760236022e-46
gaussian,400,1,vanLeer_FE,156.25,0,2.2514041032861653e-280,2.4492955742038607e-46
gaussian,400,1,vanLeer_FE,156.75,0,4.6792421069904345e-284,7.7378736975679589e-47
gaussian,400,1,vanLeer_FE,157.25,0,9.2000102867270423e-288,2.4254662324571072e-47
gaussian,400,1,vanLeer_FE,157.75,0,1.7111639375053288e-291,7.5433595520848645e-48
gaussian,400,1,vanLeer_FE,158.25,0,3.0108229277994623e-295,2.3277326359248759e-48
gaussian,400,1,vanLeer_FE,158.75,0,5.0115132566242844e-299,7.126933944933641e-49
gaussian,400,1,vanLeer_FE,159.25,0,7.8911884176621055e-303,2.1650915885570042e-49
gaussian,400,1,vanLeer_FE,159.75,0,1.1754538816431203e-306,6.5261368141042818e-50
gaussian,400,1,vanLeer_FE,160.25,0,1.6563733026719762e-310,1.9518426799999332e-50
gaussian,400,1,vanLeer_FE,160.75,0,2.2080052079334144e-314,5.7922122325351227e-51
gaussian,400,1,vanLeer_FE,161.25,0,2.7843810569852211e-318,1.7055220604777197e-51
gaussian,400,1,vanLeer_FE,161.75,0,3.4090529563046012e-322,4.9829387337085458e-52
gaussian,400,1,vanLeer_FE,162.25,0,0,1.4445451249303747e-52
gaussian,400,1,vanLeer_FE,162.75,0,0,4.1552387425276701e-53
gaussian,400,1,vanLeer_FE,163.25,0,0,1.1859926947185392e-53
gaussian,400,1,vanLeer_FE,163.75,0,0,3.3588529300856321e-54
gaussian,400,1,vanLeer_FE,164.25,0,0,9.4389699088033092e-55
gaussian,400,1,vanLeer_FE,164.75,0,0,2.6319914235345339e-55
gaussian,400,1,vanLeer_FE,165.25,0,0,7.2823597495984341e-56
gaussian,400,1,vanLeer_FE,165.75,0,0,1.999350970008504e-56
gaussian,400,1,vanLeer_FE,166.25,0,0,5.4467391170854319e-57
gaussian,400,1,vanLeer_FE,166.75,0,0,1.4723668857491475e-57
gaussian,400,1,vanLeer_FE,167.25,0,0,3.9493776559405915e-58
gaussian,400,1,vanLeer_FE,167.75,0,0,1.0511763828596777e-58
gaussian,400,1,vanLeer_FE,168.25,0,0,2.7762457551855126e-59
gaussian,400,1,vanLeer_FE,168.75,0,0,7.2757305129297177e-60
gaussian,400,1,vanLeer_FE,169.25,0,0,1.8920500295263956e-60
gaussian,400,1,vanLeer_FE,169.75,0,0,4.8823262621181102e-61
gaussian,400,1,vanLeer_FE,170.25,0,0,1.2501437007766907e-61
gaussian,400,1,vanLeer_FE,170.75,0,0,3.1763821647879737e-62
gaussian,400,1,vanLeer_FE,171.25,0,0,8.0084022691355555e-63
gaussian,400,1,vanLeer_FE,171.75,0,0,2.0035487240160471e-63
gaussian,400,1,vanLeer_FE,172.25,0,0,4.9738804716122526e-64
gaussian,400,1,vanLeer_FE,172.75,0,0,1.2252723456628548e-64
gaussian,400,1,vanLeer_FE,173.25,0,0,2.9951056596483276e-65
gaussian,400,1,vanLeer_FE,173.75,0,0,7.2649763665185432e-66
gaussian,400,1,vanLeer_FE,174.25,0,0,1.7486345484247475e-66
gaussian,400,1,vanLeer_FE,174.75,0,0,4.1764460913109213e-67
gaussian,400,1,vanLeer_FE,175.25,0,0,9.8982360260453634e-68
gaussian,400,1,vanLeer_FE,175.75,0,0,2.3278333903702509e-68
gaussian,400,1,vanLeer_FE,176.25,0,0,5.4323675440177084e-69
gaussian,400,1,vanLeer_FE,176.75,0,0,1.2579677441276326e-69
gaussian,400,1,vanLeer_FE,177.25,0,0,2.8906323340263086e-70
gaussian,400,1,vanLeer_FE,177.75,0,0,6.5911170658300186e-71
gaussian,400,1,vanLeer_FE,178.25,0,0,1.4913094935881449e-71
gaussian,400,1,vanLeer_FE,178.75,0,0,3.3482574423465367e-72
gaussian,400,1,vanLeer_FE,179.25,0,0,7.4595368938324479e-73
gaussian,400,1,vanLeer_FE,179.75,0,0,1.6490979787990016e-73
gaussian,400,1,vanLeer_FE,180.25,0,0,3.6176135885097508e-74
gaussian,400,1,vanLeer_FE,180.75,0,0,7.8747816292815111e-75
gaussian,400,1,vanLeer_FE,181.25,0,0,1.7009632902949098e-75
gaussian,400,1,vanLeer_FE,181.75,0,0,3.6457832311739269e-76
gaussian,400,1,vanLeer_FE,182.25,0,0,7.7539961322910639e-77
gaussian,400,1,vanLeer_FE,182.75,0,0,1.6364338655394993e-77
gaussian,400,1,vanLeer_FE,183.25,0,0,3.4269576607115065e-78
gaussian,400,1,vanLeer_FE,183.75,0,0,7.1212402220023309e-79
gaussian,400,1,vanLeer_FE,184.25,0,0,1.4683795292129291e-79
gaussian,400,1,vanLeer_FE,184.75,0,0,3.0043873333489756e-80
gaussian,400,1,vanLeer_FE,185.25,0,0,6.099686645533017e-81
gaussian,400,1,vanLeer_FE,185.75,0,0,1.2288310432715108e-81
gaussian,400,1,vanLeer_FE,186.25,0,0,2.4564553542777809e-82
gaussian,400,1,vanLeer_FE,186.75,0,0,4.8725532598831569e-83
gaussian,400,1,vanLeer_FE,187.25,0,0,9.5903456938246266e-84
gaussian,400,1,vanLeer_FE,187.75,0,0,1.8730129036225287e-84
gaussian,400,1,vanLeer_FE,188.25,0,0,3.6297354595390776e-85
gaussian,400,1,vanLeer_FE,188.75,0,0,6.9796830198188107e-86
gaussian,400,1,vanLeer_FE,189.25,0,0,1.3317470276426092e-86
gaussian,400,1,vanLeer_FE,189.75,0,0,2.5213424842292009e-87
gaussian,400,1,vanLeer_FE,190.25,0,0,4.7365785477790091e-88
gaussian,400,1,vanLeer_FE,190.75,0,0,8.8291549755699188e-89
gaussian,400,1,vanLeer_FE,191.25,0,0,1.6330282562578202e-89
gaussian,400,1,vanLeer_FE,191.75,0,0,2.9970022126072069e-90
gaussian,400,1,vanLeer_FE,192.25,0,0,5.4575515608519252e-91
gaussian,400,1,vanLeer_FE,192.75,0,0,9.8610835962088878e-92
gaussian,400,1,vanLeer_FE,193.25,0,0,1.7679338359617642e-92
gaussian,400,1,vanLeer_FE,193.75,0,0,3.1449988474532396e-93
gaussian,400,1,vanLeer_FE,194.25,0,0,5.5511965951610632e-94
gaussian,400,1,vanLeer_FE,194.75,0,0,9.7221620889972804e-95
gaussian,400,1,vanLeer_FE,195.25,0,0,1.6894592264118594e-95
gaussian,400,1,vanLeer_FE,195.75,0,0,2.9129943149234426e-96
gaussian,400,1,vanLeer_FE,196.25,0,0,4.9835298148901848e-97
gaussian,400,1,vanLeer_FE,196.75,0,0,8.4593774809479092e-98
gaussian,400,1,vanLeer_FE,197.25,0,0,1.4247611665360275e-98
gaussian,400,1,vanLeer_FE,197.75,0,0,2.3809289610939839e-99
gaussian,400,1,vanLeer_FE,198.25,0,0,3.947752122134206e-100
gaussian,400,1,vanLeer_FE,198.75,0,0,6.4945749433817465e-101
gaussian,400,1,vanLeer_FE,199.25,0,0,1.0601012379147522e-101
gaussian,400,1,vanLeer_FE,199.75,0,0,1.7168724012442035e-102
gaussian,400,1,vanLeer_SSPRK2,0.25,2.9674496460687887e-43,1.1754538816431203e-306,2.3950222373210523e-86
gaussian,400,1,vanLeer_SSPRK2,0.75,7.7671847010728729e-42,7.8911884176621055e-303,2.963494870172732e-84
gaussian,400,1,vanLeer_SSPRK2,1.25,1.9234772699037504e-40,5.0115132566242844e-299,1.9072907647495446e-82
gaussian,400,1,vanLeer_SSPRK2,1.75,4.5066579469365438e-39,3.0108229277994623e-295,8.576305330050192e-81
gaussian,400,1,vanLeer_SSPRK2,2.25,9.9900396552230441e-38,1.7111639375053288e-291,3.0536595031217819e-79
gaussian,400,1,vanLeer_SSPRK2,2.75,2.0952018778669732e-36,9.2000102867270423e-288,9.2425503686602651e-78
gaussian,400,1,vanLeer_SSPRK2,3.25,4.1574932920676779e-35,4.6792421069904345e-284,2.487839177817816e-76
gaussian,400,1,vanLeer_SSPRK2,3.75,7.8052215654120522e-34,2.2514041032861653e-280,6.1343782851445054e-75
gaussian,400,1,vanLeer_SSPRK2,4.25,1.3863978914236671e-32,1.0247604389836399e-276,1.4121794500990156e-73
gaussian,400,1,vanLeer_SSPRK2,4.75,2.3299172556753034e-31,4.4124768654730575e-273,3.0706041072189797e-72
gaussian,400,1,vanLeer_SSPRK2,5.25,3.7046232122636381e-30,1.7973553963570837e-269,6.3486979955550711e-71
gaussian,400,1,vanLeer_SSPRK2,5.75,5.5731343030240402e-29,6.9259148259432187e-266,1.2527950902014733e-69
gaussian,400,1,vanLeer_SSPRK2,6.25,7.9324597368587958e-28,2.524714327289028e-262,2.3642162999759716e-68
gaussian,400,1,vanLeer_SSPRK2,6.75,1.0682431775721122e-26,8.7064177757326062e-259,4.2717715842056697e-67
gaussian,400,1,vanLeer_SSPRK2,7.25,1.3610912551087849e-25,2.840267037654652e-255,7.3954704352919977e-66
gaussian,400,1,vanLeer_SSPRK2,7.75,1.6408172091638449e-24,8.7653954508192737e-252,1.2274528567672026e-64
gaussian,400,1,vanLeer_SSPRK2,8.25,1.8715006371449644e-23,2.5590382982320149e-248,1.9540551739191526e-63
gaussian,400,1,vanLeer_SSPRK2,8.75,2.0196566623325172e-22,7.0676535757225397e-245,2.9851175565352134e-62
gaussian,400,1,vanLeer_SSPRK2,9.25,2.0621671839623482e-21,1.8465760180528026e-241,4.377988352567377e-61
gaussian,400,1,vanLeer_SSPRK2,9.75,1.9921861502908032e-20,4.5640760406601197e-238,6.1669696028912679e-60
gaussian,400,1,vanLeer_SSPRK2,10.25,1.8209442012348391e-19,1.0671674647092527e-234,8.3473622840453406e-59
gaussian,400,1,vanLeer_SSPRK2,10.75,1.574798474153022e-18,2.3605140557182057e-231,1.0861859693030044e-57
gaussian,400,1,vanLeer_SSPRK2,11.25,1.2885933928463541e-17,4.9394114690073506e-228,1.3593609937083946e-56
gaussian,400,1,vanLeer_SSPRK2,11.75,9.9763187299063161e-17,9.7777452307610052e-225,1.636967906303172e-55
gaussian,400,1,vanLeer_SSPRK2,12.25,7.3078421136059479e-16,1.8310382879326304e-221,1.8976663838054424e-54
gaussian,400,1,vanLeer_SSPRK2,12.75,5.0649286703574024e-15,3.2437818404201462e-218,2.1187186801708858e-53
gaussian,400,1,vanLeer_SSPRK2,13.25,3.32141965274349e-14,5.4362781113090602e-215,2.279278644910671e-52
gaussian,400,1,vanLeer_SSPRK2,13.75,2.0608258731883101e-13,8.6188203433280492e-212,2.3636354663728317e-51
gaussian,400,1,vanLeer_SSPRK2,14.25,1.2098369706947906e-12,1.2926782639492832e-208,2.3636752858215106e-50
gaussian,400,1,vanLeer_SSPRK2,14.75,6.720185704095718e-12,1.8341288841093893e-205,2.2800080596364812e-49
gaussian,400,1,vanLeer_SSPRK2,15.25,3.5318757270266376e-11,2.4618771352528383e-202,2.1215842545752368e-48
gaussian,400,1,vanLeer_SSPRK2,15.75,1.7563056663586188e-10,3.1260819659708616e-199,1.9040377930841607e-47
gaussian,400,1,vanLeer_SSPRK2,16.25,8.2635404032736578e-10,3.7551920776900123e-196,1.6472458946929815e-46
gaussian,400,1,vanLeer_SSPRK2,16.75,3.6787846732318305e-09,4.2673878181510019e-193,1.3726149570337208e-45
gaussian,400,1,vanLeer_SSPRK2,17.25,1.549585421550539e-08,4.5876533240074568e-190,1.1004797333557624e-44
gaussian,400,1,vanLeer_SSPRK2,17.75,6.1759016924693913e-08,4.6657123372592864e-187,8.4789771797452931e-44
gaussian,400,1,vanLeer_SSPRK2,18.25,2.3289473156464855e-07,4.4889481261414988e-184,6.2708853950569545e-43
gaussian,400,1,vanLeer_SSPRK2,18.75,8.3098676871119177e-07,4.0857412073436646e-181,4.4473351007546831e-42
gaussian,400,1,vanLeer_SSPRK2,19.25,2.805462080291371e-06,3.5180106454759892e-178,3.0221983049545141e-41
gaussian,400,1,vanLeer_SSPRK2,19.75,8.9617168578499812e-06,2.865654733798599e-175,1.966935427176295e-40
gaussian,400,1,vanLeer_SSPRK2,20.25,2.7086644187709968e-05,2.2082660613823784e-172,1.2258080760604706e-39
gaussian,400,1,vanLeer_SSPRK2,20.75,7.7463475660144112e-05,1.6098305307890998e-169,7.3158075919325245e-39
gaussian,400,1,vanLeer_SSPRK2,21.25,0.00020961248401428069,1.110223877799716e-166,4.1827050401538358e-38
gaussian,400,1,vanLeer_SSPRK2,21.75,0.0005366810613521174,7.2434093904405302e-164,2.292145335923052e-37
gaussian,400,1,vanLeer_SSPRK2,22.25,0.0013001543065751825,4.4707253843875347e-161,1.2048141897950426e-36
gaussian,400,1,vanLeer_SSPRK2,22.75,0.0029802558349892572,2.6104530553256889e-158,6.0791813760314851e-36
gaussian,400,1,vanLeer_SSPRK2,23.25,0.0064638713079587205,1.4419730959227927e-155,2.9471850396357874e-35
gaussian,400,1,vanLeer_SSPRK2,23.75,0.01326516998770776,7.535329658772136e-153,1.3741078739997872e-34
gaussian,400,1,vanLeer_SSPRK2,24.25,0.025758129949459849,3.7252176024985683e-150,6.1675536155652308e-34
gaussian,400,1,vanLeer_SSPRK2,24.75,0.047325763517469137,1.7422312350615947e-147,2.6675784942417136e-33
gaussian,400,1,vanLeer_SSPRK2,25.25,0.082274089358194719,7.7084166646794762e-145,1.1129281336564593e-32
gaussian,400,1,vanLeer_SSPRK2,25.75,0.13533528095565894,3.2264897539639332e-142,4.4832369690294201e-32
gaussian,400,1,vanLeer_SSPRK2,26.25,0.21064044631089568,1.2776197474953692e-139,1.7454695434982013e-31
gaussian,400,1,vanLeer_SSPRK2,26.75,0.31020983760828968,4.7860767762647408e-137,6.574159887273529e-31
gaussian,400,1,vanLeer_SSPRK2,27.25,0.43226758151908995,1.6961526594972429e-134,2.3975936189433089e-30
gaussian,400,1,vanLeer_SSPRK2,27.750000000000004,0.5699454223917918,5.6866692041863252e-132,8.4743359780382793e-30
gaussian,400,1,vanLeer_SSPRK2,28.25,0.71104575448692675,1.8036791093263672e-129,2.9053940831787246e-29
gaussian,400,1,vanLeer_SSPRK2,28.749999999999996,0.83935491180663779,5.4121447561387576e-127,9.6701884541919748e-29
gaussian,400,1,vanLeer_SSPRK2,29.25,0.93751373301239194,1.5363455249679772e-124,3.1271117222276539e-28
gaussian,400,1,vanLeer_SSPRK2,29.75,0.99081739365772359,4.1258964063751506e-122,9.8325339096509124e-28
gaussian,400,1,vanLeer_SSPRK2,30.25,0.99081739365772359,1.0482339688612536e-119,3.0083156953239581e-27
gaussian,400,1,vanLeer_SSPRK2,30.75,0.93751373301239227,2.5194700779047881e-117,8.9624602138786781e-27
gaussian,400,1,vanLeer_SSPRK2,31.25,0.83935491180663835,5.7289077838712314e-115,2.6018067045335648e-26
gaussian,400,1,vanLeer_SSPRK2,31.75,0.71104575448692653,1.2323858534232878e-112,7.3646724967192749e-26
gaussian,400,1,vanLeer_SSPRK2,32.25,0.56994542239179147,2.5080398224404083e-110,2.0339403583829963e-25
gaussian,400,1,vanLeer_SSPRK2,32.75,0.43226758151908928,4.8287599568741481e-108,5.4839649437372856e-25
gaussian,400,1,vanLeer_SSPRK2,33.25,0.31020983760828968,8.7953048135199631e-106,1.4443691062547319e-24
gaussian,400,1,vanLeer_SSPRK2,33.75,0.21064044631089568,1.5155870917754113e-103,3.7182168294858485e-24
gaussian,400,1,vanLeer_SSPRK2,34.25,0.13533528095565894,2.4707355778510861e-101,9.3605462369829515e-24
gaussian,400,1,vanLeer_SSPRK2,34.75,0.082274089358194719,3.8105499903839356e-99,2.3057173406879939e-23
gaussian,400,1,vanLeer_SSPRK2,35.25,0.047325763517469137,5.5598841967139978e-97,5.5599344716957108e-23
gaussian,400,1,vanLeer_SSPRK2,35.75,0.025758129949459849,7.6746961744397911e-95,1.3131207932026543e-22
gaussian,400,1,vanLeer_SSPRK2,36.25,0.01326516998770776,1.0022468169693816e-92,3.0389003481467076e-22
gaussian,400,1,vanLeer_SSPRK2,36.75,0.0064638713079587205,1.2382459711806558e-90,6.8945111073584944e-22
gaussian,400,1,vanLeer_SSPRK2,37.25,0.0029802558349892572,1.4473001645291398e-88,1.5341139625096634e-21
gaussian,400,1,vanLeer_SSPRK2,37.75,0.0013001543065751825,1.6004070856991646e-86,3.3493810212416258e-21
gaussian,400,1,vanLeer_SSPRK2,38.25,0.0005366810613521174,1.674261198243687e-84,7.1780089746609804e-21
gaussian,400,1,vanLeer_SSPRK2,38.75,0.00020961248401428069,1.6570575394038535e-82,1.5106019065720163e-20
gaussian,400,1,vanLeer_SSPRK2,39.25,7.7463475660144112e-05,1.5515806073559298e-80,3.1229954746366973e-20
gaussian,400,1,vanLeer_SSPRK2,39.75,2.7086644187709968e-05,1.3744667287824868e-78,6.3449989850716239e-20
gaussian,400,1,vanLeer_SSPRK2,40.25,8.9617168578499812e-06,1.151908605840987e-76,1.2673288574009418e-19
gaussian,400,1,vanLeer_SSPRK2,40.75,2.805462080291371e-06,9.1332741774944847e-75,2.4894228486548107e-19
gaussian,400,1,vanLeer_SSPRK2,41.25,8.3098676871119177e-07,6.8511020544828789e-73,4.8107096223787451e-19
gaussian,400,1,vanLeer_SSPRK2,41.75,2.3289473156464855e-07,4.8620637210248339e-71,9.1488394128336389e-19
gaussian,400,1,vanLeer_SSPRK2,42.25,6.1759016924693913e-08,3.264434297492065e-69,1.7128148549199897e-18
gaussian,400,1,vanLeer_SSPRK2,42.75,1.549585421550539e-08,2.0735910640506034e-67,3.1577637550531081e-18
gaussian,400,1,vanLeer_SSPRK2,43.25,3.6787846732318305e-09,1.2461405151221231e-65,5.7346530187314658e-18
gaussian,400,1,vanLeer_SSPRK2,43.75,8.2635404032736578e-10,7.0850102165086812e-64,1.0261784357672119e-17
gaussian,400,1,vanLeer_SSPRK2,44.25,1.7563056663586188e-10,3.8110474312064361e-62,1.8098951704213961e-17
gaussian,400,1,vanLeer_SSPRK2,44.75,3.5318757270266376e-11,1.9394540397384177e-60,3.1471844377712705e-17
gaussian,400,1,vanLeer_SSPRK2,45.25,6.720185704095718e-12,9.3378471821560134e-59,5.3969673872260753e-17
gaussian,400,1,vanLeer_SSPRK2,45.75,1.2098369706947906e-12,4.2535058912334405e-57,9.1296538120272831e-17
gaussian,400,1,vanLeer_SSPRK2,46.25,2.0608258731883101e-13,1.8330790986179901e-55,1.5238836244755029e-16
gaussian,400,1,vanLeer_SSPRK2,46.75,3.32141965274349e-14,7.473949432002463e-54,2.5104807951493767e-16
gaussian,400,1,vanLeer_SSPRK2,47.25,5.0649286703574024e-15,2.8830673534146148e-52,4.0830399006143153e-16
gaussian,400,1,vanLeer_SSPRK2,47.75,7.3078421136059479e-16,1.0521944676303421e-50,6.5576225400156973e-16
gaussian,400,1,vanLeer_SSPRK2,48.25,9.9763187299063161e-17,3.6330782212603504e-49,1.0403071002712511e-15
gaussian,400,1,vanLeer_SSPRK2,48.75,1.2885933928463541e-17,1.1868392918202003e-47,1.630605886328326e-15
gaussian,400,1,vanLeer_SSPRK2,49.25,1.574798474153022e-18,3.6681614880766029e-46,2.5260077356624501e-15
gaussian,400,1,vanLeer_SSPRK2,49.75,1.8209442012348391e-19,1.0726184913763865e-44,3.8685970176240002e-15
gaussian,400,1,vanLeer_SSPRK2,50.25,1.9921861502908032e-20,2.9674496460687887e-43,5.859400180365875e-15
gaussian,400,1,vanLeer_SSPRK2,50.75,2.0621671839623482e-21,7.7671847010728729e-42,8.7800902055761684e-15
gaussian,400,1,vanLeer_SSPRK2,51.25,2.0196566623325172e-22,1.9234772699037504e-40,1.3022067357153723e-14
gaussian,400,1,vanLeer_SSPRK2,51.75,1.8715006371449644e-23,4.5066579469365438e-39,1.9125664378043269e-14
gaussian,400,1,vanLeer_SSPRK2,52.25,1.6408172091638449e-24,9.9900396552230441e-38,2.7833699391158039e-14
gaussian,400,1,vanLeer_SSPRK2,52.75,1.3610912551087849e-25,2.0952018778669732e-36,4.0166193480995989e-14
gaussian,400,1,vanLeer_SSPRK2,53.25,1.0682431775721122e-26,4.1574932920676779e-35,5.7527796021078693e-14
gaussian,400,1,vanLeer_SSPRK2,53.75,7.9324597368587958e-28,7.8052215654120522e-34,8.1868436541826563e-14
gaussian,400,1,vanLeer_SSPRK2,54.25,5.5731343030239449e-29,1.3863978914236972e-32,1.1593568216368732e-13
gaussian,400,1,vanLeer_SSPRK2,54.750000000000007,3.7046232122634539e-30,2.329917255675422e-31,1.6369572365131458e-13
gaussian,400,1,vanLeer_SSPRK2,55.250000000000007,2.3299172556752342e-31,3.7046232122637783e-30,2.3108976314414099e-13
gaussian,400,1,vanLeer_SSPRK2,55.750000000000007,1.3863978914236129e-32,5.5731343030242554e-29,3.2752876942640293e-13
gaussian,400,1,vanLeer_SSPRK2,56.25,7.8052215654118452e-34,7.9324597368586648e-28,4.6925856036769412e-13
gaussian,400,1,vanLeer_SSPRK2,56.749999999999993,4.1574932920679029e-35,1.0682431775720784e-26,6.8841800485653072e-13
gaussian,400,1,vanLeer_SSPRK2,57.249999999999993,2.09520187786704e-36,1.3610912551087358e-25,1.0620588485328863e-12
gaussian,400,1,vanLeer_SSPRK2,57.749999999999993,9.9900396552234596e-38,1.6408172091637804e-24,1.8080382088228589e-12
gaussian,400,1,vanLeer_SSPRK2,58.25,4.5066579469367624e-39,1.8715006371449415e-23,3.5664395056591424e-12
gaussian,400,1,vanLeer_SSPRK2,58.75,1.9234772699037504e-40,2.0196566623325172e-22,8.1412324990230523e-12
gaussian,400,1,vanLeer_SSPRK2,59.25,7.7671847010728729e-42,2.0621671839623482e-21,2.0409965182612644e-11
gaussian,400,1,vanLeer_SSPRK2,59.75,2.9674496460687887e-43,1.9921861502908032e-20,5.3222249511716019e-11
gaussian,400,1,vanLeer_SSPRK2,60.25,1.0726184913763865e-44,1.8209442012348391e-19,1.3976463644562115e-10
gaussian,400,1,vanLeer_SSPRK2,60.75,3.6681614880766029e-46,1.574798474153022e-18,3.6415293600848581e-10
gaussian,400,1,vanLeer_SSPRK2,61.25,1.1868392918202003e-47,1.2885933928463541e-17,9.3560907695540901e-10
gaussian,400,1,vanLeer_SSPRK2,61.75,3.6330782212603504e-49,9.9763187299063161e-17,2.3647137014054334e-09
gaussian,400,1,vanLeer_SSPRK2,62.25,1.0521944676303421e-50,7.3078421136059479e-16,5.8737245443883175e-09
gaussian,400,1,vanLeer_SSPRK2,62.75,2.8830673534146148e-52,5.0649286703574024e-15,1.4332202652445573e-08
gaussian,400,1,vanLeer_SSPRK2,63.25,7.473949432002463e-54,3.32141965274349e-14,3.4346022630522441e-08
gaussian,400,1,vanLeer_SSPRK2,63.75,1.8330790986179901e-55,2.0608258731883101e-13,8.0822792006594451e-08
gaussian,400,1,vanLeer_SSPRK2,64.25,4.2535058912334405e-57,1.2098369706947906e-12,1.8673411047873229e-07
gaussian,400,1,vanLeer_SSPRK2,64.75,9.3378471821560134e-59,6.720185704095718e-12,4.2353091998617291e-07
gaussian,400,1,vanLeer_SSPRK2,65.25,1.9394540397384177e-60,3.5318757270266376e-11,9.4287687516964024e-07
gaussian,400,1,vanLeer_SSPRK2,65.75,3.8110474312064361e-62,1.7563056663586188e-10,2.0599943886355078e-06
gaussian,400,1,vanLeer_SSPRK2,66.25,7.0850102165086812e-64,8.2635404032736578e-10,4.4161753481424702e-06
gaussian,400,1,vanLeer_SSPRK2,66.75,1.2461405151221231e-65,3.6787846732318305e-09,9.2879200799844447e-06
gaussian,400,1,vanLeer_SSPRK2,67.25,2.0735910640506034e-67,1.549585421550539e-08,1.9160167875084303e-05
gaussian,400,1,vanLeer_SSPRK2,67.75,3.264434297492065e-69,6.1759016924693913e-08,3.8761383306374939e-05
gaussian,400,1,vanLeer_SSPRK2,68.25,4.8620637210248339e-71,2.3289473156464855e-07,7.6881532883440077e-05
gaussian,400,1,vanLeer_SSPRK2,68.75,6.8511020544828789e-73,8.3098676871119177e-07,0.0001494735341678192
gaussian,400,1,vanLeer_SSPRK2,69.25,9.1332741774944847e-75,2.805462080291371e-06,0.00028478412073050996
gaussian,400,1,vanLeer_SSPRK2,69.75,1.151908605840987e-76,8.9617168578499812e-06,0.00053156881240997182
gaussian,400,1,vanLeer_SSPRK2,70.25,1.3744667287824868e-78,2.7086644187709968e-05,0.00097179077977489065
gaussian,400,1,vanLeer_SSPRK2,70.75,1.5515806073559298e-80,7.7463475660144112e-05,0.0017395171219150548
gaussian,400,1,vanLeer_SSPRK2,71.25,1.6570575394038535e-82,0.00020961248401428069,0.0030478846558321996
gaussian,400,1,vanLeer_SSPRK2,71.75,1.674261198243687e-84,0.0005366810613521174,0.0052258248387860411
gaussian,400,1,vanLeer_SSPRK2,72.25,1.6004070856991646e-86,0.0013001543065751825,0.0087654814444080194
gaussian,400,1,vanLeer_SSPRK2,72.75,1.4473001645291398e-88,0.0029802558349892572,0.014379694267706061
gaussian,400,1,vanLeer_SSPRK2,73.25,1.2382459711806558e-90,0.0064638713079587205,0.023066407504935989
gaussian,400,1,vanLeer_SSPRK2,73.75,1.0022468169693816e-92,0.01326516998770776,0.036173403745967683
gaussian,400,1,vanLeer_SSPRK2,74.25,7.6746961744397911e-95,0.025758129949459849,0.055452548766310505
gaussian,400,1,vanLeer_SSPRK2,74.75,5.5598841967139978e-97,0.047325763517469137,0.083087964228609229
gaussian,400,1,vanLeer_SSPRK2,75.25,3.8105499903839356e-99,0.082274089358194719,0.12167700130420592
gaussian,400,1,vanLeer_SSPRK2,75.75,2.4707355778510861e-101,0.13533528095565894,0.17413469372242465
gaussian,400,1,vanLeer_SSPRK2,76.25,1.5155870917754113e-103,0.21064044631089568,0.24347315744400622
gaussian,400,1,vanLeer_SSPRK2,76.75,8.7953048135199631e-106,0.31020983760828968,0.33233961444414806
gaussian,400,1,vanLeer_SSPRK2,77.25,4.8287599568741481e-108,0.43226758151908928,0.4419203214590704
gaussian,400,1,vanLeer_SSPRK2,77.75,2.5080398224404083e-110,0.56994542239179147,0.56881818107092497
gaussian,400,1,vanLeer_SSPRK2,78.25,1.2323858534232878e-112,0.71104575448692653,0.69667440947594783
gaussian,400,1,vanLeer_SSPRK2,78.75,5.7289077838712314e-115,0.83935491180663835,0.7874640969451544
gaussian,400,1,vanLeer_SSPRK2,79.25,2.5194700779047881e-117,0.93751373301239227,0.81627049487320658
gaussian,400,1,vanLeer_SSPRK2,79.75,1.0482339688612536e-119,0.99081739365772359,0.81735163339718642
gaussian,400,1,vanLeer_SSPRK2,80.25,4.1258964063751506e-122,0.99081739365772359,0.81448873270840882
gaussian,400,1,vanLeer_SSPRK2,80.75,1.5363455249679772e-124,0.93751373301239227,0.80336377807891934
gaussian,400,1,vanLeer_SSPRK2,81.25,5.4121447561387576e-127,0.83935491180663835,0.77755760624185166
gaussian,400,1,vanLeer_SSPRK2,81.75,1.8036791093263672e-129,0.71104575448692653,0.73121063414968557
gaussian,400,1,vanLeer_SSPRK2,82.25,5.6866692041863252e-132,0.56994542239179147,0.66041148758070989
gaussian,400,1,vanLeer_SSPRK2,82.75,1.6961526594972429e-134,0.43226758151908928,0.56458022776101258
gaussian,400,1,vanLeer_SSPRK2,83.25,4.7860767762647408e-137,0.31020983760828968,0.44724252749371601
gaussian,400,1,vanLeer_SSPRK2,83.75,1.2776197474953692e-139,0.21064044631089568,0.31651822905352056
gaussian,400,1,vanLeer_SSPRK2,84.25,3.2264897539639332e-142,0.13533528095565894,0.18644212397443916
gaussian,400,1,vanLeer_SSPRK2,84.75,7.7084166646794762e-145,0.082274089358194719,0.079318470381502512
gaussian,400,1,vanLeer_SSPRK2,85.25,1.7422312350615947e-147,0.047325763517469137,0.018751961238870248
gaussian,400,1,vanLeer_SSPRK2,85.75,3.7252176024985683e-150,0.025758129949459849,0.0016517609449008337
gaussian,400,1,vanLeer_SSPRK2,86.25,7.535329658772136e-153,0.01326516998770776,3.3265731262293734e-05
gaussian,400,1,vanLeer_SSPRK2,86.75,1.4419730959227927e-155,0.0064638713079587205,9.2446887419486788e-08
gaussian,400,1,vanLeer_SSPRK2,87.25,2.6104530553256889e-158,0.0029802558349892572,2.7177158004913043e-11
gaussian,400,1,vanLeer_SSPRK2,87.75,4.4707253843875347e-161,0.0013001543065751825,5.4006272435015615e-12
gaussian,400,1,vanLeer_SSPRK2,88.25,7.2434093904405302e-164,0.0005366810613521174,5.2797681790370303e-12
gaussian,400,1,vanLeer_SSPRK2,88.75,1.110223877799716e-166,0.00020961248401428069,5.1223705816592983e-12
gaussian,400,1,vanLeer_SSPRK2,89.25,1.6098305307890998e-169,7.7463475660144112e-05,4.9458301887374334e-12
gaussian,400,1,vanLeer_SSPRK2,89.75,2.2082660613823784e-172,2.7086644187709968e-05,4.7509724136412177e-12
gaussian,400,1,vanLeer_SSPRK2,90.25,2.865654733798599e-175,8.9617168578499812e-06,4.5401475244112243e-12
gaussian,400,1,vanLeer_SSPRK2,90.75,3.5180106454759892e-178,2.805462080291371e-06,4.3164788136247285e-12
gaussian,400,1,vanLeer_SSPRK2,91.25,4.0857412073436646e-181,8.3098676871119177e-07,4.0830877828299568e-12
gaussian,400,1,vanLeer_SSPRK2,91.75,4.4889481261414988e-184,2.3289473156464855e-07,3.8429198190872413e-12
gaussian,400,1,vanLeer_SSPRK2,92.25,4.6657123372592864e-187,6.1759016924693913e-08,3.598698972215392e-12
gaussian,400,1,vanLeer_SSPRK2,92.75,4.5876533240074568e-190,1.549585421550539e-08,3.3529230044412999e-12
gaussian,400,1,vanLeer_SSPRK2,93.25,4.2673878181510019e-193,3.6787846732318305e-09,3.1078807279847349e-12
gaussian,400,1,vanLeer_SSPRK2,93.75,3.7551920776900123e-196,8.2635404032736578e-10,2.8656728499306552e-12
gaussian,400,1,vanLeer_SSPRK2,94.25,3.1260819659708616e-199,1.7563056663586188e-10,2.6282257851370483e-12
gaussian,400,1,vanLeer_SSPRK2,94.75,2.4618771352528383e-202,3.5318757270266376e-11,2.3972949338100129e-12
gaussian,400,1,vanLeer_SSPRK2,95.25,1.8341288841093893e-205,6.720185704095718e-12,2.1744583904415729e-12
gaussian,400,1,vanLeer_SSPRK2,95.75,1.2926782639492832e-208,1.2098369706947906e-12,1.9611043470784589e-12
gaussian,400,1,vanLeer_SSPRK2,96.25,8.6188203433280492e-212,2.0608258731883101e-13,1.7584161520238023e-12
gaussian,400,1,vanLeer_SSPRK2,96.75,5.4362781113090602e-215,3.32141965274349e-14,1.5673586678960394e-12
gaussian,400,1,vanLeer_SSPRK2,97.25,3.2437818404201462e-218,5.0649286703574024e-15,1.388668731070101e-12
gaussian,400,1,vanLeer_SSPRK2,97.75,1.8310382879326304e-221,7.3078421136059479e-16,1.2228515000761255e-12
gaussian,400,1,vanLeer_SSPRK2,98.25,9.7777452307610052e-225,9.9763187299063161e-17,1.0701835110560601e-12
gaussian,400,1,vanLeer_SSPRK2,98.75,4.9394114690073506e-228,1.2885933928463541e-17,9.3072244572422011e-13
gaussian,400,1,vanLeer_SSPRK2,99.25,2.3605140557182057e-231,1.574798474153022e-18,8.043230021838625e-13
gaussian,400,1,vanLeer_SSPRK2,99.75,1.0671674647092527e-234,1.8209442012348391e-19,6.9065784063173152e-13
gaussian,400,1,vanLeer_SSPRK2,100.25,4.5640760406602172e-238,1.9921861502908424e-20,5.8924233304559056e-13
gaussian,400,1,vanLeer_SSPRK2,100.75,1.8465760180530717e-241,2.0621671839624332e-21,4.9946174911181207e-13
gaussian,400,1,vanLeer_SSPRK2,101.25,7.0676535757226893e-245,2.0196566623325658e-22,4.2059952939091276e-13
gaussian,400,1,vanLeer_SSPRK2,101.75,2.5590382982323944e-248,1.8715006371450632e-23,3.5186540222472701e-13
gaussian,400,1,vanLeer_SSPRK2,102.25,8.7653954508196459e-252,1.6408172091638786e-24,2.924222670962706e-13
gaussian,400,1,vanLeer_SSPRK2,102.75,2.8402670376555085e-255,1.3610912551088474e-25,2.4141097102064999e-13
gaussian,400,1,vanLeer_SSPRK2,103.25,8.7064177757327922e-259,1.0682431775721348e-26,1.9797232612914803e-13
gaussian,400,1,vanLeer_SSPRK2,103.75,2.5247143272894142e-262,7.9324597368591832e-28,1.6126593913515195e-13
gaussian,400,1,vanLeer_SSPRK2,104.25,6.9259148259432187e-266,5.5731343030240402e-29,1.3048563333069562e-13
gaussian,400,1,vanLeer_SSPRK2,104.75,1.7973553963570837e-269,3.7046232122636381e-30,1.0487143095955915e-13
gaussian,400,1,vanLeer_SSPRK2,105.25,4.4124768654730575e-273,2.3299172556753034e-31,8.3718221319094256e-14
gaussian,400,1,vanLeer_SSPRK2,105.75,1.0247604389836399e-276,1.3863978914236671e-32,6.6381363916601497e-14
gaussian,400,1,vanLeer_SSPRK2,106.25,2.2514041032861653e-280,7.8052215654120522e-34,5.2279565377186258e-14
gaussian,400,1,vanLeer_SSPRK2,106.75,4.6792421069904345e-284,4.1574932920676779e-35,4.0895424836488437e-14
gaussian,400,1,vanLeer_SSPRK2,107.25,9.2000102867270423e-288,2.0952018778669732e-36,3.1774068348476843e-14
gaussian,400,1,vanLeer_SSPRK2,107.75,1.7111639375053288e-291,9.9900396552230441e-38,2.4520292771176092e-14
gaussian,400,1,vanLeer_SSPRK2,108.25,3.0108229277994623e-295,4.5066579469365438e-39,1.8794618781111331e-14
gaussian,400,1,vanLeer_SSPRK2,108.75,5.0115132566240711e-299,1.9234772699036974e-40,1.4308616484273387e-14
gaussian,400,1,vanLeer_SSPRK2,109.25,7.8911884176594854e-303,7.7671847010722867e-42,1.081982075289399e-14
gaussian,400,1,vanLeer_SSPRK2,109.75,1.1754538816430952e-306,2.9674496460687058e-43,8.1265016612668959e-15
gaussian,400,1,vanLeer_SSPRK2,110.25,1.6563733026717291e-310,1.0726184913763019e-44,6.0625022626856231e-15
gaussian,400,1,vanLeer_SSPRK2,110.75,2.2080052079334144e-314,3.6681614880765345e-46,4.4923046693988146e-15
gaussian,400,1,vanLeer_SSPRK2,111.25,2.7843810569852211e-318,1.1868392918201357e-47,3.3064383439758476e-15
gaussian,400,1,vanLeer_SSPRK2,111.75,3.4090529563046012e-322,3.6330782212602471e-49,2.4173032448621334e-15
gaussian,400,1,vanLeer_SSPRK2,112.25,0,1.0521944676302521e-50,1.7554458258188819e-15
gaussian,400,1,vanLeer_SSPRK2,112.75,0,2.8830673534146975e-52,1.2662980965523024e-15
gaussian,400,1,vanLeer_SSPRK2,113.25,0,7.4739494320031271e-54,9.0736876732297923e-16
gaussian,400,1,vanLeer_SSPRK2,113.75,0,1.8330790986180433e-55,6.4586034577260578e-16
gaussian,400,1,vanLeer_SSPRK2,114.25,0,4.2535058912338327e-57,4.5667614220573236e-16
gaussian,400,1,vanLeer_SSPRK2,114.75,0,9.3378471821561956e-59,3.2077558102570867e-16
gaussian,400,1,vanLeer_SSPRK2,115.25,0,1.9394540397385407e-60,2.238341064446519e-16
gaussian,400,1,vanLeer_SSPRK2,115.75,0,3.8110474312065483e-62,1.55164453774534e-16
gaussian,400,1,vanLeer_SSPRK2,116.25,0,7.0850102165093802e-64,1.0685836806745178e-16
gaussian,400,1,vanLeer_SSPRK2,116.75,0,1.2461405151221231e-65,7.3111338608940231e-17
gaussian,400,1,vanLeer_SSPRK2,117.25,0,2.0735910640506034e-67,4.9697052948424283e-17
gaussian,400,1,vanLeer_SSPRK2,117.75,0,3.264434297492065e-69,3.356265046921141e-17
gaussian,400,1,vanLeer_SSPRK2,118.25,0,4.8620637210248339e-71,2.2520175785666668e-17
gaussian,400,1,vanLeer_SSPRK2,118.75,0,6.8511020544828789e-73,1.5013694515606965e-17
gaussian,400,1,vanLeer_SSPRK2,119.25,0,9.1332741774944847e-75,9.9452144299141597e-18
gaussian,400,1,vanLeer_SSPRK2,119.75,0,1.151908605840987e-76,6.545791010514613e-18
gaussian,400,1,vanLeer_SSPRK2,120.25,0,1.3744667287824868e-78,4.2809707884877946e-18
gaussian,400,1,vanLeer_SSPRK2,120.75,0,1.5515806073559298e-80,2.7820527994556596e-18
gaussian,400,1,vanLeer_SSPRK2,121.25,0,1.6570575394038199e-82,1.7965625916119861e-18
gaussian,400,1,vanLeer_SSPRK2,121.75,0,1.6742611982435561e-84,1.152880217342693e-18
gaussian,400,1,vanLeer_SSPRK2,122.25,0,1.6004070856991157e-86,7.3519389398121062e-19
gaussian,400,1,vanLeer_SSPRK2,122.75,0,1.4473001645289649e-88,4.6591481905553153e-19
gaussian,400,1,vanLeer_SSPRK2,123.25,0,1.2382459711806176e-90,2.9343314669276289e-19
gaussian,400,1,vanLeer_SSPRK2,123.75,0,1.0022468169692573e-92,1.8366268804789428e-19
gaussian,400,1,vanLeer_SSPRK2,124.25,0,7.6746961744396341e-95,1.1424913826098963e-19
gaussian,400,1,vanLeer_SSPRK2,124.75,0,5.5598841967135248e-97,7.0634402301716374e-20
gaussian,400,1,vanLeer_SSPRK2,125.25,0,3.8105499903840143e-99,4.3403231685668735e-20
gaussian,400,1,vanLeer_SSPRK2,125.75,0,2.4707355778513018e-101,2.6508271045723289e-20
gaussian,400,1,vanLeer_SSPRK2,126.25,0,1.5155870917754581e-103,1.6091826908674798e-20
gaussian,400,1,vanLeer_SSPRK2,126.75,0,8.7953048135211462e-106,9.7096809947422882e-21
gaussian,400,1,vanLeer_SSPRK2,127.25,0,4.8287599568742986e-108,5.8235960599430521e-21
gaussian,400,1,vanLeer_SSPRK2,127.75,0,2.508039822440754e-110,3.4719636903625518e-21
gaussian,400,1,vanLeer_SSPRK2,128.25,0,1.2323858534232878e-112,2.0576319313740545e-21
gaussian,400,1,vanLeer_SSPRK2,128.75,0,5.7289077838712314e-115,1.2122150816168438e-21
gaussian,400,1,vanLeer_SSPRK2,129.25,0,2.5194700779047881e-117,7.0994056689943013e-22
gaussian,400,1,vanLeer_SSPRK2,129.75,0,1.0482339688612536e-119,4.1333807409933732e-22
gaussian,400,1,vanLeer_SSPRK2,130.25,0,4.1258964063751506e-122,2.3924379034035946e-22
gaussian,400,1,vanLeer_SSPRK2,130.75,0,1.5363455249679772e-124,1.376697296130758e-22
gaussian,400,1,vanLeer_SSPRK2,131.25,0,5.4121447561387576e-127,7.8760667005387744e-23
gaussian,400,1,vanLeer_SSPRK2,131.75,0,1.8036791093263672e-129,4.4798555298682957e-23
gaussian,400,1,vanLeer_SSPRK2,132.25,0,5.6866692041863252e-132,2.5334528264707582e-23
gaussian,400,1,vanLeer_SSPRK2,132.75,0,1.6961526594972429e-134,1.4245124602514189e-23
gaussian,400,1,vanLeer_SSPRK2,133.25,0,4.7860767762647408e-137,7.9640625027066919e-24
gaussian,400,1,vanLeer_SSPRK2,133.75,0,1.2776197474953692e-139,4.4271917824741976e-24
gaussian,400,1,vanLeer_SSPRK2,134.25,0,3.2264897539639332e-142,2.4471325969322628e-24
gaussian,400,1,vanLeer_SSPRK2,134.75,0,7.7084166646794762e-145,1.345031050004744e-24
gaussian,400,1,vanLeer_SSPRK2,135.25,0,1.7422312350615947e-147,7.351277880227903e-25
gaussian,400,1,vanLeer_SSPRK2,135.75,0,3.7252176024985683e-150,3.9953892563012687e-25
gaussian,400,1,vanLeer_SSPRK2,136.25,0,7.535329658772136e-153,2.1593896634637738e-25
gaussian,400,1,vanLeer_SSPRK2,136.75,0,1.4419730959227927e-155,1.1606157564684237e-25
gaussian,400,1,vanLeer_SSPRK2,137.25,0,2.6104530553256889e-158,6.2035632722948796e-26
gaussian,400,1,vanLeer_SSPRK2,137.75,0,4.4707253843875347e-161,3.2976077244958746e-26
gaussian,400,1,vanLeer_SSPRK2,138.25,0,7.2434093904405302e-164,1.7432971746575135e-26
gaussian,400,1,vanLeer_SSPRK2,138.75,0,1.110223877799716e-166,9.1657515689931025e-27
gaussian,400,1,vanLeer_SSPRK2,139.25,0,1.6098305307890998e-169,4.792900853002254e-27
gaussian,400,1,vanLeer_SSPRK2,139.75,0,2.2082660613823784e-172,2.4927109863452949e-27
gaussian,400,1,vanLeer_SSPRK2,140.25,0,2.865654733798599e-175,1.289430283331115e-27
gaussian,400,1,vanLeer_SSPRK2,140.75,0,3.5180106454759892e-178,6.6341535572508084e-28
gaussian,400,1,vanLeer_SSPRK2,141.25,0,4.0857412073436646e-181,3.3950335847610852e-28
gaussian,400,1,vanLeer_SSPRK2,141.75,0,4.4889481261414988e-184,1.7281547965950692e-28
gaussian,400,1,vanLeer_SSPRK2,142.25,0,4.6657123372592864e-187,8.7500443296125363e-29
gaussian,400,1,vanLeer_SSPRK2,142.75,0,4.5876533240074568e-190,4.4069271469855764e-29
gaussian,400,1,vanLeer_SSPRK2,143.25,0,4.2673878181510019e-193,2.207843975643827e-29
gaussian,400,1,vanLeer_SSPRK2,143.75,0,3.7551920776900123e-196,1.1003138723553513e-29
gaussian,400,1,vanLeer_SSPRK2,144.25,0,3.1260819659708616e-199,5.4549306571770745e-30
gaussian,400,1,vanLeer_SSPRK2,144.75,0,2.4618771352528383e-202,2.6902644861849216e-30
gaussian,400,1,vanLeer_SSPRK2,145.25,0,1.8341288841093893e-205,1.3199041963971008e-30
gaussian,400,1,vanLeer_SSPRK2,145.75,0,1.2926782639492832e-208,6.442286605933586e-31
gaussian,400,1,vanLeer_SSPRK2,146.25,0,8.6188203433280492e-212,3.1282130033159752e-31
gaussian,400,1,vanLeer_SSPRK2,146.75,0,5.4362781113090602e-215,1.5111918529091923e-31
gaussian,400,1,vanLeer_SSPRK2,147.25,0,3.2437818404201462e-218,7.2630360222092545e-32
gaussian,400,1,vanLeer_SSPRK2,147.75,0,1.8310382879326304e-221,3.4729643481964595e-32
gaussian,400,1,vanLeer_SSPRK2,148.25,0,9.7777452307610052e-225,1.6522438245016051e-32
gaussian,400,1,vanLeer_SSPRK2,148.75,0,4.9394114690073506e-228,7.8207376327921069e-33
gaussian,400,1,vanLeer_SSPRK2,149.25,0,2.3605140557182057e-231,3.683231990091001e-33
gaussian,400,1,vanLeer_SSPRK2,149.75,0,1.0671674647092527e-234,1.7259418132920034e-33
gaussian,400,1,vanLeer_SSPRK2,150.25,0,4.5640760406601197e-238,8.0472374541577032e-34
gaussian,400,1,vanLeer_SSPRK2,150.75,0,1.8465760180528026e-241,3.7333514405797416e-34
gaussian,400,1,vanLeer_SSPRK2,151.25,0,7.0676535757225397e-245,1.7234157465046205e-34
gaussian,400,1,vanLeer_SSPRK2,151.75,0,2.5590382982320149e-248,7.9164054296706252e-35
gaussian,400,1,vanLeer_SSPRK2,152.25,0,8.7653954508192737e-252,3.6184317449305061e-35
gaussian,400,1,vanLeer_SSPRK2,152.75,0,2.840267037654652e-255,1.6457908994140945e-35
gaussian,400,1,vanLeer_SSPRK2,153.25,0,8.7064177757326062e-259,7.4490056769463606e-36
gaussian,400,1,vanLeer_SSPRK2,153.75,0,2.524714327289028e-262,3.3550479159166252e-36
gaussian,400,1,vanLeer_SSPRK2,154.25,0,6.9259148259432187e-266,1.5037763553519363e-36
gaussian,400,1,vanLeer_SSPRK2,154.75,0,1.7973553963570837e-269,6.7074762655374635e-37
gaussian,400,1,vanLeer_SSPRK2,155.25,0,4.4124768654730575e-273,2.9773754628172417e-37
gaussian,400,1,vanLeer_SSPRK2,155.75,0,1.0247604389836399e-276,1.3152665294905981e-37
gaussian,400,1,vanLeer_SSPRK2,156.25,0,2.2514041032861653e-280,5.7823810401569497e-38
gaussian,400,1,vanLeer_SSPRK2,156.75,0,4.6792421069904345e-284,2.529993635179384e-38
gaussian,400,1,vanLeer_SSPRK2,157.25,0,9.2000102867270423e-288,1.1016886603937659e-38
gaussian,400,1,vanLeer_SSPRK2,157.75,0,1.7111639375053288e-291,4.7745444660757957e-39
gaussian,400,1,vanLeer_SSPRK2,158.25,0,3.0108229277994623e-295,2.0594224344883614e-39
gaussian,400,1,vanLeer_SSPRK2,158.75,0,5.0115132566242844e-299,8.8410965042029571e-40
gaussian,400,1,vanLeer_SSPRK2,159.25,0,7.8911884176621055e-303,3.7776412939107208e-40
gaussian,400,1,vanLeer_SSPRK2,159.75,0,1.1754538816431203e-306,1.6065558841107583e-40
gaussian,400,1,vanLeer_SSPRK2,160.25,0,1.6563733026719762e-310,6.8004565661338265e-41
gaussian,400,1,vanLeer_SSPRK2,160.75,0,2.2080052079334144e-314,2.8651933876031384e-41
gaussian,400,1,vanLeer_SSPRK2,161.25,0,2.7843810569852211e-318,1.201572296292508e-41
gaussian,400,1,vanLeer_SSPRK2,161.75,0,3.4090529563046012e-322,5.015709494506102e-42
gaussian,400,1,vanLeer_SSPRK2,162.25,0,0,2.0840478729037644e-42
gaussian,400,1,vanLeer_SSPRK2,162.75,0,0,8.6195014177146875e-43
gaussian,400,1,vanLeer_SSPRK2,163.25,0,0,3.5486402255703546e-43
gaussian,400,1,vanLeer_SSPRK2,163.75,0,0,1.4542977942487184e-43
gaussian,400,1,vanLeer_SSPRK2,164.25,0,0,5.9328366347666418e-44
gaussian,400,1,vanLeer_SSPRK2,164.75,0,0,2.4093238028997667e-44
gaussian,400,1,vanLeer_SSPRK2,165.25,0,0,9.7399718531551562e-45
gaussian,400,1,vanLeer_SSPRK2,165.75,0,0,3.9197280781502542e-45
gaussian,400,1,vanLeer_SSPRK2,166.25,0,0,1.5703475825137308e-45
gaussian,400,1,vanLeer_SSPRK2,166.75,0,0,6.2630099950311199e-46
gaussian,400,1,vanLeer_SSPRK2,167.25,0,0,2.4867016514790374e-46
gaussian,400,1,vanLeer_SSPRK2,167.75,0,0,9.8293154190900719e-47
gaussian,400,1,vanLeer_SSPRK2,168.25,0,0,3.8680098132526858e-47
gaussian,400,1,vanLeer_SSPRK2,168.75,0,0,1.5153823143579451e-47
gaussian,400,1,vanLeer_SSPRK2,169.25,0,0,5.9106168490766605e-48
gaussian,400,1,vanLeer_SSPRK2,169.75,0,0,2.2952230183202486e-48
gaussian,400,1,vanLeer_SSPRK2,170.25,0,0,8.8736839949705008e-49
gaussian,400,1,vanLeer_SSPRK2,170.75,0,0,3.4156664762299469e-49
gaussian,400,1,vanLeer_SSPRK2,171.25,0,0,1.3090154820740342e-49
gaussian,400,1,vanLeer_SSPRK2,171.75,0,0,4.9947905917752255e-50
gaussian,400,1,vanLeer_SSPRK2,172.25,0,0,1.8975720026824481e-50
gaussian,400,1,vanLeer_SSPRK2,172.75,0,0,7.1778267879498718e-51
gaussian,400,1,vanLeer_SSPRK2,173.25,0,0,2.7033770442735677e-51
gaussian,400,1,vanLeer_SSPRK2,173.75,0,0,1.013781514224662e-51
gaussian,400,1,vanLeer_SSPRK2,174.25,0,0,3.7853960717219311e-52
gaussian,400,1,vanLeer_SSPRK2,174.75,0,0,1.4073838681040959e-52
gaussian,400,1,vanLeer_SSPRK2,175.25,0,0,5.2101846705418953e-53
gaussian,400,1,vanLeer_SSPRK2,175.75,0,0,1.9206045389419142e-53
gaussian,400,1,vanLeer_SSPRK2,176.25,0,0,7.0497222462515427e-54
gaussian,400,1,vanLeer_SSPRK2,176.75,0,0,2.5766781523412949e-54
gaussian,400,1,vanLeer_SSPRK2,177.25,0,0,9.3779368760121386e-55
gaussian,400,1,vanLeer_SSPRK2,177.75,0,0,3.3987420282282289e-55
gaussian,400,1,vanLeer_SSPRK2,178.25,0,0,1.2265849410517312e-55
gaussian,400,1,vanLeer_SSPRK2,178.75,0,0,4.408088504189999e-56
gaussian,400,1,vanLeer_SSPRK2,179.25,0,0,1.5775419335138216e-56
gaussian,400,1,vanLeer_SSPRK2,179.75,0,0,5.6220420108312921e-57
gaussian,400,1,vanLeer_SSPRK2,180.25,0,0,1.9952367036927111e-57
gaussian,400,1,vanLeer_SSPRK2,180.75,0,0,7.0515807761405998e-58
gaussian,400,1,vanLeer_SSPRK2,181.25,0,0,2.4818457289050713e-58
gaussian,400,1,vanLeer_SSPRK2,181.75,0,0,8.6988890892081261e-59
gaussian,400,1,vanLeer_SSPRK2,182.25,0,0,3.0363928239767452e-59
gaussian,400,1,vanLeer_SSPRK2,182.75,0,0,1.0555083394536475e-59
gaussian,400,1,vanLeer_SSPRK2,183.25,0,0,3.6540904329676893e-60
gaussian,400,1,vanLeer_SSPRK2,183.75,0,0,1.2598392797921337e-60
gaussian,400,1,vanLeer_SSPRK2,184.25,0,0,4.3258704932757297e-61
gaussian,400,1,vanLeer_SSPRK2,184.75,0,0,1.4793081283132414e-61
gaussian,400,1,vanLeer_SSPRK2,185.25,0,0,5.0381923505433429e-62
gaussian,400,1,vanLeer_SSPRK2,185.75,0,0,1.7089367444018344e-62
gaussian,400,1,vanLeer_SSPRK2,186.25,0,0,5.7731987692866311e-63
gaussian,400,1,vanLeer_SSPRK2,186.75,0,0,1.9424525194075202e-63
gaussian,400,1,vanLeer_SSPRK2,187.25,0,0,6.5092620614636328e-64
gaussian,400,1,vanLeer_SSPRK2,187.75,0,0,2.1725239512119804e-64
gaussian,400,1,vanLeer_SSPRK2,188.25,0,0,7.2219230282286619e-65
gaussian,400,1,vanLeer_SSPRK2,188.75,0,0,2.3911155427228728e-65
gaussian,400,1,vanLeer_SSPRK2,189.25,0,0,7.8851801327811895e-66
gaussian,400,1,vanLeer_SSPRK2,189.75,0,0,2.5899412674027351e-66
gaussian,400,1,vanLeer_SSPRK2,190.25,0,0,8.4730410241210142e-67
gaussian,400,1,vanLeer_SSPRK2,190.75,0,0,2.7609823035114514e-67
gaussian,400,1,vanLeer_SSPRK2,191.25,0,0,8.9612098510814567e-68
gaussian,400,1,vanLeer_SSPRK2,191.75,0,0,2.8970243159050771e-68
gaussian,400,1,vanLeer_SSPRK2,192.25,0,0,9.3287579873639487e-69
gaussian,400,1,vanLeer_SSPRK2,192.75,0,0,2.9921640354992247e-69
gaussian,400,1,vanLeer_SSPRK2,193.25,0,0,9.5596175474424022e-70
gaussian,400,1,vanLeer_SSPRK2,193.75,0,0,3.0422353841810586e-70
gaussian,400,1,vanLeer_SSPRK2,194.25,0,0,9.6437486644648806e-71
gaussian,400,1,vanLeer_SSPRK2,194.75,0,0,3.0451121680195062e-71
gaussian,400,1,vanLeer_SSPRK2,195.25,0,0,9.5778621883728695e-72
gaussian,400,1,vanLeer_SSPRK2,195.75,0,0,3.0008566976385626e-72
gaussian,400,1,vanLeer_SSPRK2,196.25,0,0,9.3656255223141118e-73
gaussian,400,1,vanLeer_SSPRK2,196.75,0,0,2.9116999977381245e-73
gaussian,400,1,vanLeer_SSPRK2,197.25,0,0,9.0173345933596844e-74
gaussian,400,1,vanLeer_SSPRK2,197.75,0,0,2.7818573199271215e-74
gaussian,400,1,vanLeer_SSPRK2,198.25,0,0,8.549091871145607e-75
gaussian,400,1,vanLeer_SSPRK2,198.75,0,0,2.6172000005967607e-75
gaussian,400,1,vanLeer_SSPRK2,199.25,0,0,7.9815811683604169e-76
gaussian,400,1,vanLeer_SSPRK2,199.75,0,0,2.4248189908450728e-76
gaussian,400,2,vanLeer_FE,0.25,2.9674496460687887e-43,1.1754538816431203e-306,1.0237548074169983e-98
gaussian,400,2,vanLeer_FE,0.75,7.7671847010728729e-42,7.8911884176621055e-303,1.9742218744731365e-96
gaussian,400,2,vanLeer_FE,1.25,1.9234772699037504e-40,5.0115132566242844e-299,1.9291595598631908e-94
gaussian,400,2,vanLeer_FE,1.75,4.5066579469365438e-39,3.0108229277994623e-295,1.2773096994493315e-92
gaussian,400,2,vanLeer_FE,2.25,9.9900396552230441e-38,1.7111639375053288e-291,6.4674143183760457e-91
gaussian,400,2,vanLeer_FE,2.75,2.0952018778669732e-36,9.2000102867270423e-288,2.6804893620568336e-89
gaussian,400,2,vanLeer_FE,3.25,4.1574932920676779e-35,4.6792421069904345e-284,9.5067833819697438e-88
gaussian,400,2,vanLeer_FE,3.75,7.8052215654120522e-34,2.2514041032861653e-280,2.9779648443274226e-86
gaussian,400,2,vanLeer_FE,4.25,1.3863978914236671e-32,1.0247604389836399e-276,8.4357997984706522e-85
gaussian,400,2,vanLeer_FE,4.75,2.3299172556753034e-31,4.4124768654730575e-273,2.2001808532708352e-83
gaussian,400,2,vanLeer_FE,5.25,3.7046232122636381e-30,1.7973553963570837e-269,5.3559100202510421e-82
gaussian,400,2,vanLeer_FE,5.75,5.5731343030240402e-29,6.9259148259432187e-266,1.2292644599419365e-80
gaussian,400,2,vanLeer_FE,6.25,7.9324597368587958e-28,2.524714327289028e-262,2.6795255735418674e-79
gaussian,400,2,vanLeer_FE,6.75,1.0682431775721122e-26,8.7064177757326062e-259,5.5753328180460057e-78
gaussian,400,2,vanLeer_FE,7.25,1.3610912551087849e-25,2.840267037654652e-255,1.1111371642388609e-76
gaussian,400,2,vanLeer_FE,7.75,1.6408172091638449e-24,8.7653954508192737e-252,2.1258426986002697e-75
gaussian,400,2,vanLeer_FE,8.25,1.8715006371449644e-23,2.5590382982320149e-248,3.9103344432930633e-74
gaussian,400,2,vanLeer_FE,8.75,2.0196566623325172e-22,7.0676535757225397e-245,6.9225131686129714e-73
gaussian,400,2,vanLeer_FE,9.25,2.0621671839623482e-21,1.8465760180528026e-241,1.1803413823963284e-71
gaussian,400,2,vanLeer_FE,9.75,1.9921861502908032e-20,4.5640760406601197e-238,1.939563609684811e-70
gaussian,400,2,vanLeer_FE,10.25,1.8209442012348391e-19,1.0671674647092527e-234,3.0730837389758942e-69
gaussian,400,2,vanLeer_FE,10.75,1.574798474153022e-18,2.3605140557182057e-231,4.69699801085522e-68
gaussian,400,2,vanLeer_FE,11.25,1.2885933928463541e-17,4.9394114690073506e-228,6.9284025710985008e-67
gaussian,400,2,vanLeer_FE,11.75,9.9763187299063161e-17,9.7777452307610052e-225,9.8672923521388245e-66
gaussian,400,2,vanLeer_FE,12.25,7.3078421136059479e-16,1.8310382879326304e-221,1.3573660079990292e-64
gaussian,400,2,vanLeer_FE,12.75,5.0649286703574024e-15,3.2437818404201462e-218,1.804303532148967e-63
gaussian,400,2,vanLeer_FE,13.25,3.32141965274349e-14,5.4362781113090602e-215,2.3185340003189599e-62
gaussian,400,2,vanLeer_FE,13.75,2.0608258731883101e-13,8.6188203433280492e-212,2.8812713616006679e-61
gaussian,400,2,vanLeer_FE,14.25,1.2098369706947906e-12,1.2926782639492832e-208,3.4641349683838055e-60
gaussian,400,2,vanLeer_FE,14.75,6.720185704095718e-12,1.8341288841093893e-205,4.0310192057800922e-59
gaussian,400,2,vanLeer_FE,15.25,3.5318757270266376e-11,2.4618771352528383e-202,4.541588054446833e-58
gaussian,400,2,vanLeer_FE,15.75,1.7563056663586188e-10,3.1260819659708616e-199,4.9559445629022447e-57
gaussian,400,2,vanLeer_FE,16.25,8.2635404032736578e-10,3.7551920776900123e-196,5.2397075692991693e-56
gaussian,400,2,vanLeer_FE,16.75,3.6787846732318305e-09,4.2673878181510019e-193,5.3685860429844223e-55
gaussian,400,2,vanLeer_FE,17.25,1.549585421550539e-08,4.5876533240074568e-190,5.3316242614912911e-54
gaussian,400,2,vanLeer_FE,17.75,6.1759016924693913e-08,4.6657123372592864e-187,5.1325686114443095e-53
gaussian,400,2,vanLeer_FE,18.25,2.3289473156464855e-07,4.4889481261414988e-184,4.7891851475172029e-52
gaussian,400,2,vanLeer_FE,18.75,8.3098676871119177e-07,4.0857412073436646e-181,4.3307263930414939e-51
gaussian,400,2,vanLeer_FE,19.25,2.805462080291371e-06,3.5180106454759892e-178,3.7940294734614678e-50
gaussian,400,2,vanLeer_FE,19.75,8.9617168578499812e-06,2.865654733798599e-175,3.21889897892793e-49
gaussian,400,2,vanLeer_FE,20.25,2.7086644187709968e-05,2.2082660613823784e-172,2.6434913152356461e-48
gaussian,400,2,vanLeer_FE,20.75,7.7463475660144112e-05,1.6098305307890998e-169,2.1003783911235577e-47
gaussian,400,2,vanLeer_FE,21.25,0.00020961248401428069,1.110223877799716e-166,1.6138250220900635e-46
gaussian,400,2,vanLeer_FE,21.75,0.0005366810613521174,7.2434093904405302e-164,1.1985735624548395e-45
gaussian,400,2,vanLeer_FE,22.25,0.0013001543065751825,4.4707253843875347e-161,8.6013006555885827e-45
gaussian,400,2,vanLeer_FE,22.75,0.0029802558349892572,2.6104530553256889e-158,5.9626078330683849e-44
gaussian,400,2,vanLeer_FE,23.25,0.0064638713079587205,1.4419730959227927e-155,3.9921450921794339e-43
gaussian,400,2,vanLeer_FE,23.75,0.01326516998770776,7.535329658772136e-153,2.5813341106927096e-42
gaussian,400,2,vanLeer_FE,24.25,0.025758129949459849,3.7252176024985683e-150,1.6119915343058126e-41
gaussian,400,2,vanLeer_FE,24.75,0.047325763517469137,1.7422312350615947e-147,9.7233120041090005e-41
gaussian,400,2,vanLeer_FE,25.25,0.082274089358194719,7.7084166646794762e-145,5.6661223726607185e-40
gaussian,400,2,vanLeer_FE,25.75,0.13533528095565894,3.2264897539639332e-142,3.190769232661037e-39
gaussian,400,2,vanLeer_FE,26.25,0.21064044631089568,1.2776197474953692e-139,1.7369414145651761e-38
gaussian,400,2,vanLeer_FE,26.75,0.31020983760828968,4.7860767762647408e-137,9.1436230116586735e-38
gaussian,400,2,vanLeer_FE,27.25,0.43226758151908995,1.6961526594972429e-134,4.6566538600869316e-37
gaussian,400,2,vanLeer_FE,27.750000000000004,0.5699454223917918,5.6866692041863252e-132,2.2953213514238223e-36
gaussian,400,2,vanLeer_FE,28.25,0.71104575448692675,1.8036791093263672e-129,1.0955374841865938e-35
gaussian,400,2,vanLeer_FE,28.749999999999996,0.83935491180663779,5.4121447561387576e-127,5.0656080739981818e-35
gaussian,400,2,vanLeer_FE,29.25,0.93751373301239194,1.5363455249679772e-124,2.2702131032160665e-34
gaussian,400,2,vanLeer_FE,29.75,0.99081739365772359,4.1258964063751506e-122,9.8660702807503175e-34
gaussian,400,2,vanLeer_FE,30.25,0.99081739365772359,1.0482339688612536e-119,4.1598369460960657e-33
gaussian,400,2,vanLeer_FE,30.75,0.93751373301239227,2.5194700779047881e-117,1.7024477075571551e-32
gaussian,400,2,vanLeer_FE,31.25,0.83935491180663835,5.7289077838712314e-115,6.7662074977613556e-32
gaussian,400,2,vanLeer_FE,31.75,0.71104575448692653,1.2323858534232878e-112,2.6127426628990354e-31
gaussian,400,2,vanLeer_FE,32.25,0.56994542239179147,2.5080398224404083e-110,9.8068590134905809e-31
gaussian,400,2,vanLeer_FE,32.75,0.43226758151908928,4.8287599568741481e-108,3.5796730451140659e-30
gaussian,400,2,vanLeer_FE,33.25,0.31020983760828968,8.7953048135199631e-106,1.2712493756424822e-29
gaussian,400,2,vanLeer_FE,33.75,0.21064044631089568,1.5155870917754113e-103,4.3942157006881522e-29
gaussian,400,2,vanLeer_FE,34.25,0.13533528095565894,2.4707355778510861e-101,1.4790395445808271e-28
gaussian,400,2,vanLeer_FE,34.75,0.082274089358194719,3.8105499903839356e-99,4.8495986000857231e-28
gaussian,400,2,vanLeer_FE,35.25,0.047325763517469137,5.5598841967139978e-97,1.5496528098324479e-27
gaussian,400,2,vanLeer_FE,35.75,0.025758129949459849,7.6746961744397911e-95,4.8276511867470735e-27
gaussian,400,2,vanLeer_FE,36.25,0.01326516998770776,1.0022468169693816e-92,1.4668164680224405e-26
gaussian,400,2,vanLeer_FE,36.75,0.0064638713079587205,1.2382459711806558e-90,4.3482553339424013e-26
gaussian,400,2,vanLeer_FE,37.25,0.0029802558349892572,1.4473001645291398e-88,1.258085383810653e-25
gaussian,400,2,vanLeer_FE,37.75,0.0013001543065751825,1.6004070856991646e-86,3.5539645260156812e-25
gaussian,400,2,vanLeer_FE,38.25,0.0005366810613521174,1.674261198243687e-84,9.8055462722259615e-25
gaussian,400,2,vanLeer_FE,38.75,0.00020961248401428069,1.6570575394038535e-82,2.6431997336817222e-24
gaussian,400,2,vanLeer_FE,39.25,7.7463475660144112e-05,1.5515806073559298e-80,6.9634982062214022e-24
gaussian,400,2,vanLeer_FE,39.75,2.7086644187709968e-05,1.3744667287824868e-78,1.7934954860007539e-23
gaussian,400,2,vanLeer_FE,40.25,8.9617168578499812e-06,1.151908605840987e-76,4.5173200416487454e-23
gaussian,400,2,vanLeer_FE,40.75,2.805462080291371e-06,9.1332741774944847e-75,1.1130076523681789e-22
gaussian,400,2,vanLeer_FE,41.25,8.3098676871119177e-07,6.8511020544828789e-73,2.6833531490406762e-22
gaussian,400,2,vanLeer_FE,41.75,2.3289473156464855e-07,4.8620637210248339e-71,6.332022630109138e-22
gaussian,400,2,vanLeer_FE,42.25,6.1759016924693913e-08,3.264434297492065e-69,1.4628898199532012e-21
gaussian,400,2,vanLeer_FE,42.75,1.549585421550539e-08,2.0735910640506034e-67,3.3098027113163967e-21
gaussian,400,2,vanLeer_FE,43.25,3.6787846732318305e-09,1.2461405151221231e-65,7.335472520642958e-21
gaussian,400,2,vanLeer_FE,43.75,8.2635404032736578e-10,7.0850102165086812e-64,1.592946839624856e-20
gaussian,400,2,vanLeer_FE,44.25,1.7563056663586188e-10,3.8110474312064361e-62,3.3902449480221708e-20
gaussian,400,2,vanLeer_FE,44.75,3.5318757270266376e-11,1.9394540397384177e-60,7.0733435891987607e-20
gaussian,400,2,vanLeer_FE,45.25,6.720185704095718e-12,9.3378471821560134e-59,1.4470636305587611e-19
gaussian,400,2,vanLeer_FE,45.75,1.2098369706947906e-12,4.2535058912334405e-57,2.9035093308628133e-19
gaussian,400,2,vanLeer_FE,46.25,2.0608258731883101e-13,1.8330790986179901e-55,5.7152267511716707e-19
gaussian,400,2,vanLeer_FE,46.75,3.32141965274349e-14,7.473949432002463e-54,1.1038723232543548e-18
gaussian,400,2,vanLeer_FE,47.25,5.0649286703574024e-15,2.8830673534146148e-52,2.0925634736631161e-18
gaussian,400,2,vanLeer_FE,47.75,7.3078421136059479e-16,1.0521944676303421e-50,3.894136130689621e-18
gaussian,400,2,vanLeer_FE,48.25,9.9763187299063161e-17,3.6330782212603504e-49,7.1156378213329328e-18
gaussian,400,2,vanLeer_FE,48.75,1.2885933928463541e-17,1.1868392918202003e-47,1.2769791540295805e-17
gaussian,400,2,vanLeer_FE,49.25,1.574798474153022e-18,3.6681614880766029e-46,2.2512201086848428e-17
gaussian,400,2,vanLeer_FE,49.75,1.8209442012348391e-19,1.0726184913763865e-44,3.8995406827078611e-17
gaussian,400,2,vanLeer_FE,50.25,1.9921861502908032e-20,2.9674496460687887e-43,6.6384729417010188e-17
gaussian,400,2,vanLeer_FE,50.75,2.0621671839623482e-21,7.7671847010728729e-42,1.1109163249801387e-16
gaussian,400,2,vanLeer_FE,51.25,2.0196566623325172e-22,1.9234772699037504e-40,1.8279069799063567e-16
gaussian,400,2,vanLeer_FE,51.75,1.8715006371449644e-23,4.5066579469365438e-39,2.957946638567293e-16
gaussian,400,2,vanLeer_FE,52.25,1.6408172091638449e-24,9.9900396552230441e-38,4.7086636309634479e-16
gaussian,400,2,vanLeer_FE,52.75,1.3610912551087849e-25,2.0952018778669732e-36,7.3754471485621155e-16
gaussian,400,2,vanLeer_FE,53.25,1.0682431775721122e-26,4.1574932920676779e-35,1.1370522904719678e-15
gaussian,400,2,vanLeer_FE,53.75,7.9324597368587958e-28,7.8052215654120522e-34,1.7258333059827397e-15
gaussian,400,2,vanLeer_FE,54.25,5.5731343030239449e-29,1.3863978914236972e-32,2.5797433688729029e-15
gaussian,400,2,vanLeer_FE,54.750000000000007,3.7046232122634539e-30,2.329917255675422e-31,3.7988778099395507e-15
gaussian,400,2,vanLeer_FE,55.250000000000007,2.3299172556752342e-31,3.7046232122637783e-30,5.5129876053511955e-15
gaussian,400,2,vanLeer_FE,55.750000000000007,1.3863978914236129e-32,5.5731343030242554e-29,7.8873957644465947e-15
gaussian,400,2,vanLeer_FE,56.25,7.8052215654118452e-34,7.9324597368586648e-28,1.1129298159674301e-14
gaussian,400,2,vanLeer_FE,56.749999999999993,4.1574932920679029e-35,1.0682431775720784e-26,1.5494315914537679e-14
gaussian,400,2,vanLeer_FE,57.249999999999993,2.09520187786704e-36,1.3610912551087358e-25,2.1293164397688633e-14
gaussian,400,2,vanLeer_FE,57.749999999999993,9.9900396552234596e-38,1.6408172091637804e-24,2.8898316197086732e-14
gaussian,400,2,vanLeer_FE,58.25,4.5066579469367624e-39,1.8715006371449415e-23,3.8750557984493626e-14
gaussian,400,2,vanLeer_FE,58.75,1.9234772699037504e-40,2.0196566623325172e-22,5.1365365831499154e-14
gaussian,400,2,vanLeer_FE,59.25,7.7671847010728729e-42,2.0621671839623482e-21,6.733903842450721e-14
gaussian,400,2,vanLeer_FE,59.75,2.9674496460687887e-43,1.9921861502908032e-20,8.7354516990574137e-14
gaussian,400,2,vanLeer_FE,60.25,1.0726184913763865e-44,1.8209442012348391e-19,1.1218676401355329e-13
gaussian,400,2,vanLeer_FE,60.75,3.6681614880766029e-46,1.574798474153022e-18,1.4270744220224465e-13
gaussian,400,2,vanLeer_FE,61.25,1.1868392918202003e-47,1.2885933928463541e-17,1.7988839141755718e-13
gaussian,400,2,vanLeer_FE,61.75,3.6330782212603504e-49,9.9763187299063161e-17,2.2480298763400217e-13
gaussian,400,2,vanLeer_FE,62.25,1.0521944676303421e-50,7.3078421136059479e-16,2.7862380308191189e-13
gaussian,400,2,vanLeer_FE,62.75,2.8830673534146148e-52,5.0649286703574024e-15,3.4261395523261061e-13
gaussian,400,2,vanLeer_FE,63.25,7.473949432002463e-54,3.32141965274349e-14,4.181079650522001e-13
gaussian,400,2,vanLeer_FE,63.75,1.8330790986179901e-55,2.0608258731883101e-13,5.0647557734122451e-13
gaussian,400,2,vanLeer_FE,64.25,4.2535058912334405e-57,1.2098369706947906e-12,6.0905854053721202e-13
gaussian,400,2,vanLeer_FE,64.75,9.3378471821560134e-59,6.720185704095718e-12,7.2706645851344144e-13
gaussian,400,2,vanLeer_FE,65.25,1.9394540397384177e-60,3.5318757270266376e-11,8.6141837143930175e-13
gaussian,400,2,vanLeer_FE,65.75,3.8110474312064361e-62,1.7563056663586188e-10,1.0125335572815798e-12
gaussian,400,2,vanLeer_FE,66.25,7.0850102165086812e-64,8.2635404032736578e-10,1.1801144744007172e-12
gaussian,400,2,vanLeer_FE,66.75,1.2461405151221231e-65,3.6787846732318305e-09,1.3629959443999136e-12
gaussian,400,2,vanLeer_FE,67.25,2.0735910640506034e-67,1.549585421550539e-08,1.5591152784711043e-12
gaussian,400,2,vanLeer_FE,67.75,3.264434297492065e-69,6.1759016924693913e-08,1.7656705521147171e-12
gaussian,400,2,vanLeer_FE,68.25,4.8620637210248339e-71,2.3289473156464855e-07,1.9796847458045014e-12
gaussian,400,2,vanLeer_FE,68.75,6.8511020544828789e-73,8.3098676871119177e-07,2.1990020108370412e-12
gaussian,400,2,vanLeer_FE,69.25,9.1332741774944847e-75,2.805462080291371e-06,2.4225125849455005e-12
gaussian,400,2,vanLeer_FE,69.75,1.151908605840987e-76,8.9617168578499812e-06,2.6479767089197805e-12
gaussian,400,2,vanLeer_FE,70.25,1.3744667287824868e-78,2.7086644187709968e-05,2.87061348188978e-12
gaussian,400,2,vanLeer_FE,70.75,1.5515806073559298e-80,7.7463475660144112e-05,3.0909468989458739e-12
gaussian,400,2,vanLeer_FE,71.25,1.6570575394038535e-82,0.00020961248401428069,3.3259079722967196e-12
gaussian,400,2,vanLeer_FE,71.75,1.674261198243687e-84,0.0005366810613521174,3.5860001583195713e-12
gaussian,400,2,vanLeer_FE,72.25,1.6004070856991646e-86,0.0013001543065751825,3.820277281908499e-12
gaussian,400,2,vanLeer_FE,72.75,1.4473001645291398e-88,0.0029802558349892572,4.031532349554974e-12
gaussian,400,2,vanLeer_FE,73.25,1.2382459711806558e-90,0.0064638713079587205,5.2358097623563868e-12
gaussian,400,2,vanLeer_FE,73.75,1.0022468169693816e-92,0.01326516998770776,3.5024374097796236e-11
gaussian,400,2,vanLeer_FE,74.25,7.6746961744397911e-95,0.025758129949459849,9.8765951132376274e-10
gaussian,400,2,vanLeer_FE,74.75,5.5598841967139978e-97,0.047325763517469137,3.2265004794816972e-08
gaussian,400,2,vanLeer_FE,75.25,3.8105499903839356e-99,0.082274089358194719,1.0617448328786691e-06
gaussian,400,2,vanLeer_FE,75.75,2.4707355778510861e-101,0.13533528095565894,3.4920548231303803e-05
gaussian,400,2,vanLeer_FE,76.25,1.5155870917754113e-103,0.21064044631089568,0.0011351932824068319
gaussian,400,2,vanLeer_FE,76.75,8.7953048135199631e-106,0.31020983760828968,0.032468937902408429
gaussian,400,2,vanLeer_FE,77.25,4.8287599568741481e-108,0.43226758151908928,0.39629875566588046
gaussian,400,2,vanLeer_FE,77.75,2.5080398224404083e-110,0.56994542239179147,0.93265537729173076
gaussian,400,2,vanLeer_FE,78.25,1.2323858534232878e-112,0.71104575448692653,0.98851651094148141
gaussian,400,2,vanLeer_FE,78.75,5.7289077838712314e-115,0.83935491180663835,0.9885969022595964
gaussian,400,2,vanLeer_FE,79.25,2.5194700779047881e-117,0.93751373301239227,0.98859690224774344
gaussian,400,2,vanLeer_FE,79.75,1.0482339688612536e-119,0.99081739365772359,0.98859690011160062
gaussian,400,2,vanLeer_FE,80.25,4.1258964063751506e-122,0.99081739365772359,0.98859682725007525
gaussian,400,2,vanLeer_FE,80.75,1.5363455249679772e-124,0.93751373301239227,0.98859442452276824
gaussian,400,2,vanLeer_FE,81.25,5.4121447561387576e-127,0.83935491180663835,0.98851546494215858
gaussian,400,2,vanLeer_FE,81.75,1.8036791093263672e-129,0.71104575448692653,0.98597682108736073
gaussian,400,2,vanLeer_FE,82.25,5.6866692041863252e-132,0.56994542239179147,0.92088370085581972
gaussian,400,2,vanLeer_FE,82.75,1.6961526594972429e-134,0.43226758151908928,0.42646933660447806
gaussian,400,2,vanLeer_FE,83.25,4.7860767762647408e-137,0.31020983760828968,0.018779102180462304
gaussian,400,2,vanLeer_FE,83.75,1.2776197474953692e-139,0.21064044631089568,5.9325591961260609e-06
gaussian,400,2,vanLeer_FE,84.25,3.2264897539639332e-142,0.13533528095565894,6.1862338120010842e-12
gaussian,400,2,vanLeer_FE,84.75,7.7084166646794762e-145,0.082274089358194719,6.0132392170060945e-12
gaussian,400,2,vanLeer_FE,85.25,1.7422312350615947e-147,0.047325763517469137,5.9191298484960976e-12
gaussian,400,2,vanLeer_FE,85.75,3.7252176024985683e-150,0.025758129949459849,5.7913611731901078e-12
gaussian,400,2,vanLeer_FE,86.25,7.535329658772136e-153,0.01326516998770776,5.6447913309881779e-12
gaussian,400,2,vanLeer_FE,86.75,1.4419730959227927e-155,0.0064638713079587205,5.4799998177430847e-12
gaussian,400,2,vanLeer_FE,87.25,2.6104530553256889e-158,0.0029802558349892572,5.2979950313658808e-12
gaussian,400,2,vanLeer_FE,87.75,4.4707253843875347e-161,0.0013001543065751825,5.1002799502967613e-12
gaussian,400,2,vanLeer_FE,88.25,7.2434093904405302e-164,0.0005366810613521174,4.8884023996618696e-12
gaussian,400,2,vanLeer_FE,88.75,1.110223877799716e-166,0.00020961248401428069,4.6640195741239183e-12
gaussian,400,2,vanLeer_FE,89.25,1.6098305307890998e-169,7.7463475660144112e-05,4.4288663670393578e-12
gaussian,400,2,vanLeer_FE,89.75,2.2082660613823784e-172,2.7086644187709968e-05,4.1847472350744103e-12
gaussian,400,2,vanLeer_FE,90.25,2.865654733798599e-175,8.9617168578499812e-06,3.9335354254940054e-12
gaussian,400,2,vanLeer_FE,90.75,3.5180106454759892e-178,2.805462080291371e-06,3.6771753949032831e-12
gaussian,400,2,vanLeer_FE,91.25,4.0857412073436646e-181,8.3098676871119177e-07,3.4176840473797289e-12
gaussian,400,2,vanLeer_FE,91.75,4.4889481261414988e-184,2.3289473156464855e-07,3.1571462979732577e-12
gaussian,400,2,vanLeer_FE,92.25,4.6657123372592864e-187,6.1759016924693913e-08,2.897701474746094e-12
gaussian,400,2,vanLeer_FE,92.75,4.5876533240074568e-190,1.549585421550539e-08,2.6415184364531696e-12
gaussian,400,2,vanLeer_FE,93.25,4.2673878181510019e-193,3.6787846732318305e-09,2.3907589253096511e-12
gaussian,400,2,vanLeer_FE,93.75,3.7551920776900123e-196,8.2635404032736578e-10,2.1475303790059861e-12
gaussian,400,2,vanLeer_FE,94.25,3.1260819659708616e-199,1.7563056663586188e-10,1.9138309877861414e-12
gaussian,400,2,vanLeer_FE,94.75,2.4618771352528383e-202,3.5318757270266376e-11,1.6914910112899453e-12
gaussian,400,2,vanLeer_FE,95.25,1.8341288841093893e-205,6.720185704095718e-12,1.4821151142402214e-12
gaussian,400,2,vanLeer_FE,95.75,1.2926782639492832e-208,1.2098369706947906e-12,1.2870306503003998e-12
gaussian,400,2,vanLeer_FE,96.25,8.6188203433280492e-212,2.0608258731883101e-13,1.1072464079577236e-12
gaussian,400,2,vanLeer_FE,96.75,5.4362781113090602e-215,3.32141965274349e-14,9.4342539995372486e-13
gaussian,400,2,vanLeer_FE,97.25,3.2437818404201462e-218,5.0649286703574024e-15,7.9587396515507163e-13
gaussian,400,2,vanLeer_FE,97.75,1.8310382879326304e-221,7.3078421136059479e-16,6.6454793859340883e-13
gaussian,400,2,vanLeer_FE,98.25,9.7777452307610052e-225,9.9763187299063161e-17,5.4907512452847649e-13
gaussian,400,2,vanLeer_FE,98.75,4.9394114690073506e-228,1.2885933928463541e-17,4.4879195564686827e-13
gaussian,400,2,vanLeer_FE,99.25,2.3605140557182057e-231,1.574798474153022e-18,3.6279117697362051e-13
gaussian,400,2,vanLeer_FE,99.75,1.0671674647092527e-234,1.8209442012348391e-19,2.8997674132448787e-13
gaussian,400,2,vanLeer_FE,100.25,4.5640760406602172e-238,1.9921861502908424e-20,2.2912187303743939e-13
gaussian,400,2,vanLeer_FE,100.75,1.8465760180530717e-241,2.0621671839624332e-21,1.789264245490315e-13
gaussian,400,2,vanLeer_FE,101.25,7.0676535757226893e-245,2.0196566623325658e-22,1.3807015001831131e-13
gaussian,400,2,vanLeer_FE,101.75,2.5590382982323944e-248,1.8715006371450632e-23,1.0525925717234931e-13
gaussian,400,2,vanLeer_FE,102.25,8.7653954508196459e-252,1.6408172091638786e-24,7.9264465386583614e-14
gaussian,400,2,vanLeer_FE,102.75,2.8402670376555085e-255,1.3610912551088474e-25,5.8949688928521026e-14
gaussian,400,2,vanLeer_FE,103.25,8.7064177757327922e-259,1.0682431775721348e-26,4.3291287429532238e-14
gaussian,400,2,vanLeer_FE,103.75,2.5247143272894142e-262,7.9324597368591832e-28,3.1388511733315457e-14
gaussian,400,2,vanLeer_FE,104.25,6.9259148259432187e-266,5.5731343030240402e-29,2.2466280046139921e-14
gaussian,400,2,vanLeer_FE,104.75,1.7973553963570837e-269,3.7046232122636381e-30,1.5871731799256335e-14
gaussian,400,2,vanLeer_FE,105.25,4.4124768654730575e-273,2.3299172556753034e-31,1.106613381336484e-14
gaussian,400,2,vanLeer_FE,105.75,1.0247604389836399e-276,1.3863978914236671e-32,7.6136823817220627e-15
gaussian,400,2,vanLeer_FE,106.25,2.2514041032861653e-280,7.8052215654120522e-34,5.1685940550674049e-15
gaussian,400,2,vanLeer_FE,106.75,4.6792421069904345e-284,4.1574932920676779e-35,3.4616496336389765e-15
gaussian,400,2,vanLeer_FE,107.25,9.2000102867270423e-288,2.0952018778669732e-36,2.2870906846335395e-15
gaussian,400,2,vanLeer_FE,107.75,1.7111639375053288e-291,9.9900396552230441e-38,1.4905001089421711e-15
gaussian,400,2,vanLeer_FE,108.25,3.0108229277994623e-295,4.5066579469365438e-39,9.5805347750840573e-16
gaussian,400,2,vanLeer_FE,108.75,5.0115132566240711e-299,1.9234772699036974e-40,6.0732224258793981e-16
gaussian,400,2,vanLeer_FE,109.25,7.8911884176594854e-303,7.7671847010722867e-42,3.796510078392469e-16
gaussian,400,2,vanLeer_FE,109.75,1.1754538816430952e-306,2.9674496460687058e-43,2.3401925830544527e-16
gaussian,400,2,vanLeer_FE,110.25,1.6563733026717291e-310,1.0726184913763019e-44,1.4222875177300716e-16
gaussian,400,2,vanLeer_FE,110.75,2.2080052079334144e-314,3.6681614880765345e-46,8.5223674762936635e-17
gaussian,400,2,vanLeer_FE,111.25,2.7843810569852211e-318,1.1868392918201357e-47,5.0343053614223363e-17
gaussian,400,2,vanLeer_FE,111.75,3.4090529563046012e-322,3.6330782212602471e-49,2.9315387249666886e-17
gaussian,400,2,vanLeer_FE,112.25,0,1.0521944676302521e-50,1.6826728549750209e-17
gaussian,400,2,vanLeer_FE,112.75,0,2.8830673534146975e-52,9.5197083380201396e-18
gaussian,400,2,vanLeer_FE,113.25,0,7.4739494320031271e-54,5.3081118295147067e-18
gaussian,400,2,vanLeer_FE,113.75,0,1.8330790986180433e-55,2.9169034868049829e-18
gaussian,400,2,vanLeer_FE,114.25,0,4.2535058912338327e-57,1.5795856825924068e-18
gaussian,400,2,vanLeer_FE,114.75,0,9.3378471821561956e-59,8.4290256215156072e-19
gaussian,400,2,vanLeer_FE,115.25,0,1.9394540397385407e-60,4.4319905032643896e-19
gaussian,400,2,vanLeer_FE,115.75,0,3.8110474312065483e-62,2.2960531648867889e-19
gaussian,400,2,vanLeer_FE,116.25,0,7.0850102165093802e-64,1.1719289143600418e-19
gaussian,400,2,vanLeer_FE,116.75,0,1.2461405151221231e-65,5.8929316969496325e-20
gaussian,400,2,vanLeer_FE,117.25,0,2.0735910640506034e-67,2.9190863403578385e-20
gaussian,400,2,vanLeer_FE,117.75,0,3.264434297492065e-69,1.4243685671063912e-20
gaussian,400,2,vanLeer_FE,118.25,0,4.8620637210248339e-71,6.8459244505911458e-21
gaussian,400,2,vanLeer_FE,118.75,0,6.8511020544828789e-73,3.2407854386806242e-21
gaussian,400,2,vanLeer_FE,119.25,0,9.1332741774944847e-75,1.5109525671422237e-21
gaussian,400,2,vanLeer_FE,119.75,0,1.151908605840987e-76,6.9375698234135278e-22
gaussian,400,2,vanLeer_FE,120.25,0,1.3744667287824868e-78,3.1368455312851564e-22
gaussian,400,2,vanLeer_FE,120.75,0,1.5515806073559298e-80,1.3966286950468152e-22
gaussian,400,2,vanLeer_FE,121.25,0,1.6570575394038199e-82,6.1227033823434852e-23
gaussian,400,2,vanLeer_FE,121.75,0,1.6742611982435561e-84,2.6427237900713513e-23
gaussian,400,2,vanLeer_FE,122.25,0,1.6004070856991157e-86,1.1229952877319498e-23
gaussian,400,2,vanLeer_FE,122.75,0,1.4473001645289649e-88,4.6977772163598356e-24
gaussian,400,2,vanLeer_FE,123.25,0,1.2382459711806176e-90,1.934484747921313e-24
gaussian,400,2,vanLeer_FE,123.75,0,1.0022468169692573e-92,7.8409020218945826e-25
gaussian,400,2,vanLeer_FE,124.25,0,7.6746961744396341e-95,3.1279750314390896e-25
gaussian,400,2,vanLeer_FE,124.75,0,5.5598841967135248e-97,1.228075398263158e-25
gaussian,400,2,vanLeer_FE,125.25,0,3.8105499903840143e-99,4.7448062772626402e-26
gaussian,400,2,vanLeer_FE,125.75,0,2.4707355778513018e-101,1.8038899391510459e-26
gaussian,400,2,vanLeer_FE,126.25,0,1.5155870917754581e-103,6.747847353010436e-27
gaussian,400,2,vanLeer_FE,126.75,0,8.7953048135211462e-106,2.4834123392316008e-27
gaussian,400,2,vanLeer_FE,127.25,0,4.8287599568742986e-108,8.991344126271468e-28
gaussian,400,2,vanLeer_FE,127.75,0,2.508039822440754e-110,3.2022521734679052e-28
gaussian,400,2,vanLeer_FE,128.25,0,1.2323858534232878e-112,1.1217693292722273e-28
gaussian,400,2,vanLeer_FE,128.75,0,5.7289077838712314e-115,3.8648244492601388e-29
gaussian,400,2,vanLeer_FE,129.25,0,2.5194700779047881e-117,1.3094660782550486e-29
gaussian,400,2,vanLeer_FE,129.75,0,1.0482339688612536e-119,4.3627077240554468e-30
gaussian,400,2,vanLeer_FE,130.25,0,4.1258964063751506e-122,1.4291357888724543e-30
gaussian,400,2,vanLeer_FE,130.75,0,1.5363455249679772e-124,4.602602867512265e-31
gaussian,400,2,vanLeer_FE,131.25,0,5.4121447561387576e-127,1.4571432721701522e-31
gaussian,400,2,vanLeer_FE,131.75,0,1.8036791093263672e-129,4.5344523568080736e-32
gaussian,400,2,vanLeer_FE,132.25,0,5.6866692041863252e-132,1.3868367371093418e-32
gaussian,400,2,vanLeer_FE,132.75,0,1.6961526594972429e-134,4.1682790532723955e-33
gaussian,400,2,vanLeer_FE,133.25,0,4.7860767762647408e-137,1.2310373058350732e-33
gaussian,400,2,vanLeer_FE,133.75,0,1.2776197474953692e-139,3.5720672937161488e-34
gaussian,400,2,vanLeer_FE,134.25,0,3.2264897539639332e-142,1.0182444270047116e-34
gaussian,400,2,vanLeer_FE,134.75,0,7.7084166646794762e-145,2.8511328425613707e-35
gaussian,400,2,vanLeer_FE,135.25,0,1.7422312350615947e-147,7.8408635898046879e-36
gaussian,400,2,vanLeer_FE,135.75,0,3.7252176024985683e-150,2.1175733351046372e-36
gaussian,400,2,vanLeer_FE,136.25,0,7.535329658772136e-153,5.6154853021809664e-37
gaussian,400,2,vanLeer_FE,136.75,0,1.4419730959227927e-155,1.4620279504387871e-37
gaussian,400,2,vanLeer_FE,137.25,0,2.6104530553256889e-158,3.7366982483415218e-38
gaussian,400,2,vanLeer_FE,137.75,0,4.4707253843875347e-161,9.3740656147563764e-39
gaussian,400,2,vanLeer_FE,138.25,0,7.2434093904405302e-164,2.3079078293878903e-39
gaussian,400,2,vanLeer_FE,138.75,0,1.110223877799716e-166,5.5757293524239184e-40
gaussian,400,2,vanLeer_FE,139.25,0,1.6098305307890998e-169,1.3216587195964379e-40
gaussian,400,2,vanLeer_FE,139.75,0,2.2082660613823784e-172,3.0733538247748837e-41
gaussian,400,2,vanLeer_FE,140.25,0,2.865654733798599e-175,7.0100674683911953e-42
gaussian,400,2,vanLeer_FE,140.75,0,3.5180106454759892e-178,1.5681542703778942e-42
gaussian,400,2,vanLeer_FE,141.25,0,4.0857412073436646e-181,3.439955020440815e-43
gaussian,400,2,vanLeer_FE,141.75,0,4.4889481261414988e-184,7.3986864319369073e-44
gaussian,400,2,vanLeer_FE,142.25,0,4.6657123372592864e-187,1.5600376140457252e-44
gaussian,400,2,vanLeer_FE,142.75,0,4.5876533240074568e-190,3.224298512565729e-45
gaussian,400,2,vanLeer_FE,143.25,0,4.2673878181510019e-193,6.5312591931431388e-46
gaussian,400,2,vanLeer_FE,143.75,0,3.7551920776900123e-196,1.296470868690593e-46
gaussian,400,2,vanLeer_FE,144.25,0,3.1260819659708616e-199,2.5216022980985111e-47
gaussian,400,2,vanLeer_FE,144.75,0,2.4618771352528383e-202,4.8048924015488518e-48
gaussian,400,2,vanLeer_FE,145.25,0,1.8341288841093893e-205,8.968731149343968e-49
gaussian,400,2,vanLeer_FE,145.75,0,1.2926782639492832e-208,1.6397125349089329e-49
gaussian,400,2,vanLeer_FE,146.25,0,8.6188203433280492e-212,2.9359276745508974e-50
gaussian,400,2,vanLeer_FE,146.75,0,5.4362781113090602e-215,5.1477598575182706e-51
gaussian,400,2,vanLeer_FE,147.25,0,3.2437818404201462e-218,8.8377975813131736e-52
gaussian,400,2,vanLeer_FE,147.75,0,1.8310382879326304e-221,1.4855380860132995e-52
gaussian,400,2,vanLeer_FE,148.25,0,9.7777452307610052e-225,2.444570474484581e-53
gaussian,400,2,vanLeer_FE,148.75,0,4.9394114690073506e-228,3.9379456187092163e-54
gaussian,400,2,vanLeer_FE,149.25,0,2.3605140557182057e-231,6.2095366951068546e-55
gaussian,400,2,vanLeer_FE,149.75,0,1.0671674647092527e-234,9.5840665513813617e-56
gaussian,400,2,vanLeer_FE,150.25,0,4.5640760406601197e-238,1.4478562092919795e-56
gaussian,400,2,vanLeer_FE,150.75,0,1.8465760180528026e-241,2.1407946539744379e-57
gaussian,400,2,vanLeer_FE,151.25,0,7.0676535757225397e-245,3.09807998055611e-58
gaussian,400,2,vanLeer_FE,151.75,0,2.5590382982320149e-248,4.3881074671171446e-59
gaussian,400,2,vanLeer_FE,152.25,0,8.7653954508192737e-252,6.0832049292294335e-60
gaussian,400,2,vanLeer_FE,152.75,0,2.840267037654652e-255,8.2540250646972825e-61
gaussian,400,2,vanLeer_FE,153.25,0,8.7064177757326062e-259,1.0961958604810998e-61
gaussian,400,2,vanLeer_FE,153.75,0,2.524714327289028e-262,1.4249934106320505e-62
gaussian,400,2,vanLeer_FE,154.25,0,6.9259148259432187e-266,1.8132364956720841e-63
gaussian,400,2,vanLeer_FE,154.75,0,1.7973553963570837e-269,2.2585387153929449e-64
gaussian,400,2,vanLeer_FE,155.25,0,4.4124768654730575e-273,2.7538821415044898e-65
gaussian,400,2,vanLeer_FE,155.75,0,1.0247604389836399e-276,3.2871406837046549e-66
gaussian,400,2,vanLeer_FE,156.25,0,2.2514041032861653e-280,3.8410724058900149e-67
gaussian,400,2,vanLeer_FE,156.75,0,4.6792421069904345e-284,4.3938822468286678e-68
gaussian,400,2,vanLeer_FE,157.25,0,9.2000102867270423e-288,4.9203906688740774e-69
gaussian,400,2,vanLeer_FE,157.75,0,1.7111639375053288e-291,5.3937595349404847e-70
gaussian,400,2,vanLeer_FE,158.25,0,3.0108229277994623e-295,5.7876361976840632e-71
gaussian,400,2,vanLeer_FE,158.75,0,5.0115132566242844e-299,6.0784957740045865e-72
gaussian,400,2,vanLeer_FE,159.25,0,7.8911884176621055e-303,6.2479058259278336e-73
gaussian,400,2,vanLeer_FE,159.75,0,1.1754538816431203e-306,6.2844204983480087e-74
gaussian,400,2,vanLeer_FE,160.25,0,1.6563733026719762e-310,6.1848401213866058e-75
gaussian,400,2,vanLeer_FE,160.75,0,2.2080052079334144e-314,5.9546467446882494e-76
gaussian,400,2,vanLeer_FE,161.25,0,2.7843810569852211e-318,5.6075363064178881e-77
gaussian,400,2,vanLeer_FE,161.75,0,3.4090529563046012e-322,5.1640963830290249e-78
gaussian,400,2,vanLeer_FE,162.25,0,0,4.649802043503437e-79
gaussian,400,2,vanLeer_FE,162.75,0,0,4.0925983668761967e-80
gaussian,400,2,vanLeer_FE,163.25,0,0,3.5203887740503769e-81
gaussian,400,2,vanLeer_FE,163.75,0,0,2.9587448070499593e-82
gaussian,400,2,vanLeer_FE,164.25,0,0,2.429097997006342e-83
gaussian,400,2,vanLeer_FE,164.75,0,0,1.947581151177887e-84
gaussian,400,2,vanLeer_FE,165.25,0,0,1.5245749945627528e-85
gaussian,400,2,vanLeer_FE,165.75,0,0,1.1649088674838454e-86
gaussian,400,2,vanLeer_FE,166.25,0,0,8.685801416524501e-88
gaussian,400,2,vanLeer_FE,166.75,0,0,6.3180807308533562e-89
gaussian,400,2,vanLeer_FE,167.25,0,0,4.4822702040053449e-90
gaussian,400,2,vanLeer_FE,167.75,0,0,3.1004623187252113e-91
gaussian,400,2,vanLeer_FE,168.25,0,0,2.0904805270542679e-92
gaussian,400,2,vanLeer_FE,168.75,0,0,1.3735055551451193e-93
gaussian,400,2,vanLeer_FE,169.25,0,0,8.791245369267249e-95
gaussian,400,2,vanLeer_FE,169.75,0,0,5.4799273654233199e-96
gaussian,400,2,vanLeer_FE,170.25,0,0,3.3255999905059783e-97
gaussian,400,2,vanLeer_FE,170.75,0,0,1.9642649306956078e-98
gaussian,400,2,vanLeer_FE,171.25,0,0,1.1288250522256147e-99
gaussian,400,2,vanLeer_FE,171.75,0,0,6.3097050383956496e-101
gaussian,400,2,vanLeer_FE,172.25,0,0,3.4292905088409009e-102
gaussian,400,2,vanLeer_FE,172.75,0,0,1.8116191549001432e-103
gaussian,400,2,vanLeer_FE,173.25,0,0,9.2992772833397159e-105
gaussian,400,2,vanLeer_FE,173.75,0,0,4.6366155562195919e-106
gaussian,400,2,vanLeer_FE,174.25,0,0,2.2447614371776382e-107
gaussian,400,2,vanLeer_FE,174.75,0,0,1.0548770469023116e-108
gaussian,400,2,vanLeer_FE,175.25,0,0,4.8099339031385525e-110
gaussian,400,2,vanLeer_FE,175.75,0,0,2.1272710953491876e-111
gaussian,400,2,vanLeer_FE,176.25,0,0,9.1220343081847358e-113
gaussian,400,2,vanLeer_FE,176.75,0,0,3.7912482929299637e-114
gaussian,400,2,vanLeer_FE,177.25,0,0,1.5266127010312775e-115
gaussian,400,2,vanLeer_FE,177.75,0,0,5.9533863281344399e-117
gaussian,400,2,vanLeer_FE,178.25,0,0,2.2475962274955257e-118
gaussian,400,2,vanLeer_FE,178.75,0,0,8.2114559078155996e-120
gaussian,400,2,vanLeer_FE,179.25,0,0,2.9019938874701522e-121
gaussian,400,2,vanLeer_FE,179.75,0,0,9.9168191175606627e-123
gaussian,400,2,vanLeer_FE,180.25,0,0,3.2754529794187634e-124
gaussian,400,2,vanLeer_FE,180.75,0,0,1.0452385915262301e-125
gaussian,400,2,vanLeer_FE,181.25,0,0,3.2212558244567771e-127
gaussian,400,2,vanLeer_FE,181.75,0,0,9.5834100787233235e-129
gaussian,400,2,vanLeer_FE,182.25,0,0,2.7511750677295986e-130
gaussian,400,2,vanLeer_FE,182.75,0,0,7.6179287499886647e-132
gaussian,400,2,vanLeer_FE,183.25,0,0,2.0337261758595852e-133
gaussian,400,2,vanLeer_FE,183.75,0,0,5.2323959922851293e-135
gaussian,400,2,vanLeer_FE,184.25,0,0,1.2968101314883609e-136
gaussian,400,2,vanLeer_FE,184.75,0,0,3.0948141389427099e-138
gaussian,400,2,vanLeer_FE,185.25,0,0,7.1086910346134082e-140
gaussian,400,2,vanLeer_FE,185.75,0,0,1.5709271632910549e-141
gaussian,400,2,vanLeer_FE,186.25,0,0,3.3384769955959871e-143
gaussian,400,2,vanLeer_FE,186.75,0,0,6.8199556482353756e-145
gaussian,400,2,vanLeer_FE,187.25,0,0,1.3386619712434265e-146
gaussian,400,2,vanLeer_FE,187.75,0,0,2.5236701184940377e-148
gaussian,400,2,vanLeer_FE,188.25,0,0,4.5675516413261968e-150
gaussian,400,2,vanLeer_FE,188.75,0,0,7.933075019898495e-152
gaussian,400,2,vanLeer_FE,189.25,0,0,1.3216793526900112e-153
gaussian,400,2,vanLeer_FE,189.75,0,0,2.111337987004386e-155
gaussian,400,2,vanLeer_FE,190.25,0,0,3.2326508699984784e-157
gaussian,400,2,vanLeer_FE,190.75,0,0,4.7419098510652849e-159
gaussian,400,2,vanLeer_FE,191.25,0,0,6.6614268475995849e-161
gaussian,400,2,vanLeer_FE,191.75,0,0,8.9583675860736756e-163
gaussian,400,2,vanLeer_FE,192.25,0,0,1.1528388618721389e-164
gaussian,400,2,vanLeer_FE,192.75,0,0,1.4191208370903103e-166
gaussian,400,2,vanLeer_FE,193.25,0,0,1.6703855330370449e-168
gaussian,400,2,vanLeer_FE,193.75,0,0,1.8793121517661712e-170
gaussian,400,2,vanLeer_FE,194.25,0,0,2.0202594658351028e-172
gaussian,400,2,vanLeer_FE,194.75,0,0,2.0743669226171987e-174
gaussian,400,2,vanLeer_FE,195.25,0,0,2.0336747660804044e-176
gaussian,400,2,vanLeer_FE,195.75,0,0,1.9030290999401548e-178
gaussian,400,2,vanLeer_FE,196.25,0,0,1.6991479526247126e-180
gaussian,400,2,vanLeer_FE,196.75,0,0,1.4470916158022058e-182
gaussian,400,2,vanLeer_FE,197.25,0,0,1.1751697768089125e-184
gaussian,400,2,vanLeer_FE,197.75,0,0,9.0972299719493104e-187
gaussian,400,2,vanLeer_FE,198.25,0,0,6.7110349259852367e-189
gaussian,400,2,vanLeer_FE,198.75,0,0,4.7164256672940743e-191
gaussian,400,2,vanLeer_FE,199.25,0,0,3.1568554916469455e-193
gaussian,400,2,vanLeer_FE,199.75,0,0,2.0118394563771075e-195
gaussian,400,2,vanLeer_SSPRK2,0.25,2.9674496460687887e-43,1.1754538816431203e-306,3.9775123319112222e-85
gaussian,400,2,vanLeer_SSPRK2,0.75,7.7671847010728729e-42,7.8911884176621055e-303,4.5506681769698511e-83
gaussian,400,2,vanLeer_SSPRK2,1.25,1.9234772699037504e-40,5.0115132566242844e-299,2.730280269381801e-81
gaussian,400,2,vanLeer_SSPRK2,1.75,4.5066579469365438e-39,3.0108229277994623e-295,1.1548315687438146e-79
gaussian,400,2,vanLeer_SSPRK2,2.25,9.9900396552230441e-38,1.7111639375053288e-291,3.9044911033401692e-78
gaussian,400,2,vanLeer_SSPRK2,2.75,2.0952018778669732e-36,9.2000102867270423e-288,1.132529785809238e-76
gaussian,400,2,vanLeer_SSPRK2,3.25,4.1574932920676779e-35,4.6792421069904345e-284,2.9452333557114827e-75
gaussian,400,2,vanLeer_SSPRK2,3.75,7.8052215654120522e-34,2.2514041032861653e-280,7.0613438909764372e-74
gaussian,400,2,vanLeer_SSPRK2,4.25,1.3863978914236671e-32,1.0247604389836399e-276,1.5876471877267052e-72
gaussian,400,2,vanLeer_SSPRK2,4.75,2.3299172556753034e-31,4.4124768654730575e-273,3.3805827960359325e-71
gaussian,400,2,vanLeer_SSPRK2,5.25,3.7046232122636381e-30,1.7973553963570837e-269,6.8537790094451079e-70
gaussian,400,2,vanLeer_SSPRK2,5.75,5.5731343030240402e-29,6.9259148259432187e-266,1.3267787509634254e-68
gaussian,400,2,vanLeer_SSPRK2,6.25,7.9324597368587958e-28,2.524714327289028e-262,2.4561571609439176e-67
gaussian,400,2,vanLeer_SSPRK2,6.75,1.0682431775721122e-26,8.7064177757326062e-259,4.3520274033462084e-66
gaussian,400,2,vanLeer_SSPRK2,7.25,1.3610912551087849e-25,2.840267037654652e-255,7.3854063978713628e-65
gaussian,400,2,vanLeer_SSPRK2,7.75,1.6408172091638449e-24,8.7653954508192737e-252,1.2009515570351747e-63
gaussian,400,2,vanLeer_SSPRK2,8.25,1.8715006371449644e-23,2.5590382982320149e-248,1.8721819709087336e-62
gaussian,400,2,vanLeer_SSPRK2,8.75,2.0196566623325172e-22,7.0676535757225397e-245,2.7992386321270174e-61
gaussian,400,2,vanLeer_SSPRK2,9.25,2.0621671839623482e-21,1.8465760180528026e-241,4.0160429741533439e-60
gaussian,400,2,vanLeer_SSPRK2,9.75,1.9921861502908032e-20,4.5640760406601197e-238,5.5312304864385032e-59
gaussian,400,2,vanLeer_SSPRK2,10.25,1.8209442012348391e-19,1.0671674647092527e-234,7.3166147145393659e-58
gaussian,400,2,vanLeer_SSPRK2,10.75,1.574798474153022e-18,2.3605140557182057e-231,9.2996235466228801e-57
gaussian,400,2,vanLeer_SSPRK2,11.25,1.2885933928463541e-17,4.9394114690073506e-228,1.136293634868321e-55
gaussian,400,2,vanLeer_SSPRK2,11.75,9.9763187299063161e-17,9.7777452307610052e-225,1.3353354882757008e-54
gaussian,400,2,vanLeer_SSPRK2,12.25,7.3078421136059479e-16,1.8310382879326304e-221,1.5099769357324488e-53
gaussian,400,2,vanLeer_SSPRK2,12.75,5.0649286703574024e-15,3.2437818404201462e-218,1.6437494586018066e-52
gaussian,400,2,vanLeer_SSPRK2,13.25,3.32141965274349e-14,5.4362781113090602e-215,1.7234068995910161e-51
gaussian,400,2,vanLeer_SSPRK2,13.75,2.0608258731883101e-13,8.6188203433280492e-212,1.7410641668297923e-50
gaussian,400,2,vanLeer_SSPRK2,14.25,1.2098369706947906e-12,1.2926782639492832e-208,1.6953888067933893e-49
gaussian,400,2,vanLeer_SSPRK2,14.75,6.720185704095718e-12,1.8341288841093893e-205,1.5916013943072003e-48
gaussian,400,2,vanLeer_SSPRK2,15.25,3.5318757270266376e-11,2.4618771352528383e-202,1.4403906006329906e-47
gaussian,400,2,vanLeer_SSPRK2,15.75,1.7563056663586188e-10,3.1260819659708616e-199,1.2561182298680833e-46
gaussian,400,2,vanLeer_SSPRK2,16.25,8.2635404032736578e-10,3.7551920776900123e-196,1.0547542945357263e-45
gaussian,400,2,vanLeer_SSPRK2,16.75,3.6787846732318305e-09,4.2673878181510019e-193,8.5187653587232879e-45
gaussian,400,2,vanLeer_SSPRK2,17.25,1.549585421550539e-08,4.5876533240074568e-190,6.6094249487137663e-44
gaussian,400,2,vanLeer_SSPRK2,17.75,6.1759016924693913e-08,4.6657123372592864e-187,4.9199760321801013e-43
gaussian,400,2,vanLeer_SSPRK2,18.25,2.3289473156464855e-07,4.4889481261414988e-184,3.5098285842354404e-42
gaussian,400,2,vanLeer_SSPRK2,18.75,8.3098676871119177e-07,4.0857412073436646e-181,2.3974780732454655e-41
gaussian,400,2,vanLeer_SSPRK2,19.25,2.805462080291371e-06,3.5180106454759892e-178,1.5672204371122034e-40
gaussian,400,2,vanLeer_SSPRK2,19.75,8.9617168578499812e-06,2.865654733798599e-175,9.8020908880201839e-40
gaussian,400,2,vanLeer_SSPRK2,20.25,2.7086644187709968e-05,2.2082660613823784e-172,5.8662980760256332e-39
gaussian,400,2,vanLeer_SSPRK2,20.75,7.7463475660144112e-05,1.6098305307890998e-169,3.3606956216228758e-38
gaussian,400,2,vanLeer_SSPRK2,21.25,0.00020961248401428069,1.110223877799716e-166,1.8440572184962175e-37
gaussian,400,2,vanLeer_SSPRK2,21.75,0.0005366810613521174,7.2434093904405302e-164,9.6991994368245369e-37
gaussian,400,2,vanLeer_SSPRK2,22.25,0.0013001543065751825,4.4707253843875347e-161,4.8944656080116263e-36
gaussian,400,2,vanLeer_SSPRK2,22.75,0.0029802558349892572,2.6104530553256889e-158,2.3719874413878351e-35
gaussian,400,2,vanLeer_SSPRK2,23.25,0.0064638713079587205,1.4419730959227927e-155,1.1051241419927541e-34
gaussian,400,2,vanLeer_SSPRK2,23.75,0.01326516998770776,7.535329658772136e-153,4.9552780132186488e-34
gaussian,400,2,vanLeer_SSPRK2,24.25,0.025758129949459849,3.7252176024985683e-150,2.140691945663852e-33
gaussian,400,2,vanLeer_SSPRK2,24.75,0.047325763517469137,1.7422312350615947e-147,8.9194520612094581e-33
gaussian,400,2,vanLeer_SSPRK2,25.25,0.082274089358194719,7.7084166646794762e-145,3.5882419176714457e-32
gaussian,400,2,vanLeer_SSPRK2,25.75,0.13533528095565894,3.2264897539639332e-142,1.3951990319460877e-31
gaussian,400,2,vanLeer_SSPRK2,26.25,0.21064044631089568,1.2776197474953692e-139,5.2485616986848172e-31
gaussian,400,2,vanLeer_SSPRK2,26.75,0.31020983760828968,4.7860767762647408e-137,1.9121363399043555e-30
gaussian,400,2,vanLeer_SSPRK2,27.25,0.43226758151908995,1.6961526594972429e-134,6.7527646554008798e-30
gaussian,400,2,vanLeer_SSPRK2,27.750000000000004,0.5699454223917918,5.6866692041863252e-132,2.3137853551542152e-29
gaussian,400,2,vanLeer_SSPRK2,28.25,0.71104575448692675,1.8036791093263672e-129,7.6987871334119574e-29
gaussian,400,2,vanLeer_SSPRK2,28.749999999999996,0.83935491180663779,5.4121447561387576e-127,2.4896782087290283e-28
gaussian,400,2,vanLeer_SSPRK2,29.25,0.93751373301239194,1.5363455249679772e-124,7.8313163804022206e-28
gaussian,400,2,vanLeer_SSPRK2,29.75,0.99081739365772359,4.1258964063751506e-122,2.3979024225814337e-27
gaussian,400,2,vanLeer_SSPRK2,30.25,0.99081739365772359,1.0482339688612536e-119,7.152437093388155e-27
gaussian,400,2,vanLeer_SSPRK2,30.75,0.93751373301239227,2.5194700779047881e-117,2.0797429001973951e-26
gaussian,400,2,vanLeer_SSPRK2,31.25,0.83935491180663835,5.7289077838712314e-115,5.8991957073667836e-26
gaussian,400,2,vanLeer_SSPRK2,31.75,0.71104575448692653,1.2323858534232878e-112,1.6333746616518219e-25
gaussian,400,2,vanLeer_SSPRK2,32.25,0.56994542239179147,2.5080398224404083e-110,4.4173253737585543e-25
gaussian,400,2,vanLeer_SSPRK2,32.75,0.43226758151908928,4.8287599568741481e-108,1.1675438941373237e-24
gaussian,400,2,vanLeer_SSPRK2,33.25,0.31020983760828968,8.7953048135199631e-106,3.017703092435403e-24
gaussian,400,2,vanLeer_SSPRK2,33.75,0.21064044631089568,1.5155870917754113e-103,7.6314757987524908e-24
gaussian,400,2,vanLeer_SSPRK2,34.25,0.13533528095565894,2.4707355778510861e-101,1.8892921254157955e-23
gaussian,400,2,vanLeer_SSPRK2,34.75,0.082274089358194719,3.8105499903839356e-99,4.5810931173466401e-23
gaussian,400,2,vanLeer_SSPRK2,35.25,0.047325763517469137,5.5598841967139978e-97,1.0885061640455821e-22
gaussian,400,2,vanLeer_SSPRK2,35.75,0.025758129949459849,7.6746961744397911e-95,2.5356463740978342e-22
gaussian,400,2,vanLeer_SSPRK2,36.25,0.01326516998770776,1.0022468169693816e-92,5.7934738652803449e-22
gaussian,400,2,vanLeer_SSPRK2,36.75,0.0064638713079587205,1.2382459711806558e-90,1.2988865372325055e-21
gaussian,400,2,vanLeer_SSPRK2,37.25,0.0029802558349892572,1.4473001645291398e-88,2.8586923253145974e-21
gaussian,400,2,vanLeer_SSPRK2,37.75,0.0013001543065751825,1.6004070856991646e-86,6.1787870997380069e-21
gaussian,400,2,vanLeer_SSPRK2,38.25,0.0005366810613521174,1.674261198243687e-84,1.3120424236379181e-20
gaussian,400,2,vanLeer_SSPRK2,38.75,0.00020961248401428069,1.6570575394038535e-82,2.7381957326014467e-20
gaussian,400,2,vanLeer_SSPRK2,39.25,7.7463475660144112e-05,1.5515806073559298e-80,5.6183705349330641e-20
gaussian,400,2,vanLeer_SSPRK2,39.75,2.7086644187709968e-05,1.3744667287824868e-78,1.1338021532632324e-19
gaussian,400,2,vanLeer_SSPRK2,40.25,8.9617168578499812e-06,1.151908605840987e-76,2.2510833361778409e-19
gaussian,400,2,vanLeer_SSPRK2,40.75,2.805462080291371e-06,9.1332741774944847e-75,4.3986004666935276e-19
gaussian,400,2,vanLeer_SSPRK2,41.25,8.3098676871119177e-07,6.8511020544828789e-73,8.4614039603231094e-19
gaussian,400,2,vanLeer_SSPRK2,41.75,2.3289473156464855e-07,4.8620637210248339e-71,1.6029017681157075e-18
gaussian,400,2,vanLeer_SSPRK2,42.25,6.1759016924693913e-08,3.264434297492065e-69,2.9911281110793569e-18
gaussian,400,2,vanLeer_SSPRK2,42.75,1.549585421550539e-08,2.0735910640506034e-67,5.4998327344060361e-18
gaussian,400,2,vanLeer_SSPRK2,43.25,3.6787846732318305e-09,1.2461405151221231e-65,9.9671025536579115e-18
gaussian,400,2,vanLeer_SSPRK2,43.75,8.2635404032736578e-10,7.0850102165086812e-64,1.7807710732865743e-17
gaussian,400,2,vanLeer_SSPRK2,44.25,1.7563056663586188e-10,3.8110474312064361e-62,3.1374594926693612e-17
gaussian,400,2,vanLeer_SSPRK2,44.75,3.5318757270266376e-11,1.9394540397384177e-60,5.452390287816227e-17
gaussian,400,2,vanLeer_SSPRK2,45.25,6.720185704095718e-12,9.3378471821560134e-59,9.3484502091483938e-17
gaussian,400,2,vanLeer_SSPRK2,45.75,1.2098369706947906e-12,4.2535058912334405e-57,1.5817544424652569e-16
gaussian,400,2,vanLeer_SSPRK2,46.25,2.0608258731883101e-13,1.8330790986179901e-55,2.6417195409444448e-16
gaussian,400,2,vanLeer_SSPRK2,46.75,3.32141965274349e-14,7.473949432002463e-54,4.35595714023815e-16
gaussian,400,2,vanLeer_SSPRK2,47.25,5.0649286703574024e-15,2.8830673534146148e-52,7.0930294787903294e-16
gaussian,400,2,vanLeer_SSPRK2,47.75,7.3078421136059479e-16,1.0521944676303421e-50,1.1408698302929354e-15
gaussian,400,2,vanLeer_SSPRK2,48.25,9.9763187299063161e-17,3.6330782212603504e-49,1.8130375100820435e-15
gaussian,400,2,vanLeer_SSPRK2,48.75,1.2885933928463541e-17,1.1868392918202003e-47,2.8474924925286207e-15
gaussian,400,2,vanLeer_SSPRK2,49.25,1.574798474153022e-18,3.6681614880766029e-46,4.4211472802153095e-15
gaussian,400,2,vanLeer_SSPRK2,49.75,1.8209442012348391e-19,1.0726184913763865e-44,6.7884975783069532e-15
gaussian,400,2,vanLeer_SSPRK2,50.25,1.9921861502908032e-20,2.9674496460687887e-43,1.0312253702781073e-14
gaussian,400,2,vanLeer_SSPRK2,50.75,2.0621671839623482e-21,7.7671847010728729e-42,1.5505440734118934e-14
gaussian,400,2,vanLeer_SSPRK2,51.25,2.0196566623325172e-22,1.9234772699037504e-40,2.3089849762688064e-14
gaussian,400,2,vanLeer_SSPRK2,51.75,1.8715006371449644e-23,4.5066579469365438e-39,3.4078713313389664e-14
gaussian,400,2,vanLeer_SSPRK2,52.25,1.6408172091638449e-24,9.9900396552230441e-38,4.9897001622894477e-14
gaussian,400,2,vanLeer_SSPRK2,52.75,1.3610912551087849e-25,2.0952018778669732e-36,7.2563392238246359e-14
gaussian,400,2,vanLeer_SSPRK2,53.25,1.0682431775721122e-26,4.1574932920676779e-35,1.0497961511714132e-13
gaussian,400,2,vanLeer_SSPRK2,53.75,7.9324597368587958e-28,7.8052215654120522e-34,1.5141981143357284e-13
gaussian,400,2,vanLeer_SSPRK2,54.25,5.5731343030239449e-29,1.3863978914236972e-32,2.1842295803454661e-13
gaussian,400,2,vanLeer_SSPRK2,54.750000000000007,3.7046232122634539e-30,2.329917255675422e-31,3.1657880593865088e-13
gaussian,400,2,vanLeer_SSPRK2,55.250000000000007,2.3299172556752342e-31,3.7046232122637783e-30,4.6454338798641572e-13
gaussian,400,2,vanLeer_SSPRK2,55.750000000000007,1.3863978914236129e-32,5.5731343030242554e-29,6.9945130589322965e-13
gaussian,400,2,vanLeer_SSPRK2,56.25,7.8052215654118452e-34,7.9324597368586648e-28,1.1077082316777064e-12
gaussian,400,2,vanLeer_SSPRK2,56.749999999999993,4.1574932920679029e-35,1.0682431775720784e-26,1.9179797689475992e-12
gaussian,400,2,vanLeer_SSPRK2,57.249999999999993,2.09520187786704e-36,1.3610912551087358e-25,3.7545737944507559e-12
gaussian,400,2,vanLeer_SSPRK2,57.749999999999993,9.9900396552234596e-38,1.6408172091637804e-24,8.2639176619027708e-12
gaussian,400,2,vanLeer_SSPRK2,58.25,4.5066579469367624e-39,1.8715006371449415e-23,1.9629311458122276e-11
gaussian,400,2,vanLeer_SSPRK2,58.75,1.9234772699037504e-40,2.0196566623325172e-22,4.8231446708203812e-11
gaussian,400,2,vanLeer_SSPRK2,59.25,7.7671847010728729e-42,2.0621671839623482e-21,1.1938346802894762e-10
gaussian,400,2,vanLeer_SSPRK2,59.75,2.9674496460687887e-43,1.9921861502908032e-20,2.938162743352308e-10
gaussian,400,2,vanLeer_SSPRK2,60.25,1.0726184913763865e-44,1.8209442012348391e-19,7.148846610294243e-10
gaussian,400,2,vanLeer_SSPRK2,60.75,3.6681614880766029e-46,1.574798474153022e-18,1.7154607983379005e-09
gaussian,400,2,vanLeer_SSPRK2,61.25,1.1868392918202003e-47,1.2885933928463541e-17,4.055748988192294e-09
gaussian,400,2,vanLeer_SSPRK2,61.75,3.6330782212603504e-49,9.9763187299063161e-17,9.44300065428935e-09
gaussian,400,2,vanLeer_SSPRK2,62.25,1.0521944676303421e-50,7.3078421136059479e-16,2.1646883373117713e-08
gaussian,400,2,vanLeer_SSPRK2,62.75,2.8830673534146148e-52,5.0649286703574024e-15,4.8849515681146142e-08
gaussian,400,2,vanLeer_SSPRK2,63.25,7.473949432002463e-54,3.32141965274349e-14,1.0850500052320999e-07
gaussian,400,2,vanLeer_SSPRK2,63.75,1.8330790986179901e-55,2.0608258731883101e-13,2.3719828335514937e-07
gaussian,400,2,vanLeer_SSPRK2,64.25,4.2535058912334405e-57,1.2098369706947906e-12,5.1026069771196704e-07
gaussian,400,2,vanLeer_SSPRK2,64.75,9.3378471821560134e-59,6.720185704095718e-12,1.080028292289174e-06
gaussian,400,2,vanLeer_SSPRK2,65.25,1.9394540397384177e-60,3.5318757270266376e-11,2.248954099984074e-06
gaussian,400,2,vanLeer_SSPRK2,65.75,3.8110474312064361e-62,1.7563056663586188e-10,4.6064291992571052e-06
gaussian,400,2,vanLeer_SSPRK2,66.25,7.0850102165086812e-64,8.2635404032736578e-10,9.279359941504037e-06
gaussian,400,2,vanLeer_SSPRK2,66.75,1.2461405151221231e-65,3.6787846732318305e-09,1.838096024658239e-05
gaussian,400,2,vanLeer_SSPRK2,67.25,2.0735910640506034e-67,1.549585421550539e-08,3.5796181348001612e-05
gaussian,400,2,vanLeer_SSPRK2,67.75,3.264434297492065e-69,6.1759016924693913e-08,6.8523593613691481e-05
gaussian,400,2,vanLeer_SSPRK2,68.25,4.8620637210248339e-71,2.3289473156464855e-07,0.00012891093282723664
gaussian,400,2,vanLeer_SSPRK2,68.75,6.8511020544828789e-73,8.3098676871119177e-07,0.00023828209034641764
gaussian,400,2,vanLeer_SSPRK2,69.25,9.1332741774944847e-75,2.805462080291371e-06,0.00043265877997398258
gaussian,400,2,vanLeer_SSPRK2,69.75,1.151908605840987e-76,8.9617168578499812e-06,0.00077152022165136668
gaussian,400,2,vanLeer_SSPRK2,70.25,1.3744667287824868e-78,2.7086644187709968e-05,0.0013507876595401124
gaussian,400,2,vanLeer_SSPRK2,70.75,1.5515806073559298e-80,7.7463475660144112e-05,0.0023214044672199459
gaussian,400,2,vanLeer_SSPRK2,71.25,1.6570575394038535e-82,0.00020961248401428069,0.0039149027236298449
gaussian,400,2,vanLeer_SSPRK2,71.75,1.674261198243687e-84,0.0005366810613521174,0.0064770555478822619
gaussian,400,2,vanLeer_SSPRK2,72.25,1.6004070856991646e-86,0.0013001543065751825,0.01050992714226558
gaussian,400,2,vanLeer_SSPRK2,72.75,1.4473001645291398e-88,0.0029802558349892572,0.016721168640498038
gaussian,400,2,vanLeer_SSPRK2,73.25,1.2382459711806558e-90,0.0064638713079587205,0.026077118139979205
gaussian,400,2,vanLeer_SSPRK2,73.75,1.0022468169693816e-92,0.01326516998770776,0.039853179975801283
gaussian,400,2,vanLeer_SSPRK2,74.25,7.6746961744397911e-95,0.025758129949459849,0.05967111605682035
gaussian,400,2,vanLeer_SSPRK2,74.75,5.5598841967139978e-97,0.047325763517469137,0.087509043092754091
gaussian,400,2,vanLeer_SSPRK2,75.25,3.8105499903839356e-99,0.082274089358194719,0.12566543666859145
gaussian,400,2,vanLeer_SSPRK2,75.75,2.4707355778510861e-101,0.13533528095565894,0.17665723593957436
gaussian,400,2,vanLeer_SSPRK2,76.25,1.5155870917754113e-103,0.21064044631089568,0.24302706787968698
gaussian,400,2,vanLeer_SSPRK2,76.75,8.7953048135199631e-106,0.31020983760828968,0.32705482467709118
gaussian,400,2,vanLeer_SSPRK2,77.25,4.8287599568741481e-108,0.43226758151908928,0.43028656955377576
gaussian,400,2,vanLeer_SSPRK2,77.75,2.5080398224404083e-110,0.56994542239179147,0.55211668349619436
gaussian,400,2,vanLeer_SSPRK2,78.25,1.2323858534232878e-112,0.71104575448692653,0.68225441184183211
gaussian,400,2,vanLeer_SSPRK2,78.75,5.7289077838712314e-115,0.83935491180663835,0.78228374356956121
gaussian,400,2,vanLeer_SSPRK2,79.25,2.5194700779047881e-117,0.93751373301239227,0.81408648010631468
gaussian,400,2,vanLeer_SSPRK2,79.75,1.0482339688612536e-119,0.99081739365772359,0.81506900517809722
gaussian,400,2,vanLeer_SSPRK2,80.25,4.1258964063751506e-122,0.99081739365772359,0.81188619395025308
gaussian,400,2,vanLeer_SSPRK2,80.75,1.5363455249679772e-124,0.93751373301239227,0.80087611788039637
gaussian,400,2,vanLeer_SSPRK2,81.25,5.4121447561387576e-127,0.83935491180663835,0.77633534091574963
gaussian,400,2,vanLeer_SSPRK2,81.75,1.8036791093263672e-129,0.71104575448692653,0.73272475169479767
gaussian,400,2,vanLeer_SSPRK2,82.25,5.6866692041863252e-132,0.56994542239179147,0.66617648819784525
gaussian,400,2,vanLeer_SSPRK2,82.75,1.6961526594972429e-134,0.43226758151908928,0.5751527888088348
gaussian,400,2,vanLeer_SSPRK2,83.25,4.7860767762647408e-137,0.31020983760828968,0.46122550526268236
gaussian,400,2,vanLeer_SSPRK2,83.75,1.2776197474953692e-139,0.21064044631089568,0.32947690431075233
gaussian,400,2,vanLeer_SSPRK2,84.25,3.2264897539639332e-142,0.13533528095565894,0.19113205973143943
gaussian,400,2,vanLeer_SSPRK2,84.75,7.7084166646794762e-145,0.082274089358194719,0.072785295327341792
gaussian,400,2,vanLeer_SSPRK2,85.25,1.7422312350615947e-147,0.047325763517469137,0.011895746254107272
gaussian,400,2,vanLeer_SSPRK2,85.75,3.7252176024985683e-150,0.025758129949459849,0.00043492321122053952
gaussian,400,2,vanLeer_SSPRK2,86.25,7.535329658772136e-153,0.01326516998770776,1.5963783765732524e-06
gaussian,400,2,vanLeer_SSPRK2,86.75,1.4419730959227927e-155,0.0064638713079587205,3.1157706970013297e-10
gaussian,400,2,vanLeer_SSPRK2,87.25,2.6104530553256889e-158,0.0029802558349892572,6.8619007998557514e-11
gaussian,400,2,vanLeer_SSPRK2,87.75,4.4707253843875347e-161,0.0013001543065751825,6.6672076225565662e-11
gaussian,400,2,vanLeer_SSPRK2,88.25,7.2434093904405302e-164,0.0005366810613521174,6.4240962303018594e-11
gaussian,400,2,vanLeer_SSPRK2,88.75,1.110223877799716e-166,0.00020961248401428069,5.9639506824214058e-11
gaussian,400,2,vanLeer_SSPRK2,89.25,1.6098305307890998e-169,7.7463475660144112e-05,5.1203379457567261e-11
gaussian,400,2,vanLeer_SSPRK2,89.75,2.2082660613823784e-172,2.7086644187709968e-05,3.788319798355574e-11
gaussian,400,2,vanLeer_SSPRK2,90.25,2.865654733798599e-175,8.9617168578499812e-06,2.0777748101267073e-11
gaussian,400,2,vanLeer_SSPRK2,90.75,3.5180106454759892e-178,2.805462080291371e-06,7.5395086900985912e-12
gaussian,400,2,vanLeer_SSPRK2,91.25,4.0857412073436646e-181,8.3098676871119177e-07,4.9327112507146491e-12
gaussian,400,2,vanLeer_SSPRK2,91.75,4.4889481261414988e-184,2.3289473156464855e-07,4.5183198382947477e-12
gaussian,400,2,vanLeer_SSPRK2,92.25,4.6657123372592864e-187,6.1759016924693913e-08,4.0743579570179389e-12
gaussian,400,2,vanLeer_SSPRK2,92.75,4.5876533240074568e-190,1.549585421550539e-08,3.6933739817819552e-12
gaussian,400,2,vanLeer_SSPRK2,93.25,4.2673878181510019e-193,3.6787846732318305e-09,3.3405525143227476e-12
gaussian,400,2,vanLeer_SSPRK2,93.75,3.7551920776900123e-196,8.2635404032736578e-10,3.0129598303568843e-12
gaussian,400,2,vanLeer_SSPRK2,94.25,3.1260819659708616e-199,1.7563056663586188e-10,2.7087418160591165e-12
gaussian,400,2,vanLeer_SSPRK2,94.75,2.4618771352528383e-202,3.5318757270266376e-11,2.4267375776173194e-12
gaussian,400,2,vanLeer_SSPRK2,95.25,1.8341288841093893e-205,6.720185704095718e-12,2.1660036839527114e-12
gaussian,400,2,vanLeer_SSPRK2,95.75,1.2926782639492832e-208,1.2098369706947906e-12,1.925665747471177e-12
gaussian,400,2,vanLeer_SSPRK2,96.25,8.6188203433280492e-212,2.0608258731883101e-13,1.7048434221081873e-12
gaussian,400,2,vanLeer_SSPRK2,96.75,5.4362781113090602e-215,3.32141965274349e-14,1.5026619444309359e-12
gaussian,400,2,vanLeer_SSPRK2,97.25,3.2437818404201462e-218,5.0649286703574024e-15,1.318263089331282e-12
gaussian,400,2,vanLeer_SSPRK2,97.75,1.8310382879326304e-221,7.3078421136059479e-16,1.1508037074798914e-12
gaussian,400,2,vanLeer_SSPRK2,98.25,9.7777452307610052e-225,9.9763187299063161e-17,9.9944542678737164e-13
gaussian,400,2,vanLeer_SSPRK2,98.75,4.9394114690073506e-228,1.2885933928463541e-17,8.6334230809242582e-13
gaussian,400,2,vanLeer_SSPRK2,99.25,2.3605140557182057e-231,1.574798474153022e-18,7.4163114883327588e-13
gaussian,400,2,vanLeer_SSPRK2,99.75,1.0671674647092527e-234,1.8209442012348391e-19,6.3342646058526241e-13
gaussian,400,2,vanLeer_SSPRK2,100.25,4.5640760406602172e-238,1.9921861502908424e-20,5.3782035439837693e-13
gaussian,400,2,vanLeer_SSPRK2,100.75,1.8465760180530717e-241,2.0621671839624332e-21,4.5388668962087847e-13
gaussian,400,2,vanLeer_SSPRK2,101.25,7.0676535757226893e-245,2.0196566623325658e-22,3.806885139537707e-13
gaussian,400,2,vanLeer_SSPRK2,101.75,2.5590382982323944e-248,1.8715006371450632e-23,3.1728775346432774e-13
gaussian,400,2,vanLeer_SSPRK2,102.25,8.7653954508196459e-252,1.6408172091638786e-24,2.6275615022488325e-13
gaussian,400,2,vanLeer_SSPRK2,102.75,2.8402670376555085e-255,1.3610912551088474e-25,2.161865357852295e-13
gaussian,400,2,vanLeer_SSPRK2,103.25,8.7064177757327922e-259,1.0682431775721348e-26,1.7670365421244169e-13
gaussian,400,2,vanLeer_SSPRK2,103.75,2.5247143272894142e-262,7.9324597368591832e-28,1.4347390077119943e-13
gaussian,400,2,vanLeer_SSPRK2,104.25,6.9259148259432187e-266,5.5731343030240402e-29,1.1571351102108591e-13
gaussian,400,2,vanLeer_SSPRK2,104.75,1.7973553963570837e-269,3.7046232122636381e-30,9.2694907093127403e-14
gaussian,400,2,vanLeer_SSPRK2,105.25,4.4124768654730575e-273,2.3299172556753034e-31,7.3751070167964603e-14
gaussian,400,2,vanLeer_SSPRK2,105.75,1.0247604389836399e-276,1.3863978914236671e-32,5.8277950162433436e-14
gaussian,400,2,vanLeer_SSPRK2,106.25,2.2514041032861653e-280,7.8052215654120522e-34,4.5735038426550609e-14
gaussian,400,2,vanLeer_SSPRK2,106.75,4.6792421069904345e-284,4.1574932920676779e-35,3.5644313707514761e-14
gaussian,400,2,vanLeer_SSPRK2,107.25,9.2000102867270423e-288,2.0952018778669732e-36,2.7587825851453944e-14
gaussian,400,2,vanLeer_SSPRK2,107.75,1.7111639375053288e-291,9.9900396552230441e-38,2.1204208245511282e-14
gaussian,400,2,vanLeer_SSPRK2,108.25,3.0108229277994623e-295,4.5066579469365438e-39,1.6184413024027906e-14
gaussian,400,2,vanLeer_SSPRK2,108.75,5.0115132566240711e-299,1.9234772699036974e-40,1.2266947588385607e-14
gaussian,400,2,vanLeer_SSPRK2,109.25,7.8911884176594854e-303,7.7671847010722867e-42,9.2328622450268373e-15
gaussian,400,2,vanLeer_SSPRK2,109.75,1.1754538816430952e-306,2.9674496460687058e-43,6.9007017044899273e-15
gaussian,400,2,vanLeer_SSPRK2,110.25,1.6563733026717291e-310,1.0726184913763019e-44,5.1215921631511554e-15
gaussian,400,2,vanLeer_SSPRK2,110.75,2.2080052079334144e-314,3.6681614880765345e-46,3.7745942796210917e-15
gaussian,400,2,vanLeer_SSPRK2,111.25,2.7843810569852211e-318,1.1868392918201357e-47,2.7624132701587469e-15
gaussian,400,2,vanLeer_SSPRK2,111.75,3.4090529563046012e-322,3.6330782212602471e-49,2.0075224485388488e-15
gaussian,400,2,vanLeer_SSPRK2,112.25,0,1.0521944676302521e-50,1.4487269277924378e-15
gaussian,400,2,vanLeer_SSPRK2,112.75,0,2.8830673534146975e-52,1.0381703417403613e-15
gaussian,400,2,vanLeer_SSPRK2,113.25,0,7.4739494320031271e-54,7.3876928481671833e-16
gaussian,400,2,vanLeer_SSPRK2,113.75,0,1.8330790986180433e-55,5.2204729537162938e-16
gaussian,400,2,vanLeer_SSPRK2,114.25,0,4.2535058912338327e-57,3.6633197132038707e-16
gaussian,400,2,vanLeer_SSPRK2,114.75,0,9.3378471821561956e-59,2.5527443543454264e-16
gaussian,400,2,vanLeer_SSPRK2,115.25,0,1.9394540397385407e-60,1.766490551799897e-16
gaussian,400,2,vanLeer_SSPRK2,115.75,0,3.8110474312065483e-62,1.2139229634748227e-16
gaussian,400,2,vanLeer_SSPRK2,116.25,0,7.0850102165093802e-64,8.2842155956078784e-17
gaussian,400,2,vanLeer_SSPRK2,116.75,0,1.2461405151221231e-65,5.6143186241060731e-17
gaussian,400,2,vanLeer_SSPRK2,117.25,0,2.0735910640506034e-67,3.7786209195398705e-17
gaussian,400,2,vanLeer_SSPRK2,117.75,0,3.264434297492065e-69,2.5256062857291328e-17
gaussian,400,2,vanLeer_SSPRK2,118.25,0,4.8620637210248339e-71,1.6764851208805242e-17
gaussian,400,2,vanLeer_SSPRK2,118.75,0,6.8511020544828789e-73,1.1052012213015839e-17
gaussian,400,2,vanLeer_SSPRK2,119.25,0,9.1332741774944847e-75,7.2359683394085085e-18
gaussian,400,2,vanLeer_SSPRK2,119.75,0,1.151908605840987e-76,4.7051320737883815e-18
gaussian,400,2,vanLeer_SSPRK2,120.25,0,1.3744667287824868e-78,3.0385976021506804e-18
gaussian,400,2,vanLeer_SSPRK2,120.75,0,1.5515806073559298e-80,1.9489794195068078e-18
gaussian,400,2,vanLeer_SSPRK2,121.25,0,1.6570575394038199e-82,1.2415968306540086e-18
gaussian,400,2,vanLeer_SSPRK2,121.75,0,1.6742611982435561e-84,7.8559715715554238e-19
gaussian,400,2,vanLeer_SSPRK2,122.25,0,1.6004070856991157e-86,4.9371002458055033e-19
gaussian,400,2,vanLeer_SSPRK2,122.75,0,1.4473001645289649e-88,3.0817936849965203e-19
gaussian,400,2,vanLeer_SSPRK2,123.25,0,1.2382459711806176e-90,1.9107402241016929e-19
gaussian,400,2,vanLeer_SSPRK2,123.75,0,1.0022468169692573e-92,1.1767200281454998e-19
gaussian,400,2,vanLeer_SSPRK2,124.25,0,7.6746961744396341e-95,7.1982187112569496e-20
gaussian,400,2,vanLeer_SSPRK2,124.75,0,5.5598841967135248e-97,4.3738544953763429e-20
gaussian,400,2,vanLeer_SSPRK2,125.25,0,3.8105499903840143e-99,2.6399642676356988e-20
gaussian,400,2,vanLeer_SSPRK2,125.75,0,2.4707355778513018e-101,1.5828261720008374e-20
gaussian,400,2,vanLeer_SSPRK2,126.25,0,1.5155870917754581e-103,9.4270733546321152e-21
gaussian,400,2,vanLeer_SSPRK2,126.75,0,8.7953048135211462e-106,5.5774548832350857e-21
gaussian,400,2,vanLeer_SSPRK2,127.25,0,4.8287599568742986e-108,3.2780666007360208e-21
gaussian,400,2,vanLeer_SSPRK2,127.75,0,2.508039822440754e-110,1.9139429953962712e-21
gaussian,400,2,vanLeer_SSPRK2,128.25,0,1.2323858534232878e-112,1.1101373319684106e-21
gaussian,400,2,vanLeer_SSPRK2,128.75,0,5.7289077838712314e-115,6.3968745088681526e-22
gaussian,400,2,vanLeer_SSPRK2,129.25,0,2.5194700779047881e-117,3.6619234637307063e-22
gaussian,400,2,vanLeer_SSPRK2,129.75,0,1.0482339688612536e-119,2.0826095450339029e-22
gaussian,400,2,vanLeer_SSPRK2,130.25,0,4.1258964063751506e-122,1.1767126133874946e-22
gaussian,400,2,vanLeer_SSPRK2,130.75,0,1.5363455249679772e-124,6.6054692835252852e-23
gaussian,400,2,vanLeer_SSPRK2,131.25,0,5.4121447561387576e-127,3.6839553360460549e-23
gaussian,400,2,vanLeer_SSPRK2,131.75,0,1.8036791093263672e-129,2.0413105577360062e-23
gaussian,400,2,vanLeer_SSPRK2,132.25,0,5.6866692041863252e-132,1.1238139732847302e-23
gaussian,400,2,vanLeer_SSPRK2,132.75,0,1.6961526594972429e-134,6.147193754060614e-24
gaussian,400,2,vanLeer_SSPRK2,133.25,0,4.7860767762647408e-137,3.3408958987722228e-24
gaussian,400,2,vanLeer_SSPRK2,133.75,0,1.2776197474953692e-139,1.8040929931792513e-24
gaussian,400,2,vanLeer_SSPRK2,134.25,0,3.2264897539639332e-142,9.6799056663606782e-25
gaussian,400,2,vanLeer_SSPRK2,134.75,0,7.7084166646794762e-145,5.1606662919390199e-25
gaussian,400,2,vanLeer_SSPRK2,135.25,0,1.7422312350615947e-147,2.7338143272509755e-25
gaussian,400,2,vanLeer_SSPRK2,135.75,0,3.7252176024985683e-150,1.4390202320536257e-25
gaussian,400,2,vanLeer_SSPRK2,136.25,0,7.535329658772136e-153,7.5267139237211948e-26
gaussian,400,2,vanLeer_SSPRK2,136.75,0,1.4419730959227927e-155,3.9119242766790226e-26
gaussian,400,2,vanLeer_SSPRK2,137.25,0,2.6104530553256889e-158,2.0203555301103519e-26
gaussian,400,2,vanLeer_SSPRK2,137.75,0,4.4707253843875347e-161,1.0368673964246239e-26
gaussian,400,2,vanLeer_SSPRK2,138.25,0,7.2434093904405302e-164,5.2878890214750462e-27
gaussian,400,2,vanLeer_SSPRK2,138.75,0,1.110223877799716e-166,2.6798512703795329e-27
gaussian,400,2,vanLeer_SSPRK2,139.25,0,1.6098305307890998e-169,1.3496270080898003e-27
gaussian,400,2,vanLeer_SSPRK2,139.75,0,2.2082660613823784e-172,6.7545576358988215e-28
gaussian,400,2,vanLeer_SSPRK2,140.25,0,2.865654733798599e-175,3.3594287061274041e-28
gaussian,400,2,vanLeer_SSPRK2,140.75,0,3.5180106454759892e-178,1.6604450385507225e-28
gaussian,400,2,vanLeer_SSPRK2,141.25,0,4.0857412073436646e-181,8.15603802100781e-29
gaussian,400,2,vanLeer_SSPRK2,141.75,0,4.4889481261414988e-184,3.9813893478094349e-29
gaussian,400,2,vanLeer_SSPRK2,142.25,0,4.6657123372592864e-187,1.9315041673118857e-29
gaussian,400,2,vanLeer_SSPRK2,142.75,0,4.5876533240074568e-190,9.3125167506185358e-30
gaussian,400,2,vanLeer_SSPRK2,143.25,0,4.2673878181510019e-193,4.4622473233071688e-30
gaussian,400,2,vanLeer_SSPRK2,143.75,0,3.7551920776900123e-196,2.1250052377433395e-30
gaussian,400,2,vanLeer_SSPRK2,144.25,0,3.1260819659708616e-199,1.0057515698571692e-30
gaussian,400,2,vanLeer_SSPRK2,144.75,0,2.4618771352528383e-202,4.7309704893431575e-31
gaussian,400,2,vanLeer_SSPRK2,145.25,0,1.8341288841093893e-205,2.2117851138700955e-31
gaussian,400,2,vanLeer_SSPRK2,145.75,0,1.2926782639492832e-208,1.0277158827284703e-31
gaussian,400,2,vanLeer_SSPRK2,146.25,0,8.6188203433280492e-212,4.7461868705705039e-32
gaussian,400,2,vanLeer_SSPRK2,146.75,0,5.4362781113090602e-215,2.1785238378143436e-32
gaussian,400,2,vanLeer_SSPRK2,147.25,0,3.2437818404201462e-218,9.9386984727180977e-33
gaussian,400,2,vanLeer_SSPRK2,147.75,0,1.8310382879326304e-221,4.5066137279275044e-33
gaussian,400,2,vanLeer_SSPRK2,148.25,0,9.7777452307610052e-225,2.0310873096801528e-33
gaussian,400,2,vanLeer_SSPRK2,148.75,0,4.9394114690073506e-228,9.0984625270821624e-34
gaussian,400,2,vanLeer_SSPRK2,149.25,0,2.3605140557182057e-231,4.0510930835397049e-34
gaussian,400,2,vanLeer_SSPRK2,149.75,0,1.0671674647092527e-234,1.7928533593860719e-34
gaussian,400,2,vanLeer_SSPRK2,150.25,0,4.5640760406601197e-238,7.8865870914253597e-35
gaussian,400,2,vanLeer_SSPRK2,150.75,0,1.8465760180528026e-241,3.4483281433951945e-35
gaussian,400,2,vanLeer_SSPRK2,151.25,0,7.0676535757225397e-245,1.4986716440849857e-35
gaussian,400,2,vanLeer_SSPRK2,151.75,0,2.5590382982320149e-248,6.4741982881772144e-36
gaussian,400,2,vanLeer_SSPRK2,152.25,0,8.7653954508192737e-252,2.7800345852841542e-36
gaussian,400,2,vanLeer_SSPRK2,152.75,0,2.840267037654652e-255,1.1865938719926794e-36
gaussian,400,2,vanLeer_SSPRK2,153.25,0,8.7064177757326062e-259,5.0343640705417108e-37
gaussian,400,2,vanLeer_SSPRK2,153.75,0,2.524714327289028e-262,2.123149524002579e-37
gaussian,400,2,vanLeer_SSPRK2,154.25,0,6.9259148259432187e-266,8.9004655809094599e-38
gaussian,400,2,vanLeer_SSPRK2,154.75,0,1.7973553963570837e-269,3.708887878241668e-38
gaussian,400,2,vanLeer_SSPRK2,155.25,0,4.4124768654730575e-273,1.5363001894866847e-38
gaussian,400,2,vanLeer_SSPRK2,155.75,0,1.0247604389836399e-276,6.325754626990105e-39
gaussian,400,2,vanLeer_SSPRK2,156.25,0,2.2514041032861653e-280,2.5891360355078162e-39
gaussian,400,2,vanLeer_SSPRK2,156.75,0,4.6792421069904345e-284,1.053430702280009e-39
gaussian,400,2,vanLeer_SSPRK2,157.25,0,9.2000102867270423e-288,4.2605716059502217e-40
gaussian,400,2,vanLeer_SSPRK2,157.75,0,1.7111639375053288e-291,1.7129421423395398e-40
gaussian,400,2,vanLeer_SSPRK2,158.25,0,3.0108229277994623e-295,6.845930668720616e-41
gaussian,400,2,vanLeer_SSPRK2,158.75,0,5.0115132566242844e-299,2.7198142172219721e-41
gaussian,400,2,vanLeer_SSPRK2,159.25,0,7.8911884176621055e-303,1.0741496772538674e-41
gaussian,400,2,vanLeer_SSPRK2,159.75,0,1.1754538816431203e-306,4.2170716420012988e-42
gaussian,400,2,vanLeer_SSPRK2,160.25,0,1.6563733026719762e-310,1.645809180534445e-42
gaussian,400,2,vanLeer_SSPRK2,160.75,0,2.2080052079334144e-314,6.3851621880721901e-43
gaussian,400,2,vanLeer_SSPRK2,161.25,0,2.7843810569852211e-318,2.4625773459524627e-43
gaussian,400,2,vanLeer_SSPRK2,161.75,0,3.4090529563046012e-322,9.4413648454933586e-44
gaussian,400,2,vanLeer_SSPRK2,162.25,0,0,3.5983881794444578e-44
gaussian,400,2,vanLeer_SSPRK2,162.75,0,0,1.3633609995211536e-44
gaussian,400,2,vanLeer_SSPRK2,163.25,0,0,5.1350485755685584e-45
gaussian,400,2,vanLeer_SSPRK2,163.75,0,0,1.9226941704074895e-45
gaussian,400,2,vanLeer_SSPRK2,164.25,0,0,7.156635074228855e-46
gaussian,400,2,vanLeer_SSPRK2,164.75,0,0,2.6481434641608542e-46
gaussian,400,2,vanLeer_SSPRK2,165.25,0,0,9.7411224472014886e-47
gaussian,400,2,vanLeer_SSPRK2,165.75,0,0,3.5621495802497116e-47
gaussian,400,2,vanLeer_SSPRK2,166.25,0,0,1.294946056698898e-47
gaussian,400,2,vanLeer_SSPRK2,166.75,0,0,4.6798099424378177e-48
gaussian,400,2,vanLeer_SSPRK2,167.25,0,0,1.6812888127074606e-48
gaussian,400,2,vanLeer_SSPRK2,167.75,0,0,6.0047436930972094e-49
gaussian,400,2,vanLeer_SSPRK2,168.25,0,0,2.1319895125402581e-49
gaussian,400,2,vanLeer_SSPRK2,168.75,0,0,7.5251368796868882e-50
gaussian,400,2,vanLeer_SSPRK2,169.25,0,0,2.6404790524031777e-50
gaussian,400,2,vanLeer_SSPRK2,169.75,0,0,9.2106479370846312e-51
gaussian,400,2,vanLeer_SSPRK2,170.25,0,0,3.1940141948222624e-51
gaussian,400,2,vanLeer_SSPRK2,170.75,0,0,1.1010896855529236e-51
gaussian,400,2,vanLeer_SSPRK2,171.25,0,0,3.7735286231088365e-52
gaussian,400,2,vanLeer_SSPRK2,171.75,0,0,1.2856167801992167e-52
gaussian,400,2,vanLeer_SSPRK2,172.25,0,0,4.3542573428640131e-53
gaussian,400,2,vanLeer_SSPRK2,172.75,0,0,1.4660709786416332e-53
gaussian,400,2,vanLeer_SSPRK2,173.25,0,0,4.907200805777853e-54
gaussian,400,2,vanLeer_SSPRK2,173.75,0,0,1.6328643126086501e-54
gaussian,400,2,vanLeer_SSPRK2,174.25,0,0,5.4013612356387473e-55
gaussian,400,2,vanLeer_SSPRK2,174.75,0,0,1.7762028037160062e-55
gaussian,400,2,vanLeer_SSPRK2,175.25,0,0,5.80653895353096e-56
gaussian,400,2,vanLeer_SSPRK2,175.75,0,0,1.8870212149955255e-56
gaussian,400,2,vanLeer_SSPRK2,176.25,0,0,6.0963510681804149e-57
gaussian,400,2,vanLeer_SSPRK2,176.75,0,0,1.9579244096311441e-57
gaussian,400,2,vanLeer_SSPRK2,177.25,0,0,6.2510587081764467e-58
gaussian,400,2,vanLeer_SSPRK2,177.75,0,0,1.9840005863890977e-58
gaussian,400,2,vanLeer_SSPRK2,178.25,0,0,6.2597840580000106e-59
gaussian,400,2,vanLeer_SSPRK2,178.75,0,0,1.9633826017657748e-59
gaussian,400,2,vanLeer_SSPRK2,179.25,0,0,6.1217722419805694e-60
gaussian,400,2,vanLeer_SSPRK2,179.75,0,0,1.8974684817405284e-60
gaussian,400,2,vanLeer_SSPRK2,180.25,0,0,5.8464951675459467e-61
gaussian,400,2,vanLeer_SSPRK2,180.75,0,0,1.7907650377790923e-61
gaussian,400,2,vanLeer_SSPRK2,181.25,0,0,5.4525780310140542e-62
gaussian,400,2,vanLeer_SSPRK2,181.75,0,0,1.650378828612909e-62
gaussian,400,2,vanLeer_SSPRK2,182.25,0,0,4.9657172603511011e-63
gaussian,400,2,vanLeer_SSPRK2,182.75,0,0,1.4852342539166102e-63
gaussian,400,2,vanLeer_SSPRK2,183.25,0,0,4.4159129341259478e-64
gaussian,400,2,vanLeer_SSPRK2,183.75,0,0,1.3051381722735411e-64
gaussian,400,2,vanLeer_SSPRK2,184.25,0,0,3.8344290903776618e-65
gaussian,400,2,vanLeer_SSPRK2,184.75,0,0,1.1198268054067648e-65
gaussian,400,2,vanLeer_SSPRK2,185.25,0,0,3.2509070525756838e-66
gaussian,400,2,vanLeer_SSPRK2,185.75,0,0,9.3812200526557595e-67
gaussian,400,2,vanLeer_SSPRK2,186.25,0,0,2.690993305238497e-67
gaussian,400,2,vanLeer_SSPRK2,186.75,0,0,7.67293989912566e-68
gaussian,400,2,vanLeer_SSPRK2,187.25,0,0,2.1747239466763171e-68
gaussian,400,2,vanLeer_SSPRK2,187.75,0,0,6.1268440792883429e-69
gaussian,400,2,vanLeer_SSPRK2,188.25,0,0,1.7157617242200454e-69
gaussian,400,2,vanLeer_SSPRK2,188.75,0,0,4.7759700580558685e-70
gaussian,400,2,vanLeer_SSPRK2,189.25,0,0,1.3214405202520749e-70
gaussian,400,2,vanLeer_SSPRK2,189.75,0,0,3.6342256733798323e-71
gaussian,400,2,vanLeer_SSPRK2,190.25,0,0,9.9346179118229844e-72
gaussian,400,2,vanLeer_SSPRK2,190.75,0,0,2.699368142537779e-72
gaussian,400,2,vanLeer_SSPRK2,191.25,0,0,7.290231519334673e-73
gaussian,400,2,vanLeer_SSPRK2,191.75,0,0,1.9569749560403938e-73
gaussian,400,2,vanLeer_SSPRK2,192.25,0,0,5.221440850538188e-74
gaussian,400,2,vanLeer_SSPRK2,192.75,0,0,1.3846911547330039e-74
gaussian,400,2,vanLeer_SSPRK2,193.25,0,0,3.6498007620564392e-75
gaussian,400,2,vanLeer_SSPRK2,193.75,0,0,9.5617022227455219e-76
gaussian,400,2,vanLeer_SSPRK2,194.25,0,0,2.4897006426610454e-76
gaussian,400,2,vanLeer_SSPRK2,194.75,0,0,6.4431888377660085e-77
gaussian,400,2,vanLeer_SSPRK2,195.25,0,0,1.6572661501132774e-77
gaussian,400,2,vanLeer_SSPRK2,195.75,0,0,4.2365964658401844e-78
gaussian,400,2,vanLeer_SSPRK2,196.25,0,0,1.0763934703347691e-78
gaussian,400,2,vanLeer_SSPRK2,196.75,0,0,2.7180015975573776e-79
gaussian,400,2,vanLeer_SSPRK2,197.25,0,0,6.8210078350269977e-80
gaussian,400,2,vanLeer_SSPRK2,197.75,0,0,1.7012297644854615e-80
gaussian,400,2,vanLeer_SSPRK2,198.25,0,0,4.2168512487371096e-81
gaussian,400,2,vanLeer_SSPRK2,198.75,0,0,1.0387706774186955e-81
gaussian,400,2,vanLeer_SSPRK2,199.25,0,0,2.5430346946507458e-82
gaussian,400,2,vanLeer_SSPRK2,199.75,0,0,6.1870141273111995e-83
top_hat,200,0.10000000000000001,vanLeer_FE,0.5,0,0,0
top_hat,200,0.10000000000000001,vanLeer_FE,1.5,0,0,0
top_hat,200,0.10000000000000001,vanLeer_FE,2.5,0,0,0
top_hat,200,0.10000000000000001,vanLeer_FE,3.5,0,0,0
top_hat,200,0.10000000000000001,vanLeer_FE,4.5,0,0,0
top_hat,200,0.10000000000000001,vanLeer_FE,5.5,0,0,0
top_hat,200,0.10000000000000001,vanLeer_FE,6.5,0,0,0
top_hat,200,0.10000000000000001,vanLeer_FE,7.5,0,0,0
top_hat,200,0.10000000000000001,vanLeer_FE,8.5,0,0,0
top_hat,200,0.10000000000000001,vanLeer_FE,9.5,0,0,0
top_hat,200,0.10000000000000001,vanLeer_FE,10.5,0,0,0
top_hat,200,0.10000000000000001,vanLeer_FE,11.5,0,0,0
top_hat,200,0.10000000000000001,vanLeer_FE,12.5,0,0,0
top_hat,200,0.10000000000000001,vanLeer_FE,13.5,0,0,0
top_hat,200,0.10000000000000001,vanLeer_FE,14.5,0,0,0
top_hat,200,0.10000000000000001,vanLeer_FE,15.5,0,0,0
top_hat,200,0.10000000000000001,vanLeer_FE,16.5,0,0,0
top_hat,200,0.10000000000000001,vanLeer_FE,17.5,0,0,0
top_hat,200,0.10000000000000001,vanLeer_FE,18.5,0,0,0
top_hat,200,0.10000000000000001,vanLeer_FE,19.5,0,0,0
top_hat,200,0.10000000000000001,vanLeer_FE,20.5,0,0,0
top_hat,200,0.10000000000000001,vanLeer_FE,21.5,0,0,0
top_hat,200,0.10000000000000001,vanLeer_FE,22.5,0,0,0
top_hat,200,0.10000000000000001,vanLeer_FE,23.5,0,0,0
top_hat,200,0.10000000000000001,vanLeer_FE,24.5,0,0,0
top_hat,200,0.10000000000000001,vanLeer_FE,25.5,1,0,3.2899343556418965e-29
top_hat,200,0.10000000000000001,vanLeer_FE,26.5,1,0,1.4574196764701263e-27
top_hat,200,0.10000000000000001,vanLeer_FE,27.5,1,0,3.2306260007787389e-26
top_hat,200,0.10000000000000001,vanLeer_FE,28.5,1,0,4.7776757713910726e-25
top_hat,200,0.10000000000000001,vanLeer_FE,29.5,1,0,5.3028814944669524e-24
top_hat,200,0.10000000000000001,vanLeer_FE,30.5,1,0,4.7117937524151266e-23
top_hat,200,0.10000000000000001,vanLeer_FE,31.5,1,0,3.4910332386367562e-22
top_hat,200,0.10000000000000001,vanLeer_FE,32.5,1,0,2.2183774141546807e-21
top_hat,200,0.10000000000000001,vanLeer_FE,33.5,1,0,1.2341611745842659e-20
top_hat,200,0.10000000000000001,vanLeer_FE,34.5,1,0,6.1064630142445517e-20
top_hat,200,0.10000000000000001,vanLeer_FE,35.5,0,0,2.7206441509130181e-19
top_hat,200,0.10000000000000001,vanLeer_FE,36.5,0,0,1.1024820736001642e-18
top_hat,200,0.10000000000000001,vanLeer_FE,37.5,0,0,4.0971708768244506e-18
top_hat,200,0.10000000000000001,vanLeer_FE,38.5,0,0,1.4061477334770196e-17
top_hat,200,0.10000000000000001,vanLeer_FE,39.5,0,0,4.4832646215794983e-17
top_hat,200,0.10000000000000001,vanLeer_FE,40.5,0,0,1.3348180122266441e-16
top_hat,200,0.10000000000000001,vanLeer_FE,41.5,0,0,3.7283827619888524e-16
top_hat,200,0.10000000000000001,vanLeer_FE,42.5,0,0,9.8119174150585299e-16
top_hat,200,0.10000000000000001,vanLeer_FE,43.5,0,0,2.443257801773169e-15
top_hat,200,0.10000000000000001,vanLeer_FE,44.5,0,0,5.7833064252639926e-15
top_hat,200,0.10000000000000001,vanLeer_FE,45.5,0,0,1.3086668563619932e-14
top_hat,200,0.10000000000000001,vanLeer_FE,46.5,0,0,2.8531650360430042e-14
top_hat,200,0.10000000000000001,vanLeer_FE,47.5,0,0,6.0689587756617064e-14
top_hat,200,0.10000000000000001,vanLeer_FE,48.5,0,0,1.2926417201387969e-13
top_hat,200,0.10000000000000001,vanLeer_FE,49.5,0,0,2.9865265476218962e-13
top_hat,200,0.10000000000000001,vanLeer_FE,50.5,0,0,9.082039675116694e-13
top_hat,200,0.10000000000000001,vanLeer_FE,51.5,0,0,3.9005532820587969e-12
top_hat,200,0.10000000000000001,vanLeer_FE,52.5,0,0,1.9430893351808755e-11
top_hat,200,0.10000000000000001,vanLeer_FE,53.5,0,0,9.7155418916882969e-11
top_hat,200,0.10000000000000001,vanLeer_FE,54.5,0,0,4.6671023929589887e-10
top_hat,200,0.10000000000000001,vanLeer_FE,55.500000000000007,0,0,2.1336953759404708e-09
top_hat,200,0.10000000000000001,vanLeer_FE,56.5,0,0,9.2691391882758595e-09
top_hat,200,0.10000000000000001,vanLeer_FE,57.499999999999993,0,0,3.8261556519002312e-08
top_hat,200,0.10000000000000001,vanLeer_FE,58.5,0,0,1.5010578809030664e-07
top_hat,200,0.10000000000000001,vanLeer_FE,59.5,0,0,5.5978586293698624e-07
top_hat,200,0.10000000000000001,vanLeer_FE,60.5,0,0,1.9845952195870956e-06
top_hat,200,0.10000000000000001,vanLeer_FE,61.5,0,0,6.6885907205724071e-06
top_hat,200,0.10000000000000001,vanLeer_FE,62.5,0,0,2.1426206823640382e-05
top_hat,200,0.10000000000000001,vanLeer_FE,63.5,0,0,6.5220555409918255e-05
top_hat,200,0.10000000000000001,vanLeer_FE,64.5,0,0,0.00018857080965083763
top_hat,200,0.10000000000000001,vanLeer_FE,65.5,0,0,0.00051757699977309098
top_hat,200,0.10000000000000001,vanLeer_FE,66.5,0,0,0.0013476541855160812
top_hat,200,0.10000000000000001,vanLeer_FE,67.5,0,0,0.0033258672575362919
top_hat,200,0.10000000000000001,vanLeer_FE,68.5,0,0,0.0077713528188086255
top_hat,200,0.10000000000000001,vanLeer_FE,69.5,0,0,0.017171727971991714
top_hat,200,0.10000000000000001,vanLeer_FE,70.5,0,0,0.035828844166019218
top_hat,200,0.10000000000000001,vanLeer_FE,71.5,0,0,0.070475972658410838
top_hat,200,0.10000000000000001,vanLeer_FE,72.5,0,0,0.13044225004980073
top_hat,200,0.10000000000000001,vanLeer_FE,73.5,0,0,0.22662970103319563
top_hat,200,0.10000000000000001,vanLeer_FE,74.5,0,0,0.36810089580117056
top_hat,200,0.10000000000000001,vanLeer_FE,75.5,0,1,0.55371898072038972
top_hat,200,0.10000000000000001,vanLeer_FE,76.5,0,1,0.75443242701378344
top_hat,200,0.10000000000000001,vanLeer_FE,77.5,0,1,0.90011433247610118
top_hat,200,0.10000000000000001,vanLeer_FE,78.5,0,1,0.94627693793743395
top_hat,200,0.10000000000000001,vanLeer_FE,79.5,0,1,0.94796626610251888
top_hat,200,0.10000000000000001,vanLeer_FE,80.5,0,1,0.94288557835785713
top_hat,200,0.10000000000000001,vanLeer_FE,81.5,0,1,0.92242821154303611
top_hat,200,0.10000000000000001,vanLeer_FE,82.5,0,1,0.87405753620830351
top_hat,200,0.10000000000000001,vanLeer_FE,83.5,0,1,0.78548184008290345
top_hat,200,0.10000000000000001,vanLeer_FE,84.5,0,1,0.64895609212213956
top_hat,200,0.10000000000000001,vanLeer_FE,85.5,0,0,0.46822378540861559
top_hat,200,0.10000000000000001,vanLeer_FE,86.5,0,0,0.26876757564761783
top_hat,200,0.10000000000000001,vanLeer_FE,87.5,0,0,0.10338967257502818
top_hat,200,0.10000000000000001,vanLeer_FE,88.5,0,0,0.02005067736917341
top_hat,200,0.10000000000000001,vanLeer_FE,89.5,0,0,0.001333568592935894
top_hat,200,0.10000000000000001,vanLeer_FE,90.5,0,0,1.9978322912288493e-05
top_hat,200,0.10000000000000001,vanLeer_FE,91.5,0,0,4.5658437125364285e-08
top_hat,200,0.10000000000000001,vanLeer_FE,92.5,0,0,1.2147004594187425e-11
top_hat,200,0.10000000000000001,vanLeer_FE,93.5,0,0,8.8046552175998395e-13
top_hat,200,0.10000000000000001,vanLeer_FE,94.5,0,0,7.1401018593038825e-13
top_hat,200,0.10000000000000001,vanLeer_FE,95.5,0,0,5.6521357307039505e-13
top_hat,200,0.10000000000000001,vanLeer_FE,96.5,0,0,4.4379184713721618e-13
top_hat,200,0.10000000000000001,vanLeer_FE,97.5,0,0,3.4432311445611788e-13
top_hat,200,0.10000000000000001,vanLeer_FE,98.5,0,0,2.6384748635899552e-13
top_hat,200,0.10000000000000001,vanLeer_FE,99.5,0,0,1.9969167445547932e-13
top_hat,200,0.10000000000000001,vanLeer_FE,100.5,0,0,1.4926713105072433e-13
top_hat,200,0.10000000000000001,vanLeer_FE,101.5,0,0,1.1018672261368331e-13
top_hat,200,0.10000000000000001,vanLeer_FE,102.5,0,0,8.0320562070706365e-14
top_hat,200,0.10000000000000001,vanLeer_FE,103.5,0,0,5.7815125416431809e-14
top_hat,200,0.10000000000000001,vanLeer_FE,104.5,0,0,4.1093332403730199e-14
top_hat,200,0.10000000000000001,vanLeer_FE,105.5,0,0,2.8841973519662612e-14
top_hat,200,0.10000000000000001,vanLeer_FE,106.5,0,0,1.9990273433801743e-14
top_hat,200,0.10000000000000001,vanLeer_FE,107.5,0,0,1.3682783652060546e-14
top_hat,200,0.10000000000000001,vanLeer_FE,108.5,0,0,9.2494846128296832e-15
top_hat,200,0.10000000000000001,vanLeer_FE,109.50000000000001,0,0,6.1755511143920475e-15
top_hat,200,0.10000000000000001,vanLeer_FE,110.50000000000001,0,0,4.0726630217224293e-15
top_hat,200,0.10000000000000001,vanLeer_FE,111.50000000000001,0,0,2.6531182818367742e-15
top_hat,200,0.10000000000000001,vanLeer_FE,112.5,0,0,1.7074269728444425e-15
top_hat,200,0.10000000000000001,vanLeer_FE,113.49999999999999,0,0,1.0855959725320075e-15
top_hat,200,0.10000000000000001,vanLeer_FE,114.49999999999999,0,0,6.8197613415640782e-16
top_hat,200,0.10000000000000001,vanLeer_FE,115.49999999999999,0,0,4.2333133838403005e-16
top_hat,200,0.10000000000000001,vanLeer_FE,116.5,0,0,2.5967996354408686e-16
top_hat,200,0.10000000000000001,vanLeer_FE,117.5,0,0,1.5742754601799904e-16
top_hat,200,0.10000000000000001,vanLeer_FE,118.5,0,0,9.4329091693491142e-17
top_hat,200,0.10000000000000001,vanLeer_FE,119.5,0,0,5.58691912991967e-17
top_hat,200,0.10000000000000001,vanLeer_FE,120.5,0,0,3.271152140665136e-17
top_hat,200,0.10000000000000001,vanLeer_FE,121.5,0,0,1.893525145982185e-17
top_hat,200,0.10000000000000001,vanLeer_FE,122.5,0,0,1.0837375823046803e-17
top_hat,200,0.10000000000000001,vanLeer_FE,123.5,0,0,6.1333951073220889e-18
top_hat,200,0.10000000000000001,vanLeer_FE,124.5,0,0,3.4327540756275069e-18
top_hat,200,0.10000000000000001,vanLeer_FE,125.5,0,0,1.9001620081682404e-18
top_hat,200,0.10000000000000001,vanLeer_FE,126.5,0,0,1.0403655789569634e-18
top_hat,200,0.10000000000000001,vanLeer_FE,127.5,0,0,5.6346873536718552e-19
top_hat,200,0.10000000000000001,vanLeer_FE,128.5,0,0,3.0191388731402872e-19
top_hat,200,0.10000000000000001,vanLeer_FE,129.5,0,0,1.6005396579336407e-19
top_hat,200,0.10000000000000001,vanLeer_FE,130.5,0,0,8.3957643581612764e-20
top_hat,200,0.10000000000000001,vanLeer_FE,131.5,0,0,4.3581735746983713e-20
top_hat,200,0.10000000000000001,vanLeer_FE,132.5,0,0,2.2389218840793291e-20
top_hat,200,0.10000000000000001,vanLeer_FE,133.5,0,0,1.1384206085245883e-20
top_hat,200,0.10000000000000001,vanLeer_FE,134.5,0,0,5.7297381624625169e-21
top_hat,200,0.10000000000000001,vanLeer_FE,135.5,0,0,2.8547850318838958e-21
top_hat,200,0.10000000000000001,vanLeer_FE,136.5,0,0,1.4081748667370237e-21
top_hat,200,0.10000000000000001,vanLeer_FE,137.5,0,0,6.877360344327857e-22
top_hat,200,0.10000000000000001,vanLeer_FE,138.5,0,0,3.325875482439526e-22
top_hat,200,0.10000000000000001,vanLeer_FE,139.5,0,0,1.5927430937706806e-22
top_hat,200,0.10000000000000001,vanLeer_FE,140.5,0,0,7.5540014356679568e-23
top_hat,200,0.10000000000000001,vanLeer_FE,141.5,0,0,3.5484243624834451e-23
top_hat,200,0.10000000000000001,vanLeer_FE,142.5,0,0,1.6510350387839837e-23
top_hat,200,0.10000000000000001,vanLeer_FE,143.5,0,0,7.60981136621373e-24
top_hat,200,0.10000000000000001,vanLeer_FE,144.5,0,0,3.4747414726847238e-24
top_hat,200,0.10000000000000001,vanLeer_FE,145.5,0,0,1.571939327286431e-24
top_hat,200,0.10000000000000001,vanLeer_FE,146.5,0,0,7.0460697785769156e-25
top_hat,200,0.10000000000000001,vanLeer_FE,147.5,0,0,3.1295991821427296e-25
top_hat,200,0.10000000000000001,vanLeer_FE,148.5,0,0,1.3775056906172419e-25
top_hat,200,0.10000000000000001,vanLeer_FE,149.5,0,0,6.0088701006648295e-26
top_hat,200,0.10000000000000001,vanLeer_FE,150.5,0,0,2.5978755551505753e-26
top_hat,200,0.10000000000000001,vanLeer_FE,151.5,0,0,1.1132710743523037e-26
top_hat,200,0.10000000000000001,vanLeer_FE,152.5,0,0,4.7290190575970962e-27
top_hat,200,0.10000000000000001,vanLeer_FE,153.5,0,0,1.9914015170822123e-27
top_hat,200,0.10000000000000001,vanLeer_FE,154.5,0,0,8.3136910618468976e-28
top_hat,200,0.10000000000000001,vanLeer_FE,155.5,0,0,3.4411645436629004e-28
top_hat,200,0.10000000000000001,vanLeer_FE,156.5,0,0,1.4122849268263851e-28
top_hat,200,0.10000000000000001,vanLeer_FE,157.5,0,0,5.7474201670027938e-29
top_hat,200,0.10000000000000001,vanLeer_FE,158.5,0,0,2.3194516428511027e-29
top_hat,200,0.10000000000000001,vanLeer_FE,159.5,0,0,9.2829725879030111e-30
top_hat,200,0.10000000000000001,vanLeer_FE,160.5,0,0,3.6847278414468159e-30
top_hat,200,0.10000000000000001,vanLeer_FE,161.5,0,0,1.4506652814548514e-30
top_hat,200,0.10000000000000001,vanLeer_FE,162.5,0,0,5.6649874095902803e-31
top_hat,200,0.10000000000000001,vanLeer_FE,163.5,0,0,2.1944552019105832e-31
top_hat,200,0.10000000000000001,vanLeer_FE,164.5,0,0,8.4328868919618976e-32
top_hat,200,0.10000000000000001,vanLeer_FE,165.5,0,0,3.214940998682272e-32
top_hat,200,0.10000000000000001,vanLeer_FE,166.5,0,0,1.2160234660696383e-32
top_hat,200,0.10000000000000001,vanLeer_FE,167.5,0,0,4.5636025979226718e-33
top_hat,200,0.10000000000000001,vanLeer_FE,168.5,0,0,1.699397423462824e-33
top_hat,200,0.10000000000000001,vanLeer_FE,169.5,0,0,6.2795336776937743e-34
top_hat,200,0.10000000000000001,vanLeer_FE,170.5,0,0,2.3026547999591146e-34
top_hat,200,0.10000000000000001,vanLeer_FE,171.5,0,0,8.3795879494715915e-35
top_hat,200,0.10000000000000001,vanLeer_FE,172.5,0,0,3.0264391311127254e-35
top_hat,200,0.10000000000000001,vanLeer_FE,173.5,0,0,1.0848743337327654e-35
top_hat,200,0.10000000000000001,vanLeer_FE,174.5,0,0,3.8600025487099477e-36
top_hat,200,0.10000000000000001,vanLeer_FE,175.5,0,0,1.3632596191552273e-36
top_hat,200,0.10000000000000001,vanLeer_FE,176.5,0,0,4.7794094356972191e-37
top_hat,200,0.10000000000000001,vanLeer_FE,177.5,0,0,1.6633979639989618e-37
top_hat,200,0.10000000000000001,vanLeer_FE,178.5,0,0,5.7473236134159042e-38
top_hat,200,0.10000000000000001,vanLeer_FE,179.5,0,0,1.9715314582234115e-38
top_hat,200,0.10000000000000001,vanLeer_FE,180.5,0,0,6.7147691809278311e-39
top_hat,200,0.10000000000000001,vanLeer_FE,181.5,0,0,2.2707444415121793e-39
top_hat,200,0.10000000000000001,vanLeer_FE,182.5,0,0,7.6249225803931863e-40
top_hat,200,0.10000000000000001,vanLeer_FE,183.5,0,0,2.5424509287732667e-40
top_hat,200,0.10000000000000001,vanLeer_FE,184.5,0,0,8.4185904824221302e-41
top_hat,200,0.10000000000000001,vanLeer_FE,185.5,0,0,2.7683137122153776e-41
top_hat,200,0.10000000000000001,vanLeer_FE,186.5,0,0,9.0406477018756217e-42
top_hat,200,0.10000000000000001,vanLeer_FE,187.5,0,0,2.9323180651766985e-42
top_hat,200,0.10000000000000001,vanLeer_FE,188.5,0,0,9.4464498548255757e-43
top_hat,200,0.10000000000000001,vanLeer_FE,189.5,0,0,3.0226696509314233e-43
top_hat,200,0.10000000000000001,vanLeer_FE,190.5,0,0,9.6071712095126919e-44
top_hat,200,0.10000000000000001,vanLeer_FE,191.5,0,0,3.0332010792436779e-44
top_hat,200,0.10000000000000001,vanLeer_FE,192.5,0,0,9.5131758154155656e-45
top_hat,200,0.10000000000000001,vanLeer_FE,193.5,0,0,2.9640539238746425e-45
top_hat,200,0.10000000000000001,vanLeer_FE,194.5,0,0,9.1748785960593563e-46
top_hat,200,0.10000000000000001,vanLeer_FE,195.5,0,0,2.8215346249054375e-46
top_hat,200,0.10000000000000001,vanLeer_FE,196.5,0,0,8.6210120262405076e-47
top_hat,200,0.10000000000000001,vanLeer_FE,197.5,0,0,2.6171927039772433e-47
top_hat,200,0.10000000000000001,vanLeer_FE,198.5,0,0,7.8946759643624763e-48
top_hat,200,0.10000000000000001,vanLeer_FE,199.5,0,0,2.366303546675411e-48
top_hat,200,0.10000000000000001,vanLeer_SSPRK2,0.5,0,0,0
top_hat,200,0.10000000000000001,vanLeer_SSPRK2,1.5,0,0,0
top_hat,200,0.10000000000000001,vanLeer_SSPRK2,2.5,0,0,0
top_hat,200,0.10000000000000001,vanLeer_SSPRK2,3.5,0,0,0
top_hat,200,0.10000000000000001,vanLeer_SSPRK2,4.5,0,0,0
top_hat,200,0.10000000000000001,vanLeer_SSPRK2,5.5,0,0,0
top_hat,200,0.10000000000000001,vanLeer_SSPRK2,6.5,0,0,0
top_hat,200,0.10000000000000001,vanLeer_SSPRK2,7.5,0,0,0
top_hat,200,0.10000000000000001,vanLeer_SSPRK2,8.5,0,0,0
top_hat,200,0.10000000000000001,vanLeer_SSPRK2,9.5,0,0,0
top_hat,200,0.10000000000000001,vanLeer_SSPRK2,10.5,0,0,0
top_hat,200,0.10000000000000001,vanLeer_SSPRK2,11.5,0,0,0
top_hat,200,0.10000000000000001,vanLeer_SSPRK2,12.5,0,0,0
top_hat,200,0.10000000000000001,vanLeer_SSPRK2,13.5,0,0,0
top_hat,200,0.10000000000000001,vanLeer_SSPRK2,14.5,0,0,0
top_hat,200,0.10000000000000001,vanLeer_SSPRK2,15.5,0,0,0
top_hat,200,0.10000000000000001,vanLeer_SSPRK2,16.5,0,0,0
top_hat,200,0.10000000000000001,vanLeer_SSPRK2,17.5,0,0,0
top_hat,200,0.10000000000000001,vanLeer_SSPRK2,18.5,0,0,0
top_hat,200,0.10000000000000001,vanLeer_SSPRK2,19.5,0,0,0
top_hat,200,0.10000000000000001,vanLeer_SSPRK2,20.5,0,0,0
top_hat,200,0.10000000000000001,vanLeer_SSPRK2,21.5,0,0,0
top_hat,200,0.10000000000000001,vanLeer_SSPRK2,22.5,0,0,0
top_hat,200,0.10000000000000001,vanLeer_SSPRK2,23.5,0,0,0
top_hat,200,0.10000000000000001,vanLeer_SSPRK2,24.5,0,0,0
top_hat,200,0.10000000000000001,vanLeer_SSPRK2,25.5,1,0,4.6199067203853213e-29
top_hat,200,0.10000000000000001,vanLeer_SSPRK2,26.5,1,0,2.0255592248726611e-27
top_hat,200,0.10000000000000001,vanLeer_SSPRK2,27.5,1,0,4.4450964161603827e-26
top_hat,200,0.10000000000000001,vanLeer_SSPRK2,28.5,1,0,6.5097528381158902e-25
top_hat,200,0.10000000000000001,vanLeer_SSPRK2,29.5,1,0,7.1570089573031068e-24
top_hat,200,0.10000000000000001,vanLeer_SSPRK2,30.5,1,0,6.3007988159625481e-23
top_hat,200,0.10000000000000001,vanLeer_SSPRK2,31.5,1,0,4.6266896729228695e-22
top_hat,200,0.10000000000000001,vanLeer_SSPRK2,32.5,1,0,2.9145782906614796e-21
top_hat,200,0.10000000000000001,vanLeer_SSPRK2,33.5,1,0,1.6078758294556593e-20
top_hat,200,0.10000000000000001,vanLeer_SSPRK2,34.5,1,0,7.8909042237913829e-20
top_hat,200,0.10000000000000001,vanLeer_SSPRK2,35.5,0,0,3.4880364683930691e-19
top_hat,200,0.10000000000000001,vanLeer_SSPRK2,36.5,0,0,1.4027128445560763e-18
top_hat,200,0.10000000000000001,vanLeer_SSPRK2,37.5,0,0,5.1747010311466192e-18
top_hat,200,0.10000000000000001,vanLeer_SSPRK2,38.5,0,0,1.7634093658966113e-17
top_hat,200,0.10000000000000001,vanLeer_SSPRK2,39.5,0,0,5.5841560647767612e-17
top_hat,200,0.10000000000000001,vanLeer_SSPRK2,40.5,0,0,1.6517836416258279e-16
top_hat,200,0.10000000000000001,vanLeer_SSPRK2,41.5,0,0,4.5852373528451819e-16
top_hat,200,0.10000000000000001,vanLeer_SSPRK2,42.5,0,0,1.1997189369096988e-15
top_hat,200,0.10000000000000001,vanLeer_SSPRK2,43.5,0,0,2.9717743555527018e-15
top_hat,200,0.10000000000000001,vanLeer_SSPRK2,44.5,0,0,7.0032439428343077e-15
top_hat,200,0.10000000000000001,vanLeer_SSPRK2,45.5,0,0,1.5798270779189617e-14
top_hat,200,0.10000000000000001,vanLeer_SSPRK2,46.5,0,0,3.4418620123062872e-14
top_hat,200,0.10000000000000001,vanLeer_SSPRK2,47.5,0,0,7.351131824452619e-14
top_hat,200,0.10000000000000001,vanLeer_SSPRK2,48.5,0,0,1.5932939422953483e-13
top_hat,200,0.10000000000000001,vanLeer_SSPRK2,49.5,0,0,3.9100227197813035e-13
top_hat,200,0.10000000000000001,vanLeer_SSPRK2,50.5,0,0,1.3230848765784392e-12
top_hat,200,0.10000000000000001,vanLeer_SSPRK2,51.5,0,0,6.0369792226973444e-12
top_hat,200,0.10000000000000001,vanLeer_SSPRK2,52.5,0,0,3.0209597727468395e-11
top_hat,200,0.10000000000000001,vanLeer_SSPRK2,53.5,0,0,1.4882220090322241e-10
top_hat,200,0.10000000000000001,vanLeer_SSPRK2,54.5,0,0,7.0120513519143569e-10
top_hat,200,0.10000000000000001,vanLeer_SSPRK2,55.500000000000007,0,0,3.1414336919043072e-09
top_hat,200,0.10000000000000001,vanLeer_SSPRK2,56.5,0,0,1.3370854953873595e-08
top_hat,200,0.10000000000000001,vanLeer_SSPRK2,57.499999999999993,0,0,5.4075495426040303e-08
top_hat,200,0.10000000000000001,vanLeer_SSPRK2,58.5,0,0,2.0785578157738287e-07
top_hat,200,0.10000000000000001,vanLeer_SSPRK2,59.5,0,0,7.5949786003409526e-07
top_hat,200,0.10000000000000001,vanLeer_SSPRK2,60.5,0,0,2.6383491279916132e-06
top_hat,200,0.10000000000000001,vanLeer_SSPRK2,61.5,0,0,8.7130236544867719e-06
top_hat,200,0.10000000000000001,vanLeer_SSPRK2,62.5,0,0,2.7351093873027501e-05
top_hat,200,0.10000000000000001,vanLeer_SSPRK2,63.5,0,0,8.1589414870255155e-05
top_hat,200,0.10000000000000001,vanLeer_SSPRK2,64.5,0,0,0.00023119208739105632
top_hat,200,0.10000000000000001,vanLeer_SSPRK2,65.5,0,0,0.00062195294980201682
top_hat,200,0.10000000000000001,vanLeer_SSPRK2,66.5,0,0,0.0015874027113942477
top_hat,200,0.10000000000000001,vanLeer_SSPRK2,67.5,0,0,0.0038405264961103164
top_hat,200,0.10000000000000001,vanLeer_SSPRK2,68.5,0,0,0.0087987775081393056
top_hat,200,0.10000000000000001,vanLeer_SSPRK2,69.5,0,0,0.019065876624994864
top_hat,200,0.10000000000000001,vanLeer_SSPRK2,70.5,0,0,0.039020074909923395
top_hat,200,0.10000000000000001,vanLeer_SSPRK2,71.5,0,0,0.075305682016788791
top_hat,200,0.10000000000000001,vanLeer_SSPRK2,72.5,0,0,0.13680127652003821
top_hat,200,0.10000000000000001,vanLeer_SSPRK2,73.5,0,0,0.23340090558542753
top_hat,200,0.10000000000000001,vanLeer_SSPRK2,74.5,0,0,0.37265950851217283
top_hat,200,0.10000000000000001,vanLeer_SSPRK2,75.5,0,1,0.55243976005789097
top_hat,200,0.10000000000000001,vanLeer_SSPRK2,76.5,0,1,0.74616518646745233
top_hat,200,0.10000000000000001,vanLeer_SSPRK2,77.5,0,1,0.89057897923460816
top_hat,200,0.10000000000000001,vanLeer_SSPRK2,78.5,0,1,0.93988077759230459
top_hat,200,0.10000000000000001,vanLeer_SSPRK2,79.5,0,1,0.94213736277607019
top_hat,200,0.10000000000000001,vanLeer_SSPRK2,80.5,0,1,0.93704472468174438
top_hat,200,0.10000000000000001,vanLeer_SSPRK2,81.5,0,1,0.91629961639956858
top_hat,200,0.10000000000000001,vanLeer_SSPRK2,82.5,0,1,0.86747403366235565
top_hat,200,0.10000000000000001,vanLeer_SSPRK2,83.5,0,1,0.77914991357666818
top_hat,200,0.10000000000000001,vanLeer_SSPRK2,84.5,0,1,0.64509912081145482
top_hat,200,0.10000000000000001,vanLeer_SSPRK2,85.5,0,0,0.47024555260279588
top_hat,200,0.10000000000000001,vanLeer_SSPRK2,86.5,0,0,0.27830694773309661
top_hat,200,0.10000000000000001,vanLeer_SSPRK2,87.5,0,0,0.11534736161236739
top_hat,200,0.10000000000000001,vanLeer_SSPRK2,88.5,0,0,0.026068538623734951
top_hat,200,0.10000000000000001,vanLeer_SSPRK2,89.5,0,0,0.002257302081926202
top_hat,200,0.10000000000000001,vanLeer_SSPRK2,90.5,0,0,5.012079977693742e-05
top_hat,200,0.10000000000000001,vanLeer_SSPRK2,91.5,0,0,1.9455299895844076e-07
top_hat,200,0.10000000000000001,vanLeer_SSPRK2,92.5,0,0,9.5626429339587068e-11
top_hat,200,0.10000000000000001,vanLeer_SSPRK2,93.5,0,0,8.7876467771049553e-13
top_hat,200,0.10000000000000001,vanLeer_SSPRK2,94.5,0,0,7.4280539013929353e-13
top_hat,200,0.10000000000000001,vanLeer_SSPRK2,95.5,0,0,5.946023217610446e-13
top_hat,200,0.10000000000000001,vanLeer_SSPRK2,96.5,0,0,4.6861738427905521e-13
top_hat,200,0.10000000000000001,vanLeer_SSPRK2,97.5,0,0,3.6512047799151306e-13
top_hat,200,0.10000000000000001,vanLeer_SSPRK2,98.5,0,0,2.8101311564637988e-13
top_hat,200,0.10000000000000001,vanLeer_SSPRK2,99.5,0,0,2.1357760154169171e-13
top_hat,200,0.10000000000000001,vanLeer_SSPRK2,100.5,0,0,1.6029119450701783e-13
top_hat,200,0.10000000000000001,vanLeer_SSPRK2,101.5,0,0,1.1879466480144987e-13
top_hat,200,0.10000000000000001,vanLeer_SSPRK2,102.5,0,0,8.6941905128776542e-14
top_hat,200,0.10000000000000001,vanLeer_SSPRK2,103.5,0,0,6.2837385465515666e-14
top_hat,200,0.10000000000000001,vanLeer_SSPRK2,104.5,0,0,4.4851395681847071e-14
top_hat,200,0.10000000000000001,vanLeer_SSPRK2,105.5,0,0,3.1616693313240255e-14
top_hat,200,0.10000000000000001,vanLeer_SSPRK2,106.5,0,0,2.201182220185126e-14
top_hat,200,0.10000000000000001,vanLeer_SSPRK2,107.5,0,0,1.5136115445829043e-14
top_hat,200,0.10000000000000001,vanLeer_SSPRK2,108.5,0,0,1.0280521766219706e-14
top_hat,200,0.10000000000000001,vanLeer_SSPRK2,109.50000000000001,0,0,6.8973936661433986e-15
top_hat,200,0.10000000000000001,vanLeer_SSPRK2,110.50000000000001,0,0,4.5714495663509809e-15
top_hat,200,0.10000000000000001,vanLeer_SSPRK2,111.50000000000001,0,0,2.9933292908929541e-15
top_hat,200,0.10000000000000001,vanLeer_SSPRK2,112.5,0,0,1.9365177465990867e-15
top_hat,200,0.10000000000000001,vanLeer_SSPRK2,113.49999999999999,0,0,1.2379167627260167e-15
top_hat,200,0.10000000000000001,vanLeer_SSPRK2,114.49999999999999,0,0,7.8199204845167602e-16
top_hat,200,0.10000000000000001,vanLeer_SSPRK2,115.49999999999999,0,0,4.8819485949437996e-16
top_hat,200,0.10000000000000001,vanLeer_SSPRK2,116.5,0,0,3.0123394655899563e-16
top_hat,200,0.10000000000000001,vanLeer_SSPRK2,117.5,0,0,1.8372783839105732e-16
top_hat,200,0.10000000000000001,vanLeer_SSPRK2,118.5,0,0,1.1077642098505623e-16
top_hat,200,0.10000000000000001,vanLeer_SSPRK2,119.5,0,0,6.6033194667534154e-17
top_hat,200,0.10000000000000001,vanLeer_SSPRK2,120.5,0,0,3.8918979466725546e-17
top_hat,200,0.10000000000000001,vanLeer_SSPRK2,121.5,0,0,2.2682265341104964e-17
top_hat,200,0.10000000000000001,vanLeer_SSPRK2,122.5,0,0,1.3073113445374375e-17
top_hat,200,0.10000000000000001,vanLeer_SSPRK2,123.5,0,0,7.4521406466899704e-18
top_hat,200,0.10000000000000001,vanLeer_SSPRK2,124.5,0,0,4.2017887578490766e-18
top_hat,200,0.10000000000000001,vanLeer_SSPRK2,125.5,0,0,2.3435822610866602e-18
top_hat,200,0.10000000000000001,vanLeer_SSPRK2,126.5,0,0,1.29318458756879e-18
top_hat,200,0.10000000000000001,vanLeer_SSPRK2,127.5,0,0,7.060191742202695e-19
top_hat,200,0.10000000000000001,vanLeer_SSPRK2,128.5,0,0,3.8140749867126785e-19
top_hat,200,0.10000000000000001,vanLeer_SSPRK2,129.5,0,0,2.0390108736014968e-19
top_hat,200,0.10000000000000001,vanLeer_SSPRK2,130.5,0,0,1.0788174465599334e-19
top_hat,200,0.10000000000000001,vanLeer_SSPRK2,131.5,0,0,5.6495605625014209e-20
top_hat,200,0.10000000000000001,vanLeer_SSPRK2,132.5,0,0,2.928596094753113e-20
top_hat,200,0.10000000000000001,vanLeer_SSPRK2,133.5,0,0,1.502871378463427e-20
top_hat,200,0.10000000000000001,vanLeer_SSPRK2,134.5,0,0,7.635556199972465e-21
top_hat,200,0.10000000000000001,vanLeer_SSPRK2,135.5,0,0,3.8410914139587456e-21
top_hat,200,0.10000000000000001,vanLeer_SSPRK2,136.5,0,0,1.9133826388065661e-21
top_hat,200,0.10000000000000001,vanLeer_SSPRK2,137.5,0,0,9.4388675870090616e-22
top_hat,200,0.10000000000000001,vanLeer_SSPRK2,138.5,0,0,4.6115404435556943e-22
top_hat,200,0.10000000000000001,vanLeer_SSPRK2,139.5,0,0,2.231602907732394e-22
top_hat,200,0.10000000000000001,vanLeer_SSPRK2,140.5,0,0,1.0697167704982264e-22
top_hat,200,0.10000000000000001,vanLeer_SSPRK2,141.5,0,0,5.079692374441186e-23
top_hat,200,0.10000000000000001,vanLeer_SSPRK2,142.5,0,0,2.3897803507046538e-23
top_hat,200,0.10000000000000001,vanLeer_SSPRK2,143.5,0,0,1.1139489320862775e-23
top_hat,200,0.10000000000000001,vanLeer_SSPRK2,144.5,0,0,5.1450970184335008e-24
top_hat,200,0.10000000000000001,vanLeer_SSPRK2,145.5,0,0,2.3549225751331156e-24
top_hat,200,0.10000000000000001,vanLeer_SSPRK2,146.5,0,0,1.0681882143595986e-24
top_hat,200,0.10000000000000001,vanLeer_SSPRK2,147.5,0,0,4.8021956199023932e-25
top_hat,200,0.10000000000000001,vanLeer_SSPRK2,148.5,0,0,2.1398591674346792e-25
top_hat,200,0.10000000000000001,vanLeer_SSPRK2,149.5,0,0,9.4518259162429358e-26
top_hat,200,0.10000000000000001,vanLeer_SSPRK2,150.5,0,0,4.1386896101643913e-26
top_hat,200,0.10000000000000001,vanLeer_SSPRK2,151.5,0,0,1.7966257115741911e-26
top_hat,200,0.10000000000000001,vanLeer_SSPRK2,152.5,0,0,7.7326886292700738e-27
top_hat,200,0.10000000000000001,vanLeer_SSPRK2,153.5,0,0,3.2999830096428924e-27
top_hat,200,0.10000000000000001,vanLeer_SSPRK2,154.5,0,0,1.3964675031651693e-27
top_hat,200,0.10000000000000001,vanLeer_SSPRK2,155.5,0,0,5.8602638500457239e-28
top_hat,200,0.10000000000000001,vanLeer_SSPRK2,156.5,0,0,2.4389312238193928e-28
top_hat,200,0.10000000000000001,vanLeer_SSPRK2,157.5,0,0,1.0067147168362159e-28
top_hat,200,0.10000000000000001,vanLeer_SSPRK2,158.5,0,0,4.1215995303690304e-29
top_hat,200,0.10000000000000001,vanLeer_SSPRK2,159.5,0,0,1.6738067401763407e-29
top_hat,200,0.10000000000000001,vanLeer_SSPRK2,160.5,0,0,6.7429855077768777e-30
top_hat,200,0.10000000000000001,vanLeer_SSPRK2,161.5,0,0,2.6948425709079166e-30
top_hat,200,0.10000000000000001,vanLeer_SSPRK2,162.5,0,0,1.068501958327309e-30
top_hat,200,0.10000000000000001,vanLeer_SSPRK2,163.5,0,0,4.2034328895324411e-31
top_hat,200,0.10000000000000001,vanLeer_SSPRK2,164.5,0,0,1.6407618382769551e-31
top_hat,200,0.10000000000000001,vanLeer_SSPRK2,165.5,0,0,6.355138391040508e-32
top_hat,200,0.10000000000000001,vanLeer_SSPRK2,166.5,0,0,2.4426855914345014e-32
top_hat,200,0.10000000000000001,vanLeer_SSPRK2,167.5,0,0,9.3174684955018839e-33
top_hat,200,0.10000000000000001,vanLeer_SSPRK2,168.5,0,0,3.5272843630887218e-33
top_hat,200,0.10000000000000001,vanLeer_SSPRK2,169.5,0,0,1.32531536519947e-33
top_hat,200,0.10000000000000001,vanLeer_SSPRK2,170.5,0,0,4.9426280420467996e-34
top_hat,200,0.10000000000000001,vanLeer_SSPRK2,171.5,0,0,1.8297002859698546e-34
top_hat,200,0.10000000000000001,vanLeer_SSPRK2,172.5,0,0,6.7237010427361e-35
top_hat,200,0.10000000000000001,vanLeer_SSPRK2,173.5,0,0,2.4528219123034046e-35
top_hat,200,0.10000000000000001,vanLeer_SSPRK2,174.5,0,0,8.8833196481943455e-36
top_hat,200,0.10000000000000001,vanLeer_SSPRK2,175.5,0,0,3.1941726004122543e-36
top_hat,200,0.10000000000000001,vanLeer_SSPRK2,176.5,0,0,1.1403473633126978e-36
top_hat,200,0.10000000000000001,vanLeer_SSPRK2,177.5,0,0,4.04234357668025e-37
top_hat,200,0.10000000000000001,vanLeer_SSPRK2,178.5,0,0,1.42287865237464e-37
top_hat,200,0.10000000000000001,vanLeer_SSPRK2,179.5,0,0,4.9734998193823491e-38
top_hat,200,0.10000000000000001,vanLeer_SSPRK2,180.5,0,0,1.7263812111920029e-38
top_hat,200,0.10000000000000001,vanLeer_SSPRK2,181.5,0,0,5.9513038747385028e-39
top_hat,200,0.10000000000000001,vanLeer_SSPRK2,182.5,0,0,2.037551511204347e-39
top_hat,200,0.10000000000000001,vanLeer_SSPRK2,183.5,0,0,6.9286092329403921e-40
top_hat,200,0.10000000000000001,vanLeer_SSPRK2,184.5,0,0,2.3401529257502363e-40
top_hat,200,0.10000000000000001,vanLeer_SSPRK2,185.5,0,0,7.8509562387243549e-41
top_hat,200,0.10000000000000001,vanLeer_SSPRK2,186.5,0,0,2.6163763944478762e-41
top_hat,200,0.10000000000000001,vanLeer_SSPRK2,187.5,0,0,8.6615615056697151e-42
top_hat,200,0.10000000000000001,vanLeer_SSPRK2,188.5,0,0,2.8485850494235354e-42
top_hat,200,0.10000000000000001,vanLeer_SSPRK2,189.5,0,0,9.307171104620691e-43
top_hat,200,0.10000000000000001,vanLeer_SSPRK2,190.5,0,0,3.0212034431152128e-43
top_hat,200,0.10000000000000001,vanLeer_SSPRK2,191.5,0,0,9.743927353290696e-44
top_hat,200,0.10000000000000001,vanLeer_SSPRK2,192.5,0,0,3.122465891703153e-44
top_hat,200,0.10000000000000001,vanLeer_SSPRK2,193.5,0,0,9.9423387224201327e-45
top_hat,200,0.10000000000000001,vanLeer_SSPRK2,194.5,0,0,3.1457482581529103e-45
top_hat,200,0.10000000000000001,vanLeer_SSPRK2,195.5,0,0,9.8905648137938104e-46
top_hat,200,0.10000000000000001,vanLeer_SSPRK2,196.5,0,0,3.0902733243926947e-46
top_hat,200,0.10000000000000001,vanLeer_SSPRK2,197.5,0,0,9.5955111087134147e-47
top_hat,200,0.10000000000000001,vanLeer_SSPRK2,198.5,0,0,2.9610878994284095e-47
top_hat,200,0.10000000000000001,vanLeer_SSPRK2,199.5,0,0,9.0816090929072318e-48
top_hat,200,1,vanLeer_FE,0.5,0,0,0
top_hat,200,1,vanLeer_FE,1.5,0,0,0
top_hat,200,1,vanLeer_FE,2.5,0,0,0
top_hat,200,1,vanLeer_FE,3.5,0,0,0
top_hat,200,1,vanLeer_FE,4.5,0,0,0
top_hat,200,1,vanLeer_FE,5.5,0,0,0
top_hat,200,1,vanLeer_FE,6.5,0,0,0
top_hat,200,1,vanLeer_FE,7.5,0,0,0
top_hat,200,1,vanLeer_FE,8.5,0,0,0
top_hat,200,1,vanLeer_FE,9.5,0,0,0
top_hat,200,1,vanLeer_FE,10.5,0,0,0
top_hat,200,1,vanLeer_FE,11.5,0,0,0
top_hat,200,1,vanLeer_FE,12.5,0,0,0
top_hat,200,1,vanLeer_FE,13.5,0,0,0
top_hat,200,1,vanLeer_FE,14.5,0,0,0
top_hat,200,1,vanLeer_FE,15.5,0,0,0
top_hat,200,1,vanLeer_FE,16.5,0,0,0
top_hat,200,1,vanLeer_FE,17.5,0,0,0
top_hat,200,1,vanLeer_FE,18.5,0,0,0
top_hat,200,1,vanLeer_FE,19.5,0,0,0
top_hat,200,1,vanLeer_FE,20.5,0,0,0
top_hat,200,1,vanLeer_FE,21.5,0,0,0
top_hat,200,1,vanLeer_FE,22.5,0,0,0
top_hat,200,1,vanLeer_FE,23.5,0,0,0
top_hat,200,1,vanLeer_FE,24.5,0,0,0
top_hat,200,1,vanLeer_FE,25.5,1,0,1.2207121728150284e-30
top_hat,200,1,vanLeer_FE,26.5,1,0,5.9662766973660552e-29
top_hat,200,1,vanLeer_FE,27.5,1,0,1.4556368397865725e-27
top_hat,200,1,vanLeer_FE,28.5,1,0,2.363679357331126e-26
top_hat,200,1,vanLeer_FE,29.5,1,0,2.8737570924297396e-25
top_hat,200,1,vanLeer_FE,30.5,1,0,2.790318692613527e-24
top_hat,200,1,vanLeer_FE,31.5,1,0,2.253804177823243e-23
top_hat,200,1,vanLeer_FE,32.5,1,0,1.5576119916903463e-22
top_hat,200,1,vanLeer_FE,33.5,1,0,9.4021184119762788e-22
top_hat,200,1,vanLeer_FE,34.5,1,0,5.0355024517616575e-21
top_hat,200,1,vanLeer_FE,35.5,0,0,2.4226669154256817e-20
top_hat,200,1,vanLeer_FE,36.5,0,0,1.0576247776987334e-19
top_hat,200,1,vanLeer_FE,37.5,0,0,4.2242493240607161e-19
top_hat,200,1,vanLeer_FE,38.5,0,0,1.5544033300077137e-18
top_hat,200,1,vanLeer_FE,39.5,0,0,5.300821931735754e-18
top_hat,200,1,vanLeer_FE,40.5,0,0,1.6838573275372257e-17
top_hat,200,1,vanLeer_FE,41.5,0,0,5.0048301429291775e-17
top_hat,200,1,vanLeer_FE,42.5,0,0,1.39739542626346e-16
top_hat,200,1,vanLeer_FE,43.5,0,0,3.6784382198919637e-16
top_hat,200,1,vanLeer_FE,44.5,0,0,9.160112119819263e-16
top_hat,200,1,vanLeer_FE,45.5,0,0,2.16523423325065e-15
top_hat,200,1,vanLeer_FE,46.5,0,0,4.875941854660773e-15
top_hat,200,1,vanLeer_FE,47.5,0,0,1.0505554716283206e-14
top_hat,200,1,vanLeer_FE,48.5,0,0,2.1775912055521823e-14
top_hat,200,1,vanLeer_FE,49.5,0,0,4.3764880368304761e-14
top_hat,200,1,vanLeer_FE,50.5,0,0,8.6391647786853499e-14
top_hat,200,1,vanLeer_FE,51.5,0,0,1.7274315200816984e-13
top_hat,200,1,vanLeer_FE,52.5,0,0,3.9135457709211532e-13
top_hat,200,1,vanLeer_FE,53.5,0,0,1.2750592309664858e-12
top_hat,200,1,vanLeer_FE,54.5,0,0,6.0090131460520756e-12
top_hat,200,1,vanLeer_FE,55.500000000000007,0,0,3.2053322392775941e-11
top_hat,200,1,vanLeer_FE,56.5,0,0,1.6961045578094277e-10
top_hat,200,1,vanLeer_FE,57.499999999999993,0,0,8.6047924239130991e-10
top_hat,200,1,vanLeer_FE,58.5,0,0,4.15702576595915e-09
top_hat,200,1,vanLeer_FE,59.5,0,0,1.9101851926081463e-08
top_hat,200,1,vanLeer_FE,60.5,0,0,8.3474847675471928e-08
top_hat,200,1,vanLeer_FE,61.5,0,0,3.4690271889937697e-07
top_hat,200,1,vanLeer_FE,62.5,0,0,1.3708414572805816e-06
top_hat,200,1,vanLeer_FE,63.5,0,0,5.149975108856101e-06
top_hat,200,1,vanLeer_FE,64.5,0,0,1.838755113835555e-05
top_hat,200,1,vanLeer_FE,65.5,0,0,6.2367272598319915e-05
top_hat,200,1,vanLeer_FE,66.5,0,0,0.00020084866503333439
top_hat,200,1,vanLeer_FE,67.5,0,0,0.00061373734812366428
top_hat,200,1,vanLeer_FE,68.5,0,0,0.0017782290471789588
top_hat,200,1,vanLeer_FE,69.5,0,0,0.0048816175366589668
top_hat,200,1,vanLeer_FE,70.5,0,0,0.012688444479220407
top_hat,200,1,vanLeer_FE,71.5,0,0,0.031206165671475512
top_hat,200,1,vanLeer_FE,72.5,0,0,0.072545659752918143
top_hat,200,1,vanLeer_FE,73.5,0,0,0.15882806095215507
top_hat,200,1,vanLeer_FE,74.5,0,0,0.32281184624235881
top_hat,200,1,vanLeer_FE,75.5,0,1,0.58216145189175839
top_hat,200,1,vanLeer_FE,76.5,0,1,0.85177728025730082
top_hat,200,1,vanLeer_FE,77.5,0,1,0.97300530819567399
top_hat,200,1,vanLeer_FE,78.5,0,1,0.98633190457943143
top_hat,200,1,vanLeer_FE,79.5,0,1,0.98593551703173732
top_hat,200,1,vanLeer_FE,80.5,0,1,0.98206641997273769
top_hat,200,1,vanLeer_FE,81.5,0,1,0.96784624637985284
top_hat,200,1,vanLeer_FE,82.5,0,1,0.93025161866825645
top_hat,200,1,vanLeer_FE,83.5,0,1,0.84684935134048034
top_hat,200,1,vanLeer_FE,84.5,0,1,0.68552316327655372
top_hat,200,1,vanLeer_FE,85.5,0,0,0.42852365422556221
top_hat,200,1,vanLeer_FE,86.5,0,0,0.15404314543187497
top_hat,200,1,vanLeer_FE,87.5,0,0,0.019561585876365414
top_hat,200,1,vanLeer_FE,88.5,0,0,0.00047978157287327169
top_hat,200,1,vanLeer_FE,89.5,0,0,1.2310668881402866e-06
top_hat,200,1,vanLeer_FE,90.5,0,0,1.8697838834022221e-10
top_hat,200,1,vanLeer_FE,91.5,0,0,7.79025167248855e-13
top_hat,200,1,vanLeer_FE,92.5,0,0,6.5370497915390371e-13
top_hat,200,1,vanLeer_FE,93.5,0,0,5.2282134418804561e-13
top_hat,200,1,vanLeer_FE,94.5,0,0,4.156944188744874e-13
top_hat,200,1,vanLeer_FE,95.5,0,0,3.2683921890578849e-13
top_hat,200,1,vanLeer_FE,96.5,0,0,2.5302727155809256e-13
top_hat,200,1,vanLeer_FE,97.5,0,0,1.9264894519061323e-13
top_hat,200,1,vanLeer_FE,98.5,0,0,1.4424232933644173e-13
top_hat,200,1,vanLeer_FE,99.5,0,0,1.0624855802599332e-13
top_hat,200,1,vanLeer_FE,100.5,0,0,7.7037449497322102e-14
top_hat,200,1,vanLeer_FE,101.5,0,0,5.501064875636036e-14
top_hat,200,1,vanLeer_FE,102.5,0,0,3.8699934256233269e-14
top_hat,200,1,vanLeer_FE,103.5,0,0,2.6827396738330492e-14
top_hat,200,1,vanLeer_FE,104.5,0,0,1.8326867140879831e-14
top_hat,200,1,vanLeer_FE,105.5,0,0,1.2338070131646764e-14
top_hat,200,1,vanLeer_FE,106.5,0,0,8.1856391579541985e-15
top_hat,200,1,vanLeer_FE,107.5,0,0,5.3518285448353366e-15
top_hat,200,1,vanLeer_FE,108.5,0,0,3.4482641702145928e-15
top_hat,200,1,vanLeer_FE,109.50000000000001,0,0,2.1895775459841241e-15
top_hat,200,1,vanLeer_FE,110.50000000000001,0,0,1.3702559774636146e-15
top_hat,200,1,vanLeer_FE,111.50000000000001,0,0,8.451822512756259e-16
top_hat,200,1,vanLeer_FE,112.5,0,0,5.1384933123385525e-16
top_hat,200,1,vanLeer_FE,113.49999999999999,0,0,3.0795676578498915e-16
top_hat,200,1,vanLeer_FE,114.49999999999999,0,0,1.8194716602851403e-16
top_hat,200,1,vanLeer_FE,115.49999999999999,0,0,1.0598300889512299e-16
top_hat,200,1,vanLeer_FE,116.5,0,0,6.0869105562891999e-17
top_hat,200,1,vanLeer_FE,117.5,0,0,3.4471652124170974e-17
top_hat,200,1,vanLeer_FE,118.5,0,0,1.9251609879161558e-17
top_hat,200,1,vanLeer_FE,119.5,0,0,1.0603460176413453e-17
top_hat,200,1,vanLeer_FE,120.5,0,0,5.7602349430968647e-18
top_hat,200,1,vanLeer_FE,121.5,0,0,3.0866106918300755e-18
top_hat,200,1,vanLeer_FE,122.5,0,0,1.6315869321788795e-18
top_hat,200,1,vanLeer_FE,123.5,0,0,8.5087047715216526e-19
top_hat,200,1,vanLeer_FE,124.5,0,0,4.3780448108904361e-19
top_hat,200,1,vanLeer_FE,125.5,0,0,2.2227952980466949e-19
top_hat,200,1,vanLeer_FE,126.5,0,0,1.1136803056334868e-19
top_hat,200,1,vanLeer_FE,127.5,0,0,5.506845199984389e-20
top_hat,200,1,vanLeer_FE,128.5,0,0,2.6876083488646042e-20
top_hat,200,1,vanLeer_FE,129.5,0,0,1.2947603077310039e-20
top_hat,200,1,vanLeer_FE,130.5,0,0,6.1576136146715202e-21
top_hat,200,1,vanLeer_FE,131.5,0,0,2.8911746310414122e-21
top_hat,200,1,vanLeer_FE,132.5,0,0,1.3403367916368594e-21
top_hat,200,1,vanLeer_FE,133.5,0,0,6.135780482633724e-22
top_hat,200,1,vanLeer_FE,134.5,0,0,2.7738314622358259e-22
top_hat,200,1,vanLeer_FE,135.5,0,0,1.2384610718883993e-22
top_hat,200,1,vanLeer_FE,136.5,0,0,5.4615237023494845e-23
top_hat,200,1,vanLeer_FE,137.5,0,0,2.3790909465709929e-23
top_hat,200,1,vanLeer_FE,138.5,0,0,1.0237879868133996e-23
top_hat,200,1,vanLeer_FE,139.5,0,0,4.3525741332878863e-24
top_hat,200,1,vanLeer_FE,140.5,0,0,1.8283286498227675e-24
top_hat,200,1,vanLeer_FE,141.5,0,0,7.5887184136430679e-25
top_hat,200,1,vanLeer_FE,142.5,0,0,3.1125920582662936e-25
top_hat,200,1,vanLeer_FE,143.5,0,0,1.2616777212427135e-25
top_hat,200,1,vanLeer_FE,144.5,0,0,5.0545134960472023e-26
top_hat,200,1,vanLeer_FE,145.5,0,0,2.001458500568459e-26
top_hat,200,1,vanLeer_FE,146.5,0,0,7.8339556622880176e-27
top_hat,200,1,vanLeer_FE,147.5,0,0,3.0311909817657839e-27
top_hat,200,1,vanLeer_FE,148.5,0,0,1.1595058657084384e-27
top_hat,200,1,vanLeer_FE,149.5,0,0,4.3851986110178905e-28
top_hat,200,1,vanLeer_FE,150.5,0,0,1.6398000688924704e-28
top_hat,200,1,vanLeer_FE,151.5,0,0,6.0632565866802809e-29
top_hat,200,1,vanLeer_FE,152.5,0,0,2.216981036234807e-29
top_hat,200,1,vanLeer_FE,153.5,0,0,8.0165231115339791e-30
top_hat,200,1,vanLeer_FE,154.5,0,0,2.8668483281423734e-30
top_hat,200,1,vanLeer_FE,155.5,0,0,1.0140142480574161e-30
top_hat,200,1,vanLeer_FE,156.5,0,0,3.5475594117849393e-31
top_hat,200,1,vanLeer_FE,157.5,0,0,1.2276843824278223e-31
top_hat,200,1,vanLeer_FE,158.5,0,0,4.2028117010237835e-32
top_hat,200,1,vanLeer_FE,159.5,0,0,1.4233561073109926e-32
top_hat,200,1,vanLeer_FE,160.5,0,0,4.7690460115292685e-33
top_hat,200,1,vanLeer_FE,161.5,0,0,1.5809467092162064e-33
top_hat,200,1,vanLeer_FE,162.5,0,0,5.1855377382545923e-34
top_hat,200,1,vanLeer_FE,163.5,0,0,1.6829991969803284e-34
top_hat,200,1,vanLeer_FE,164.5,0,0,5.4051764563809543e-35
top_hat,200,1,vanLeer_FE,165.5,0,0,1.7178832818948633e-35
top_hat,200,1,vanLeer_FE,166.5,0,0,5.4032720235261241e-36
top_hat,200,1,vanLeer_FE,167.5,0,0,1.6819793369301166e-36
top_hat,200,1,vanLeer_FE,168.5,0,0,5.1821027984277806e-37
top_hat,200,1,vanLeer_FE,169.5,0,0,1.5802780123665412e-37
top_hat,200,1,vanLeer_FE,170.5,0,0,4.7700541364611664e-38
top_hat,200,1,vanLeer_FE,171.5,0,0,1.4252641506735079e-38
top_hat,200,1,vanLeer_FE,172.5,0,0,4.2156956039595575e-39
top_hat,200,1,vanLeer_FE,173.5,0,0,1.2344236411729238e-39
top_hat,200,1,vanLeer_FE,174.5,0,0,3.5784856662085288e-40
top_hat,200,1,vanLeer_FE,175.5,0,0,1.0270534800186212e-40
top_hat,200,1,vanLeer_FE,176.5,0,0,2.9185283748242593e-41
top_hat,200,1,vanLeer_FE,177.5,0,0,8.2116405710005993e-42
top_hat,200,1,vanLeer_FE,178.5,0,0,2.2877516042939786e-42
top_hat,200,1,vanLeer_FE,179.5,0,0,6.3112912095775074e-43
top_hat,200,1,vanLeer_FE,180.5,0,0,1.7241505765671982e-43
top_hat,200,1,vanLeer_FE,181.5,0,0,4.6644099745698004e-44
top_hat,200,1,vanLeer_FE,182.5,0,0,1.2496818065151899e-44
top_hat,200,1,vanLeer_FE,183.5,0,0,3.3158874015758403e-45
top_hat,200,1,vanLeer_FE,184.5,0,0,8.7139250513816407e-46
top_hat,200,1,vanLeer_FE,185.5,0,0,2.2680751747874143e-46
top_hat,200,1,vanLeer_FE,186.5,0,0,5.8471771661080133e-47
top_hat,200,1,vanLeer_FE,187.5,0,0,1.4931230302109545e-47
top_hat,200,1,vanLeer_FE,188.5,0,0,3.7767702750179242e-48
top_hat,200,1,vanLeer_FE,189.5,0,0,9.4631567288125379e-49
top_hat,200,1,vanLeer_FE,190.5,0,0,2.3488571060025651e-49
top_hat,200,1,vanLeer_FE,191.5,0,0,5.7755937114907862e-50
top_hat,200,1,vanLeer_FE,192.5,0,0,1.4069228537024253e-50
top_hat,200,1,vanLeer_FE,193.5,0,0,3.3954039628299324e-51
top_hat,200,1,vanLeer_FE,194.5,0,0,8.1184629496159558e-52
top_hat,200,1,vanLeer_FE,195.5,0,0,1.923228215547028e-52
top_hat,200,1,vanLeer_FE,196.5,0,0,4.5141471074096669e-53
top_hat,200,1,vanLeer_FE,197.5,0,0,1.0498360503525492e-53
top_hat,200,1,vanLeer_FE,198.5,0,0,2.4192510576898764e-54
top_hat,200,1,vanLeer_FE,199.5,0,0,5.5241652703994491e-55
top_hat,200,1,vanLeer_SSPRK2,0.5,0,0,0
top_hat,200,1,vanLeer_SSPRK2,1.5,0,0,0
top_hat,200,1,vanLeer_SSPRK2,2.5,0,0,0
top_hat,200,1,vanLeer_SSPRK2,3.5,0,0,0
top_hat,200,1,vanLeer_SSPRK2,4.5,0,0,0
top_hat,200,1,vanLeer_SSPRK2,5.5,0,0,0
top_hat,200,1,vanLeer_SSPRK2,6.5,0,0,0
top_hat,200,1,vanLeer_SSPRK2,7.5,0,0,0
top_hat,200,1,vanLeer_SSPRK2,8.5,0,0,0
top_hat,200,1,vanLeer_SSPRK2,9.5,0,0,0
top_hat,200,1,vanLeer_SSPRK2,10.5,0,0,0
top_hat,200,1,vanLeer_SSPRK2,11.5,0,0,0
top_hat,200,1,vanLeer_SSPRK2,12.5,0,0,0
top_hat,200,1,vanLeer_SSPRK2,13.5,0,0,0
top_hat,200,1,vanLeer_SSPRK2,14.5,0,0,0
top_hat,200,1,vanLeer_SSPRK2,15.5,0,0,0
top_hat,200,1,vanLeer_SSPRK2,16.5,0,0,0
top_hat,200,1,vanLeer_SSPRK2,17.5,0,0,0
top_hat,200,1,vanLeer_SSPRK2,18.5,0,0,0
top_hat,200,1,vanLeer_SSPRK2,19.5,0,0,0
top_hat,200,1,vanLeer_SSPRK2,20.5,0,0,0
top_hat,200,1,vanLeer_SSPRK2,21.5,0,0,0
top_hat,200,1,vanLeer_SSPRK2,22.5,0,0,0
top_hat,200,1,vanLeer_SSPRK2,23.5,0,0,0
top_hat,200,1,vanLeer_SSPRK2,24.5,0,0,0
top_hat,200,1,vanLeer_SSPRK2,25.5,1,0,5.5841759176362987e-29
top_hat,200,1,vanLeer_SSPRK2,26.5,1,0,2.432625610241372e-27
top_hat,200,1,vanLeer_SSPRK2,27.5,1,0,5.3054563033441968e-26
top_hat,200,1,vanLeer_SSPRK2,28.5,1,0,7.7236037627605256e-25
top_hat,200,1,vanLeer_SSPRK2,29.5,1,0,8.4430563544893821e-24
top_hat,200,1,vanLeer_SSPRK2,30.5,1,0,7.3921571786706071e-23
top_hat,200,1,vanLeer_SSPRK2,31.5,1,0,5.399386253901648e-22
top_hat,200,1,vanLeer_SSPRK2,32.5,1,0,3.3840397116854934e-21
top_hat,200,1,vanLeer_SSPRK2,33.5,1,0,1.857725402650649e-20
top_hat,200,1,vanLeer_SSPRK2,34.5,1,0,9.0741315199715303e-20
top_hat,200,1,vanLeer_SSPRK2,35.5,0,0,3.9928692279036655e-19
top_hat,200,1,vanLeer_SSPRK2,36.5,0,0,1.5987174531275108e-18
top_hat,200,1,vanLeer_SSPRK2,37.5,0,0,5.8729597377513716e-18
top_hat,200,1,vanLeer_SSPRK2,38.5,0,0,1.9932465542768817e-17
top_hat,200,1,vanLeer_SSPRK2,39.5,0,0,6.2873458514302566e-17
top_hat,200,1,vanLeer_SSPRK2,40.5,0,0,1.8528134111488213e-16
top_hat,200,1,vanLeer_SSPRK2,41.5,0,0,5.1248594746683936e-16
top_hat,200,1,vanLeer_SSPRK2,42.5,0,0,1.3363806203143669e-15
top_hat,200,1,vanLeer_SSPRK2,43.5,0,0,3.300048579966351e-15
top_hat,200,1,vanLeer_SSPRK2,44.5,0,0,7.7562006066861413e-15
top_hat,200,1,vanLeer_SSPRK2,45.5,0,0,1.7463358546299859e-14
top_hat,200,1,vanLeer_SSPRK2,46.5,0,0,3.8025192105296533e-14
top_hat,200,1,vanLeer_SSPRK2,47.5,0,0,8.1404481446628464e-14
top_hat,200,1,vanLeer_SSPRK2,48.5,0,0,1.7834560056340903e-13
top_hat,200,1,vanLeer_SSPRK2,49.5,0,0,4.528578510028101e-13
top_hat,200,1,vanLeer_SSPRK2,50.5,0,0,1.6044069894520062e-12
top_hat,200,1,vanLeer_SSPRK2,51.5,0,0,7.4367009108950908e-12
top_hat,200,1,vanLeer_SSPRK2,52.5,0,0,3.6965559853759972e-11
top_hat,200,1,vanLeer_SSPRK2,53.5,0,0,1.7974774868477495e-10
top_hat,200,1,vanLeer_SSPRK2,54.5,0,0,8.3508229166574493e-10
top_hat,200,1,vanLeer_SSPRK2,55.500000000000007,0,0,3.6894520414128e-09
top_hat,200,1,vanLeer_SSPRK2,56.5,0,0,1.5492161000868525e-08
top_hat,200,1,vanLeer_SSPRK2,57.499999999999993,0,0,6.1839509368529764e-08
top_hat,200,1,vanLeer_SSPRK2,58.5,0,0,2.3471607345238875e-07
top_hat,200,1,vanLeer_SSPRK2,59.5,0,0,8.4728740592228152e-07
top_hat,200,1,vanLeer_SSPRK2,60.5,0,0,2.9092019110066148e-06
top_hat,200,1,vanLeer_SSPRK2,61.5,0,0,9.5009699275799948e-06
top_hat,200,1,vanLeer_SSPRK2,62.5,0,0,2.9509240829582945e-05
top_hat,200,1,vanLeer_SSPRK2,63.5,0,0,8.7143673646340589e-05
top_hat,200,1,vanLeer_SSPRK2,64.5,0,0,0.00024458885784702265
top_hat,200,1,vanLeer_SSPRK2,65.5,0,0,0.00065213194373162022
top_hat,200,1,vanLeer_SSPRK2,66.5,0,0,0.0016506037136588664
top_hat,200,1,vanLeer_SSPRK2,67.5,0,0,0.0039627818347291194
top_hat,200,1,vanLeer_SSPRK2,68.5,0,0,0.0090151996637609609
top_hat,200,1,vanLeer_SSPRK2,69.5,0,0,0.019411482876892497
top_hat,200,1,vanLeer_SSPRK2,70.5,0,0,0.039505775974615479
top_hat,200,1,vanLeer_SSPRK2,71.5,0,0,0.075876856744280713
top_hat,200,1,vanLeer_SSPRK2,72.5,0,0,0.13728983533770522
top_hat,200,1,vanLeer_SSPRK2,73.5,0,0,0.23350982371683543
top_hat,200,1,vanLeer_SSPRK2,74.5,0,0,0.37206822693366676
top_hat,200,1,vanLeer_SSPRK2,75.5,0,1,0.55116459390464634
top_hat,200,1,vanLeer_SSPRK2,76.5,0,1,0.74500487097866741
top_hat,200,1,vanLeer_SSPRK2,77.5,0,1,0.89027888853896986
top_hat,200,1,vanLeer_SSPRK2,78.5,0,1,0.93972673938469165
top_hat,200,1,vanLeer_SSPRK2,79.5,0,1,0.94190086056965905
top_hat,200,1,vanLeer_SSPRK2,80.5,0,1,0.93672172249928964
top_hat,200,1,vanLeer_SSPRK2,81.5,0,1,0.915895929306908
top_hat,200,1,vanLeer_SSPRK2,82.5,0,1,0.86711969724309079
top_hat,200,1,vanLeer_SSPRK2,83.5,0,1,0.77912385691385921
top_hat,200,1,vanLeer_SSPRK2,84.5,0,1,0.64568965943907997
top_hat,200,1,vanLeer_SSPRK2,85.5,0,0,0.47142407145118259
top_hat,200,1,vanLeer_SSPRK2,86.5,0,0,0.2793847956846861
top_hat,200,1,vanLeer_SSPRK2,87.5,0,0,0.11546472128925325
top_hat,200,1,vanLeer_SSPRK2,88.5,0,0,0.025633942825749944
top_hat,200,1,vanLeer_SSPRK2,89.5,0,0,0.0021062921006935265
top_hat,200,1,vanLeer_SSPRK2,90.5,0,0,4.1692305738451449e-05
top_hat,200,1,vanLeer_SSPRK2,91.5,0,0,1.3074448313295053e-07
top_hat,200,1,vanLeer_SSPRK2,92.5,0,0,4.5252704910670358e-11
top_hat,200,1,vanLeer_SSPRK2,93.5,0,0,8.3583260119274352e-13
top_hat,200,1,vanLeer_SSPRK2,94.5,0,0,6.9299994733726012e-13
top_hat,200,1,vanLeer_SSPRK2,95.5,0,0,5.518962650616929e-13
top_hat,200,1,vanLeer_SSPRK2,96.5,0,0,4.3514848604339457e-13
top_hat,200,1,vanLeer_SSPRK2,97.5,0,0,3.3910941537467378e-13
top_hat,200,1,vanLeer_SSPRK2,98.5,0,0,2.6096707791677518e-13
top_hat,200,1,vanLeer_SSPRK2,99.5,0,0,1.9839227788121629e-13
top_hat,200,1,vanLeer_SSPRK2,100.5,0,0,1.4900357780686329e-13
top_hat,200,1,vanLeer_SSPRK2,101.5,0,0,1.1053969825181069e-13
top_hat,200,1,vanLeer_SSPRK2,102.5,0,0,8.0980134453161021e-14
top_hat,200,1,vanLeer_SSPRK2,103.5,0,0,5.8572100361946546e-14
top_hat,200,1,vanLeer_SSPRK2,104.5,0,0,4.1822195444685387e-14
top_hat,200,1,vanLeer_SSPRK2,105.5,0,0,2.9478968251563048e-14
top_hat,200,1,vanLeer_SSPRK2,106.5,0,0,2.0512453975678925e-14
top_hat,200,1,vanLeer_SSPRK2,107.5,0,0,1.4091238884244664e-14
top_hat,200,1,vanLeer_SSPRK2,108.5,0,0,9.5574559108647679e-15
top_hat,200,1,vanLeer_SSPRK2,109.50000000000001,0,0,6.4008358032839736e-15
top_hat,200,1,vanLeer_SSPRK2,110.50000000000001,0,0,4.2332454875050301e-15
top_hat,200,1,vanLeer_SSPRK2,111.50000000000001,0,0,2.764990162899646e-15
top_hat,200,1,vanLeer_SSPRK2,112.5,0,0,1.7837634966003816e-15
top_hat,200,1,vanLeer_SSPRK2,113.49999999999999,0,0,1.1366945443080411e-15
top_hat,200,1,vanLeer_SSPRK2,114.49999999999999,0,0,7.1556931158282124e-16
top_hat,200,1,vanLeer_SSPRK2,115.49999999999999,0,0,4.4504032967641041e-16
top_hat,200,1,vanLeer_SSPRK2,116.5,0,0,2.7347973178580612e-16
top_hat,200,1,vanLeer_SSPRK2,117.5,0,0,1.660610714305825e-16
top_hat,200,1,vanLeer_SSPRK2,118.5,0,0,9.9647613100495257e-17
top_hat,200,1,vanLeer_SSPRK2,119.5,0,0,5.9096616045947082e-17
top_hat,200,1,vanLeer_SSPRK2,120.5,0,0,3.4641455000825966e-17
top_hat,200,1,vanLeer_SSPRK2,121.5,0,0,2.0072868958489238e-17
top_hat,200,1,vanLeer_SSPRK2,122.5,0,0,1.1498611367752838e-17
top_hat,200,1,vanLeer_SSPRK2,123.5,0,0,6.5124958221557388e-18
top_hat,200,1,vanLeer_SSPRK2,124.5,0,0,3.6472008349431134e-18
top_hat,200,1,vanLeer_SSPRK2,125.5,0,0,2.0198843580362989e-18
top_hat,200,1,vanLeer_SSPRK2,126.5,0,0,1.106350261222976e-18
top_hat,200,1,vanLeer_SSPRK2,127.5,0,0,5.9938090553549279e-19
top_hat,200,1,vanLeer_SSPRK2,128.5,0,0,3.2121963303394606e-19
top_hat,200,1,vanLeer_SSPRK2,129.5,0,0,1.7030791327023869e-19
top_hat,200,1,vanLeer_SSPRK2,130.5,0,0,8.9339916628026253e-20
top_hat,200,1,vanLeer_SSPRK2,131.5,0,0,4.6374398082189184e-20
top_hat,200,1,vanLeer_SSPRK2,132.5,0,0,2.3821916251551178e-20
top_hat,200,1,vanLeer_SSPRK2,133.5,0,0,1.2111109083252673e-20
top_hat,200,1,vanLeer_SSPRK2,134.5,0,0,6.0945628516880198e-21
top_hat,200,1,vanLeer_SSPRK2,135.5,0,0,3.0359502354485857e-21
top_hat,200,1,vanLeer_SSPRK2,136.5,0,0,1.4972060792179251e-21
top_hat,200,1,vanLeer_SSPRK2,137.5,0,0,7.3104500595875854e-22
top_hat,200,1,vanLeer_SSPRK2,138.5,0,0,3.5344540037925e-22
top_hat,200,1,vanLeer_SSPRK2,139.5,0,0,1.6922154183332034e-22
top_hat,200,1,vanLeer_SSPRK2,140.5,0,0,8.0238494719086325e-23
top_hat,200,1,vanLeer_SSPRK2,141.5,0,0,3.7682675714834175e-23
top_hat,200,1,vanLeer_SSPRK2,142.5,0,0,1.752951326680369e-23
top_hat,200,1,vanLeer_SSPRK2,143.5,0,0,8.0779987579968418e-24
top_hat,200,1,vanLeer_SSPRK2,144.5,0,0,3.6879026989858999e-24
top_hat,200,1,vanLeer_SSPRK2,145.5,0,0,1.668138626975906e-24
top_hat,200,1,vanLeer_SSPRK2,146.5,0,0,7.4764671100268354e-25
top_hat,200,1,vanLeer_SSPRK2,147.5,0,0,3.3205211068107218e-25
top_hat,200,1,vanLeer_SSPRK2,148.5,0,0,1.4614866918671051e-25
top_hat,200,1,vanLeer_SSPRK2,149.5,0,0,6.3752161833254747e-26
top_hat,200,1,vanLeer_SSPRK2,150.5,0,0,2.7563756053596526e-26
top_hat,200,1,vanLeer_SSPRK2,151.5,0,0,1.1812904429302693e-26
top_hat,200,1,vanLeer_SSPRK2,152.5,0,0,5.0185767596829826e-27
top_hat,200,1,vanLeer_SSPRK2,153.5,0,0,2.1136848059149768e-27
top_hat,200,1,vanLeer_SSPRK2,154.5,0,0,8.8260272099541373e-28
top_hat,200,1,vanLeer_SSPRK2,155.5,0,0,3.6541361582174462e-28
top_hat,200,1,vanLeer_SSPRK2,156.5,0,0,1.5001238387243978e-28
top_hat,200,1,vanLeer_SSPRK2,157.5,0,0,6.1068940175447199e-29
top_hat,200,1,vanLeer_SSPRK2,158.5,0,0,2.4654260279682202e-29
top_hat,200,1,vanLeer_SSPRK2,159.5,0,0,9.8711744037491503e-30
top_hat,200,1,vanLeer_SSPRK2,160.5,0,0,3.9199214719683475e-30
top_hat,200,1,vanLeer_SSPRK2,161.5,0,0,1.5439867187094875e-30
top_hat,200,1,vanLeer_SSPRK2,162.5,0,0,6.0324384149829373e-31
top_hat,200,1,vanLeer_SSPRK2,163.5,0,0,2.3380318068066319e-31
top_hat,200,1,vanLeer_SSPRK2,164.5,0,0,8.9896071294537285e-32
top_hat,200,1,vanLeer_SSPRK2,165.5,0,0,3.4291616504943393e-32
top_hat,200,1,vanLeer_SSPRK2,166.5,0,0,1.2978243157442926e-32
top_hat,200,1,vanLeer_SSPRK2,167.5,0,0,4.8735778522289578e-33
top_hat,200,1,vanLeer_SSPRK2,168.5,0,0,1.8159626844566703e-33
top_hat,200,1,vanLeer_SSPRK2,169.5,0,0,6.7145284799024667e-34
top_hat,200,1,vanLeer_SSPRK2,170.5,0,0,2.4637459064278108e-34
top_hat,200,1,vanLeer_SSPRK2,171.5,0,0,8.9716010779459268e-35
top_hat,200,1,vanLeer_SSPRK2,172.5,0,0,3.2423443387921098e-35
top_hat,200,1,vanLeer_SSPRK2,173.5,0,0,1.1630131296715718e-35
top_hat,200,1,vanLeer_SSPRK2,174.5,0,0,4.1406376920739039e-36
top_hat,200,1,vanLeer_SSPRK2,175.5,0,0,1.4632801613419695e-36
top_hat,200,1,vanLeer_SSPRK2,176.5,0,0,5.1331691409160046e-37
top_hat,200,1,vanLeer_SSPRK2,177.5,0,0,1.787563155863117e-37
top_hat,200,1,vanLeer_SSPRK2,178.5,0,0,6.1798017336555914e-38
top_hat,200,1,vanLeer_SSPRK2,179.5,0,0,2.1210178618036069e-38
top_hat,200,1,vanLeer_SSPRK2,180.5,0,0,7.2275278818490487e-39
top_hat,200,1,vanLeer_SSPRK2,181.5,0,0,2.4452859189556951e-39
top_hat,200,1,vanLeer_SSPRK2,182.5,0,0,8.2145244859991924e-40
top_hat,200,1,vanLeer_SSPRK2,183.5,0,0,2.7400995969491497e-40
top_hat,200,1,vanLeer_SSPRK2,184.5,0,0,9.0761023022390254e-41
top_hat,200,1,vanLeer_SSPRK2,185.5,0,0,2.9853775026656641e-41
top_hat,200,1,vanLeer_SSPRK2,186.5,0,0,9.7517700631074245e-42
top_hat,200,1,vanLeer_SSPRK2,187.5,0,0,3.163510057724494e-42
top_hat,200,1,vanLeer_SSPRK2,188.5,0,0,1.0192332233888359e-42
top_hat,200,1,vanLeer_SSPRK2,189.5,0,0,3.2614693143086907e-43
top_hat,200,1,vanLeer_SSPRK2,190.5,0,0,1.0365850967181737e-43
top_hat,200,1,vanLeer_SSPRK2,191.5,0,0,3.2723889013202731e-44
top_hat,200,1,vanLeer_SSPRK2,192.5,0,0,1.0261462985360606e-44
top_hat,200,1,vanLeer_SSPRK2,193.5,0,0,3.1963475964110207e-45
top_hat,200,1,vanLeer_SSPRK2,194.5,0,0,9.8904212297005519e-46
top_hat,200,1,vanLeer_SSPRK2,195.5,0,0,3.0402350532069933e-46
top_hat,200,1,vanLeer_SSPRK2,196.5,0,0,9.2842418365540469e-47
top_hat,200,1,vanLeer_SSPRK2,197.5,0,0,2.816746502721633e-47
top_hat,200,1,vanLeer_SSPRK2,198.5,0,0,8.4903590678696998e-48
top_hat,200,1,vanLeer_SSPRK2,199.5,0,0,2.5427055798169793e-48
top_hat,200,2,vanLeer_FE,0.5,0,0,0
top_hat,200,2,vanLeer_FE,1.5,0,0,0
top_hat,200,2,vanLeer_FE,2.5,0,0,0
top_hat,200,2,vanLeer_FE,3.5,0,0,0
top_hat,200,2,vanLeer_FE,4.5,0,0,0
top_hat,200,2,vanLeer_FE,5.5,0,0,0
top_hat,200,2,vanLeer_FE,6.5,0,0,0
top_hat,200,2,vanLeer_FE,7.5,0,0,0
top_hat,200,2,vanLeer_FE,8.5,0,0,0
top_hat,200,2,vanLeer_FE,9.5,0,0,0
top_hat,200,2,vanLeer_FE,10.5,0,0,0
top_hat,200,2,vanLeer_FE,11.5,0,0,0
top_hat,200,2,vanLeer_FE,12.5,0,0,0
top_hat,200,2,vanLeer_FE,13.5,0,0,0
top_hat,200,2,vanLeer_FE,14.5,0,0,0
top_hat,200,2,vanLeer_FE,15.5,0,0,0
top_hat,200,2,vanLeer_FE,16.5,0,0,0
top_hat,200,2,vanLeer_FE,17.5,0,0,0
top_hat,200,2,vanLeer_FE,18.5,0,0,0
top_hat,200,2,vanLeer_FE,19.5,0,0,0
top_hat,200,2,vanLeer_FE,20.5,0,0,0
top_hat,200,2,vanLeer_FE,21.5,0,0,0
top_hat,200,2,vanLeer_FE,22.5,0,0,0
top_hat,200,2,vanLeer_FE,23.5,0,0,0
top_hat,200,2,vanLeer_FE,24.5,0,0,0
top_hat,200,2,vanLeer_FE,25.5,1,0,1.61862815764846e-32
top_hat,200,2,vanLeer_FE,26.5,1,0,8.9544269811410606e-31
top_hat,200,2,vanLeer_FE,27.5,1,0,2.4665434262377746e-29
top_hat,200,2,vanLeer_FE,28.5,1,0,4.5104978612362308e-28
top_hat,200,2,vanLeer_FE,29.5,1,0,6.1600334849960735e-27
top_hat,200,2,vanLeer_FE,30.5,1,0,6.701603743145271e-26
top_hat,200,2,vanLeer_FE,31.5,1,0,6.0495858524796074e-25
top_hat,200,2,vanLeer_FE,32.5,1,0,4.6606183051913873e-24
top_hat,200,2,vanLeer_FE,33.5,1,0,3.1280417200393495e-23
top_hat,200,2,vanLeer_FE,34.5,1,0,1.8579642173318123e-22
top_hat,200,2,vanLeer_FE,35.5,0,0,9.8882245963506156e-22
top_hat,200,2,vanLeer_FE,36.5,0,0,4.7628368843852899e-21
top_hat,200,2,vanLeer_FE,37.5,0,0,2.093482079820806e-20
top_hat,200,2,vanLeer_FE,38.5,0,0,8.4555391511126706e-20
top_hat,200,2,vanLeer_FE,39.5,0,0,3.1567899000193686e-19
top_hat,200,2,vanLeer_FE,40.5,0,0,1.0949417318795248e-18
top_hat,200,2,vanLeer_FE,41.5,0,0,3.5440551827286385e-18
top_hat,200,2,vanLeer_FE,42.5,0,0,1.074646196433455e-17
top_hat,200,2,vanLeer_FE,43.5,0,0,3.0632964783331865e-17
top_hat,200,2,vanLeer_FE,44.5,0,0,8.2342264652505153e-17
top_hat,200,2,vanLeer_FE,45.5,0,0,2.0931625326287238e-16
top_hat,200,2,vanLeer_FE,46.5,0,0,5.0453105391321763e-16
top_hat,200,2,vanLeer_FE,47.5,0,0,1.156120144158165e-15
top_hat,200,2,vanLeer_FE,48.5,0,0,2.5251982013399292e-15
top_hat,200,2,vanLeer_FE,49.5,0,0,5.2723482178238784e-15
top_hat,200,2,vanLeer_FE,50.5,0,0,1.0557155988358211e-14
top_hat,200,2,vanLeer_FE,51.5,0,0,2.03534873997435e-14
top_hat,200,2,vanLeer_FE,52.5,0,0,3.7972457710358909e-14
top_hat,200,2,vanLeer_FE,53.5,0,0,6.9031442138049866e-14
top_hat,200,2,vanLeer_FE,54.5,0,0,1.2371207072235095e-13
top_hat,200,2,vanLeer_FE,55.500000000000007,0,0,2.2647403673085489e-13
top_hat,200,2,vanLeer_FE,56.5,0,0,4.9660114941583457e-13
top_hat,200,2,vanLeer_FE,57.499999999999993,0,0,1.7718624827159604e-12
top_hat,200,2,vanLeer_FE,58.5,0,0,9.5603711727116297e-12
top_hat,200,2,vanLeer_FE,59.5,0,0,5.7512876739463734e-11
top_hat,200,2,vanLeer_FE,60.5,0,0,3.4079423055707015e-10
top_hat,200,2,vanLeer_FE,61.5,0,0,1.9372339936473865e-09
top_hat,200,2,vanLeer_FE,62.5,0,0,1.0518428480276521e-08
top_hat,200,2,vanLeer_FE,63.5,0,0,5.4537429864062043e-08
top_hat,200,2,vanLeer_FE,64.5,0,0,2.7019458592093606e-07
top_hat,200,2,vanLeer_FE,65.5,0,0,1.2803196131501005e-06
top_hat,200,2,vanLeer_FE,66.5,0,0,5.8104844656869534e-06
top_hat,200,2,vanLeer_FE,67.5,0,0,2.530354927369563e-05
top_hat,200,2,vanLeer_FE,68.5,0,0,0.00010601022015678288
top_hat,200,2,vanLeer_FE,69.5,0,0,0.0004287256014872351
top_hat,200,2,vanLeer_FE,70.5,0,0,0.0016805567372079268
top_hat,200,2,vanLeer_FE,71.5,0,0,0.0064113320483744577
top_hat,200,2,vanLeer_FE,72.5,0,0,0.023834210335667488
top_hat,200,2,vanLeer_FE,73.5,0,0,0.08524935454818236
top_hat,200,2,vanLeer_FE,74.5,0,0,0.27482506460681294
top_hat,200,2,vanLeer_FE,75.5,0,1,0.65821822619609083
top_hat,200,2,vanLeer_FE,76.5,0,1,0.95159646411377963
top_hat,200,2,vanLeer_FE,77.5,0,1,0.99817517190852278
top_hat,200,2,vanLeer_FE,78.5,0,1,0.99889535990844847
top_hat,200,2,vanLeer_FE,79.5,0,1,0.99877029530436834
top_hat,200,2,vanLeer_FE,80.5,0,1,0.99781555374693165
top_hat,200,2,vanLeer_FE,81.5,0,1,0.9934447652547177
top_hat,200,2,vanLeer_FE,82.5,0,1,0.97641808625348436
top_hat,200,2,vanLeer_FE,83.5,0,1,0.91545171990322316
top_hat,200,2,vanLeer_FE,84.5,0,1,0.72646266851738361
top_hat,200,2,vanLeer_FE,85.5,0,0,0.3431555719867439
top_hat,200,2,vanLeer_FE,86.5,0,0,0.048214074361370117
top_hat,200,2,vanLeer_FE,87.5,0,0,0.0008134460582706368
top_hat,200,2,vanLeer_FE,88.5,0,0,6.1042683388726971e-07
top_hat,200,2,vanLeer_FE,89.5,0,0,7.5332718409916466e-12
top_hat,200,2,vanLeer_FE,90.5,0,0,7.2363803692081314e-13
top_hat,200,2,vanLeer_FE,91.5,0,0,5.256725770489497e-13
top_hat,200,2,vanLeer_FE,92.5,0,0,4.0313516805792309e-13
top_hat,200,2,vanLeer_FE,93.5,0,0,3.0306852948381117e-13
top_hat,200,2,vanLeer_FE,94.5,0,0,2.2507194575281525e-13
top_hat,200,2,vanLeer_FE,95.5,0,0,1.6516683654831662e-13
top_hat,200,2,vanLeer_FE,96.5,0,0,1.197621947017481e-13
top_hat,200,2,vanLeer_FE,97.5,0,0,8.579950486810958e-14
top_hat,200,2,vanLeer_FE,98.5,0,0,6.0718021518454484e-14
top_hat,200,2,vanLeer_FE,99.5,0,0,4.2428225251170018e-14
top_hat,200,2,vanLeer_FE,100.5,0,0,2.9260470683995679e-14
top_hat,200,2,vanLeer_FE,101.5,0,0,1.9904132905109729e-14
top_hat,200,2,vanLeer_FE,102.5,0,0,1.3346391940879934e-14
top_hat,200,2,vanLeer_FE,103.5,0,0,8.815723744922349e-15
top_hat,200,2,vanLeer_FE,104.5,0,0,5.7325144411526833e-15
top_hat,200,2,vanLeer_FE,105.5,0,0,3.6674167516300964e-15
top_hat,200,2,vanLeer_FE,106.5,0,0,2.3070706602752597e-15
top_hat,200,2,vanLeer_FE,107.5,0,0,1.4263698455778546e-15
top_hat,200,2,vanLeer_FE,108.5,0,0,8.6634108337991852e-16
top_hat,200,2,vanLeer_FE,109.50000000000001,0,0,5.1674494070588407e-16
top_hat,200,2,vanLeer_FE,110.50000000000001,0,0,3.0259957743622257e-16
top_hat,200,2,vanLeer_FE,111.50000000000001,0,0,1.7392681681988079e-16
top_hat,200,2,vanLeer_FE,112.5,0,0,9.8106324011673792e-17
top_hat,200,2,vanLeer_FE,113.49999999999999,0,0,5.4300983308475048e-17
top_hat,200,2,vanLeer_FE,114.49999999999999,0,0,2.9489389276463672e-17
top_hat,200,2,vanLeer_FE,115.49999999999999,0,0,1.571284630198736e-17
top_hat,200,2,vanLeer_FE,116.5,0,0,8.2143364542124093e-18
top_hat,200,2,vanLeer_FE,117.5,0,0,4.2133529649674261e-18
top_hat,200,2,vanLeer_FE,118.5,0,0,2.1205070599983146e-18
top_hat,200,2,vanLeer_FE,119.5,0,0,1.0472122735021116e-18
top_hat,200,2,vanLeer_FE,120.5,0,0,5.0751124775993942e-19
top_hat,200,2,vanLeer_FE,121.5,0,0,2.4138499120257338e-19
top_hat,200,2,vanLeer_FE,122.5,0,0,1.1268598173994228e-19
top_hat,200,2,vanLeer_FE,123.5,0,0,5.1637909857804565e-20
top_hat,200,2,vanLeer_FE,124.5,0,0,2.3230175672108876e-20
top_hat,200,2,vanLeer_FE,125.5,0,0,1.0260499047719397e-20
top_hat,200,2,vanLeer_FE,126.5,0,0,4.4500432145215889e-21
top_hat,200,2,vanLeer_FE,127.5,0,0,1.8953409838096731e-21
top_hat,200,2,vanLeer_FE,128.5,0,0,7.9283917021736625e-22
top_hat,200,2,vanLeer_FE,129.5,0,0,3.2576466442357112e-22
top_hat,200,2,vanLeer_FE,130.5,0,0,1.3148902356305155e-22
top_hat,200,2,vanLeer_FE,131.5,0,0,5.2141796257095098e-23
top_hat,200,2,vanLeer_FE,132.5,0,0,2.0315915205159254e-23
top_hat,200,2,vanLeer_FE,133.5,0,0,7.7782552704602214e-24
top_hat,200,2,vanLeer_FE,134.5,0,0,2.9265997506421086e-24
top_hat,200,2,vanLeer_FE,135.5,0,0,1.0822265310138106e-24
top_hat,200,2,vanLeer_FE,136.5,0,0,3.9335395092671443e-25
top_hat,200,2,vanLeer_FE,137.5,0,0,1.4053826409476827e-25
top_hat,200,2,vanLeer_FE,138.5,0,0,4.9361131180352533e-26
top_hat,200,2,vanLeer_FE,139.5,0,0,1.7044620932111272e-26
top_hat,200,2,vanLeer_FE,140.5,0,0,5.7867166682256076e-27
top_hat,200,2,vanLeer_FE,141.5,0,0,1.9317429665779543e-27
top_hat,200,2,vanLeer_FE,142.5,0,0,6.3411371189370084e-28
top_hat,200,2,vanLeer_FE,143.5,0,0,2.046977088846192e-28
top_hat,200,2,vanLeer_FE,144.5,0,0,6.4985014173301593e-29
top_hat,200,2,vanLeer_FE,145.5,0,0,2.0290527523846033e-29
top_hat,200,2,vanLeer_FE,146.5,0,0,6.2312911789918427e-30
top_hat,200,2,vanLeer_FE,147.5,0,0,1.8823108931351493e-30
top_hat,200,2,vanLeer_FE,148.5,0,0,5.5931527678548243e-31
top_hat,200,2,vanLeer_FE,149.5,0,0,1.6349215323051956e-31
top_hat,200,2,vanLeer_FE,150.5,0,0,4.7014788385919536e-32
top_hat,200,2,vanLeer_FE,151.5,0,0,1.3301218609418713e-32
top_hat,200,2,vanLeer_FE,152.5,0,0,3.702451914865331e-33
top_hat,200,2,vanLeer_FE,153.5,0,0,1.0140277065278845e-33
top_hat,200,2,vanLeer_FE,154.5,0,0,2.7327106659906186e-34
top_hat,200,2,vanLeer_FE,155.5,0,0,7.2467227000549522e-35
top_hat,200,2,vanLeer_FE,156.5,0,0,1.8910986903063936e-35
top_hat,200,2,vanLeer_FE,157.5,0,0,4.8565889401069534e-36
top_hat,200,2,vanLeer_FE,158.5,0,0,1.2274752443103094e-36
top_hat,200,2,vanLeer_FE,159.5,0,0,3.0533568233781337e-37
top_hat,200,2,vanLeer_FE,160.5,0,0,7.4755722705809331e-38
top_hat,200,2,vanLeer_FE,161.5,0,0,1.8014881724831425e-38
top_hat,200,2,vanLeer_FE,162.5,0,0,4.2732250732034013e-39
top_hat,200,2,vanLeer_FE,163.5,0,0,9.9777808785375295e-40
top_hat,200,2,vanLeer_FE,164.5,0,0,2.2934089288163941e-40
top_hat,200,2,vanLeer_FE,165.5,0,0,5.1893479488649094e-41
top_hat,200,2,vanLeer_FE,166.5,0,0,1.1559552671102427e-41
top_hat,200,2,vanLeer_FE,167.5,0,0,2.5350004113975703e-42
top_hat,200,2,vanLeer_FE,168.5,0,0,5.4731093906265076e-43
top_hat,200,2,vanLeer_FE,169.5,0,0,1.1633703316113805e-43
top_hat,200,2,vanLeer_FE,170.5,0,0,2.4346497464407596e-44
top_hat,200,2,vanLeer_FE,171.5,0,0,5.0164285073161046e-45
top_hat,200,2,vanLeer_FE,172.5,0,0,1.017642724309685e-45
top_hat,200,2,vanLeer_FE,173.5,0,0,2.0325413993209286e-46
top_hat,200,2,vanLeer_FE,174.5,0,0,3.9969193218276345e-47
top_hat,200,2,vanLeer_FE,175.5,0,0,7.7383701784645187e-48
top_hat,200,2,vanLeer_FE,176.5,0,0,1.4750460819199456e-48
top_hat,200,2,vanLeer_FE,177.5,0,0,2.7681207717525644e-49
top_hat,200,2,vanLeer_FE,178.5,0,0,5.1141888320694106e-50
top_hat,200,2,vanLeer_FE,179.5,0,0,9.3018044224377837e-51
top_hat,200,2,vanLeer_FE,180.5,0,0,1.665483497760155e-51
top_hat,200,2,vanLeer_FE,181.5,0,0,2.9354701454856039e-52
top_hat,200,2,vanLeer_FE,182.5,0,0,5.0928198907169492e-53
top_hat,200,2,vanLeer_FE,183.5,0,0,8.696791220133414e-54
top_hat,200,2,vanLeer_FE,184.5,0,0,1.4616868129554872e-54
top_hat,200,2,vanLeer_FE,185.5,0,0,2.4177781636401981e-55
top_hat,200,2,vanLeer_FE,186.5,0,0,3.9356419195260637e-56
top_hat,200,2,vanLeer_FE,187.5,0,0,6.3040530419694231e-57
top_hat,200,2,vanLeer_FE,188.5,0,0,9.9356325818619207e-58
top_hat,200,2,vanLeer_FE,189.5,0,0,1.5406606099486113e-58
top_hat,200,2,vanLeer_FE,190.5,0,0,2.35026542748571e-59
top_hat,200,2,vanLeer_FE,191.5,0,0,3.5268450413199048e-60
top_hat,200,2,vanLeer_FE,192.5,0,0,5.205649162629763e-61
top_hat,200,2,vanLeer_FE,193.5,0,0,7.5568451343530737e-62
top_hat,200,2,vanLeer_FE,194.5,0,0,1.0787975106519991e-62
top_hat,200,2,vanLeer_FE,195.5,0,0,1.5143577812429361e-63
top_hat,200,2,vanLeer_FE,196.5,0,0,2.0900673850663828e-64
top_hat,200,2,vanLeer_FE,197.5,0,0,2.8358822273036207e-65
top_hat,200,2,vanLeer_FE,198.5,0,0,3.7823688780800491e-66
top_hat,200,2,vanLeer_FE,199.5,0,0,4.9583578759049253e-67
top_hat,200,2,vanLeer_SSPRK2,0.5,0,0,0
top_hat,200,2,vanLeer_SSPRK2,1.5,0,0,0
top_hat,200,2,vanLeer_SSPRK2,2.5,0,0,0
top_hat,200,2,vanLeer_SSPRK2,3.5,0,0,0
top_hat,200,2,vanLeer_SSPRK2,4.5,0,0,0
top_hat,200,2,vanLeer_SSPRK2,5.5,0,0,0
top_hat,200,2,vanLeer_SSPRK2,6.5,0,0,0
top_hat,200,2,vanLeer_SSPRK2,7.5,0,0,0
top_hat,200,2,vanLeer_SSPRK2,8.5,0,0,0
top_hat,200,2,vanLeer_SSPRK2,9.5,0,0,0
top_hat,200,2,vanLeer_SSPRK2,10.5,0,0,0
top_hat,200,2,vanLeer_SSPRK2,11.5,0,0,0
top_hat,200,2,vanLeer_SSPRK2,12.5,0,0,0
top_hat,200,2,vanLeer_SSPRK2,13.5,0,0,0
top_hat,200,2,vanLeer_SSPRK2,14.5,0,0,0
top_hat,200,2,vanLeer_SSPRK2,15.5,0,0,0
top_hat,200,2,vanLeer_SSPRK2,16.5,0,0,0
top_hat,200,2,vanLeer_SSPRK2,17.5,0,0,0
top_hat,200,2,vanLeer_SSPRK2,18.5,0,0,0
top_hat,200,2,vanLeer_SSPRK2,19.5,0,0,0
top_hat,200,2,vanLeer_SSPRK2,20.5,0,0,0
top_hat,200,2,vanLeer_SSPRK2,21.5,0,0,0
top_hat,200,2,vanLeer_SSPRK2,22.5,0,0,0
top_hat,200,2,vanLeer_SSPRK2,23.5,0,0,0
top_hat,200,2,vanLeer_SSPRK2,24.5,0,0,0
top_hat,200,2,vanLeer_SSPRK2,25.5,1,0,1.1097195823331483e-28
top_hat,200,2,vanLeer_SSPRK2,26.5,1,0,4.7192341984251036e-27
top_hat,200,2,vanLeer_SSPRK2,27.5,1,0,1.005685730402931e-25
top_hat,200,2,vanLeer_SSPRK2,28.5,1,0,1.4318130505507734e-24
top_hat,200,2,vanLeer_SSPRK2,29.5,1,0,1.5320018683080641e-23
top_hat,200,2,vanLeer_SSPRK2,30.5,1,0,1.3139359891304643e-22
top_hat,200,2,vanLeer_SSPRK2,31.5,1,0,9.4086041589677885e-22
top_hat,200,2,vanLeer_SSPRK2,32.5,1,0,5.7851312376997752e-21
top_hat,200,2,vanLeer_SSPRK2,33.5,1,0,3.1178897522178368e-20
top_hat,200,2,vanLeer_SSPRK2,34.5,1,0,1.4961533709395706e-19
top_hat,200,2,vanLeer_SSPRK2,35.5,0,0,6.4717936098056936e-19
top_hat,200,2,vanLeer_SSPRK2,36.5,0,0,2.5488460796495528e-18
top_hat,200,2,vanLeer_SSPRK2,37.5,0,0,9.2153813099854622e-18
top_hat,200,2,vanLeer_SSPRK2,38.5,0,0,3.0799557369331375e-17
top_hat,200,2,vanLeer_SSPRK2,39.5,0,0,9.572307726755032e-17
top_hat,200,2,vanLeer_SSPRK2,40.5,0,0,2.7809448615662286e-16
top_hat,200,2,vanLeer_SSPRK2,41.5,0,0,7.5880201243007937e-16
top_hat,200,2,vanLeer_SSPRK2,42.5,0,0,1.9534754188266124e-15
top_hat,200,2,vanLeer_SSPRK2,43.5,0,0,4.7678602292459769e-15
top_hat,200,2,vanLeer_SSPRK2,44.5,0,0,1.109590639492197e-14
top_hat,200,2,vanLeer_SSPRK2,45.5,0,0,2.4814421200087831e-14
top_hat,200,2,vanLeer_SSPRK2,46.5,0,0,5.3983348300932112e-14
top_hat,200,2,vanLeer_SSPRK2,47.5,0,0,1.1701889429653203e-13
top_hat,200,2,vanLeer_SSPRK2,48.5,0,0,2.7027184065244642e-13
top_hat,200,2,vanLeer_SSPRK2,49.5,0,0,7.8540622289377039e-13
top_hat,200,2,vanLeer_SSPRK2,50.5,0,0,3.1556218955465413e-12
top_hat,200,2,vanLeer_SSPRK2,51.5,0,0,1.4932009431474627e-11
top_hat,200,2,vanLeer_SSPRK2,52.5,0,0,7.1748593332739379e-11
top_hat,200,2,vanLeer_SSPRK2,53.5,0,0,3.3280203171201414e-10
top_hat,200,2,vanLeer_SSPRK2,54.5,0,0,1.4727472964400087e-09
top_hat,200,2,vanLeer_SSPRK2,55.500000000000007,0,0,6.2049035747303137e-09
top_hat,200,2,vanLeer_SSPRK2,56.5,0,0,2.4888044419856995e-08
top_hat,200,2,vanLeer_SSPRK2,57.499999999999993,0,0,9.5067818330627667e-08
top_hat,200,2,vanLeer_SSPRK2,58.5,0,0,3.4593794586199107e-07
top_hat,200,2,vanLeer_SSPRK2,59.5,0,0,1.1994524113537796e-06
top_hat,200,2,vanLeer_SSPRK2,60.5,0,0,3.9631624565426235e-06
top_hat,200,2,vanLeer_SSPRK2,61.5,0,0,1.247905737043868e-05
top_hat,200,2,vanLeer_SSPRK2,62.5,0,0,3.7442170343505758e-05
top_hat,200,2,vanLeer_SSPRK2,63.5,0,0,0.00010702540771061024
top_hat,200,2,vanLeer_SSPRK2,64.5,0,0,0.00029134862679678725
top_hat,200,2,vanLeer_SSPRK2,65.5,0,0,0.0007549803751029727
top_hat,200,2,vanLeer_SSPRK2,66.5,0,0,0.0018611875799161659
top_hat,200,2,vanLeer_SSPRK2,67.5,0,0,0.004361600500476963
top_hat,200,2,vanLeer_SSPRK2,68.5,0,0,0.0097073752780156043
top_hat,200,2,vanLeer_SSPRK2,69.5,0,0,0.020496599748587311
top_hat,200,2,vanLeer_SSPRK2,70.5,0,0,0.041004458370764808
top_hat,200,2,vanLeer_SSPRK2,71.5,0,0,0.077609270866031754
top_hat,200,2,vanLeer_SSPRK2,72.5,0,0,0.13874091243504222
top_hat,200,2,vanLeer_SSPRK2,73.5,0,0,0.23379515514151775
top_hat,200,2,vanLeer_SSPRK2,74.5,0,0,0.37025309475545337
top_hat,200,2,vanLeer_SSPRK2,75.5,0,1,0.54731824168409826
top_hat,200,2,vanLeer_SSPRK2,76.5,0,1,0.74150731502753153
top_hat,200,2,vanLeer_SSPRK2,77.5,0,1,0.88933385084224847
top_hat,200,2,vanLeer_SSPRK2,78.5,0,1,0.93917863984242789
top_hat,200,2,vanLeer_SSPRK2,79.5,0,1,0.94110347985185205
top_hat,200,2,vanLeer_SSPRK2,80.5,0,1,0.93564461845054359
top_hat,200,2,vanLeer_SSPRK2,81.5,0,1,0.91461764353882102
top_hat,200,2,vanLeer_SSPRK2,82.5,0,1,0.86604305663984449
top_hat,200,2,vanLeer_SSPRK2,83.5,0,1,0.77909965336842024
top_hat,200,2,vanLeer_SSPRK2,84.5,0,1,0.64754851175207373
top_hat,200,2,vanLeer_SSPRK2,85.5,0,0,0.47504023543429574
top_hat,200,2,vanLeer_SSPRK2,86.5,0,0,0.28265151533218152
top_hat,200,2,vanLeer_SSPRK2,87.5,0,0,0.11578046854029768
top_hat,200,2,vanLeer_SSPRK2,88.5,0,0,0.02435584679017367
top_hat,200,2,vanLeer_SSPRK2,89.5,0,0,0.001713957563342066
top_hat,200,2,vanLeer_SSPRK2,90.5,0,0,2.4356460892155148e-05
top_hat,200,2,vanLeer_SSPRK2,91.5,0,0,4.1948247957449008e-08
top_hat,200,2,vanLeer_SSPRK2,92.5,0,0,5.995286025052251e-12
top_hat,200,2,vanLeer_SSPRK2,93.5,0,0,7.6696746882133682e-13
top_hat,200,2,vanLeer_SSPRK2,94.5,0,0,6.0618413457996067e-13
top_hat,200,2,vanLeer_SSPRK2,95.5,0,0,4.7949910687151114e-13
top_hat,200,2,vanLeer_SSPRK2,96.5,0,0,3.7785887656142733e-13
top_hat,200,2,vanLeer_SSPRK2,97.5,0,0,2.9260481038124829e-13
top_hat,200,2,vanLeer_SSPRK2,98.5,0,0,2.2318692926322428e-13
top_hat,200,2,vanLeer_SSPRK2,99.5,0,0,1.6793599782826777e-13
top_hat,200,2,vanLeer_SSPRK2,100.5,0,0,1.2473516061845829e-13
top_hat,200,2,vanLeer_SSPRK2,101.5,0,0,9.1473183993502659e-14
top_hat,200,2,vanLeer_SSPRK2,102.5,0,0,6.6232176087642344e-14
top_hat,200,2,vanLeer_SSPRK2,103.5,0,0,4.7348862053701843e-14
top_hat,200,2,vanLeer_SSPRK2,104.5,0,0,3.3420988343303055e-14
top_hat,200,2,vanLeer_SSPRK2,105.5,0,0,2.3292397238849129e-14
top_hat,200,2,vanLeer_SSPRK2,106.5,0,0,1.6029424865510511e-14
top_hat,200,2,vanLeer_SSPRK2,107.5,0,0,1.0893246109200164e-14
top_hat,200,2,vanLeer_SSPRK2,108.5,0,0,7.3107027442745617e-15
top_hat,200,2,vanLeer_SSPRK2,109.50000000000001,0,0,4.8456151439183795e-15
top_hat,200,2,vanLeer_SSPRK2,110.50000000000001,0,0,3.1721293680154309e-15
top_hat,200,2,vanLeer_SSPRK2,111.50000000000001,0,0,2.0511077095603173e-15
top_hat,200,2,vanLeer_SSPRK2,112.5,0,0,1.310041619806207e-15
top_hat,200,2,vanLeer_SSPRK2,113.49999999999999,0,0,8.2654210449248302e-16
top_hat,200,2,vanLeer_SSPRK2,114.49999999999999,0,0,5.1517366395117903e-16
top_hat,200,2,vanLeer_SSPRK2,115.49999999999999,0,0,3.1723291910184655e-16
top_hat,200,2,vanLeer_SSPRK2,116.5,0,0,1.9300458055044731e-16
top_hat,200,2,vanLeer_SSPRK2,117.5,0,0,1.1602518348843706e-16
top_hat,200,2,vanLeer_SSPRK2,118.5,0,0,6.8923001947148364e-17
top_hat,200,2,vanLeer_SSPRK2,119.5,0,0,4.0461003483731008e-17
top_hat,200,2,vanLeer_SSPRK2,120.5,0,0,2.3474912122107005e-17
top_hat,200,2,vanLeer_SSPRK2,121.5,0,0,1.3461743244760197e-17
top_hat,200,2,vanLeer_SSPRK2,122.5,0,0,7.6307002790864918e-18
top_hat,200,2,vanLeer_SSPRK2,123.5,0,0,4.2759188730179619e-18
top_hat,200,2,vanLeer_SSPRK2,124.5,0,0,2.3688249985735317e-18
top_hat,200,2,vanLeer_SSPRK2,125.5,0,0,1.2975126594903539e-18
top_hat,200,2,vanLeer_SSPRK2,126.5,0,0,7.0275189259828783e-19
top_hat,200,2,vanLeer_SSPRK2,127.5,0,0,3.7639242384231793e-19
top_hat,200,2,vanLeer_SSPRK2,128.5,0,0,1.9937222381709319e-19
top_hat,200,2,vanLeer_SSPRK2,129.5,0,0,1.0445029263506073e-19
top_hat,200,2,vanLeer_SSPRK2,130.5,0,0,5.4126747651865669e-20
top_hat,200,2,vanLeer_SSPRK2,131.5,0,0,2.7746434843990338e-20
top_hat,200,2,vanLeer_SSPRK2,132.5,0,0,1.4071188999187638e-20
top_hat,200,2,vanLeer_SSPRK2,133.5,0,0,7.060211857547511e-21
top_hat,200,2,vanLeer_SSPRK2,134.5,0,0,3.505117307966234e-21
top_hat,200,2,vanLeer_SSPRK2,135.5,0,0,1.7219454396225334e-21
top_hat,200,2,vanLeer_SSPRK2,136.5,0,0,8.37147301013506e-22
top_hat,200,2,vanLeer_SSPRK2,137.5,0,0,4.0279422302049731e-22
top_hat,200,2,vanLeer_SSPRK2,138.5,0,0,1.9182100266072666e-22
top_hat,200,2,vanLeer_SSPRK2,139.5,0,0,9.0421745626293349e-23
top_hat,200,2,vanLeer_SSPRK2,140.5,0,0,4.2193463696468968e-23
top_hat,200,2,vanLeer_SSPRK2,141.5,0,0,1.9491457154534894e-23
top_hat,200,2,vanLeer_SSPRK2,142.5,0,0,8.9145839139038982e-24
top_hat,200,2,vanLeer_SSPRK2,143.5,0,0,4.0368798455159981e-24
top_hat,200,2,vanLeer_SSPRK2,144.5,0,0,1.8101243878945312e-24
top_hat,200,2,vanLeer_SSPRK2,145.5,0,0,8.0374500833189662e-25
top_hat,200,2,vanLeer_SSPRK2,146.5,0,0,3.5343081095070194e-25
top_hat,200,2,vanLeer_SSPRK2,147.5,0,0,1.5392009218322289e-25
top_hat,200,2,vanLeer_SSPRK2,148.5,0,0,6.6392515213595231e-26
top_hat,200,2,vanLeer_SSPRK2,149.5,0,0,2.8366353843226304e-26
top_hat,200,2,vanLeer_SSPRK2,150.5,0,0,1.2005376086062985e-26
top_hat,200,2,vanLeer_SSPRK2,151.5,0,0,5.0334150612408608e-27
top_hat,200,2,vanLeer_SSPRK2,152.5,0,0,2.0906960434937285e-27
top_hat,200,2,vanLeer_SSPRK2,153.5,0,0,8.603720334267961e-28
top_hat,200,2,vanLeer_SSPRK2,154.5,0,0,3.5081210204781754e-28
top_hat,200,2,vanLeer_SSPRK2,155.5,0,0,1.4173627279987704e-28
top_hat,200,2,vanLeer_SSPRK2,156.5,0,0,5.6745376524335074e-29
top_hat,200,2,vanLeer_SSPRK2,157.5,0,0,2.2513730983748991e-29
top_hat,200,2,vanLeer_SSPRK2,158.5,0,0,8.8522989898125616e-30
top_hat,200,2,vanLeer_SSPRK2,159.5,0,0,3.4496893969393308e-30
top_hat,200,2,vanLeer_SSPRK2,160.5,0,0,1.3324243231929867e-30
top_hat,200,2,vanLeer_SSPRK2,161.5,0,0,5.1011334141738093e-31
top_hat,200,2,vanLeer_SSPRK2,162.5,0,0,1.9358643910968809e-31
top_hat,200,2,vanLeer_SSPRK2,163.5,0,0,7.2826503792199908e-32
top_hat,200,2,vanLeer_SSPRK2,164.5,0,0,2.7160142702863262e-32
top_hat,200,2,vanLeer_SSPRK2,165.5,0,0,1.0042089353465103e-32
top_hat,200,2,vanLeer_SSPRK2,166.5,0,0,3.6811758956218851e-33
top_hat,200,2,vanLeer_SSPRK2,167.5,0,0,1.3379507751856036e-33
top_hat,200,2,vanLeer_SSPRK2,168.5,0,0,4.8217536753742652e-34
top_hat,200,2,vanLeer_SSPRK2,169.5,0,0,1.7230627110556448e-34
top_hat,200,2,vanLeer_SSPRK2,170.5,0,0,6.1058735773374002e-35
top_hat,200,2,vanLeer_SSPRK2,171.5,0,0,2.1456767558883847e-35
top_hat,200,2,vanLeer_SSPRK2,172.5,0,0,7.477721381547961e-36
top_hat,200,2,vanLeer_SSPRK2,173.5,0,0,2.5845272446717995e-36
top_hat,200,2,vanLeer_SSPRK2,174.5,0,0,8.8596750161917778e-37
top_hat,200,2,vanLeer_SSPRK2,175.5,0,0,3.0122910759320427e-37
top_hat,200,2,vanLeer_SSPRK2,176.5,0,0,1.0158645571308254e-37
top_hat,200,2,vanLeer_SSPRK2,177.5,0,0,3.3982186383922665e-38
top_hat,200,2,vanLeer_SSPRK2,178.5,0,0,1.1276128512042447e-38
top_hat,200,2,vanLeer_SSPRK2,179.5,0,0,3.711744831063493e-39
top_hat,200,2,vanLeer_SSPRK2,180.5,0,0,1.2120526018700339e-39
top_hat,200,2,vanLeer_SSPRK2,181.5,0,0,3.9265000813761731e-40
top_hat,200,2,vanLeer_SSPRK2,182.5,0,0,1.2619604239328549e-40
top_hat,200,2,vanLeer_SSPRK2,183.5,0,0,4.0239883161164116e-41
top_hat,200,2,vanLeer_SSPRK2,184.5,0,0,1.2730723552382634e-41
top_hat,200,2,vanLeer_SSPRK2,185.5,0,0,3.9962173466011813e-42
top_hat,200,2,vanLeer_SSPRK2,186.5,0,0,1.2446827732329543e-42
top_hat,200,2,vanLeer_SSPRK2,187.5,0,0,3.8467631721204588e-43
top_hat,200,2,vanLeer_SSPRK2,188.5,0,0,1.1797031682881885e-43
top_hat,200,2,vanLeer_SSPRK2,189.5,0,0,3.5900757510143676e-44
top_hat,200,2,vanLeer_SSPRK2,190.5,0,0,1.0841785547409674e-44
top_hat,200,2,vanLeer_SSPRK2,191.5,0,0,3.249202921178416e-45
top_hat,200,2,vanLeer_SSPRK2,192.5,0,0,9.6637102440018002e-46
top_hat,200,2,vanLeer_SSPRK2,193.5,0,0,2.8524232295119354e-46
top_hat,200,2,vanLeer_SSPRK2,194.5,0,0,8.3560057988682311e-47
top_hat,200,2,vanLeer_SSPRK2,195.5,0,0,2.4294594670209433e-47
top_hat,200,2,vanLeer_SSPRK2,196.5,0,0,7.0106445890543727e-48
top_hat,200,2,vanLeer_SSPRK2,197.5,0,0,2.0079578234940408e-48
top_hat,200,2,vanLeer_SSPRK2,198.5,0,0,5.7083462598534434e-49
top_hat,200,2,vanLeer_SSPRK2,199.5,0,0,1.610777810574638e-49
top_hat,200,5,vanLeer_FE,0.5,0,0,0
top_hat,200,5,vanLeer_FE,1.5,0,0,0
top_hat,200,5,vanLeer_FE,2.5,0,0,0
top_hat,200,5,vanLeer_FE,3.5,0,0,0
top_hat,200,5,vanLeer_FE,4.5,0,0,0
top_hat,200,5,vanLeer_FE,5.5,0,0,0
top_hat,200,5,vanLeer_FE,6.5,0,0,0
top_hat,200,5,vanLeer_FE,7.5,0,0,0
top_hat,200,5,vanLeer_FE,8.5,0,0,0
top_hat,200,5,vanLeer_FE,9.5,0,0,0
top_hat,200,5,vanLeer_FE,10.5,0,0,0
top_hat,200,5,vanLeer_FE,11.5,0,0,0
top_hat,200,5,vanLeer_FE,12.5,0,0,0
top_hat,200,5,vanLeer_FE,13.5,0,0,0
top_hat,200,5,vanLeer_FE,14.5,0,0,0
top_hat,200,5,vanLeer_FE,15.5,0,0,0
top_hat,200,5,vanLeer_FE,16.5,0,0,0
top_hat,200,5,vanLeer_FE,17.5,0,0,0
top_hat,200,5,vanLeer_FE,18.5,0,0,0
top_hat,200,5,vanLeer_FE,19.5,0,0,0
top_hat,200,5,vanLeer_FE,20.5,0,0,0
top_hat,200,5,vanLeer_FE,21.5,0,0,0
top_hat,200,5,vanLeer_FE,22.5,0,0,0
top_hat,200,5,vanLeer_FE,23.5,0,0,0
top_hat,200,5,vanLeer_FE,24.5,0,0,0
top_hat,200,5,vanLeer_FE,25.5,1,0,2.0194656766424857e-55
top_hat,200,5,vanLeer_FE,26.5,1,0,2.1427023942388313e-53
top_hat,200,5,vanLeer_FE,27.5,1,0,1.1163949758325803e-51
top_hat,200,5,vanLeer_FE,28.5,1,0,3.8124794868948985e-50
top_hat,200,5,vanLeer_FE,29.5,1,0,9.608145551551159e-49
top_hat,200,5,vanLeer_FE,30.5,1,0,1.9073035423233786e-47
top_hat,200,5,vanLeer_FE,31.5,1,0,3.1080973869517449e-46
top_hat,200,5,vanLeer_FE,32.5,1,0,4.2782938091990338e-45
top_hat,200,5,vanLeer_FE,33.5,1,0,5.0797165507972152e-44
top_hat,200,5,vanLeer_FE,34.5,1,0,5.2862744033587763e-43
top_hat,200,5,vanLeer_FE,35.5,0,0,4.8829602126646879e-42
top_hat,200,5,vanLeer_FE,36.5,0,0,4.0445832927295846e-41
top_hat,200,5,vanLeer_FE,37.5,0,0,3.0295647465049812e-40
top_hat,200,5,vanLeer_FE,38.5,0,0,2.0666735607814111e-39
top_hat,200,5,vanLeer_FE,39.5,0,0,1.291693460745667e-38
top_hat,200,5,vanLeer_FE,40.5,0,0,7.4351542979226317e-38
top_hat,200,5,vanLeer_FE,41.5,0,0,3.9592894631274794e-37
top_hat,200,5,vanLeer_FE,42.5,0,0,1.9581924902491557e-36
top_hat,200,5,vanLeer_FE,43.5,0,0,9.0265171927082845e-36
top_hat,200,5,vanLeer_FE,44.5,0,0,3.890110285683801e-35
top_hat,200,5,vanLeer_FE,45.5,0,0,1.571777148345217e-34
top_hat,200,5,vanLeer_FE,46.5,0,0,5.968968222453237e-34
top_hat,200,5,vanLeer_FE,47.5,0,0,2.1353907792444463e-33
top_hat,200,5,vanLeer_FE,48.5,0,0,7.2115538690267247e-33
top_hat,200,5,vanLeer_FE,49.5,0,0,2.3034693209099551e-32
top_hat,200,5,vanLeer_FE,50.5,0,0,6.9711140682422472e-32
top_hat,200,5,vanLeer_FE,51.5,0,0,2.0021492845150256e-31
top_hat,200,5,vanLeer_FE,52.5,0,0,5.4654454176560492e-31
top_hat,200,5,vanLeer_FE,53.5,0,0,1.4200665147293463e-30
top_hat,200,5,vanLeer_FE,54.5,0,0,3.5166572166901673e-30
top_hat,200,5,vanLeer_FE,55.500000000000007,0,0,8.3108314808467964e-30
top_hat,200,5,vanLeer_FE,56.5,0,0,1.8766476843991738e-29
top_hat,200,5,vanLeer_FE,57.499999999999993,0,0,4.0537448657487387e-29
top_hat,200,5,vanLeer_FE,58.5,0,0,8.3861489414931575e-29
top_hat,200,5,vanLeer_FE,59.5,0,0,1.6633684849454526e-28
top_hat,200,5,vanLeer_FE,60.5,0,0,3.1667663308656158e-28
top_hat,200,5,vanLeer_FE,61.5,0,0,5.7933040374352919e-28
top_hat,200,5,vanLeer_FE,62.5,0,0,1.0195397943310072e-27
top_hat,200,5,vanLeer_FE,63.5,0,0,1.727995660301094e-27
top_hat,200,5,vanLeer_FE,64.5,0,0,2.8238884440772229e-27
top_hat,200,5,vanLeer_FE,65.5,0,0,4.4549404298785941e-27
top_hat,200,5,vanLeer_FE,66.5,0,0,6.7931363624762235e-27
top_hat,200,5,vanLeer_FE,67.5,0,0,1.0025428448345184e-26
top_hat,200,5,vanLeer_FE,68.5,0,0,1.4339658769518286e-26
top_hat,200,5,vanLeer_FE,69.5,0,0,1.9907130935206975e-26
top_hat,200,5,vanLeer_FE,70.5,0,0,2.686435176401414e-26
top_hat,200,5,vanLeer_FE,71.5,0,0,3.6681891567411504e-26
top_hat,200,5,vanLeer_FE,72.5,0,0,1.6421738011293744e-13
top_hat,200,5,vanLeer_FE,73.5,0,0,0.00013055670134990566
top_hat,200,5,vanLeer_FE,74.5,0,0,0.13914723042174504
top_hat,200,5,vanLeer_FE,75.5,0,1,0.8608527695782523
top_hat,200,5,vanLeer_FE,76.5,0,1,0.99986944329865013
top_hat,200,5,vanLeer_FE,77.5,0,1,0.9999999999998358
top_hat,200,5,vanLeer_FE,78.5,0,1,1
top_hat,200,5,vanLeer_FE,79.5,0,1,1
top_hat,200,5,vanLeer_FE,80.5,0,1,1
top_hat,200,5,vanLeer_FE,81.5,0,1,1
top_hat,200,5,vanLeer_FE,82.5,0,1,0.9999999999998358
top_hat,200,5,vanLeer_FE,83.5,0,1,0.99986944329867122
top_hat,200,5,vanLeer_FE,84.5,0,1,0.86085276957594226
top_hat,200,5,vanLeer_FE,85.5,0,0,0.13914723041882793
top_hat,200,5,vanLeer_FE,86.5,0,0,0.00013055670226170732
top_hat,200,5,vanLeer_FE,87.5,0,0,1.2627249486758126e-12
top_hat,200,5,vanLeer_FE,88.5,0,0,9.6134936606200529e-13
top_hat,200,5,vanLeer_FE,89.5,0,0,7.1293376144233561e-13
top_hat,200,5,vanLeer_FE,90.5,0,0,5.1421356456162441e-13
top_hat,200,5,vanLeer_FE,91.5,0,0,3.6018617356426297e-13
top_hat,200,5,vanLeer_FE,92.5,0,0,2.4467756757815809e-13
top_hat,200,5,vanLeer_FE,93.5,0,0,1.6097911895861908e-13
top_hat,200,5,vanLeer_FE,94.5,0,0,1.0244849690421587e-13
top_hat,200,5,vanLeer_FE,95.5,0,0,6.2991091975812613e-14
top_hat,200,5,vanLeer_FE,96.5,0,0,3.7375566308152436e-14
top_hat,200,5,vanLeer_FE,97.5,0,0,2.1376955943028063e-14
top_hat,200,5,vanLeer_FE,98.5,0,0,1.1772814480938959e-14
top_hat,200,5,vanLeer_FE,99.5,0,0,6.2362913036606735e-15
top_hat,200,5,vanLeer_FE,100.5,0,0,3.1741219136385291e-15
top_hat,200,5,vanLeer_FE,101.5,0,0,1.5506413796460681e-15
top_hat,200,5,vanLeer_FE,102.5,0,0,7.2631486889251213e-16
top_hat,200,5,vanLeer_FE,103.5,0,0,3.2583008018917338e-16
top_hat,200,5,vanLeer_FE,104.5,0,0,1.3983773304136562e-16
top_hat,200,5,vanLeer_FE,105.5,0,0,5.7348480143450596e-17
top_hat,200,5,vanLeer_FE,106.5,0,0,2.2447076378500218e-17
top_hat,200,5,vanLeer_FE,107.5,0,0,8.3750591845719101e-18
top_hat,200,5,vanLeer_FE,108.5,0,0,2.9745752518887943e-18
top_hat,200,5,vanLeer_FE,109.50000000000001,0,0,1.0042760837532181e-18
top_hat,200,5,vanLeer_FE,110.50000000000001,0,0,3.2181907320800128e-19
top_hat,200,5,vanLeer_FE,111.50000000000001,0,0,9.7721669111347808e-20
top_hat,200,5,vanLeer_FE,112.5,0,0,2.8068756295150395e-20
top_hat,200,5,vanLeer_FE,113.49999999999999,0,0,7.6115900474931106e-21
top_hat,200,5,vanLeer_FE,114.49999999999999,0,0,1.9446342353937676e-21
top_hat,200,5,vanLeer_FE,115.49999999999999,0,0,4.669955017540526e-22
top_hat,200,5,vanLeer_FE,116.5,0,0,1.051474317328234e-22
top_hat,200,5,vanLeer_FE,117.5,0,0,2.213473985981865e-23
top_hat,200,5,vanLeer_FE,118.5,0,0,4.3428702279279872e-24
top_hat,200,5,vanLeer_FE,119.5,0,0,7.9136138106992157e-25
top_hat,200,5,vanLeer_FE,120.5,0,0,1.3339401240434692e-25
top_hat,200,5,vanLeer_FE,121.5,0,0,2.070552714240566e-26
top_hat,200,5,vanLeer_FE,122.5,0,0,2.9441000223453491e-27
top_hat,200,5,vanLeer_FE,123.5,0,0,3.8114867938157856e-28
top_hat,200,5,vanLeer_FE,124.5,0,0,4.4607359293877297e-29
top_hat,200,5,vanLeer_FE,125.5,0,0,4.6793597274918373e-30
top_hat,200,5,vanLeer_FE,126.5,0,0,4.3545854290939658e-31
top_hat,200,5,vanLeer_FE,127.5,0,0,3.5492730533641653e-32
top_hat,200,5,vanLeer_FE,128.5,0,0,2.4930579849892887e-33
top_hat,200,5,vanLeer_FE,129.5,0,0,1.4775004064195231e-34
top_hat,200,5,vanLeer_FE,130.5,0,0,7.177617188702491e-36
top_hat,200,5,vanLeer_FE,131.5,0,0,2.7413280348644661e-37
top_hat,200,5,vanLeer_FE,132.5,0,0,7.7075420784518989e-39
top_hat,200,5,vanLeer_FE,133.5,0,0,1.41576395331304e-40
top_hat,200,5,vanLeer_FE,134.5,0,0,1.2714130167394155e-42
top_hat,200,5,vanLeer_FE,135.5,0,0,0
top_hat,200,5,vanLeer_FE,136.5,0,0,0
top_hat,200,5,vanLeer_FE,137.5,0,0,0
top_hat,200,5,vanLeer_FE,138.5,0,0,0
top_hat,200,5,vanLeer_FE,139.5,0,0,0
top_hat,200,5,vanLeer_FE,140.5,0,0,0
top_hat,200,5,vanLeer_FE,141.5,0,0,0
top_hat,200,5,vanLeer_FE,142.5,0,0,0
top_hat,200,5,vanLeer_FE,143.5,0,0,0
top_hat,200,5,vanLeer_FE,144.5,0,0,0
top_hat,200,5,vanLeer_FE,145.5,0,0,0
top_hat,200,5,vanLeer_FE,146.5,0,0,0
top_hat,200,5,vanLeer_FE,147.5,0,0,0
top_hat,200,5,vanLeer_FE,148.5,0,0,0
top_hat,200,5,vanLeer_FE,149.5,0,0,0
top_hat,200,5,vanLeer_FE,150.5,0,0,0
top_hat,200,5,vanLeer_FE,151.5,0,0,0
top_hat,200,5,vanLeer_FE,152.5,0,0,0
top_hat,200,5,vanLeer_FE,153.5,0,0,0
top_hat,200,5,vanLeer_FE,154.5,0,0,0
top_hat,200,5,vanLeer_FE,155.5,0,0,0
top_hat,200,5,vanLeer_FE,156.5,0,0,0
top_hat,200,5,vanLeer_FE,157.5,0,0,0
top_hat,200,5,vanLeer_FE,158.5,0,0,0
top_hat,200,5,vanLeer_FE,159.5,0,0,0
top_hat,200,5,vanLeer_FE,160.5,0,0,0
top_hat,200,5,vanLeer_FE,161.5,0,0,0
top_hat,200,5,vanLeer_FE,162.5,0,0,0
top_hat,200,5,vanLeer_FE,163.5,0,0,0
top_hat,200,5,vanLeer_FE,164.5,0,0,0
top_hat,200,5,vanLeer_FE,165.5,0,0,0
top_hat,200,5,vanLeer_FE,166.5,0,0,0
top_hat,200,5,vanLeer_FE,167.5,0,0,0
top_hat,200,5,vanLeer_FE,168.5,0,0,0
top_hat,200,5,vanLeer_FE,169.5,0,0,0
top_hat,200,5,vanLeer_FE,170.5,0,0,0
top_hat,200,5,vanLeer_FE,171.5,0,0,0
top_hat,200,5,vanLeer_FE,172.5,0,0,0
top_hat,200,5,vanLeer_FE,173.5,0,0,0
top_hat,200,5,vanLeer_FE,174.5,0,0,0
top_hat,200,5,vanLeer_FE,175.5,0,0,0
top_hat,200,5,vanLeer_FE,176.5,0,0,0
top_hat,200,5,vanLeer_FE,177.5,0,0,0
top_hat,200,5,vanLeer_FE,178.5,0,0,0
top_hat,200,5,vanLeer_FE,179.5,0,0,0
top_hat,200,5,vanLeer_FE,180.5,0,0,0
top_hat,200,5,vanLeer_FE,181.5,0,0,0
top_hat,200,5,vanLeer_FE,182.5,0,0,0
top_hat,200,5,vanLeer_FE,183.5,0,0,0
top_hat,200,5,vanLeer_FE,184.5,0,0,0
top_hat,200,5,vanLeer_FE,185.5,0,0,0
top_hat,200,5,vanLeer_FE,186.5,0,0,0
top_hat,200,5,vanLeer_FE,187.5,0,0,0
top_hat,200,5,vanLeer_FE,188.5,0,0,0
top_hat,200,5,vanLeer_FE,189.5,0,0,0
top_hat,200,5,vanLeer_FE,190.5,0,0,0
top_hat,200,5,vanLeer_FE,191.5,0,0,0
top_hat,200,5,vanLeer_FE,192.5,0,0,0
top_hat,200,5,vanLeer_FE,193.5,0,0,0
top_hat,200,5,vanLeer_FE,194.5,0,0,0
top_hat,200,5,vanLeer_FE,195.5,0,0,0
top_hat,200,5,vanLeer_FE,196.5,0,0,0
top_hat,200,5,vanLeer_FE,197.5,0,0,0
top_hat,200,5,vanLeer_FE,198.5,0,0,0
top_hat,200,5,vanLeer_FE,199.5,0,0,0
top_hat,200,5,vanLeer_SSPRK2,0.5,0,0,0
top_hat,200,5,vanLeer_SSPRK2,1.5,0,0,0
top_hat,200,5,vanLeer_SSPRK2,2.5,0,0,0
top_hat,200,5,vanLeer_SSPRK2,3.5,0,0,0
top_hat,200,5,vanLeer_SSPRK2,4.5,0,0,0
top_hat,200,5,vanLeer_SSPRK2,5.5,0,0,0
top_hat,200,5,vanLeer_SSPRK2,6.5,0,0,0
top_hat,200,5,vanLeer_SSPRK2,7.5,0,0,0
top_hat,200,5,vanLeer_SSPRK2,8.5,0,0,0
top_hat,200,5,vanLeer_SSPRK2,9.5,0,0,0
top_hat,200,5,vanLeer_SSPRK2,10.5,0,0,0
top_hat,200,5,vanLeer_SSPRK2,11.5,0,0,0
top_hat,200,5,vanLeer_SSPRK2,12.5,0,0,0
top_hat,200,5,vanLeer_SSPRK2,13.5,0,0,0
top_hat,200,5,vanLeer_SSPRK2,14.5,0,0,0
top_hat,200,5,vanLeer_SSPRK2,15.5,0,0,0
top_hat,200,5,vanLeer_SSPRK2,16.5,0,0,0
top_hat,200,5,vanLeer_SSPRK2,17.5,0,0,0
top_hat,200,5,vanLeer_SSPRK2,18.5,0,0,0
top_hat,200,5,vanLeer_SSPRK2,19.5,0,0,0
top_hat,200,5,vanLeer_SSPRK2,20.5,0,0,0
top_hat,200,5,vanLeer_SSPRK2,21.5,0,0,0
top_hat,200,5,vanLeer_SSPRK2,22.5,0,0,0
top_hat,200,5,vanLeer_SSPRK2,23.5,0,0,0
top_hat,200,5,vanLeer_SSPRK2,24.5,0,0,0
top_hat,200,5,vanLeer_SSPRK2,25.5,1,0,2.3412803608552589e-25
top_hat,200,5,vanLeer_SSPRK2,26.5,1,0,6.3902176316990403e-24
top_hat,200,5,vanLeer_SSPRK2,27.5,1,0,9.1374894379745888e-23
top_hat,200,5,vanLeer_SSPRK2,28.5,1,0,9.0349925307611776e-22
top_hat,200,5,vanLeer_SSPRK2,29.5,1,0,6.90786454272633e-21
top_hat,200,5,vanLeer_SSPRK2,30.5,1,0,4.3375558460115812e-20
top_hat,200,5,vanLeer_SSPRK2,31.5,1,0,2.3225345836937631e-19
top_hat,200,5,vanLeer_SSPRK2,32.5,1,0,1.0879931488707276e-18
top_hat,200,5,vanLeer_SSPRK2,33.5,1,0,4.54249633727543e-18
top_hat,200,5,vanLeer_SSPRK2,34.5,1,0,1.714202353203905e-17
top_hat,200,5,vanLeer_SSPRK2,35.5,0,0,5.9115645735232521e-17
top_hat,200,5,vanLeer_SSPRK2,36.5,0,0,1.8796414904624653e-16
top_hat,200,5,vanLeer_SSPRK2,37.5,0,0,5.551557267520871e-16
top_hat,200,5,vanLeer_SSPRK2,38.5,0,0,1.533132453650278e-15
top_hat,200,5,vanLeer_SSPRK2,39.5,0,0,3.9839769616323002e-15
top_hat,200,5,vanLeer_SSPRK2,40.5,0,0,9.8088939437340873e-15
top_hat,200,5,vanLeer_SSPRK2,41.5,0,0,2.3083140882835599e-14
top_hat,200,5,vanLeer_SSPRK2,42.5,0,0,5.260118901109753e-14
top_hat,200,5,vanLeer_SSPRK2,43.5,0,0,1.1869337880921309e-13
top_hat,200,5,vanLeer_SSPRK2,44.5,0,0,2.7708454971536088e-13
top_hat,200,5,vanLeer_SSPRK2,45.5,0,0,7.2614066610253237e-13
top_hat,200,5,vanLeer_SSPRK2,46.5,0,0,2.2861158238314611e-12
top_hat,200,5,vanLeer_SSPRK2,47.5,0,0,8.2568032504871871e-12
top_hat,200,5,vanLeer_SSPRK2,48.5,0,0,3.1127392859424145e-11
top_hat,200,5,vanLeer_SSPRK2,49.5,0,0,1.1618017084068818e-10
top_hat,200,5,vanLeer_SSPRK2,50.5,0,0,4.2156385422224906e-10
top_hat,200,5,vanLeer_SSPRK2,51.5,0,0,1.4797245309015132e-09
top_hat,200,5,vanLeer_SSPRK2,52.5,0,0,5.0191834843764383e-09
top_hat,200,5,vanLeer_SSPRK2,53.5,0,0,1.6451833809649516e-08
top_hat,200,5,vanLeer_SSPRK2,54.5,0,0,5.2121294419707448e-08
top_hat,200,5,vanLeer_SSPRK2,55.500000000000007,0,0,1.5963563015708231e-07
top_hat,200,5,vanLeer_SSPRK2,56.5,0,0,4.7275027187297177e-07
top_hat,200,5,vanLeer_SSPRK2,57.499999999999993,0,0,1.3538416763820566e-06
top_hat,200,5,vanLeer_SSPRK2,58.5,0,0,3.7493545136780419e-06
top_hat,200,5,vanLeer_SSPRK2,59.5,0,0,1.0041230026616516e-05
top_hat,200,5,vanLeer_SSPRK2,60.5,0,0,2.6002700488287038e-05
top_hat,200,5,vanLeer_SSPRK2,61.5,0,0,6.5099779594306856e-05
top_hat,200,5,vanLeer_SSPRK2,62.5,0,0,0.00015753103510973978
top_hat,200,5,vanLeer_SSPRK2,63.5,0,0,0.00036833248356204888
top_hat,200,5,vanLeer_SSPRK2,64.5,0,0,0.00083181408206205274
top_hat,200,5,vanLeer_SSPRK2,65.5,0,0,0.0018134695520884469
top_hat,200,5,vanLeer_SSPRK2,66.5,0,0,0.0038144694348534579
top_hat,200,5,vanLeer_SSPRK2,67.5,0,0,0.0077355701986423289
top_hat,200,5,vanLeer_SSPRK2,68.5,0,0,0.015112156050530508
top_hat,200,5,vanLeer_SSPRK2,69.5,0,0,0.028413151635618639
top_hat,200,5,vanLeer_SSPRK2,70.5,0,0,0.051355695019691776
top_hat,200,5,vanLeer_SSPRK2,71.5,0,0,0.089120163654308429
top_hat,200,5,vanLeer_SSPRK2,72.5,0,0,0.14826456122730963
top_hat,200,5,vanLeer_SSPRK2,73.5,0,0,0.2360849941470643
top_hat,200,5,vanLeer_SSPRK2,74.5,0,0,0.35933612667246212
top_hat,200,5,vanLeer_SSPRK2,75.5,0,1,0.52226218803753222
top_hat,200,5,vanLeer_SSPRK2,76.5,0,1,0.71680286749553279
top_hat,200,5,vanLeer_SSPRK2,77.5,0,1,0.88111177576767341
top_hat,200,5,vanLeer_SSPRK2,78.5,0,1,0.9321575722567701
top_hat,200,5,vanLeer_SSPRK2,79.5,0,1,0.93271525924841825
top_hat,200,5,vanLeer_SSPRK2,80.5,0,1,0.92635603913034115
top_hat,200,5,vanLeer_SSPRK2,81.5,0,1,0.90500941248249611
top_hat,200,5,vanLeer_SSPRK2,82.5,0,1,0.85933581108342927
top_hat,200,5,vanLeer_SSPRK2,83.5,0,1,0.77925969524861594
top_hat,200,5,vanLeer_SSPRK2,84.5,0,1,0.65948594524466986
top_hat,200,5,vanLeer_SSPRK2,85.5,0,0,0.49902539079834385
top_hat,200,5,vanLeer_SSPRK2,86.5,0,0,0.30646644517011934
top_hat,200,5,vanLeer_SSPRK2,87.5,0,0,0.1196435765309255
top_hat,200,5,vanLeer_SSPRK2,88.5,0,0,0.017447280923884805
top_hat,200,5,vanLeer_SSPRK2,89.5,0,0,0.00040524855062403268
top_hat,200,5,vanLeer_SSPRK2,90.5,0,0,5.0188082738594762e-07
top_hat,200,5,vanLeer_SSPRK2,91.5,0,0,9.0084219967589206e-12
top_hat,200,5,vanLeer_SSPRK2,92.5,0,0,5.9891585091153886e-13
top_hat,200,5,vanLeer_SSPRK2,93.5,0,0,4.5516686766233078e-13
top_hat,200,5,vanLeer_SSPRK2,94.5,0,0,3.7416589728545391e-13
top_hat,200,5,vanLeer_SSPRK2,95.5,0,0,2.9952440841624743e-13
top_hat,200,5,vanLeer_SSPRK2,96.5,0,0,2.334661330898118e-13
top_hat,200,5,vanLeer_SSPRK2,97.5,0,0,1.7815427593045242e-13
top_hat,200,5,vanLeer_SSPRK2,98.5,0,0,1.3348119257204097e-13
top_hat,200,5,vanLeer_SSPRK2,99.5,0,0,9.8599361427821672e-14
top_hat,200,5,vanLeer_SSPRK2,100.5,0,0,7.1990509077691674e-14
top_hat,200,5,vanLeer_SSPRK2,101.5,0,0,5.2000559428921351e-14
top_hat,200,5,vanLeer_SSPRK2,102.5,0,0,3.7147418725358551e-14
top_hat,200,5,vanLeer_SSPRK2,103.5,0,0,2.6219610200852293e-14
top_hat,200,5,vanLeer_SSPRK2,104.5,0,0,1.8266557604868479e-14
top_hat,200,5,vanLeer_SSPRK2,105.5,0,0,1.2550973945008146e-14
top_hat,200,5,vanLeer_SSPRK2,106.5,0,0,8.5013720214378197e-15
top_hat,200,5,vanLeer_SSPRK2,107.5,0,0,5.6757065361702419e-15
top_hat,200,5,vanLeer_SSPRK2,108.5,0,0,3.7349733412182941e-15
top_hat,200,5,vanLeer_SSPRK2,109.50000000000001,0,0,2.4230246505010178e-15
top_hat,200,5,vanLeer_SSPRK2,110.50000000000001,0,0,1.5499380921306057e-15
top_hat,200,5,vanLeer_SSPRK2,111.50000000000001,0,0,9.7777159151118733e-16
top_hat,200,5,vanLeer_SSPRK2,112.5,0,0,6.0840559861608678e-16
top_hat,200,5,vanLeer_SSPRK2,113.49999999999999,0,0,3.7344729979640794e-16
top_hat,200,5,vanLeer_SSPRK2,114.49999999999999,0,0,2.2613854730946152e-16
top_hat,200,5,vanLeer_SSPRK2,115.49999999999999,0,0,1.3509556708600104e-16
top_hat,200,5,vanLeer_SSPRK2,116.5,0,0,7.9620922598069148e-17
top_hat,200,5,vanLeer_SSPRK2,117.5,0,0,4.6293591639625251e-17
top_hat,200,5,vanLeer_SSPRK2,118.5,0,0,2.6552334432079273e-17
top_hat,200,5,vanLeer_SSPRK2,119.5,0,0,1.5022720748439154e-17
top_hat,200,5,vanLeer_SSPRK2,120.5,0,0,8.3836256728329483e-18
top_hat,200,5,vanLeer_SSPRK2,121.5,0,0,4.6145043420251954e-18
top_hat,200,5,vanLeer_SSPRK2,122.5,0,0,2.5049613754663581e-18
top_hat,200,5,vanLeer_SSPRK2,123.5,0,0,1.3410160758334674e-18
top_hat,200,5,vanLeer_SSPRK2,124.5,0,0,7.0794567959280711e-19
top_hat,200,5,vanLeer_SSPRK2,125.5,0,0,3.6853358119818721e-19
top_hat,200,5,vanLeer_SSPRK2,126.5,0,0,1.8916719302194153e-19
top_hat,200,5,vanLeer_SSPRK2,127.5,0,0,9.5738992348477838e-20
top_hat,200,5,vanLeer_SSPRK2,128.5,0,0,4.7773921965889563e-20
top_hat,200,5,vanLeer_SSPRK2,129.5,0,0,2.3503824241394316e-20
top_hat,200,5,vanLeer_SSPRK2,130.5,0,0,1.1400395688929006e-20
top_hat,200,5,vanLeer_SSPRK2,131.5,0,0,5.4516071488220507e-21
top_hat,200,5,vanLeer_SSPRK2,132.5,0,0,2.5700578882748868e-21
top_hat,200,5,vanLeer_SSPRK2,133.5,0,0,1.1944451740897276e-21
top_hat,200,5,vanLeer_SSPRK2,134.5,0,0,5.4725055353129993e-22
top_hat,200,5,vanLeer_SSPRK2,135.5,0,0,2.4716946561425511e-22
top_hat,200,5,vanLeer_SSPRK2,136.5,0,0,1.1004846645436955e-22
top_hat,200,5,vanLeer_SSPRK2,137.5,0,0,4.829981611803747e-23
top_hat,200,5,vanLeer_SSPRK2,138.5,0,0,2.089635801928517e-23
top_hat,200,5,vanLeer_SSPRK2,139.5,0,0,8.9114856789287476e-24
top_hat,200,5,vanLeer_SSPRK2,140.5,0,0,3.746053810961514e-24
top_hat,200,5,vanLeer_SSPRK2,141.5,0,0,1.5521417413126661e-24
top_hat,200,5,vanLeer_SSPRK2,142.5,0,0,6.3388465598069164e-25
top_hat,200,5,vanLeer_SSPRK2,143.5,0,0,2.551510872837942e-25
top_hat,200,5,vanLeer_SSPRK2,144.5,0,0,1.0122282090339437e-25
top_hat,200,5,vanLeer_SSPRK2,145.5,0,0,3.9576495977621237e-26
top_hat,200,5,vanLeer_SSPRK2,146.5,0,0,1.5249536509053239e-26
top_hat,200,5,vanLeer_SSPRK2,147.5,0,0,5.7905151586136614e-27
top_hat,200,5,vanLeer_SSPRK2,148.5,0,0,2.166696711132189e-27
top_hat,200,5,vanLeer_SSPRK2,149.5,0,0,7.9887105186683504e-28
top_hat,200,5,vanLeer_SSPRK2,150.5,0,0,2.9022061135128486e-28
top_hat,200,5,vanLeer_SSPRK2,151.5,0,0,1.038786324291203e-28
top_hat,200,5,vanLeer_SSPRK2,152.5,0,0,3.6630424760240967e-29
top_hat,200,5,vanLeer_SSPRK2,153.5,0,0,1.2724616828162978e-29
top_hat,200,5,vanLeer_SSPRK2,154.5,0,0,4.3541323645268191e-30
top_hat,200,5,vanLeer_SSPRK2,155.5,0,0,1.4674984142485119e-30
top_hat,200,5,vanLeer_SSPRK2,156.5,0,0,4.8711945405330332e-31
top_hat,200,5,vanLeer_SSPRK2,157.5,0,0,1.592339210030052e-31
top_hat,200,5,vanLeer_SSPRK2,158.5,0,0,5.1254989883734321e-32
top_hat,200,5,vanLeer_SSPRK2,159.5,0,0,1.6244000737473712e-32
top_hat,200,5,vanLeer_SSPRK2,160.5,0,0,5.0682684567380708e-33
top_hat,200,5,vanLeer_SSPRK2,161.5,0,0,1.5566359704779278e-33
top_hat,200,5,vanLeer_SSPRK2,162.5,0,0,4.7056974465872988e-34
top_hat,200,5,vanLeer_SSPRK2,163.5,0,0,1.3999631395703944e-34
top_hat,200,5,vanLeer_SSPRK2,164.5,0,0,4.0983450529488584e-35
top_hat,200,5,vanLeer_SSPRK2,165.5,0,0,1.1804316648286556e-35
top_hat,200,5,vanLeer_SSPRK2,166.5,0,0,3.3446606867659234e-36
top_hat,200,5,vanLeer_SSPRK2,167.5,0,0,9.321331547583068e-37
top_hat,200,5,vanLeer_SSPRK2,168.5,0,0,2.5547685497509362e-37
top_hat,200,5,vanLeer_SSPRK2,169.5,0,0,6.8849865002987431e-38
top_hat,200,5,vanLeer_SSPRK2,170.5,0,0,1.8241470445777155e-38
top_hat,200,5,vanLeer_SSPRK2,171.5,0,0,4.7505740218920858e-39
top_hat,200,5,vanLeer_SSPRK2,172.5,0,0,1.2158583398800013e-39
top_hat,200,5,vanLeer_SSPRK2,173.5,0,0,3.0576544729776957e-40
top_hat,200,5,vanLeer_SSPRK2,174.5,0,0,7.5539983478838137e-41
top_hat,200,5,vanLeer_SSPRK2,175.5,0,0,1.8329869990588632e-41
top_hat,200,5,vanLeer_SSPRK2,176.5,0,0,4.3676031333836866e-42
top_hat,200,5,vanLeer_SSPRK2,177.5,0,0,1.0217193382345932e-42
top_hat,200,5,vanLeer_SSPRK2,178.5,0,0,2.3459783626936808e-43
top_hat,200,5,vanLeer_SSPRK2,179.5,0,0,5.285855754612389e-44
top_hat,200,5,vanLeer_SSPRK2,180.5,0,0,1.1684118371580623e-44
top_hat,200,5,vanLeer_SSPRK2,181.5,0,0,2.5330952817302952e-45
top_hat,200,5,vanLeer_SSPRK2,182.5,0,0,5.3847127172540141e-46
top_hat,200,5,vanLeer_SSPRK2,183.5,0,0,1.1220289495194808e-46
top_hat,200,5,vanLeer_SSPRK2,184.5,0,0,2.2911072309894707e-47
top_hat,200,5,vanLeer_SSPRK2,185.5,0,0,4.5829992005083429e-48
top_hat,200,5,vanLeer_SSPRK2,186.5,0,0,8.9778800633702306e-49
top_hat,200,5,vanLeer_SSPRK2,187.5,0,0,1.7217382329329071e-49
top_hat,200,5,vanLeer_SSPRK2,188.5,0,0,3.2312602332039301e-50
top_hat,200,5,vanLeer_SSPRK2,189.5,0,0,5.932290558690043e-51
top_hat,200,5,vanLeer_SSPRK2,190.5,0,0,1.0649866193935148e-51
top_hat,200,5,vanLeer_SSPRK2,191.5,0,0,1.8687599390286594e-52
top_hat,200,5,vanLeer_SSPRK2,192.5,0,0,3.2037376882042068e-53
top_hat,200,5,vanLeer_SSPRK2,193.5,0,0,5.3635236715577273e-54
top_hat,200,5,vanLeer_SSPRK2,194.5,0,0,8.7643046856193588e-55
top_hat,200,5,vanLeer_SSPRK2,195.5,0,0,1.39710952392415e-55
top_hat,200,5,vanLeer_SSPRK2,196.5,0,0,2.1714374927728313e-56
top_hat,200,5,vanLeer_SSPRK2,197.5,0,0,3.2886040128642499e-57
top_hat,200,5,vanLeer_SSPRK2,198.5,0,0,4.8501000231248209e-58
top_hat,200,5,vanLeer_SSPRK2,199.5,0,0,6.9610496329038421e-59
top_hat,400,0.10000000000000001,vanLeer_FE,0.25,0,0,0
top_hat,400,0.10000000000000001,vanLeer_FE,0.75,0,0,0
top_hat,400,0.10000000000000001,vanLeer_FE,1.25,0,0,0
top_hat,400,0.10000000000000001,vanLeer_FE,1.75,0,0,0
top_hat,400,0.10000000000000001,vanLeer_FE,2.25,0,0,0
top_hat,400,0.10000000000000001,vanLeer_FE,2.75,0,0,0
top_hat,400,0.10000000000000001,vanLeer_FE,3.25,0,0,0
top_hat,400,0.10000000000000001,vanLeer_FE,3.75,0,0,0
top_hat,400,0.10000000000000001,vanLeer_FE,4.25,0,0,0
top_hat,400,0.10000000000000001,vanLeer_FE,4.75,0,0,0
top_hat,400,0.10000000000000001,vanLeer_FE,5.25,0,0,0
top_hat,400,0.10000000000000001,vanLeer_FE,5.75,0,0,0
top_hat,400,0.10000000000000001,vanLeer_FE,6.25,0,0,0
top_hat,400,0.10000000000000001,vanLeer_FE,6.75,0,0,0
top_hat,400,0.10000000000000001,vanLeer_FE,7.25,0,0,0
top_hat,400,0.10000000000000001,vanLeer_FE,7.75,0,0,0
top_hat,400,0.10000000000000001,vanLeer_FE,8.25,0,0,0
top_hat,400,0.10000000000000001,vanLeer_FE,8.75,0,0,0
top_hat,400,0.10000000000000001,vanLeer_FE,9.25,0,0,0
top_hat,400,0.10000000000000001,vanLeer_FE,9.75,0,0,0
top_hat,400,0.10000000000000001,vanLeer_FE,10.25,0,0,0
top_hat,400,0.10000000000000001,vanLeer_FE,10.75,0,0,0
top_hat,400,0.10000000000000001,vanLeer_FE,11.25,0,0,0
top_hat,400,0.10000000000000001,vanLeer_FE,11.75,0,0,0
top_hat,400,0.10000000000000001,vanLeer_FE,12.25,0,0,0
top_hat,400,0.10000000000000001,vanLeer_FE,12.75,0,0,0
top_hat,400,0.10000000000000001,vanLeer_FE,13.25,0,0,0
top_hat,400,0.10000000000000001,vanLeer_FE,13.75,0,0,0
top_hat,400,0.10000000000000001,vanLeer_FE,14.25,0,0,0
top_hat,400,0.10000000000000001,vanLeer_FE,14.75,0,0,0
top_hat,400,0.10000000000000001,vanLeer_FE,15.25,0,0,0
top_hat,400,0.10000000000000001,vanLeer_FE,15.75,0,0,0
top_hat,400,0.10000000000000001,vanLeer_FE,16.25,0,0,0
top_hat,400,0.10000000000000001,vanLeer_FE,16.75,0,0,0
top_hat,400,0.10000000000000001,vanLeer_FE,17.25,0,0,0
top_hat,400,0.10000000000000001,vanLeer_FE,17.75,0,0,0
top_hat,400,0.10000000000000001,vanLeer_FE,18.25,0,0,0
top_hat,400,0.10000000000000001,vanLeer_FE,18.75,0,0,0
top_hat,400,0.10000000000000001,vanLeer_FE,19.25,0,0,0
top_hat,400,0.10000000000000001,vanLeer_FE,19.75,0,0,0
top_hat,400,0.10000000000000001,vanLeer_FE,20.25,0,0,0
top_hat,400,0.10000000000000001,vanLeer_FE,20.75,0,0,0
top_hat,400,0.10000000000000001,vanLeer_FE,21.25,0,0,0
top_hat,400,0.10000000000000001,vanLeer_FE,21.75,0,0,0
top_hat,400,0.10000000000000001,vanLeer_FE,22.25,0,0,0
top_hat,400,0.10000000000000001,vanLeer_FE,22.75,0,0,0
top_hat,400,0.10000000000000001,vanLeer_FE,23.25,0,0,0
top_hat,400,0.10000000000000001,vanLeer_FE,23.75,0,0,0
top_hat,400,0.10000000000000001,vanLeer_FE,24.25,0,0,0
top_hat,400,0.10000000000000001,vanLeer_FE,24.75,0,0,0
top_hat,400,0.10000000000000001,vanLeer_FE,25.25,1,0,2.7127225920667762e-51
top_hat,400,0.10000000000000001,vanLeer_FE,25.75,1,0,2.5983160022973216e-49
top_hat,400,0.10000000000000001,vanLeer_FE,26.25,1,0,1.2443613555895384e-47
top_hat,400,0.10000000000000001,vanLeer_FE,26.75,1,0,3.9728877692708167e-46
top_hat,400,0.10000000000000001,vanLeer_FE,27.25,1,0,9.513106859016903e-45
top_hat,400,0.10000000000000001,vanLeer_FE,27.750000000000004,1,0,1.8223090089462802e-43
top_hat,400,0.10000000000000001,vanLeer_FE,28.25,1,0,2.9089252548384473e-42
top_hat,400,0.10000000000000001,vanLeer_FE,28.749999999999996,1,0,3.9800361692993281e-41
top_hat,400,0.10000000000000001,vanLeer_FE,29.25,1,0,4.7647356836658092e-40
top_hat,400,0.10000000000000001,vanLeer_FE,29.75,1,0,5.0702101860923827e-39
top_hat,400,0.10000000000000001,vanLeer_FE,30.25,1,0,4.8555910844979165e-38
top_hat,400,0.10000000000000001,vanLeer_FE,30.75,1,0,4.2271792698282291e-37
top_hat,400,0.10000000000000001,vanLeer_FE,31.25,1,0,3.3732956646351865e-36
top_hat,400,0.10000000000000001,vanLeer_FE,31.75,1,0,2.4847256435459592e-35
top_hat,400,0.10000000000000001,vanLeer_FE,32.25,1,0,1.6994127282566204e-34
top_hat,400,0.10000000000000001,vanLeer_FE,32.75,1,0,1.0847654357932012e-33
top_hat,400,0.10000000000000001,vanLeer_FE,33.25,1,0,6.4911639330028988e-33
top_hat,400,0.10000000000000001,vanLeer_FE,33.75,1,0,3.6555910975935827e-32
top_hat,400,0.10000000000000001,vanLeer_FE,34.25,1,0,1.9442184692363399e-31
top_hat,400,0.10000000000000001,vanLeer_FE,34.75,1,0,9.7954912837509697e-31
top_hat,400,0.10000000000000001,vanLeer_FE,35.25,0,0,4.6881836187586243e-30
top_hat,400,0.10000000000000001,vanLeer_FE,35.75,0,0,2.1368113885831843e-29
top_hat,400,0.10000000000000001,vanLeer_FE,36.25,0,0,9.2959923330503902e-29
top_hat,400,0.10000000000000001,vanLeer_FE,36.75,0,0,3.8680356891390953e-28
top_hat,400,0.10000000000000001,vanLeer_FE,37.25,0,0,1.5423077864350744e-27
top_hat,400,0.10000000000000001,vanLeer_FE,37.75,0,0,5.9032494699140153e-27
top_hat,400,0.10000000000000001,vanLeer_FE,38.25,0,0,2.1724270680027839e-26
top_hat,400,0.10000000000000001,vanLeer_FE,38.75,0,0,7.6979533347950154e-26
top_hat,400,0.10000000000000001,vanLeer_FE,39.25,0,0,2.6301264854032454e-25
top_hat,400,0.10000000000000001,vanLeer_FE,39.75,0,0,8.675665171786238e-25
top_hat,400,0.10000000000000001,vanLeer_FE,40.25,0,0,2.766111470744775e-24
top_hat,400,0.10000000000000001,vanLeer_FE,40.75,0,0,8.5341337905890558e-24
top_hat,400,0.10000000000000001,vanLeer_FE,41.25,0,0,2.5504899584110462e-23
top_hat,400,0.10000000000000001,vanLeer_FE,41.75,0,0,7.3907064594830628e-23
top_hat,400,0.10000000000000001,vanLeer_FE,42.25,0,0,2.0784756953945135e-22
top_hat,400,0.10000000000000001,vanLeer_FE,42.75,0,0,5.6777471579495255e-22
top_hat,400,0.10000000000000001,vanLeer_FE,43.25,0,0,1.5077647709651629e-21
top_hat,400,0.10000000000000001,vanLeer_FE,43.75,0,0,3.8954046254191525e-21
top_hat,400,0.10000000000000001,vanLeer_FE,44.25,0,0,9.7982882093911707e-21
top_hat,400,0.10000000000000001,vanLeer_FE,44.75,0,0,2.4011943905862573e-20
top_hat,400,0.10000000000000001,vanLeer_FE,45.25,0,0,5.7367987072416876e-20
top_hat,400,0.10000000000000001,vanLeer_FE,45.75,0,0,1.3370535774906903e-19
top_hat,400,0.10000000000000001,vanLeer_FE,46.25,0,0,3.0417513014704513e-19
top_hat,400,0.10000000000000001,vanLeer_FE,46.75,0,0,6.758356346383722e-19
top_hat,400,0.10000000000000001,vanLeer_FE,47.25,0,0,1.4673599437185104e-18
top_hat,400,0.10000000000000001,vanLeer_FE,47.75,0,0,3.1148407697826612e-18
top_hat,400,0.10000000000000001,vanLeer_FE,48.25,0,0,6.467771158887339e-18
top_hat,400,0.10000000000000001,vanLeer_FE,48.75,0,0,1.3143179074120348e-17
top_hat,400,0.10000000000000001,vanLeer_FE,49.25,0,0,2.6150071734974853e-17
top_hat,400,0.10000000000000001,vanLeer_FE,49.75,0,0,5.0964187881658743e-17
top_hat,400,0.10000000000000001,vanLeer_FE,50.25,0,0,9.7334077391090037e-17
top_hat,400,0.10000000000000001,vanLeer_FE,50.75,0,0,1.8224542876188731e-16
top_hat,400,0.10000000000000001,vanLeer_FE,51.25,0,0,3.3467521749327306e-16
top_hat,400,0.10000000000000001,vanLeer_FE,51.75,0,0,6.0304703488367975e-16
top_hat,400,0.10000000000000001,vanLeer_FE,52.25,0,0,1.066674657280361e-15
top_hat,400,0.10000000000000001,vanLeer_FE,52.75,0,0,1.8529837991652172e-15
top_hat,400,0.10000000000000001,vanLeer_FE,53.25,0,0,3.1629894528169665e-15
top_hat,400,0.10000000000000001,vanLeer_FE,53.75,0,0,5.3084972234873552e-15
top_hat,400,0.10000000000000001,vanLeer_FE,54.25,0,0,8.7660476349823447e-15
top_hat,400,0.10000000000000001,vanLeer_FE,54.750000000000007,0,0,1.4255284185953159e-14
top_hat,400,0.10000000000000001,vanLeer_FE,55.250000000000007,0,0,2.2854391881406192e-14
top_hat,400,0.10000000000000001,vanLeer_FE,55.750000000000007,0,0,3.6175169479382917e-14
top_hat,400,0.10000000000000001,vanLeer_FE,56.25,0,0,5.664137971784149e-14
top_hat,400,0.10000000000000001,vanLeer_FE,56.749999999999993,0,0,8.7962238980612846e-14
top_hat,400,0.10000000000000001,vanLeer_FE,57.249999999999993,0,0,1.3601493647016848e-13
top_hat,400,0.10000000000000001,vanLeer_FE,57.749999999999993,0,0,2.1071084640924193e-13
top_hat,400,0.10000000000000001,vanLeer_FE,58.25,0,0,3.3079490745519746e-13
top_hat,400,0.10000000000000001,vanLeer_FE,58.75,0,0,5.4045670627608943e-13
top_hat,400,0.10000000000000001,vanLeer_FE,59.25,0,0,9.8111374900744586e-13
top_hat,400,0.10000000000000001,vanLeer_FE,59.75,0,0,2.1824105789396849e-12
top_hat,400,0.10000000000000001,vanLeer_FE,60.25,0,0,6.0667277855308544e-12
top_hat,400,0.10000000000000001,vanLeer_FE,60.75,0,0,1.922059714284598e-11
top_hat,400,0.10000000000000001,vanLeer_FE,61.25,0,0,6.3409549427712601e-11
top_hat,400,0.10000000000000001,vanLeer_FE,61.75,0,0,2.0855336017129325e-10
top_hat,400,0.10000000000000001,vanLeer_FE,62.25,0,0,6.7320269421136789e-10
top_hat,400,0.10000000000000001,vanLeer_FE,62.75,0,0,2.1219331577461549e-09
top_hat,400,0.10000000000000001,vanLeer_FE,63.25,0,0,6.5201571957094815e-09
top_hat,400,0.10000000000000001,vanLeer_FE,63.75,0,0,1.9519157308848351e-08
top_hat,400,0.10000000000000001,vanLeer_FE,64.25,0,0,5.691235132917844e-08
top_hat,400,0.10000000000000001,vanLeer_FE,64.75,0,0,1.6158155162836346e-07
top_hat,400,0.10000000000000001,vanLeer_FE,65.25,0,0,4.4659667393079894e-07
top_hat,400,0.10000000000000001,vanLeer_FE,65.75,0,0,1.201345657871203e-06
top_hat,400,0.10000000000000001,vanLeer_FE,66.25,0,0,3.1443257633751967e-06
top_hat,400,0.10000000000000001,vanLeer_FE,66.75,0,0,8.0049450346100305e-06
top_hat,400,0.10000000000000001,vanLeer_FE,67.25,0,0,1.9815681749718933e-05
top_hat,400,0.10000000000000001,vanLeer_FE,67.75,0,0,4.7677210357042879e-05
top_hat,400,0.10000000000000001,vanLeer_FE,68.25,0,0,0.0001114489635160451
top_hat,400,0.10000000000000001,vanLeer_FE,68.75,0,0,0.0002529855188527642
top_hat,400,0.10000000000000001,vanLeer_FE,69.25,0,0,0.00055736175255780387
top_hat,400,0.10000000000000001,vanLeer_FE,69.75,0,0,0.0011910815911209875
top_hat,400,0.10000000000000001,vanLeer_FE,70.25,0,0,0.0024672880981372329
top_hat,400,0.10000000000000001,vanLeer_FE,70.75,0,0,0.0049505058487218558
top_hat,400,0.10000000000000001,vanLeer_FE,71.25,0,0,0.009613233881988403
top_hat,400,0.10000000000000001,vanLeer_FE,71.75,0,0,0.018049881648038956
top_hat,400,0.10000000000000001,vanLeer_FE,72.25,0,0,0.032734656779121851
top_hat,400,0.10000000000000001,vanLeer_FE,72.75,0,0,0.057273470191145689
top_hat,400,0.10000000000000001,vanLeer_FE,73.25,0,0,0.096543182362721774
top_hat,400,0.10000000000000001,vanLeer_FE,73.75,0,0,0.15653856873285635
top_hat,400,0.10000000000000001,vanLeer_FE,74.25,0,0,0.24366290970341978
top_hat,400,0.10000000000000001,vanLeer_FE,74.75,0,0,0.36306325134295275
top_hat,400,0.10000000000000001,vanLeer_FE,75.25,0,1,0.5152350642719763
top_hat,400,0.10000000000000001,vanLeer_FE,75.75,0,1,0.68935051849637152
top_hat,400,0.10000000000000001,vanLeer_FE,76.25,0,1,0.85355220714664182
top_hat,400,0.10000000000000001,vanLeer_FE,76.75,0,1,0.96005168226298809
top_hat,400,0.10000000000000001,vanLeer_FE,77.25,0,1,0.9953924660972816
top_hat,400,0.10000000000000001,vanLeer_FE,77.75,0,1,0.9995100905305373
top_hat,400,0.10000000000000001,vanLeer_FE,78.25,0,1,0.999596099658971
top_hat,400,0.10000000000000001,vanLeer_FE,78.75,0,1,0.99955525953329916
top_hat,400,0.10000000000000001,vanLeer_FE,79.25,0,1,0.9993600133776771
top_hat,400,0.10000000000000001,vanLeer_FE,79.75,0,1,0.99881724047264098
top_hat,400,0.10000000000000001,vanLeer_FE,80.25,0,1,0.99759951207458342
top_hat,400,0.10000000000000001,vanLeer_FE,80.75,0,1,0.99513966913358831
top_hat,400,0.10000000000000001,vanLeer_FE,81.25,0,1,0.99047160839554726
top_hat,400,0.10000000000000001,vanLeer_FE,81.75,0,1,0.98201199532367711
top_hat,400,0.10000000000000001,vanLeer_FE,82.25,0,1,0.96729829572200254
top_hat,400,0.10000000000000001,vanLeer_FE,82.75,0,1,0.94273389564339838
top_hat,400,0.10000000000000001,vanLeer_FE,83.25,0,1,0.90344734422595263
top_hat,400,0.10000000000000001,vanLeer_FE,83.75,0,1,0.84344575742305294
top_hat,400,0.10000000000000001,vanLeer_FE,84.25,0,1,0.75632708222206291
top_hat,400,0.10000000000000001,vanLeer_FE,84.75,0,1,0.63695098667858852
top_hat,400,0.10000000000000001,vanLeer_FE,85.25,0,0,0.48484114094738684
top_hat,400,0.10000000000000001,vanLeer_FE,85.75,0,0,0.31084250138226244
top_hat,400,0.10000000000000001,vanLeer_FE,86.25,0,0,0.14673748135003389
top_hat,400,0.10000000000000001,vanLeer_FE,86.75,0,0,0.040093042216822271
top_hat,400,0.10000000000000001,vanLeer_FE,87.25,0,0,0.0044202531204992753
top_hat,400,0.10000000000000001,vanLeer_FE,87.75,0,0,0.00012779461719928111
top_hat,400,0.10000000000000001,vanLeer_FE,88.25,0,0,6.3314496189847587e-07
top_hat,400,0.10000000000000001,vanLeer_FE,88.75,0,0,3.7076025399137036e-10
top_hat,400,0.10000000000000001,vanLeer_FE,89.25,0,0,1.3174332941127488e-12
top_hat,400,0.10000000000000001,vanLeer_FE,89.75,0,0,1.1818206227614078e-12
top_hat,400,0.10000000000000001,vanLeer_FE,90.25,0,0,1.0236750457896573e-12
top_hat,400,0.10000000000000001,vanLeer_FE,90.75,0,0,8.7620032885936567e-13
top_hat,400,0.10000000000000001,vanLeer_FE,91.25,0,0,7.4536991626805986e-13
top_hat,400,0.10000000000000001,vanLeer_FE,91.75,0,0,6.3023182138066323e-13
top_hat,400,0.10000000000000001,vanLeer_FE,92.25,0,0,5.2950839041514413e-13
top_hat,400,0.10000000000000001,vanLeer_FE,92.75,0,0,4.4198776512429773e-13
top_hat,400,0.10000000000000001,vanLeer_FE,93.25,0,0,3.6648093670999436e-13
top_hat,400,0.10000000000000001,vanLeer_FE,93.75,0,0,3.0182385943204929e-13
top_hat,400,0.10000000000000001,vanLeer_FE,94.25,0,0,2.4688288646826188e-13
top_hat,400,0.10000000000000001,vanLeer_FE,94.75,0,0,2.0056237117049646e-13
top_hat,400,0.10000000000000001,vanLeer_FE,95.25,0,0,1.6181585870546348e-13
top_hat,400,0.10000000000000001,vanLeer_FE,95.75,0,0,1.2965837362743566e-13
top_hat,400,0.10000000000000001,vanLeer_FE,96.25,0,0,1.0317708387846256e-13
top_hat,400,0.10000000000000001,vanLeer_FE,96.75,0,0,8.1538813319654925e-14
top_hat,400,0.10000000000000001,vanLeer_FE,97.25,0,0,6.3993995970852423e-14
top_hat,400,0.10000000000000001,vanLeer_FE,97.75,0,0,4.9877350095894331e-14
top_hat,400,0.10000000000000001,vanLeer_FE,98.25,0,0,3.8605854959396976e-14
top_hat,400,0.10000000000000001,vanLeer_FE,98.75,0,0,2.9674684314117594e-14
top_hat,400,0.10000000000000001,vanLeer_FE,99.25,0,0,2.2651708660054531e-14
top_hat,400,0.10000000000000001,vanLeer_FE,99.75,0,0,1.7171094284293792e-14
top_hat,400,0.10000000000000001,vanLeer_FE,100.25,0,0,1.2926434894717009e-14
top_hat,400,0.10000000000000001,vanLeer_FE,100.75,0,0,9.6637642001502266e-15
top_hat,400,0.10000000000000001,vanLeer_FE,101.25,0,0,7.1747186836568217e-15
top_hat,400,0.10000000000000001,vanLeer_FE,101.75,0,0,5.2900495840105137e-15
top_hat,400,0.10000000000000001,vanLeer_FE,102.25,0,0,3.8736216841296345e-15
top_hat,400,0.10000000000000001,vanLeer_FE,102.75,0,0,2.8169839308202165e-15
top_hat,400,0.10000000000000001,vanLeer_FE,103.25,0,0,2.0345532380751819e-15
top_hat,400,0.10000000000000001,vanLeer_FE,103.75,0,0,1.4594179529656829e-15
top_hat,400,0.10000000000000001,vanLeer_FE,104.25,0,0,1.0397409920264936e-15
top_hat,400,0.10000000000000001,vanLeer_FE,104.75,0,0,7.3572387585396327e-16
top_hat,400,0.10000000000000001,vanLeer_FE,105.25,0,0,5.1708083544332382e-16
top_hat,400,0.10000000000000001,vanLeer_FE,105.75,0,0,3.6096571698738232e-16
top_hat,400,0.10000000000000001,vanLeer_FE,106.25,0,0,2.5029240636229931e-16
top_hat,400,0.10000000000000001,vanLeer_FE,106.75,0,0,1.7239080776379504e-16
top_hat,400,0.10000000000000001,vanLeer_FE,107.25,0,0,1.1794403011272548e-16
top_hat,400,0.10000000000000001,vanLeer_FE,107.75,0,0,8.0157496735738107e-17
top_hat,400,0.10000000000000001,vanLeer_FE,108.25,0,0,5.4116501454329346e-17
top_hat,400,0.10000000000000001,vanLeer_FE,108.75,0,0,3.6294755251641576e-17
top_hat,400,0.10000000000000001,vanLeer_FE,109.25,0,0,2.4182320488304457e-17
top_hat,400,0.10000000000000001,vanLeer_FE,109.75,0,0,1.6006762024878223e-17
top_hat,400,0.10000000000000001,vanLeer_FE,110.25,0,0,1.0526209560230408e-17
top_hat,400,0.10000000000000001,vanLeer_FE,110.75,0,0,6.8772568676309256e-18
top_hat,400,0.10000000000000001,vanLeer_FE,111.25,0,0,4.4642138784251313e-18
top_hat,400,0.10000000000000001,vanLeer_FE,111.75,0,0,2.8792087387835204e-18
top_hat,400,0.10000000000000001,vanLeer_FE,112.25,0,0,1.8450651414529104e-18
top_hat,400,0.10000000000000001,vanLeer_FE,112.75,0,0,1.1748237290091798e-18
top_hat,400,0.10000000000000001,vanLeer_FE,113.25,0,0,7.4330713129961854e-19
top_hat,400,0.10000000000000001,vanLeer_FE,113.75,0,0,4.6731601467548632e-19
top_hat,400,0.10000000000000001,vanLeer_FE,114.25,0,0,2.9195239975890171e-19
top_hat,400,0.10000000000000001,vanLeer_FE,114.75,0,0,1.8125280862078639e-19
top_hat,400,0.10000000000000001,vanLeer_FE,115.25,0,0,1.1182555925008267e-19
top_hat,400,0.10000000000000001,vanLeer_FE,115.75,0,0,6.856356771763619e-20
top_hat,400,0.10000000000000001,vanLeer_FE,116.25,0,0,4.1778622028749872e-20
top_hat,400,0.10000000000000001,vanLeer_FE,116.75,0,0,2.5300877417279761e-20
top_hat,400,0.10000000000000001,vanLeer_FE,117.25,0,0,1.522825779051416e-20
top_hat,400,0.10000000000000001,vanLeer_FE,117.75,0,0,9.1098331745810615e-21
top_hat,400,0.10000000000000001,vanLeer_FE,118.25,0,0,5.4166227086462295e-21
top_hat,400,0.10000000000000001,vanLeer_FE,118.75,0,0,3.2012315267879744e-21
top_hat,400,0.10000000000000001,vanLeer_FE,119.25,0,0,1.8805647030808709e-21
top_hat,400,0.10000000000000001,vanLeer_FE,119.75,0,0,1.0981318931703817e-21
top_hat,400,0.10000000000000001,vanLeer_FE,120.25,0,0,6.374234867516314e-22
top_hat,400,0.10000000000000001,vanLeer_FE,120.75,0,0,3.6780803886008604e-22
top_hat,400,0.10000000000000001,vanLeer_FE,121.25,0,0,2.1098238490236452e-22
top_hat,400,0.10000000000000001,vanLeer_FE,121.75,0,0,1.2031372780722101e-22
top_hat,400,0.10000000000000001,vanLeer_FE,122.25,0,0,6.8208783964805662e-23
top_hat,400,0.10000000000000001,vanLeer_FE,122.75,0,0,3.8444449590079069e-23
top_hat,400,0.10000000000000001,vanLeer_FE,123.25,0,0,2.1543051896347591e-23
top_hat,400,0.10000000000000001,vanLeer_FE,123.75,0,0,1.2002535822748513e-23
top_hat,400,0.10000000000000001,vanLeer_FE,124.25,0,0,6.6487943183226664e-24
top_hat,400,0.10000000000000001,vanLeer_FE,124.75,0,0,3.6620875759374597e-24
top_hat,400,0.10000000000000001,vanLeer_FE,125.25,0,0,2.0055904961337993e-24
top_hat,400,0.10000000000000001,vanLeer_FE,125.75,0,0,1.0921824884096624e-24
top_hat,400,0.10000000000000001,vanLeer_FE,126.25,0,0,5.9142433760697575e-25
top_hat,400,0.10000000000000001,vanLeer_FE,126.75,0,0,3.1846797597535934e-25
top_hat,400,0.10000000000000001,vanLeer_FE,127.25,0,0,1.7053220847701466e-25
top_hat,400,0.10000000000000001,vanLeer_FE,127.75,0,0,9.0809763156931203e-26
top_hat,400,0.10000000000000001,vanLeer_FE,128.25,0,0,4.8090077294053981e-26
top_hat,400,0.10000000000000001,vanLeer_FE,128.75,0,0,2.5327158157915664e-26
top_hat,400,0.10000000000000001,vanLeer_FE,129.25,0,0,1.3265898660696781e-26
top_hat,400,0.10000000000000001,vanLeer_FE,129.75,0,0,6.9106230586735746e-27
top_hat,400,0.10000000000000001,vanLeer_FE,130.25,0,0,3.5804619399685291e-27
top_hat,400,0.10000000000000001,vanLeer_FE,130.75,0,0,1.8450713909751684e-27
top_hat,400,0.10000000000000001,vanLeer_FE,131.25,0,0,9.4569347652732466e-28
top_hat,400,0.10000000000000001,vanLeer_FE,131.75,0,0,4.8212703329074189e-28
top_hat,400,0.10000000000000001,vanLeer_FE,132.25,0,0,2.4448776504866365e-28
top_hat,400,0.10000000000000001,vanLeer_FE,132.75,0,0,1.2332409514368325e-28
top_hat,400,0.10000000000000001,vanLeer_FE,133.25,0,0,6.1879162345040304e-29
top_hat,400,0.10000000000000001,vanLeer_FE,133.75,0,0,3.0885670587803527e-29
top_hat,400,0.10000000000000001,vanLeer_FE,134.25,0,0,1.5335435813277303e-29
top_hat,400,0.10000000000000001,vanLeer_FE,134.75,0,0,7.5748138466552765e-30
top_hat,400,0.10000000000000001,vanLeer_FE,135.25,0,0,3.7221575794473971e-30
top_hat,400,0.10000000000000001,vanLeer_FE,135.75,0,0,1.8195944723510913e-30
top_hat,400,0.10000000000000001,vanLeer_FE,136.25,0,0,8.849557552603879e-31
top_hat,400,0.10000000000000001,vanLeer_FE,136.75,0,0,4.2819890790779485e-31
top_hat,400,0.10000000000000001,vanLeer_FE,137.25,0,0,2.0613724780876099e-31
top_hat,400,0.10000000000000001,vanLeer_FE,137.75,0,0,9.8733402860088027e-32
top_hat,400,0.10000000000000001,vanLeer_FE,138.25,0,0,4.7052008327726922e-32
top_hat,400,0.10000000000000001,vanLeer_FE,138.75,0,0,2.2310447881071917e-32
top_hat,400,0.10000000000000001,vanLeer_FE,139.25,0,0,1.0526016193843534e-32
top_hat,400,0.10000000000000001,vanLeer_FE,139.75,0,0,4.9414554084096055e-33
top_hat,400,0.10000000000000001,vanLeer_FE,140.25,0,0,2.3082892708245067e-33
top_hat,400,0.10000000000000001,vanLeer_FE,140.75,0,0,1.072949837022031e-33
top_hat,400,0.10000000000000001,vanLeer_FE,141.25,0,0,4.9628561615539112e-34
top_hat,400,0.10000000000000001,vanLeer_FE,141.75,0,0,2.2843162029518283e-34
top_hat,400,0.10000000000000001,vanLeer_FE,142.25,0,0,1.04631419464509e-34
top_hat,400,0.10000000000000001,vanLeer_FE,142.75,0,0,4.7693413646193409e-35
top_hat,400,0.10000000000000001,vanLeer_FE,143.25,0,0,2.1634858020713236e-35
top_hat,400,0.10000000000000001,vanLeer_FE,143.75,0,0,9.7669266342934658e-36
top_hat,400,0.10000000000000001,vanLeer_FE,144.25,0,0,4.3881235679652344e-36
top_hat,400,0.10000000000000001,vanLeer_FE,144.75,0,0,1.962119982776567e-36
top_hat,400,0.10000000000000001,vanLeer_FE,145.25,0,0,8.7318593858638054e-37
top_hat,400,0.10000000000000001,vanLeer_FE,145.75,0,0,3.8675057549271026e-37
top_hat,400,0.10000000000000001,vanLeer_FE,146.25,0,0,1.704930969631971e-37
top_hat,400,0.10000000000000001,vanLeer_FE,146.75,0,0,7.4807078078822567e-38
top_hat,400,0.10000000000000001,vanLeer_FE,147.25,0,0,3.2669842641632063e-38
top_hat,400,0.10000000000000001,vanLeer_FE,147.75,0,0,1.4201302659958114e-38
top_hat,400,0.10000000000000001,vanLeer_FE,148.25,0,0,6.1446107814926104e-39
top_hat,400,0.10000000000000001,vanLeer_FE,148.75,0,0,2.6463898856637309e-39
top_hat,400,0.10000000000000001,vanLeer_FE,149.25,0,0,1.134526557520905e-39
top_hat,400,0.10000000000000001,vanLeer_FE,149.75,0,0,4.8415560581801884e-40
top_hat,400,0.10000000000000001,vanLeer_FE,150.25,0,0,2.0567084387995415e-40
top_hat,400,0.10000000000000001,vanLeer_FE,150.75,0,0,8.6973291645536707e-41
top_hat,400,0.10000000000000001,vanLeer_FE,151.25,0,0,3.6612752355407908e-41
top_hat,400,0.10000000000000001,vanLeer_FE,151.75,0,0,1.5343341963346113e-41
top_hat,400,0.10000000000000001,vanLeer_FE,152.25,0,0,6.4011267412364664e-42
top_hat,400,0.10000000000000001,vanLeer_FE,152.75,0,0,2.6585783483744663e-42
top_hat,400,0.10000000000000001,vanLeer_FE,153.25,0,0,1.0992759251022029e-42
top_hat,400,0.10000000000000001,vanLeer_FE,153.75,0,0,4.5251790456559456e-43
top_hat,400,0.10000000000000001,vanLeer_FE,154.25,0,0,1.8545738795238683e-43
top_hat,400,0.10000000000000001,vanLeer_FE,154.75,0,0,7.5672711547264029e-44
top_hat,400,0.10000000000000001,vanLeer_FE,155.25,0,0,3.074175434956943e-44
top_hat,400,0.10000000000000001,vanLeer_FE,155.75,0,0,1.2434248591710762e-44
top_hat,400,0.10000000000000001,vanLeer_FE,156.25,0,0,5.0074807157029305e-45
top_hat,400,0.10000000000000001,vanLeer_FE,156.75,0,0,2.0078677645424831e-45
top_hat,400,0.10000000000000001,vanLeer_FE,157.25,0,0,8.0163043420937314e-46
top_hat,400,0.10000000000000001,vanLeer_FE,157.75,0,0,3.1867183824685821e-46
top_hat,400,0.10000000000000001,vanLeer_FE,158.25,0,0,1.2613936798400543e-46
top_hat,400,0.10000000000000001,vanLeer_FE,158.75,0,0,4.971667966712903e-47
top_hat,400,0.10000000000000001,vanLeer_FE,159.25,0,0,1.9512146810525891e-47
top_hat,400,0.10000000000000001,vanLeer_FE,159.75,0,0,7.6254659393998228e-48
top_hat,400,0.10000000000000001,vanLeer_FE,160.25,0,0,2.967515365229109e-48
top_hat,400,0.10000000000000001,vanLeer_FE,160.75,0,0,1.1499835930532041e-48
top_hat,400,0.10000000000000001,vanLeer_FE,161.25,0,0,4.4378146124250491e-49
top_hat,400,0.10000000000000001,vanLeer_FE,161.75,0,0,1.7054234385511228e-49
top_hat,400,0.10000000000000001,vanLeer_FE,162.25,0,0,6.5266079548700004e-50
top_hat,400,0.10000000000000001,vanLeer_FE,162.75,0,0,2.4873773152342097e-50
top_hat,400,0.10000000000000001,vanLeer_FE,163.25,0,0,9.4406354280360277e-51
top_hat,400,0.10000000000000001,vanLeer_FE,163.75,0,0,3.5683933342153878e-51
top_hat,400,0.10000000000000001,vanLeer_FE,164.25,0,0,1.3432678525694926e-51
top_hat,400,0.10000000000000001,vanLeer_FE,164.75,0,0,5.0359030272965745e-52
top_hat,400,0.10000000000000001,vanLeer_FE,165.25,0,0,1.8802833984580135e-52
top_hat,400,0.10000000000000001,vanLeer_FE,165.75,0,0,6.9920868445699646e-53
top_hat,400,0.10000000000000001,vanLeer_FE,166.25,0,0,2.5896087468883058e-53
top_hat,400,0.10000000000000001,vanLeer_FE,166.75,0,0,9.552379609891823e-54
top_hat,400,0.10000000000000001,vanLeer_FE,167.25,0,0,3.5095001921494048e-54
top_hat,400,0.10000000000000001,vanLeer_FE,167.75,0,0,1.2842258268366773e-54
top_hat,400,0.10000000000000001,vanLeer_FE,168.25,0,0,4.6806489483948369e-55
top_hat,400,0.10000000000000001,vanLeer_FE,168.75,0,0,1.6992033182638478e-55
top_hat,400,0.10000000000000001,vanLeer_FE,169.25,0,0,6.1441987441241857e-56
top_hat,400,0.10000000000000001,vanLeer_FE,169.75,0,0,2.2129508761055118e-56
top_hat,400,0.10000000000000001,vanLeer_FE,170.25,0,0,7.9390920995374918e-57
top_hat,400,0.10000000000000001,vanLeer_FE,170.75,0,0,2.837058895393988e-57
top_hat,400,0.10000000000000001,vanLeer_FE,171.25,0,0,1.0098809093021944e-57
top_hat,400,0.10000000000000001,vanLeer_FE,171.75,0,0,3.5808166681230529e-58
top_hat,400,0.10000000000000001,vanLeer_FE,172.25,0,0,1.2647651683665827e-58
top_hat,400,0.10000000000000001,vanLeer_FE,172.75,0,0,4.4499929791629529e-59
top_hat,400,0.10000000000000001,vanLeer_FE,173.25,0,0,1.5596820243372961e-59
top_hat,400,0.10000000000000001,vanLeer_FE,173.75,0,0,5.4456004468076768e-60
top_hat,400,0.10000000000000001,vanLeer_FE,174.25,0,0,1.8940614252548695e-60
top_hat,400,0.10000000000000001,vanLeer_FE,174.75,0,0,6.5627596692883456e-61
top_hat,400,0.10000000000000001,vanLeer_FE,175.25,0,0,2.2653151748586429e-61
top_hat,400,0.10000000000000001,vanLeer_FE,175.75,0,0,7.7897937610424541e-62
top_hat,400,0.10000000000000001,vanLeer_FE,176.25,0,0,2.6686028058483757e-62
top_hat,400,0.10000000000000001,vanLeer_FE,176.75,0,0,9.1076848521928051e-63
top_hat,400,0.10000000000000001,vanLeer_FE,177.25,0,0,3.0967312432673673e-63
top_hat,400,0.10000000000000001,vanLeer_FE,177.75,0,0,1.0490008805377702e-63
top_hat,400,0.10000000000000001,vanLeer_FE,178.25,0,0,3.5402205608369518e-64
top_hat,400,0.10000000000000001,vanLeer_FE,178.75,0,0,1.1903432028055197e-64
top_hat,400,0.10000000000000001,vanLeer_FE,179.25,0,0,3.9875553534564188e-65
top_hat,400,0.10000000000000001,vanLeer_FE,179.75,0,0,1.330880657596625e-65
top_hat,400,0.10000000000000001,vanLeer_FE,180.25,0,0,4.4256242162048603e-66
top_hat,400,0.10000000000000001,vanLeer_FE,180.75,0,0,1.4662841089418361e-66
top_hat,400,0.10000000000000001,vanLeer_FE,181.25,0,0,4.8403302789420429e-67
top_hat,400,0.10000000000000001,vanLeer_FE,181.75,0,0,1.5920262029064403e-67
top_hat,400,0.10000000000000001,vanLeer_FE,182.25,0,0,5.2173360294608794e-68
top_hat,400,0.10000000000000001,vanLeer_FE,182.75,0,0,1.7036320137679322e-68
top_hat,400,0.10000000000000001,vanLeer_FE,183.25,0,0,5.5428883737686612e-69
top_hat,400,0.10000000000000001,vanLeer_FE,183.75,0,0,1.7969449263929475e-69
top_hat,400,0.10000000000000001,vanLeer_FE,184.25,0,0,5.8046575147048296e-70
top_hat,400,0.10000000000000001,vanLeer_FE,184.75,0,0,1.8683855821419836e-70
top_hat,400,0.10000000000000001,vanLeer_FE,185.25,0,0,5.992517737223455e-71
top_hat,400,0.10000000000000001,vanLeer_FE,185.75,0,0,1.9151812149051715e-71
top_hat,400,0.10000000000000001,vanLeer_FE,186.25,0,0,6.0992006572043751e-72
top_hat,400,0.10000000000000001,vanLeer_FE,186.75,0,0,1.9355447663578866e-72
top_hat,400,0.10000000000000001,vanLeer_FE,187.25,0,0,6.1207619247803727e-73
top_hat,400,0.10000000000000001,vanLeer_FE,187.75,0,0,1.9287876171945993e-73
top_hat,400,0.10000000000000001,vanLeer_FE,188.25,0,0,6.0568196570958319e-74
top_hat,400,0.10000000000000001,vanLeer_FE,188.75,0,0,1.8953560882282771e-74
top_hat,400,0.10000000000000001,vanLeer_FE,189.25,0,0,5.9105449227685947e-75
top_hat,400,0.10000000000000001,vanLeer_FE,189.75,0,0,1.8367892729274112e-75
top_hat,400,0.10000000000000001,vanLeer_FE,190.25,0,0,5.6884086656922948e-76
top_hat,400,0.10000000000000001,vanLeer_FE,190.75,0,0,1.7556033371945358e-76
top_hat,400,0.10000000000000001,vanLeer_FE,191.25,0,0,5.3997125529295578e-77
top_hat,400,0.10000000000000001,vanLeer_FE,191.75,0,0,1.6551142342493217e-77
top_hat,400,0.10000000000000001,vanLeer_FE,192.25,0,0,5.0559505828428722e-78
top_hat,400,0.10000000000000001,vanLeer_FE,192.75,0,0,1.5392160365672913e-78
top_hat,400,0.10000000000000001,vanLeer_FE,193.25,0,0,4.6700617283960224e-79
top_hat,400,0.10000000000000001,vanLeer_FE,193.75,0,0,1.4121352311398797e-79
top_hat,400,0.10000000000000001,vanLeer_FE,194.25,0,0,4.2556401468820079e-80
top_hat,400,0.10000000000000001,vanLeer_FE,194.75,0,0,1.2781821177448958e-80
top_hat,400,0.10000000000000001,vanLeer_FE,195.25,0,0,3.8261683167696694e-81
top_hat,400,0.10000000000000001,vanLeer_FE,195.75,0,0,1.1415189756413026e-81
top_hat,400,0.10000000000000001,vanLeer_FE,196.25,0,0,3.394330605012687e-82
top_hat,400,0.10000000000000001,vanLeer_FE,196.75,0,0,1.005961291771587e-82
top_hat,400,0.10000000000000001,vanLeer_FE,197.25,0,0,2.9714517587290121e-83
top_hat,400,0.10000000000000001,vanLeer_FE,197.75,0,0,8.7482365063014598e-84
top_hat,400,0.10000000000000001,vanLeer_FE,198.25,0,0,2.5670886891715867e-84
top_hat,400,0.10000000000000001,vanLeer_FE,198.75,0,0,7.5081655529751864e-85
top_hat,400,0.10000000000000001,vanLeer_FE,199.25,0,0,2.1887868712768052e-85
top_hat,400,0.10000000000000001,vanLeer_FE,199.75,0,0,6.3599516219176663e-86
top_hat,400,0.10000000000000001,vanLeer_SSPRK2,0.25,0,0,0
top_hat,400,0.10000000000000001,vanLeer_SSPRK2,0.75,0,0,0
top_hat,400,0.10000000000000001,vanLeer_SSPRK2,1.25,0,0,0
top_hat,400,0.10000000000000001,vanLeer_SSPRK2,1.75,0,0,0
top_hat,400,0.10000000000000001,vanLeer_SSPRK2,2.25,0,0,0
top_hat,400,0.10000000000000001,vanLeer_SSPRK2,2.75,0,0,0
top_hat,400,0.10000000000000001,vanLeer_SSPRK2,3.25,0,0,0
top_hat,400,0.10000000000000001,vanLeer_SSPRK2,3.75,0,0,0
top_hat,400,0.10000000000000001,vanLeer_SSPRK2,4.25,0,0,0
top_hat,400,0.10000000000000001,vanLeer_SSPRK2,4.75,0,0,0
top_hat,400,0.10000000000000001,vanLeer_SSPRK2,5.25,0,0,0
top_hat,400,0.10000000000000001,vanLeer_SSPRK2,5.75,0,0,0
top_hat,400,0.10000000000000001,vanLeer_SSPRK2,6.25,0,0,0
top_hat,400,0.10000000000000001,vanLeer_SSPRK2,6.75,0,0,0
top_hat,400,0.10000000000000001,vanLeer_SSPRK2,7.25,0,0,0
top_hat,400,0.10000000000000001,vanLeer_SSPRK2,7.75,0,0,0
top_hat,400,0.10000000000000001,vanLeer_SSPRK2,8.25,0,0,0
top_hat,400,0.10000000000000001,vanLeer_SSPRK2,8.75,0,0,0
top_hat,400,0.10000000000000001,vanLeer_SSPRK2,9.25,0,0,0
top_hat,400,0.10000000000000001,vanLeer_SSPRK2,9.75,0,0,0
top_hat,400,0.10000000000000001,vanLeer_SSPRK2,10.25,0,0,0
top_hat,400,0.10000000000000001,vanLeer_SSPRK2,10.75,0,0,0
top_hat,400,0.10000000000000001,vanLeer_SSPRK2,11.25,0,0,0
top_hat,400,0.10000000000000001,vanLeer_SSPRK2,11.75,0,0,0
top_hat,400,0.10000000000000001,vanLeer_SSPRK2,12.25,0,0,0
top_hat,400,0.10000000000000001,vanLeer_SSPRK2,12.75,0,0,0
top_hat,400,0.10000000000000001,vanLeer_SSPRK2,13.25,0,0,0
top_hat,400,0.10000000000000001,vanLeer_SSPRK2,13.75,0,0,0
top_hat,400,0.10000000000000001,vanLeer_SSPRK2,14.25,0,0,0
top_hat,400,0.10000000000000001,vanLeer_SSPRK2,14.75,0,0,0
top_hat,400,0.10000000000000001,vanLeer_SSPRK2,15.25,0,0,0
top_hat,400,0.10000000000000001,vanLeer_SSPRK2,15.75,0,0,0
top_hat,400,0.10000000000000001,vanLeer_SSPRK2,16.25,0,0,0
top_hat,400,0.10000000000000001,vanLeer_SSPRK2,16.75,0,0,0
top_hat,400,0.10000000000000001,vanLeer_SSPRK2,17.25,0,0,0
top_hat,400,0.10000000000000001,vanLeer_SSPRK2,17.75,0,0,0
top_hat,400,0.10000000000000001,vanLeer_SSPRK2,18.25,0,0,0
top_hat,400,0.10000000000000001,vanLeer_SSPRK2,18.75,0,0,0
top_hat,400,0.10000000000000001,vanLeer_SSPRK2,19.25,0,0,0
top_hat,400,0.10000000000000001,vanLeer_SSPRK2,19.75,0,0,0
top_hat,400,0.10000000000000001,vanLeer_SSPRK2,20.25,0,0,0
top_hat,400,0.10000000000000001,vanLeer_SSPRK2,20.75,0,0,0
top_hat,400,0.10000000000000001,vanLeer_SSPRK2,21.25,0,0,0
top_hat,400,0.10000000000000001,vanLeer_SSPRK2,21.75,0,0,0
top_hat,400,0.10000000000000001,vanLeer_SSPRK2,22.25,0,0,0
top_hat,400,0.10000000000000001,vanLeer_SSPRK2,22.75,0,0,0
top_hat,400,0.10000000000000001,vanLeer_SSPRK2,23.25,0,0,0
top_hat,400,0.10000000000000001,vanLeer_SSPRK2,23.75,0,0,0
top_hat,400,0.10000000000000001,vanLeer_SSPRK2,24.25,0,0,0
top_hat,400,0.10000000000000001,vanLeer_SSPRK2,24.75,0,0,0
top_hat,400,0.10000000000000001,vanLeer_SSPRK2,25.25,1,0,8.9873910809498364e-51
top_hat,400,0.10000000000000001,vanLeer_SSPRK2,25.75,1,0,8.4325352769198081e-49
top_hat,400,0.10000000000000001,vanLeer_SSPRK2,26.25,1,0,3.9568865699033458e-47
top_hat,400,0.10000000000000001,vanLeer_SSPRK2,26.75,1,0,1.2381038696229151e-45
top_hat,400,0.10000000000000001,vanLeer_SSPRK2,27.25,1,0,2.9061601438290324e-44
top_hat,400,0.10000000000000001,vanLeer_SSPRK2,27.750000000000004,1,0,5.4584348756150362e-43
top_hat,400,0.10000000000000001,vanLeer_SSPRK2,28.25,1,0,8.5453539861056115e-42
top_hat,400,0.10000000000000001,vanLeer_SSPRK2,28.749999999999996,1,0,1.1469334665697677e-40
top_hat,400,0.10000000000000001,vanLeer_SSPRK2,29.25,1,0,1.347243033571977e-39
top_hat,400,0.10000000000000001,vanLeer_SSPRK2,29.75,1,0,1.406990393372285e-38
top_hat,400,0.10000000000000001,vanLeer_SSPRK2,30.25,1,0,1.322718167781074e-37
top_hat,400,0.10000000000000001,vanLeer_SSPRK2,30.75,1,0,1.1306751223078153e-36
top_hat,400,0.10000000000000001,vanLeer_SSPRK2,31.25,1,0,8.8614615499933522e-36
top_hat,400,0.10000000000000001,vanLeer_SSPRK2,31.75,1,0,6.412020552911462e-35
top_hat,400,0.10000000000000001,vanLeer_SSPRK2,32.25,1,0,4.3090595885845095e-34
top_hat,400,0.10000000000000001,vanLeer_SSPRK2,32.75,1,0,2.703262509477454e-33
top_hat,400,0.10000000000000001,vanLeer_SSPRK2,33.25,1,0,1.5901760934688659e-32
top_hat,400,0.10000000000000001,vanLeer_SSPRK2,33.75,1,0,8.8054582130780933e-32
top_hat,400,0.10000000000000001,vanLeer_SSPRK2,34.25,1,0,4.6058788358639201e-31
top_hat,400,0.10000000000000001,vanLeer_SSPRK2,34.75,1,0,2.282801234414001e-30
top_hat,400,0.10000000000000001,vanLeer_SSPRK2,35.25,0,0,1.0750340277856918e-29
top_hat,400,0.10000000000000001,vanLeer_SSPRK2,35.75,0,0,4.8223725644584371e-29
top_hat,400,0.10000000000000001,vanLeer_SSPRK2,36.25,0,0,2.0652304312787454e-28
top_hat,400,0.10000000000000001,vanLeer_SSPRK2,36.75,0,0,8.461407470562745e-28
top_hat,400,0.10000000000000001,vanLeer_SSPRK2,37.25,0,0,3.3227964293278519e-27
top_hat,400,0.10000000000000001,vanLeer_SSPRK2,37.75,0,0,1.2528685928079452e-26
top_hat,400,0.10000000000000001,vanLeer_SSPRK2,38.25,0,0,4.5429968979415847e-26
top_hat,400,0.10000000000000001,vanLeer_SSPRK2,38.75,0,0,1.5865600184776676e-25
top_hat,400,0.10000000000000001,vanLeer_SSPRK2,39.25,0,0,5.3437116816040067e-25
top_hat,400,0.10000000000000001,vanLeer_SSPRK2,39.75,0,0,1.7380228674695106e-24
top_hat,400,0.10000000000000001,vanLeer_SSPRK2,40.25,0,0,5.4652482363773111e-24
top_hat,400,0.10000000000000001,vanLeer_SSPRK2,40.75,0,0,1.6633681988383105e-23
top_hat,400,0.10000000000000001,vanLeer_SSPRK2,41.25,0,0,4.9050400196838768e-23
top_hat,400,0.10000000000000001,vanLeer_SSPRK2,41.75,0,0,1.4028013794146371e-22
top_hat,400,0.10000000000000001,vanLeer_SSPRK2,42.25,0,0,3.8944652449258671e-22
top_hat,400,0.10000000000000001,vanLeer_SSPRK2,42.75,0,0,1.0504442350698754e-21
top_hat,400,0.10000000000000001,vanLeer_SSPRK2,43.25,0,0,2.7550285781167898e-21
top_hat,400,0.10000000000000001,vanLeer_SSPRK2,43.75,0,0,7.0314068454027115e-21
top_hat,400,0.10000000000000001,vanLeer_SSPRK2,44.25,0,0,1.7475864157367577e-20
top_hat,400,0.10000000000000001,vanLeer_SSPRK2,44.75,0,0,4.2326887520009509e-20
top_hat,400,0.10000000000000001,vanLeer_SSPRK2,45.25,0,0,9.9968014931167102e-20
top_hat,400,0.10000000000000001,vanLeer_SSPRK2,45.75,0,0,2.3037997111387466e-19
top_hat,400,0.10000000000000001,vanLeer_SSPRK2,46.25,0,0,5.1835372683890411e-19
top_hat,400,0.10000000000000001,vanLeer_SSPRK2,46.75,0,0,1.1393379628038818e-18
top_hat,400,0.10000000000000001,vanLeer_SSPRK2,47.25,0,0,2.4477083967007208e-18
top_hat,400,0.10000000000000001,vanLeer_SSPRK2,47.75,0,0,5.1424881437905242e-18
top_hat,400,0.10000000000000001,vanLeer_SSPRK2,48.25,0,0,1.0570848984299301e-17
top_hat,400,0.10000000000000001,vanLeer_SSPRK2,48.75,0,0,2.1270487449781722e-17
top_hat,400,0.10000000000000001,vanLeer_SSPRK2,49.25,0,0,4.1915703731062699e-17
top_hat,400,0.10000000000000001,vanLeer_SSPRK2,49.75,0,0,8.0928698520842344e-17
top_hat,400,0.10000000000000001,vanLeer_SSPRK2,50.25,0,0,1.5315995993764653e-16
top_hat,400,0.10000000000000001,vanLeer_SSPRK2,50.75,0,0,2.8424526689673913e-16
top_hat,400,0.10000000000000001,vanLeer_SSPRK2,51.25,0,0,5.1753075478406946e-16
top_hat,400,0.10000000000000001,vanLeer_SSPRK2,51.75,0,0,9.2484571103525492e-16
top_hat,400,0.10000000000000001,vanLeer_SSPRK2,52.25,0,0,1.6229299241117528e-15
top_hat,400,0.10000000000000001,vanLeer_SSPRK2,52.75,0,0,2.7980483408320472e-15
top_hat,400,0.10000000000000001,vanLeer_SSPRK2,53.25,0,0,4.7423698237230375e-15
top_hat,400,0.10000000000000001,vanLeer_SSPRK2,53.75,0,0,7.9073029033116105e-15
top_hat,400,0.10000000000000001,vanLeer_SSPRK2,54.25,0,0,1.2981719483047236e-14
top_hat,400,0.10000000000000001,vanLeer_SSPRK2,54.750000000000007,0,0,2.1008058406017916e-14
top_hat,400,0.10000000000000001,vanLeer_SSPRK2,55.250000000000007,0,0,3.355937270505646e-14
top_hat,400,0.10000000000000001,vanLeer_SSPRK2,55.750000000000007,0,0,5.3021812051429679e-14
top_hat,400,0.10000000000000001,vanLeer_SSPRK2,56.25,0,0,8.3076145101252119e-14
top_hat,400,0.10000000000000001,vanLeer_SSPRK2,56.749999999999993,0,0,1.2959632531160543e-13
top_hat,400,0.10000000000000001,vanLeer_SSPRK2,57.249999999999993,0,0,2.0254924527449379e-13
top_hat,400,0.10000000000000001,vanLeer_SSPRK2,57.749999999999993,0,0,3.2084994727901781e-13
top_hat,400,0.10000000000000001,vanLeer_SSPRK2,58.25,0,0,5.2884046166569915e-13
top_hat,400,0.10000000000000001,vanLeer_SSPRK2,58.75,0,0,9.659093748298487e-13
top_hat,400,0.10000000000000001,vanLeer_SSPRK2,59.25,0,0,2.1445051450132029e-12
top_hat,400,0.10000000000000001,vanLeer_SSPRK2,59.75,0,0,5.8954241657659982e-12
top_hat,400,0.10000000000000001,vanLeer_SSPRK2,60.25,0,0,1.8391903308082266e-11
top_hat,400,0.10000000000000001,vanLeer_SSPRK2,60.75,0,0,5.9702375245614241e-11
top_hat,400,0.10000000000000001,vanLeer_SSPRK2,61.25,0,0,1.9324800020671808e-10
top_hat,400,0.10000000000000001,vanLeer_SSPRK2,61.75,0,0,6.1406851828706483e-10
top_hat,400,0.10000000000000001,vanLeer_SSPRK2,62.25,0,0,1.9057553353068855e-09
top_hat,400,0.10000000000000001,vanLeer_SSPRK2,62.75,0,0,5.7668540226435335e-09
top_hat,400,0.10000000000000001,vanLeer_SSPRK2,63.25,0,0,1.7004715541029468e-08
top_hat,400,0.10000000000000001,vanLeer_SSPRK2,63.75,0,0,4.8846264558882679e-08
top_hat,400,0.10000000000000001,vanLeer_SSPRK2,64.25,0,0,1.3665719421679223e-07
top_hat,400,0.10000000000000001,vanLeer_SSPRK2,64.75,0,0,3.7229190288848036e-07
top_hat,400,0.10000000000000001,vanLeer_SSPRK2,65.25,0,0,9.8738940719569476e-07
top_hat,400,0.10000000000000001,vanLeer_SSPRK2,65.75,0,0,2.5488262443187804e-06
top_hat,400,0.10000000000000001,vanLeer_SSPRK2,66.25,0,0,6.4020548959484682e-06
top_hat,400,0.10000000000000001,vanLeer_SSPRK2,66.75,0,0,1.5642005822606893e-05
top_hat,400,0.10000000000000001,vanLeer_SSPRK2,67.25,0,0,3.716297498896424e-05
top_hat,400,0.10000000000000001,vanLeer_SSPRK2,67.75,0,0,8.5823785920268069e-05
top_hat,400,0.10000000000000001,vanLeer_SSPRK2,68.25,0,0,0.00019257485368319433
top_hat,400,0.10000000000000001,vanLeer_SSPRK2,68.75,0,0,0.00041964408492039623
top_hat,400,0.10000000000000001,vanLeer_SSPRK2,69.25,0,0,0.00088761411073671039
top_hat,400,0.10000000000000001,vanLeer_SSPRK2,69.75,0,0,0.0018212732107875404
top_hat,400,0.10000000000000001,vanLeer_SSPRK2,70.25,0,0,0.0036228567315517938
top_hat,400,0.10000000000000001,vanLeer_SSPRK2,70.75,0,0,0.0069813119080534471
top_hat,400,0.10000000000000001,vanLeer_SSPRK2,71.25,0,0,0.013022075983011774
top_hat,400,0.10000000000000001,vanLeer_SSPRK2,71.75,0,0,0.023490141373617369
top_hat,400,0.10000000000000001,vanLeer_SSPRK2,72.25,0,0,0.040936349853697207
top_hat,400,0.10000000000000001,vanLeer_SSPRK2,72.75,0,0,0.068841353494701024
top_hat,400,0.10000000000000001,vanLeer_SSPRK2,73.25,0,0,0.11156740068546145
top_hat,400,0.10000000000000001,vanLeer_SSPRK2,73.75,0,0,0.1739878526025305
top_hat,400,0.10000000000000001,vanLeer_SSPRK2,74.25,0,0,0.26062814075057517
top_hat,400,0.10000000000000001,vanLeer_SSPRK2,74.75,0,0,0.37416756910582627
top_hat,400,0.10000000000000001,vanLeer_SSPRK2,75.25,0,1,0.51314413081056531
top_hat,400,0.10000000000000001,vanLeer_SSPRK2,75.75,0,1,0.66856951350191762
top_hat,400,0.10000000000000001,vanLeer_SSPRK2,76.25,0,1,0.81954527555489465
top_hat,400,0.10000000000000001,vanLeer_SSPRK2,76.75,0,1,0.93329621278300623
top_hat,400,0.10000000000000001,vanLeer_SSPRK2,77.25,0,1,0.98694531915802808
top_hat,400,0.10000000000000001,vanLeer_SSPRK2,77.75,0,1,0.99845074336430306
top_hat,400,0.10000000000000001,vanLeer_SSPRK2,78.25,0,1,0.99914952548274261
top_hat,400,0.10000000000000001,vanLeer_SSPRK2,78.75,0,1,0.99911232392319027
top_hat,400,0.10000000000000001,vanLeer_SSPRK2,79.25,0,1,0.99887179073000709
top_hat,400,0.10000000000000001,vanLeer_SSPRK2,79.75,0,1,0.99814084199913844
top_hat,400,0.10000000000000001,vanLeer_SSPRK2,80.25,0,1,0.99647792222006282
top_hat,400,0.10000000000000001,vanLeer_SSPRK2,80.75,0,1,0.99318450928203905
top_hat,400,0.10000000000000001,vanLeer_SSPRK2,81.25,0,1,0.9871463709973366
top_hat,400,0.10000000000000001,vanLeer_SSPRK2,81.75,0,1,0.97664063990829397
top_hat,400,0.10000000000000001,vanLeer_SSPRK2,82.25,0,1,0.95914060621499009
top_hat,400,0.10000000000000001,vanLeer_SSPRK2,82.75,0,1,0.93118516085407121
top_hat,400,0.10000000000000001,vanLeer_SSPRK2,83.25,0,1,0.88842371623810523
top_hat,400,0.10000000000000001,vanLeer_SSPRK2,83.75,0,1,0.82598701634204663
top_hat,400,0.10000000000000001,vanLeer_SSPRK2,84.25,0,1,0.7393505268673416
top_hat,400,0.10000000000000001,vanLeer_SSPRK2,84.75,0,1,0.62584191519858723
top_hat,400,0.10000000000000001,vanLeer_SSPRK2,85.25,0,0,0.48694897931155534
top_hat,400,0.10000000000000001,vanLeer_SSPRK2,85.75,0,0,0.33170023975535512
top_hat,400,0.10000000000000001,vanLeer_SSPRK2,86.25,0,0,0.18095524167448485
top_hat,400,0.10000000000000001,vanLeer_SSPRK2,86.75,0,0,0.067180592960961155
top_hat,400,0.10000000000000001,vanLeer_SSPRK2,87.25,0,0,0.012975116653207072
top_hat,400,0.10000000000000001,vanLeer_SSPRK2,87.75,0,0,0.00090515312080380729
top_hat,400,0.10000000000000001,vanLeer_SSPRK2,88.25,0,0,1.5263163397546639e-05
top_hat,400,0.10000000000000001,vanLeer_SSPRK2,88.75,0,0,4.2750794014143495e-08
top_hat,400,0.10000000000000001,vanLeer_SSPRK2,89.25,0,0,1.5598760737521208e-11
top_hat,400,0.10000000000000001,vanLeer_SSPRK2,89.75,0,0,1.3180810457346742e-12
top_hat,400,0.10000000000000001,vanLeer_SSPRK2,90.25,0,0,1.1498178232448306e-12
top_hat,400,0.10000000000000001,vanLeer_SSPRK2,90.75,0,0,9.8458952085369506e-13
top_hat,400,0.10000000000000001,vanLeer_SSPRK2,91.25,0,0,8.3978473628128709e-13
top_hat,400,0.10000000000000001,vanLeer_SSPRK2,91.75,0,0,7.1209834225205529e-13
top_hat,400,0.10000000000000001,vanLeer_SSPRK2,92.25,0,0,5.9997175804389335e-13
top_hat,400,0.10000000000000001,vanLeer_SSPRK2,92.75,0,0,5.0224284597408471e-13
top_hat,400,0.10000000000000001,vanLeer_SSPRK2,93.25,0,0,4.1770151230405442e-13
top_hat,400,0.10000000000000001,vanLeer_SSPRK2,93.75,0,0,3.4511312028250699e-13
top_hat,400,0.10000000000000001,vanLeer_SSPRK2,94.25,0,0,2.8325503777838572e-13
top_hat,400,0.10000000000000001,vanLeer_SSPRK2,94.75,0,0,2.309393797673181e-13
top_hat,400,0.10000000000000001,vanLeer_SSPRK2,95.25,0,0,1.8702993915937285e-13
top_hat,400,0.10000000000000001,vanLeer_SSPRK2,95.75,0,0,1.5045600514239879e-13
top_hat,400,0.10000000000000001,vanLeer_SSPRK2,96.25,0,0,1.2022322455382043e-13
top_hat,400,0.10000000000000001,vanLeer_SSPRK2,96.75,0,0,9.5421187013702684e-14
top_hat,400,0.10000000000000001,vanLeer_SSPRK2,97.25,0,0,7.5227647396448648e-14
top_hat,400,0.10000000000000001,vanLeer_SSPRK2,97.75,0,0,5.8909617468241477e-14
top_hat,400,0.10000000000000001,vanLeer_SSPRK2,98.25,0,0,4.5821769223123063e-14
top_hat,400,0.10000000000000001,vanLeer_SSPRK2,98.75,0,0,3.540268665386203e-14
top_hat,400,0.10000000000000001,vanLeer_SSPRK2,99.25,0,0,2.7169516220033641e-14
top_hat,400,0.10000000000000001,vanLeer_SSPRK2,99.75,0,0,2.0711532009222831e-14
top_hat,400,0.10000000000000001,vanLeer_SSPRK2,100.25,0,0,1.5683071587767107e-14
top_hat,400,0.10000000000000001,vanLeer_SSPRK2,100.75,0,0,1.1796226507739739e-14
top_hat,400,0.10000000000000001,vanLeer_SSPRK2,101.25,0,0,8.8135959517177669e-15
top_hat,400,0.10000000000000001,vanLeer_SSPRK2,101.75,0,0,6.5413386195187966e-15
top_hat,400,0.10000000000000001,vanLeer_SSPRK2,102.25,0,0,4.8226903681854e-15
top_hat,400,0.10000000000000001,vanLeer_SSPRK2,102.75,0,0,3.5320556419151902e-15
top_hat,400,0.10000000000000001,vanLeer_SSPRK2,103.25,0,0,2.5697306425390726e-15
top_hat,400,0.10000000000000001,vanLeer_SSPRK2,103.75,0,0,1.8572758920175646e-15
top_hat,400,0.10000000000000001,vanLeer_SSPRK2,104.25,0,0,1.3335250339432462e-15
top_hat,400,0.10000000000000001,vanLeer_SSPRK2,104.75,0,0,9.5119461368800474e-16
top_hat,400,0.10000000000000001,vanLeer_SSPRK2,105.25,0,0,6.7404504547623787e-16
top_hat,400,0.10000000000000001,vanLeer_SSPRK2,105.75,0,0,4.7453473710944796e-16
top_hat,400,0.10000000000000001,vanLeer_SSPRK2,106.25,0,0,3.3190608888401555e-16
top_hat,400,0.10000000000000001,vanLeer_SSPRK2,106.75,0,0,2.3064257189024747e-16
top_hat,400,0.10000000000000001,vanLeer_SSPRK2,107.25,0,0,1.5923921600654593e-16
top_hat,400,0.10000000000000001,vanLeer_SSPRK2,107.75,0,0,1.0923366214575489e-16
top_hat,400,0.10000000000000001,vanLeer_SSPRK2,108.25,0,0,7.4450699740234863e-17
top_hat,400,0.10000000000000001,vanLeer_SSPRK2,108.75,0,0,5.0419337097853906e-17
top_hat,400,0.10000000000000001,vanLeer_SSPRK2,109.25,0,0,3.3927515635723449e-17
top_hat,400,0.10000000000000001,vanLeer_SSPRK2,109.75,0,0,2.2685291513821583e-17
top_hat,400,0.10000000000000001,vanLeer_SSPRK2,110.25,0,0,1.507249323710317e-17
top_hat,400,0.10000000000000001,vanLeer_SSPRK2,110.75,0,0,9.9514311686431153e-18
top_hat,400,0.10000000000000001,vanLeer_SSPRK2,111.25,0,0,6.5291583163956443e-18
top_hat,400,0.10000000000000001,vanLeer_SSPRK2,111.75,0,0,4.2570794462485882e-18
top_hat,400,0.10000000000000001,vanLeer_SSPRK2,112.25,0,0,2.7584243165675214e-18
top_hat,400,0.10000000000000001,vanLeer_SSPRK2,112.75,0,0,1.7763034770860156e-18
top_hat,400,0.10000000000000001,vanLeer_SSPRK2,113.25,0,0,1.1368212482225658e-18
top_hat,400,0.10000000000000001,vanLeer_SSPRK2,113.75,0,0,7.2310003824129408e-19
top_hat,400,0.10000000000000001,vanLeer_SSPRK2,114.25,0,0,4.5713885177338998e-19
top_hat,400,0.10000000000000001,vanLeer_SSPRK2,114.75,0,0,2.8724592150374955e-19
top_hat,400,0.10000000000000001,vanLeer_SSPRK2,115.25,0,0,1.7940234196872571e-19
top_hat,400,0.10000000000000001,vanLeer_SSPRK2,115.75,0,0,1.1137389481963254e-19
top_hat,400,0.10000000000000001,vanLeer_SSPRK2,116.25,0,0,6.8727788913589329e-20
top_hat,400,0.10000000000000001,vanLeer_SSPRK2,116.75,0,0,4.215874103860724e-20
top_hat,400,0.10000000000000001,vanLeer_SSPRK2,117.25,0,0,2.5707618068611845e-20
top_hat,400,0.10000000000000001,vanLeer_SSPRK2,117.75,0,0,1.558359469221254e-20
top_hat,400,0.10000000000000001,vanLeer_SSPRK2,118.25,0,0,9.3911267244639815e-21
top_hat,400,0.10000000000000001,vanLeer_SSPRK2,118.75,0,0,5.6263228575863405e-21
top_hat,400,0.10000000000000001,vanLeer_SSPRK2,119.25,0,0,3.3512059010306018e-21
top_hat,400,0.10000000000000001,vanLeer_SSPRK2,119.75,0,0,1.9845392018161193e-21
top_hat,400,0.10000000000000001,vanLeer_SSPRK2,120.25,0,0,1.1684575018673449e-21
top_hat,400,0.10000000000000001,vanLeer_SSPRK2,120.75,0,0,6.8402716686070048e-22
top_hat,400,0.10000000000000001,vanLeer_SSPRK2,121.25,0,0,3.9815616641219226e-22
top_hat,400,0.10000000000000001,vanLeer_SSPRK2,121.75,0,0,2.3044412149588957e-22
top_hat,400,0.10000000000000001,vanLeer_SSPRK2,122.25,0,0,1.326240495026257e-22
top_hat,400,0.10000000000000001,vanLeer_SSPRK2,122.75,0,0,7.5898939647102804e-23
top_hat,400,0.10000000000000001,vanLeer_SSPRK2,123.25,0,0,4.3193475905976811e-23
top_hat,400,0.10000000000000001,vanLeer_SSPRK2,123.75,0,0,2.4444536273201678e-23
top_hat,400,0.10000000000000001,vanLeer_SSPRK2,124.25,0,0,1.3757476034819698e-23
top_hat,400,0.10000000000000001,vanLeer_SSPRK2,124.75,0,0,7.7001835708797992e-24
top_hat,400,0.10000000000000001,vanLeer_SSPRK2,125.25,0,0,4.286281670440173e-24
top_hat,400,0.10000000000000001,vanLeer_SSPRK2,125.75,0,0,2.3729551758402941e-24
top_hat,400,0.10000000000000001,vanLeer_SSPRK2,126.25,0,0,1.3065901106572046e-24
top_hat,400,0.10000000000000001,vanLeer_SSPRK2,126.75,0,0,7.155531980039461e-25
top_hat,400,0.10000000000000001,vanLeer_SSPRK2,127.25,0,0,3.8977040109408475e-25
top_hat,400,0.10000000000000001,vanLeer_SSPRK2,127.75,0,0,2.1117947688424771e-25
top_hat,400,0.10000000000000001,vanLeer_SSPRK2,128.25,0,0,1.1381040238484374e-25
top_hat,400,0.10000000000000001,vanLeer_SSPRK2,128.75,0,0,6.1011399520760491e-26
top_hat,400,0.10000000000000001,vanLeer_SSPRK2,129.25,0,0,3.2534946111515346e-26
top_hat,400,0.10000000000000001,vanLeer_SSPRK2,129.75,0,0,1.7258795432205323e-26
top_hat,400,0.10000000000000001,vanLeer_SSPRK2,130.25,0,0,9.1075858936848605e-27
top_hat,400,0.10000000000000001,vanLeer_SSPRK2,130.75,0,0,4.7812285866035746e-27
top_hat,400,0.10000000000000001,vanLeer_SSPRK2,131.25,0,0,2.4970665613233016e-27
top_hat,400,0.10000000000000001,vanLeer_SSPRK2,131.75,0,0,1.2974360597743042e-27
top_hat,400,0.10000000000000001,vanLeer_SSPRK2,132.25,0,0,6.7068378691031649e-28
top_hat,400,0.10000000000000001,vanLeer_SSPRK2,132.75,0,0,3.4493425524400895e-28
top_hat,400,0.10000000000000001,vanLeer_SSPRK2,133.25,0,0,1.7650300600966128e-28
top_hat,400,0.10000000000000001,vanLeer_SSPRK2,133.75,0,0,8.9861910446484318e-29
top_hat,400,0.10000000000000001,vanLeer_SSPRK2,134.25,0,0,4.5521583472081546e-29
top_hat,400,0.10000000000000001,vanLeer_SSPRK2,134.75,0,0,2.2944973981619654e-29
top_hat,400,0.10000000000000001,vanLeer_SSPRK2,135.25,0,0,1.1507911431789878e-29
top_hat,400,0.10000000000000001,vanLeer_SSPRK2,135.75,0,0,5.7432052107589364e-30
top_hat,400,0.10000000000000001,vanLeer_SSPRK2,136.25,0,0,2.8521417408749685e-30
top_hat,400,0.10000000000000001,vanLeer_SSPRK2,136.75,0,0,1.4094731279948731e-30
top_hat,400,0.10000000000000001,vanLeer_SSPRK2,137.25,0,0,6.93140565297333e-31
top_hat,400,0.10000000000000001,vanLeer_SSPRK2,137.75,0,0,3.3921454256620639e-31
top_hat,400,0.10000000000000001,vanLeer_SSPRK2,138.25,0,0,1.652060575880954e-31
top_hat,400,0.10000000000000001,vanLeer_SSPRK2,138.75,0,0,8.0072884875320514e-32
top_hat,400,0.10000000000000001,vanLeer_SSPRK2,139.25,0,0,3.8624471559988692e-32
top_hat,400,0.10000000000000001,vanLeer_SSPRK2,139.75,0,0,1.8542431169799101e-32
top_hat,400,0.10000000000000001,vanLeer_SSPRK2,140.25,0,0,8.8594600301434413e-33
top_hat,400,0.10000000000000001,vanLeer_SSPRK2,140.75,0,0,4.2130208374370552e-33
top_hat,400,0.10000000000000001,vanLeer_SSPRK2,141.25,0,0,1.9940451288915208e-33
top_hat,400,0.10000000000000001,vanLeer_SSPRK2,141.75,0,0,9.3937835400957095e-34
top_hat,400,0.10000000000000001,vanLeer_SSPRK2,142.25,0,0,4.404731043739205e-34
top_hat,400,0.10000000000000001,vanLeer_SSPRK2,142.75,0,0,2.0557984692113239e-34
top_hat,400,0.10000000000000001,vanLeer_SSPRK2,143.25,0,0,9.5506497481806883e-35
top_hat,400,0.10000000000000001,vanLeer_SSPRK2,143.75,0,0,4.4165728847747602e-35
top_hat,400,0.10000000000000001,vanLeer_SSPRK2,144.25,0,0,2.0330440163416035e-35
top_hat,400,0.10000000000000001,vanLeer_SSPRK2,144.75,0,0,9.315920586474239e-36
top_hat,400,0.10000000000000001,vanLeer_SSPRK2,145.25,0,0,4.2494335219801853e-36
top_hat,400,0.10000000000000001,vanLeer_SSPRK2,145.75,0,0,1.9296171247544046e-36
top_hat,400,0.10000000000000001,vanLeer_SSPRK2,146.25,0,0,8.722773611127662e-37
top_hat,400,0.10000000000000001,vanLeer_SSPRK2,146.75,0,0,3.9254535893369105e-37
top_hat,400,0.10000000000000001,vanLeer_SSPRK2,147.25,0,0,1.7586736342566017e-37
top_hat,400,0.10000000000000001,vanLeer_SSPRK2,147.75,0,0,7.8442083498848829e-38
top_hat,400,0.10000000000000001,vanLeer_SSPRK2,148.25,0,0,3.4832904203229073e-38
top_hat,400,0.10000000000000001,vanLeer_SSPRK2,148.75,0,0,1.5399801281177291e-38
top_hat,400,0.10000000000000001,vanLeer_SSPRK2,149.25,0,0,6.7784987162686578e-39
top_hat,400,0.10000000000000001,vanLeer_SSPRK2,149.75,0,0,2.9706598634213837e-39
top_hat,400,0.10000000000000001,vanLeer_SSPRK2,150.25,0,0,1.2962277741473618e-39
top_hat,400,0.10000000000000001,vanLeer_SSPRK2,150.75,0,0,5.631532731648975e-40
top_hat,400,0.10000000000000001,vanLeer_SSPRK2,151.25,0,0,2.4361086126908207e-40
top_hat,400,0.10000000000000001,vanLeer_SSPRK2,151.75,0,0,1.0492988903855065e-40
top_hat,400,0.10000000000000001,vanLeer_SSPRK2,152.25,0,0,4.5003059287485156e-41
top_hat,400,0.10000000000000001,vanLeer_SSPRK2,152.75,0,0,1.9219088457520537e-41
top_hat,400,0.10000000000000001,vanLeer_SSPRK2,153.25,0,0,8.1729541490674871e-42
top_hat,400,0.10000000000000001,vanLeer_SSPRK2,153.75,0,0,3.4608949320618195e-42
top_hat,400,0.10000000000000001,vanLeer_SSPRK2,154.25,0,0,1.4593798006672444e-42
top_hat,400,0.10000000000000001,vanLeer_SSPRK2,154.75,0,0,6.1281055987388469e-43
top_hat,400,0.10000000000000001,vanLeer_SSPRK2,155.25,0,0,2.5625332913226963e-43
top_hat,400,0.10000000000000001,vanLeer_SSPRK2,155.75,0,0,1.067100871510454e-43
top_hat,400,0.10000000000000001,vanLeer_SSPRK2,156.25,0,0,4.4252863228309521e-44
top_hat,400,0.10000000000000001,vanLeer_SSPRK2,156.75,0,0,1.8276137781871641e-44
top_hat,400,0.10000000000000001,vanLeer_SSPRK2,157.25,0,0,7.5169518518163147e-45
top_hat,400,0.10000000000000001,vanLeer_SSPRK2,157.75,0,0,3.0790766899511492e-45
top_hat,400,0.10000000000000001,vanLeer_SSPRK2,158.25,0,0,1.2561100132656675e-45
top_hat,400,0.10000000000000001,vanLeer_SSPRK2,158.75,0,0,5.1035253041020255e-46
top_hat,400,0.10000000000000001,vanLeer_SSPRK2,159.25,0,0,2.065167235966597e-46
top_hat,400,0.10000000000000001,vanLeer_SSPRK2,159.75,0,0,8.3231826173701791e-47
top_hat,400,0.10000000000000001,vanLeer_SSPRK2,160.25,0,0,3.3410247793405973e-47
top_hat,400,0.10000000000000001,vanLeer_SSPRK2,160.75,0,0,1.3357735128794638e-47
top_hat,400,0.10000000000000001,vanLeer_SSPRK2,161.25,0,0,5.3193130199168464e-48
top_hat,400,0.10000000000000001,vanLeer_SSPRK2,161.75,0,0,2.1098643697415551e-48
top_hat,400,0.10000000000000001,vanLeer_SSPRK2,162.25,0,0,8.335591656330524e-49
top_hat,400,0.10000000000000001,vanLeer_SSPRK2,162.75,0,0,3.2802565430621787e-49
top_hat,400,0.10000000000000001,vanLeer_SSPRK2,163.25,0,0,1.2858052968547809e-49
top_hat,400,0.10000000000000001,vanLeer_SSPRK2,163.75,0,0,5.0204785803122986e-50
top_hat,400,0.10000000000000001,vanLeer_SSPRK2,164.25,0,0,1.9526480596849914e-50
top_hat,400,0.10000000000000001,vanLeer_SSPRK2,164.75,0,0,7.5651609198890165e-51
top_hat,400,0.10000000000000001,vanLeer_SSPRK2,165.25,0,0,2.9196719234453321e-51
top_hat,400,0.10000000000000001,vanLeer_SSPRK2,165.75,0,0,1.1224782231364757e-51
top_hat,400,0.10000000000000001,vanLeer_SSPRK2,166.25,0,0,4.2988870765467177e-52
top_hat,400,0.10000000000000001,vanLeer_SSPRK2,166.75,0,0,1.64011614114862e-52
top_hat,400,0.10000000000000001,vanLeer_SSPRK2,167.25,0,0,6.2336122771708939e-53
top_hat,400,0.10000000000000001,vanLeer_SSPRK2,167.75,0,0,2.3602483842121565e-53
top_hat,400,0.10000000000000001,vanLeer_SSPRK2,168.25,0,0,8.9029605455555967e-54
top_hat,400,0.10000000000000001,vanLeer_SSPRK2,168.75,0,0,3.3456155956346098e-54
top_hat,400,0.10000000000000001,vanLeer_SSPRK2,169.25,0,0,1.2525309734738713e-54
top_hat,400,0.10000000000000001,vanLeer_SSPRK2,169.75,0,0,4.6717296320798269e-55
top_hat,400,0.10000000000000001,vanLeer_SSPRK2,170.25,0,0,1.7359996252306172e-55
top_hat,400,0.10000000000000001,vanLeer_SSPRK2,170.75,0,0,6.4270269168248494e-56
top_hat,400,0.10000000000000001,vanLeer_SSPRK2,171.25,0,0,2.3706366838953708e-56
top_hat,400,0.10000000000000001,vanLeer_SSPRK2,171.75,0,0,8.7120439211873301e-57
top_hat,400,0.10000000000000001,vanLeer_SSPRK2,172.25,0,0,3.1899290928429509e-57
top_hat,400,0.10000000000000001,vanLeer_SSPRK2,172.75,0,0,1.1637337345587787e-57
top_hat,400,0.10000000000000001,vanLeer_SSPRK2,173.25,0,0,4.2300305474025689e-58
top_hat,400,0.10000000000000001,vanLeer_SSPRK2,173.75,0,0,1.5319912811808581e-58
top_hat,400,0.10000000000000001,vanLeer_SSPRK2,174.25,0,0,5.5283760909439965e-59
top_hat,400,0.10000000000000001,vanLeer_SSPRK2,174.75,0,0,1.9878010271492343e-59
top_hat,400,0.10000000000000001,vanLeer_SSPRK2,175.25,0,0,7.1217675622809577e-60
top_hat,400,0.10000000000000001,vanLeer_SSPRK2,175.75,0,0,2.5424223974278229e-60
top_hat,400,0.10000000000000001,vanLeer_SSPRK2,176.25,0,0,9.0439484281477095e-61
top_hat,400,0.10000000000000001,vanLeer_SSPRK2,176.75,0,0,3.2057105556156052e-61
top_hat,400,0.10000000000000001,vanLeer_SSPRK2,177.25,0,0,1.1322745797066938e-61
top_hat,400,0.10000000000000001,vanLeer_SSPRK2,177.75,0,0,3.9851599051440692e-62
top_hat,400,0.10000000000000001,vanLeer_SSPRK2,178.25,0,0,1.3976923280565402e-62
top_hat,400,0.10000000000000001,vanLeer_SSPRK2,178.75,0,0,4.8848867341801435e-63
top_hat,400,0.10000000000000001,vanLeer_SSPRK2,179.25,0,0,1.7012953743406617e-63
top_hat,400,0.10000000000000001,vanLeer_SSPRK2,179.75,0,0,5.9046265352168889e-64
top_hat,400,0.10000000000000001,vanLeer_SSPRK2,180.25,0,0,2.0421977119707274e-64
top_hat,400,0.10000000000000001,vanLeer_SSPRK2,180.75,0,0,7.0388367061502841e-65
top_hat,400,0.10000000000000001,vanLeer_SSPRK2,181.25,0,0,2.417724599638513e-65
top_hat,400,0.10000000000000001,vanLeer_SSPRK2,181.75,0,0,8.2760032056284233e-66
top_hat,400,0.10000000000000001,vanLeer_SSPRK2,182.25,0,0,2.8232371936507533e-66
top_hat,400,0.10000000000000001,vanLeer_SSPRK2,182.75,0,0,9.5982478509183261e-67
top_hat,400,0.10000000000000001,vanLeer_SSPRK2,183.25,0,0,3.2520662113063968e-67
top_hat,400,0.10000000000000001,vanLeer_SSPRK2,183.75,0,0,1.0981319803531082e-67
top_hat,400,0.10000000000000001,vanLeer_SSPRK2,184.25,0,0,3.6955775945498994e-68
top_hat,400,0.10000000000000001,vanLeer_SSPRK2,184.75,0,0,1.2395030203473394e-68
top_hat,400,0.10000000000000001,vanLeer_SSPRK2,185.25,0,0,4.1433836911415493e-69
top_hat,400,0.10000000000000001,vanLeer_SSPRK2,185.75,0,0,1.380415426325128e-69
top_hat,400,0.10000000000000001,vanLeer_SSPRK2,186.25,0,0,4.5837012422090161e-70
top_hat,400,0.10000000000000001,vanLeer_SSPRK2,186.75,0,0,1.5169783362788066e-70
top_hat,400,0.10000000000000001,vanLeer_SSPRK2,187.25,0,0,5.0038436157531624e-71
top_hat,400,0.10000000000000001,vanLeer_SSPRK2,187.75,0,0,1.6451065065730024e-71
top_hat,400,0.10000000000000001,vanLeer_SSPRK2,188.25,0,0,5.3908207614814245e-72
top_hat,400,0.10000000000000001,vanLeer_SSPRK2,188.75,0,0,1.7607226613163584e-72
top_hat,400,0.10000000000000001,vanLeer_SSPRK2,189.25,0,0,5.7320079537466423e-73
top_hat,400,0.10000000000000001,vanLeer_SSPRK2,189.75,0,0,1.8599742617725035e-73
top_hat,400,0.10000000000000001,vanLeer_SSPRK2,190.25,0,0,6.0158351420522712e-74
top_hat,400,0.10000000000000001,vanLeer_SSPRK2,190.75,0,0,1.9394485070139226e-74
top_hat,400,0.10000000000000001,vanLeer_SSPRK2,191.25,0,0,6.2324439464501849e-75
top_hat,400,0.10000000000000001,vanLeer_SSPRK2,191.75,0,0,1.9963686773497421e-75
top_hat,400,0.10000000000000001,vanLeer_SSPRK2,192.25,0,0,6.3742598154639041e-76
top_hat,400,0.10000000000000001,vanLeer_SSPRK2,192.75,0,0,2.028755947890744e-76
top_hat,400,0.10000000000000001,vanLeer_SSPRK2,193.25,0,0,6.4364327608331273e-77
top_hat,400,0.10000000000000001,vanLeer_SSPRK2,193.75,0,0,2.0355434707594252e-77
top_hat,400,0.10000000000000001,vanLeer_SSPRK2,194.25,0,0,6.4171108638976633e-78
top_hat,400,0.10000000000000001,vanLeer_SSPRK2,194.75,0,0,2.0166335791225372e-78
top_hat,400,0.10000000000000001,vanLeer_SSPRK2,195.25,0,0,6.3175252541018533e-79
top_hat,400,0.10000000000000001,vanLeer_SSPRK2,195.75,0,0,1.9728939557526911e-79
top_hat,400,0.10000000000000001,vanLeer_SSPRK2,196.25,0,0,6.1418818610308679e-80
top_hat,400,0.10000000000000001,vanLeer_SSPRK2,196.75,0,0,1.9060939690322049e-80
top_hat,400,0.10000000000000001,vanLeer_SSPRK2,197.25,0,0,5.897072061566184e-81
top_hat,400,0.10000000000000001,vanLeer_SSPRK2,197.75,0,0,1.8187875084958735e-81
top_hat,400,0.10000000000000001,vanLeer_SSPRK2,198.25,0,0,5.5922295191256074e-82
top_hat,400,0.10000000000000001,vanLeer_SSPRK2,198.75,0,0,1.7141529928685513e-82
top_hat,400,0.10000000000000001,vanLeer_SSPRK2,199.25,0,0,5.2381724399846362e-83
top_hat,400,0.10000000000000001,vanLeer_SSPRK2,199.75,0,0,1.5958043359634989e-83
top_hat,400,1,vanLeer_FE,0.25,0,0,0
top_hat,400,1,vanLeer_FE,0.75,0,0,0
top_hat,400,1,vanLeer_FE,1.25,0,0,0
top_hat,400,1,vanLeer_FE,1.75,0,0,0
top_hat,400,1,vanLeer_FE,2.25,0,0,0
top_hat,400,1,vanLeer_FE,2.75,0,0,0
top_hat,400,1,vanLeer_FE,3.25,0,0,0
top_hat,400,1,vanLeer_FE,3.75,0,0,0
top_hat,400,1,vanLeer_FE,4.25,0,0,0
top_hat,400,1,vanLeer_FE,4.75,0,0,0
top_hat,400,1,vanLeer_FE,5.25,0,0,0
top_hat,400,1,vanLeer_FE,5.75,0,0,0
top_hat,400,1,vanLeer_FE,6.25,0,0,0
top_hat,400,1,vanLeer_FE,6.75,0,0,0
top_hat,400,1,vanLeer_FE,7.25,0,0,0
top_hat,400,1,vanLeer_FE,7.75,0,0,0
top_hat,400,1,vanLeer_FE,8.25,0,0,0
top_hat,400,1,vanLeer_FE,8.75,0,0,0
top_hat,400,1,vanLeer_FE,9.25,0,0,0
top_hat,400,1,vanLeer_FE,9.75,0,0,0
top_hat,400,1,vanLeer_FE,10.25,0,0,0
top_hat,400,1,vanLeer_FE,10.75,0,0,0
top_hat,400,1,vanLeer_FE,11.25,0,0,0
top_hat,400,1,vanLeer_FE,11.75,0,0,0
top_hat,400,1,vanLeer_FE,12.25,0,0,0
top_hat,400,1,vanLeer_FE,12.75,0,0,0
top_hat,400,1,vanLeer_FE,13.25,0,0,0
top_hat,400,1,vanLeer_FE,13.75,0,0,0
top_hat,400,1,vanLeer_FE,14.25,0,0,0
top_hat,400,1,vanLeer_FE,14.75,0,0,0
top_hat,400,1,vanLeer_FE,15.25,0,0,0
top_hat,400,1,vanLeer_FE,15.75,0,0,0
top_hat,400,1,vanLeer_FE,16.25,0,0,0
top_hat,400,1,vanLeer_FE,16.75,0,0,0
top_hat,400,1,vanLeer_FE,17.25,0,0,0
top_hat,400,1,vanLeer_FE,17.75,0,0,0
top_hat,400,1,vanLeer_FE,18.25,0,0,0
top_hat,400,1,vanLeer_FE,18.75,0,0,0
top_hat,400,1,vanLeer_FE,19.25,0,0,0
top_hat,400,1,vanLeer_FE,19.75,0,0,0
top_hat,400,1,vanLeer_FE,20.25,0,0,0
top_hat,400,1,vanLeer_FE,20.75,0,0,0
top_hat,400,1,vanLeer_FE,21.25,0,0,0
top_hat,400,1,vanLeer_FE,21.75,0,0,0
top_hat,400,1,vanLeer_FE,22.25,0,0,0
top_hat,400,1,vanLeer_FE,22.75,0,0,0
top_hat,400,1,vanLeer_FE,23.25,0,0,0
top_hat,400,1,vanLeer_FE,23.75,0,0,0
top_hat,400,1,vanLeer_FE,24.25,0,0,0
top_hat,400,1,vanLeer_FE,24.75,0,0,0
top_hat,400,1,vanLeer_FE,25.25,1,0,9.5861415843086347e-57
top_hat,400,1,vanLeer_FE,25.75,1,0,1.1294496256064207e-54
top_hat,400,1,vanLeer_FE,26.25,1,0,6.6400600630679993e-53
top_hat,400,1,vanLeer_FE,26.75,1,0,2.5971408463833302e-51
top_hat,400,1,vanLeer_FE,27.25,1,0,7.6030415055091733e-50
top_hat,400,1,vanLeer_FE,27.750000000000004,1,0,1.7769441766676079e-48
top_hat,400,1,vanLeer_FE,28.25,1,0,3.4536713259316762e-47
top_hat,400,1,vanLeer_FE,28.749999999999996,1,0,5.7417057756923501e-46
top_hat,400,1,vanLeer_FE,29.25,1,0,8.3350049037521417e-45
top_hat,400,1,vanLeer_FE,29.75,1,0,1.0732790249636015e-43
top_hat,400,1,vanLeer_FE,30.25,1,0,1.2412342191671629e-42
top_hat,400,1,vanLeer_FE,30.75,1,0,1.3022410397768439e-41
top_hat,400,1,vanLeer_FE,31.25,1,0,1.2497613565046762e-40
top_hat,400,1,vanLeer_FE,31.75,1,0,1.1048027383041507e-39
top_hat,400,1,vanLeer_FE,32.25,1,0,9.0498035412517207e-39
top_hat,400,1,vanLeer_FE,32.75,1,0,6.9041334270351955e-38
top_hat,400,1,vanLeer_FE,33.25,1,0,4.927500848287221e-37
top_hat,400,1,vanLeer_FE,33.75,1,0,3.3028505475582485e-36
top_hat,400,1,vanLeer_FE,34.25,1,0,2.0864047609470489e-35
top_hat,400,1,vanLeer_FE,34.75,1,0,1.2459353668470798e-34
top_hat,400,1,vanLeer_FE,35.25,0,0,7.0531295772992453e-34
top_hat,400,1,vanLeer_FE,35.75,0,0,3.7943911946232079e-33
top_hat,400,1,vanLeer_FE,36.25,0,0,1.9442833306783408e-32
top_hat,400,1,vanLeer_FE,36.75,0,0,9.5088905904152992e-32
top_hat,400,1,vanLeer_FE,37.25,0,0,4.4470515743822657e-31
top_hat,400,1,vanLeer_FE,37.75,0,0,1.9922258494543048e-30
top_hat,400,1,vanLeer_FE,38.25,0,0,8.5629210305817172e-30
top_hat,400,1,vanLeer_FE,38.75,0,0,3.5364103885567272e-29
top_hat,400,1,vanLeer_FE,39.25,0,0,1.4052524824182293e-28
top_hat,400,1,vanLeer_FE,39.75,0,0,5.3795860491566936e-28
top_hat,400,1,vanLeer_FE,40.25,0,0,1.9863711374424955e-27
top_hat,400,1,vanLeer_FE,40.75,0,0,7.0822191137379219e-27
top_hat,400,1,vanLeer_FE,41.25,0,0,2.440762406612953e-26
top_hat,400,1,vanLeer_FE,41.75,0,0,8.138620585288418e-26
top_hat,400,1,vanLeer_FE,42.25,0,0,2.6281002306263669e-25
top_hat,400,1,vanLeer_FE,42.75,0,0,8.225692344349563e-25
top_hat,400,1,vanLeer_FE,43.25,0,0,2.497438978903988e-24
top_hat,400,1,vanLeer_FE,43.75,0,0,7.3610927859466497e-24
top_hat,400,1,vanLeer_FE,44.25,0,0,2.1078027539543021e-23
top_hat,400,1,vanLeer_FE,44.75,0,0,5.8675498903904084e-23
top_hat,400,1,vanLeer_FE,45.25,0,0,1.5889363273993424e-22
top_hat,400,1,vanLeer_FE,45.75,0,0,4.1884062816835612e-22
top_hat,400,1,vanLeer_FE,46.25,0,0,1.0753267842780252e-21
top_hat,400,1,vanLeer_FE,46.75,0,0,2.6904578108740811e-21
top_hat,400,1,vanLeer_FE,47.25,0,0,6.5635604994131824e-21
top_hat,400,1,vanLeer_FE,47.75,0,0,1.5620808086802132e-20
top_hat,400,1,vanLeer_FE,48.25,0,0,3.6285375321790054e-20
top_hat,400,1,vanLeer_FE,48.75,0,0,8.2305384291979326e-20
top_hat,400,1,vanLeer_FE,49.25,0,0,1.8238509295379441e-19
top_hat,400,1,vanLeer_FE,49.75,0,0,3.950053677122001e-19
top_hat,400,1,vanLeer_FE,50.25,0,0,8.3646929443757819e-19
top_hat,400,1,vanLeer_FE,50.75,0,0,1.7326240255292031e-18
top_hat,400,1,vanLeer_FE,51.25,0,0,3.5118314409776174e-18
top_hat,400,1,vanLeer_FE,51.75,0,0,6.9678677063402309e-18
top_hat,400,1,vanLeer_FE,52.25,0,0,1.3538162319871274e-17
top_hat,400,1,vanLeer_FE,52.75,0,0,2.5767080779550198e-17
top_hat,400,1,vanLeer_FE,53.25,0,0,4.8057885393516431e-17
top_hat,400,1,vanLeer_FE,53.75,0,0,8.7862462580159953e-17
top_hat,400,1,vanLeer_FE,54.25,0,0,1.5751610255512349e-16
top_hat,400,1,vanLeer_FE,54.750000000000007,0,0,2.7699553811840372e-16
top_hat,400,1,vanLeer_FE,55.250000000000007,0,0,4.7796034143943717e-16
top_hat,400,1,vanLeer_FE,55.750000000000007,0,0,8.095270911891869e-16
top_hat,400,1,vanLeer_FE,56.25,0,0,1.3463179803540115e-15
top_hat,400,1,vanLeer_FE,56.749999999999993,0,0,2.1994177831344411e-15
top_hat,400,1,vanLeer_FE,57.249999999999993,0,0,3.5309685678459732e-15
top_hat,400,1,vanLeer_FE,57.749999999999993,0,0,5.5732470075156302e-15
top_hat,400,1,vanLeer_FE,58.25,0,0,8.6532453356734995e-15
top_hat,400,1,vanLeer_FE,58.75,0,0,1.3224092891958899e-14
top_hat,400,1,vanLeer_FE,59.25,0,0,1.990524920368784e-14
top_hat,400,1,vanLeer_FE,59.75,0,0,2.9534507015603193e-14
top_hat,400,1,vanLeer_FE,60.25,0,0,4.3236875501588329e-14
top_hat,400,1,vanLeer_FE,60.75,0,0,6.2519137775964272e-14
top_hat,400,1,vanLeer_FE,61.25,0,0,8.9405860558604519e-14
top_hat,400,1,vanLeer_FE,61.75,0,0,1.2664640504104672e-13
top_hat,400,1,vanLeer_FE,62.25,0,0,1.7805195816736844e-13
top_hat,400,1,vanLeer_FE,62.75,0,0,2.4909461633997101e-13
top_hat,400,1,vanLeer_FE,63.25,0,0,3.481579559529701e-13
top_hat,400,1,vanLeer_FE,63.75,0,0,4.9040822180731256e-13
top_hat,400,1,vanLeer_FE,64.25,0,0,7.17855536610654e-13
top_hat,400,1,vanLeer_FE,64.75,0,0,1.2151373752620689e-12
top_hat,400,1,vanLeer_FE,65.25,0,0,2.8739361972729257e-12
top_hat,400,1,vanLeer_FE,65.75,0,0,9.7481265816394755e-12
top_hat,400,1,vanLeer_FE,66.25,0,0,3.9491557295802913e-11
top_hat,400,1,vanLeer_FE,66.75,0,0,1.6701864718283027e-10
top_hat,400,1,vanLeer_FE,67.25,0,0,7.0331232029309369e-10
top_hat,400,1,vanLeer_FE,67.75,0,0,2.9128417589501511e-09
top_hat,400,1,vanLeer_FE,68.25,0,0,1.1837535869550796e-08
top_hat,400,1,vanLeer_FE,68.75,0,0,4.7220402228785728e-08
top_hat,400,1,vanLeer_FE,69.25,0,0,1.8510779434053238e-07
top_hat,400,1,vanLeer_FE,69.75,0,0,7.1417728882247584e-07
top_hat,400,1,vanLeer_FE,70.25,0,0,2.7166489228515974e-06
top_hat,400,1,vanLeer_FE,70.75,0,0,1.0207870871109597e-05
top_hat,400,1,vanLeer_FE,71.25,0,0,3.7964022369016257e-05
top_hat,400,1,vanLeer_FE,71.75,0,0,0.00014002184341941061
top_hat,400,1,vanLeer_FE,72.25,0,0,0.00051308684558007693
top_hat,400,1,vanLeer_FE,72.75,0,0,0.0018705903332221273
top_hat,400,1,vanLeer_FE,73.25,0,0,0.0067878295710855144
top_hat,400,1,vanLeer_FE,73.75,0,0,0.024437359677030701
top_hat,400,1,vanLeer_FE,74.25,0,0,0.085791542806094911
top_hat,400,1,vanLeer_FE,74.75,0,0,0.27412943298324066
top_hat,400,1,vanLeer_FE,75.25,0,1,0.65588914625390293
top_hat,400,1,vanLeer_FE,75.75,0,1,0.95122529889439233
top_hat,400,1,vanLeer_FE,76.25,0,1,0.99916449993934031
top_hat,400,1,vanLeer_FE,76.75,0,1,0.99999934813676505
top_hat,400,1,vanLeer_FE,77.25,0,1,0.99999998876944107
top_hat,400,1,vanLeer_FE,77.75,0,1,0.99999998803035361
top_hat,400,1,vanLeer_FE,78.25,0,1,0.99999998151839298
top_hat,400,1,vanLeer_FE,78.75,0,1,0.99999994910491863
top_hat,400,1,vanLeer_FE,79.25,0,1,0.99999981442100072
top_hat,400,1,vanLeer_FE,79.75,0,1,0.99999928841512187
top_hat,400,1,vanLeer_FE,80.25,0,1,0.99999728848549219
top_hat,400,1,vanLeer_FE,80.75,0,1,0.99998979895623175
top_hat,400,1,vanLeer_FE,81.25,0,1,0.99996204339984873
top_hat,400,1,vanLeer_FE,81.75,0,1,0.99985998497231976
top_hat,400,1,vanLeer_FE,82.25,0,1,0.9994869182382351
top_hat,400,1,vanLeer_FE,82.75,0,1,0.99812941217312801
top_hat,400,1,vanLeer_FE,83.25,0,1,0.99321217001942919
top_hat,400,1,vanLeer_FE,83.75,0,1,0.97556263755029438
top_hat,400,1,vanLeer_FE,84.25,0,1,0.91420845465871958
top_hat,400,1,vanLeer_FE,84.75,0,1,0.72587057163119351
top_hat,400,1,vanLeer_FE,85.25,0,0,0.34411086730052742
top_hat,400,1,vanLeer_FE,85.75,0,0,0.048774701979216767
top_hat,400,1,vanLeer_FE,86.25,0,0,0.00083549110176612098
top_hat,400,1,vanLeer_FE,86.75,0,0,6.4125053929644485e-07
top_hat,400,1,vanLeer_FE,87.25,0,0,8.6775352677274304e-12
top_hat,400,1,vanLeer_FE,87.75,0,0,1.2896038486329504e-12
top_hat,400,1,vanLeer_FE,88.25,0,0,1.0539726489421161e-12
top_hat,400,1,vanLeer_FE,88.75,0,0,8.8942198879681917e-13
top_hat,400,1,vanLeer_FE,89.25,0,0,7.4143752991876722e-13
top_hat,400,1,vanLeer_FE,89.75,0,0,6.1299556651661051e-13
top_hat,400,1,vanLeer_FE,90.25,0,0,5.0263656515112305e-13
top_hat,400,1,vanLeer_FE,90.75,0,0,4.0872356099507618e-13
top_hat,400,1,vanLeer_FE,91.25,0,0,3.2959625202833389e-13
top_hat,400,1,vanLeer_FE,91.75,0,0,2.6357987966343013e-13
top_hat,400,1,vanLeer_FE,92.25,0,0,2.0903722517727497e-13
top_hat,400,1,vanLeer_FE,92.75,0,0,1.6440816237235994e-13
top_hat,400,1,vanLeer_FE,93.25,0,0,1.2823911350608276e-13
top_hat,400,1,vanLeer_FE,93.75,0,0,9.9203106125366462e-14
top_hat,400,1,vanLeer_FE,94.25,0,0,7.6111161138175882e-14
top_hat,400,1,vanLeer_FE,94.75,0,0,5.7916210256589324e-14
top_hat,400,1,vanLeer_FE,95.25,0,0,4.3710934670400597e-14
top_hat,400,1,vanLeer_FE,95.75,0,0,3.27209689916193e-14
top_hat,400,1,vanLeer_FE,96.25,0,0,2.4294851706836313e-14
top_hat,400,1,vanLeer_FE,96.75,0,0,1.7891959216182845e-14
top_hat,400,1,vanLeer_FE,97.25,0,0,1.3069467881940198e-14
top_hat,400,1,vanLeer_FE,97.75,0,0,9.4691755949163214e-15
top_hat,400,1,vanLeer_FE,98.25,0,0,6.804803364755423e-15
top_hat,400,1,vanLeer_FE,98.75,0,0,4.850204003404935e-15
top_hat,400,1,vanLeer_FE,99.25,0,0,3.4287386320200141e-15
top_hat,400,1,vanLeer_FE,99.75,0,0,2.4039468569516846e-15
top_hat,400,1,vanLeer_FE,100.25,0,0,1.6715334085249391e-15
top_hat,400,1,vanLeer_FE,100.75,0,0,1.1526204489338792e-15
top_hat,400,1,vanLeer_FE,101.25,0,0,7.881666288530247e-16
top_hat,400,1,vanLeer_FE,101.75,0,0,5.344265709926305e-16
top_hat,400,1,vanLeer_FE,102.25,0,0,3.5931298415899418e-16
top_hat,400,1,vanLeer_FE,102.75,0,0,2.3952364278582149e-16
top_hat,400,1,vanLeer_FE,103.25,0,0,1.5830321019028254e-16
top_hat,400,1,vanLeer_FE,103.75,0,0,1.0372227080141662e-16
top_hat,400,1,vanLeer_FE,104.25,0,0,6.7370620857883274e-17
top_hat,400,1,vanLeer_FE,104.75,0,0,4.3377155264513427e-17
top_hat,400,1,vanLeer_FE,105.25,0,0,2.7683438845087695e-17
top_hat,400,1,vanLeer_FE,105.75,0,0,1.7511561616608992e-17
top_hat,400,1,vanLeer_FE,106.25,0,0,1.0978781303660282e-17
top_hat,400,1,vanLeer_FE,106.75,0,0,6.8216218930272049e-18
top_hat,400,1,vanLeer_FE,107.25,0,0,4.2005546767167486e-18
top_hat,400,1,vanLeer_FE,107.75,0,0,2.5632670422760435e-18
top_hat,400,1,vanLeer_FE,108.25,0,0,1.5500066016816721e-18
top_hat,400,1,vanLeer_FE,108.75,0,0,9.2877725536110387e-19
top_hat,400,1,vanLeer_FE,109.25,0,0,5.514617006759831e-19
top_hat,400,1,vanLeer_FE,109.75,0,0,3.2443963677000673e-19
top_hat,400,1,vanLeer_FE,110.25,0,0,1.8912884752640985e-19
top_hat,400,1,vanLeer_FE,110.75,0,0,1.092393289170625e-19
top_hat,400,1,vanLeer_FE,111.25,0,0,6.2515997025702578e-20
top_hat,400,1,vanLeer_FE,111.75,0,0,3.5447784679287697e-20
top_hat,400,1,vanLeer_FE,112.25,0,0,1.9914484601433665e-20
top_hat,400,1,vanLeer_FE,112.75,0,0,1.1084818130114666e-20
top_hat,400,1,vanLeer_FE,113.25,0,0,6.1131672796348342e-21
top_hat,400,1,vanLeer_FE,113.75,0,0,3.3402731514327405e-21
top_hat,400,1,vanLeer_FE,114.25,0,0,1.8083250699851905e-21
top_hat,400,1,vanLeer_FE,114.75,0,0,9.6995508579726506e-22
top_hat,400,1,vanLeer_FE,115.25,0,0,5.1547786081809483e-22
top_hat,400,1,vanLeer_FE,115.75,0,0,2.7142832728567949e-22
top_hat,400,1,vanLeer_FE,116.25,0,0,1.4160915111297804e-22
top_hat,400,1,vanLeer_FE,116.75,0,0,7.3202073799150775e-23
top_hat,400,1,vanLeer_FE,117.25,0,0,3.7493579723139883e-23
top_hat,400,1,vanLeer_FE,117.75,0,0,1.9028212299736238e-23
top_hat,400,1,vanLeer_FE,118.25,0,0,9.5687065540196361e-24
top_hat,400,1,vanLeer_FE,118.75,0,0,4.7679282447178059e-24
top_hat,400,1,vanLeer_FE,119.25,0,0,2.3541540323469954e-24
top_hat,400,1,vanLeer_FE,119.75,0,0,1.1517986077449885e-24
top_hat,400,1,vanLeer_FE,120.25,0,0,5.5842244418416674e-25
top_hat,400,1,vanLeer_FE,120.75,0,0,2.6828860570537396e-25
top_hat,400,1,vanLeer_FE,121.25,0,0,1.2773304910064424e-25
top_hat,400,1,vanLeer_FE,121.75,0,0,6.0266345637871363e-26
top_hat,400,1,vanLeer_FE,122.25,0,0,2.8179025664111171e-26
top_hat,400,1,vanLeer_FE,122.75,0,0,1.3057672406435848e-26
top_hat,400,1,vanLeer_FE,123.25,0,0,5.9965782085433981e-27
top_hat,400,1,vanLeer_FE,123.75,0,0,2.7292826430579628e-27
top_hat,400,1,vanLeer_FE,124.25,0,0,1.2311478283680515e-27
top_hat,400,1,vanLeer_FE,124.75,0,0,5.5042482521703281e-28
top_hat,400,1,vanLeer_FE,125.25,0,0,2.4390539300932042e-28
top_hat,400,1,vanLeer_FE,125.75,0,0,1.0712475336353332e-28
top_hat,400,1,vanLeer_FE,126.25,0,0,4.6635083159877664e-29
top_hat,400,1,vanLeer_FE,126.75,0,0,2.0123317566844503e-29
top_hat,400,1,vanLeer_FE,127.25,0,0,8.6071561725357066e-30
top_hat,400,1,vanLeer_FE,127.75,0,0,3.6492395873850656e-30
top_hat,400,1,vanLeer_FE,128.25,0,0,1.5336876173414734e-30
top_hat,400,1,vanLeer_FE,128.75,0,0,6.3895820712866137e-31
top_hat,400,1,vanLeer_FE,129.25,0,0,2.6388705312644076e-31
top_hat,400,1,vanLeer_FE,129.75,0,0,1.0803955518835582e-31
top_hat,400,1,vanLeer_FE,130.25,0,0,4.385059056433486e-32
top_hat,400,1,vanLeer_FE,130.75,0,0,1.7644316201466895e-32
top_hat,400,1,vanLeer_FE,131.25,0,0,7.0384916398927746e-33
top_hat,400,1,vanLeer_FE,131.75,0,0,2.7836093199418018e-33
top_hat,400,1,vanLeer_FE,132.25,0,0,1.0914385503678986e-33
top_hat,400,1,vanLeer_FE,132.75,0,0,4.2428814835535688e-34
top_hat,400,1,vanLeer_FE,133.25,0,0,1.6353144088657517e-34
top_hat,400,1,vanLeer_FE,133.75,0,0,6.2492570506288903e-35
top_hat,400,1,vanLeer_FE,134.25,0,0,2.3678279995685526e-35
top_hat,400,1,vanLeer_FE,134.75,0,0,8.8955803656000516e-36
top_hat,400,1,vanLeer_FE,135.25,0,0,3.3136634039212783e-36
top_hat,400,1,vanLeer_FE,135.75,0,0,1.2239394055985795e-36
top_hat,400,1,vanLeer_FE,136.25,0,0,4.4826639029328924e-37
top_hat,400,1,vanLeer_FE,136.75,0,0,1.627962301402723e-37
top_hat,400,1,vanLeer_FE,137.25,0,0,5.862615933462544e-38
top_hat,400,1,vanLeer_FE,137.75,0,0,2.0935549618750917e-38
top_hat,400,1,vanLeer_FE,138.25,0,0,7.4136121234801061e-39
top_hat,400,1,vanLeer_FE,138.75,0,0,2.6033618278361671e-39
top_hat,400,1,vanLeer_FE,139.25,0,0,9.0657732979949311e-40
top_hat,400,1,vanLeer_FE,139.75,0,0,3.1307411412734682e-40
top_hat,400,1,vanLeer_FE,140.25,0,0,1.0721798683510313e-40
top_hat,400,1,vanLeer_FE,140.75,0,0,3.6414335121130545e-41
top_hat,400,1,vanLeer_FE,141.25,0,0,1.2264992960500389e-41
top_hat,400,1,vanLeer_FE,141.75,0,0,4.0969268438255913e-42
top_hat,400,1,vanLeer_FE,142.25,0,0,1.3572216533010346e-42
top_hat,400,1,vanLeer_FE,142.75,0,0,4.4591344579339104e-43
top_hat,400,1,vanLeer_FE,143.25,0,0,1.4529912646903006e-43
top_hat,400,1,vanLeer_FE,143.75,0,0,4.6956248803331345e-44
top_hat,400,1,vanLeer_FE,144.25,0,0,1.5050361595972256e-44
top_hat,400,1,vanLeer_FE,144.75,0,0,4.7844133776696897e-45
top_hat,400,1,vanLeer_FE,145.25,0,0,1.5084941904563538e-45
top_hat,400,1,vanLeer_FE,145.75,0,0,4.717333955130887e-46
top_hat,400,1,vanLeer_FE,146.25,0,0,1.4631618836086445e-46
top_hat,400,1,vanLeer_FE,146.75,0,0,4.5012749982483055e-47
top_hat,400,1,vanLeer_FE,147.25,0,0,1.3735062967096879e-47
top_hat,400,1,vanLeer_FE,147.75,0,0,4.1570201750153573e-48
top_hat,400,1,vanLeer_FE,148.25,0,0,1.2479417271642757e-48
top_hat,400,1,vanLeer_FE,148.75,0,0,3.7159632160043618e-49
top_hat,400,1,vanLeer_FE,149.25,0,0,1.0975329429729486e-49
top_hat,400,1,vanLeer_FE,149.75,0,0,3.21541341444534e-50
top_hat,400,1,vanLeer_FE,150.25,0,0,9.3440061305800673e-51
top_hat,400,1,vanLeer_FE,150.75,0,0,2.6934585952364967e-51
top_hat,400,1,vanLeer_FE,151.25,0,0,7.7014437721772566e-52
top_hat,400,1,vanLeer_FE,151.75,0,0,2.1843504856470794e-52
top_hat,400,1,vanLeer_FE,152.25,0,0,6.1456017324979888e-53
top_hat,400,1,vanLeer_FE,152.75,0,0,1.7151492310722073e-53
top_hat,400,1,vanLeer_FE,153.25,0,0,4.7483009460121514e-54
top_hat,400,1,vanLeer_FE,153.75,0,0,1.3039973479710657e-54
top_hat,400,1,vanLeer_FE,154.25,0,0,3.5523894094172017e-55
top_hat,400,1,vanLeer_FE,154.75,0,0,9.6000382989577755e-56
top_hat,400,1,vanLeer_FE,155.25,0,0,2.5735758524639695e-56
top_hat,400,1,vanLeer_FE,155.75,0,0,6.84408777417212e-57
top_hat,400,1,vanLeer_FE,156.25,0,0,1.8055588751550218e-57
top_hat,400,1,vanLeer_FE,156.75,0,0,4.7252852748874892e-58
top_hat,400,1,vanLeer_FE,157.25,0,0,1.2267820907416236e-58
top_hat,400,1,vanLeer_FE,157.75,0,0,3.1596026541784238e-59
top_hat,400,1,vanLeer_FE,158.25,0,0,8.0728280727137066e-60
top_hat,400,1,vanLeer_FE,158.75,0,0,2.0462070595306057e-60
top_hat,400,1,vanLeer_FE,159.25,0,0,5.1452496763907645e-61
top_hat,400,1,vanLeer_FE,159.75,0,0,1.2835080384163149e-61
top_hat,400,1,vanLeer_FE,160.25,0,0,3.1763486194784354e-62
top_hat,400,1,vanLeer_FE,160.75,0,0,7.7982513668953209e-63
top_hat,400,1,vanLeer_FE,161.25,0,0,1.8993620789588969e-63
top_hat,400,1,vanLeer_FE,161.75,0,0,4.5894603730189991e-64
top_hat,400,1,vanLeer_FE,162.25,0,0,1.1001719573368453e-64
top_hat,400,1,vanLeer_FE,162.75,0,0,2.6164127095942659e-65
top_hat,400,1,vanLeer_FE,163.25,0,0,6.1730557257018383e-66
top_hat,400,1,vanLeer_FE,163.75,0,0,1.4449201017329962e-66
top_hat,400,1,vanLeer_FE,164.25,0,0,3.3553548650399493e-67
top_hat,400,1,vanLeer_FE,164.75,0,0,7.7301025024594109e-68
top_hat,400,1,vanLeer_FE,165.25,0,0,1.7667913757117127e-68
top_hat,400,1,vanLeer_FE,165.75,0,0,4.0062628239185677e-69
top_hat,400,1,vanLeer_FE,166.25,0,0,9.0125677886881078e-70
top_hat,400,1,vanLeer_FE,166.75,0,0,2.0114685589684037e-70
top_hat,400,1,vanLeer_FE,167.25,0,0,4.4538344027932155e-71
top_hat,400,1,vanLeer_FE,167.75,0,0,9.7838856275026457e-72
top_hat,400,1,vanLeer_FE,168.25,0,0,2.1322856168209479e-72
top_hat,400,1,vanLeer_FE,168.75,0,0,4.6103741176586495e-73
top_hat,400,1,vanLeer_FE,169.25,0,0,9.8897122842777324e-74
top_hat,400,1,vanLeer_FE,169.75,0,0,2.1046873977168883e-74
top_hat,400,1,vanLeer_FE,170.25,0,0,4.4437292821738591e-75
top_hat,400,1,vanLeer_FE,170.75,0,0,9.3081433368900013e-76
top_hat,400,1,vanLeer_FE,171.25,0,0,1.9343420141215216e-76
top_hat,400,1,vanLeer_FE,171.75,0,0,3.9880195937192271e-77
top_hat,400,1,vanLeer_FE,172.25,0,0,8.1570668847904831e-78
top_hat,400,1,vanLeer_FE,172.75,0,0,1.6552447124446166e-78
top_hat,400,1,vanLeer_FE,173.25,0,0,3.3322715209161597e-79
top_hat,400,1,vanLeer_FE,173.75,0,0,6.6552886074668651e-80
top_hat,400,1,vanLeer_FE,174.25,0,0,1.3186814856189256e-80
top_hat,400,1,vanLeer_FE,174.75,0,0,2.592133698476667e-81
top_hat,400,1,vanLeer_FE,175.25,0,0,5.0549531772406019e-82
top_hat,400,1,vanLeer_FE,175.75,0,0,9.7795011998780999e-83
top_hat,400,1,vanLeer_FE,176.25,0,0,1.8769533468727785e-83
top_hat,400,1,vanLeer_FE,176.75,0,0,3.5737538433792239e-84
top_hat,400,1,vanLeer_FE,177.25,0,0,6.7503633539214044e-85
top_hat,400,1,vanLeer_FE,177.75,0,0,1.2649046584455469e-85
top_hat,400,1,vanLeer_FE,178.25,0,0,2.3513275022414036e-86
top_hat,400,1,vanLeer_FE,178.75,0,0,4.3360022745598072e-87
top_hat,400,1,vanLeer_FE,179.25,0,0,7.9320067244695337e-88
top_hat,400,1,vanLeer_FE,179.75,0,0,1.4394274509586032e-88
top_hat,400,1,vanLeer_FE,180.25,0,0,2.5912263646169524e-89
top_hat,400,1,vanLeer_FE,180.75,0,0,4.627275050552476e-90
top_hat,400,1,vanLeer_FE,181.25,0,0,8.1968120816757796e-91
top_hat,400,1,vanLeer_FE,181.75,0,0,1.4403215182522548e-91
top_hat,400,1,vanLeer_FE,182.25,0,0,2.5105196399453896e-92
top_hat,400,1,vanLeer_FE,182.75,0,0,4.3406242314901722e-93
top_hat,400,1,vanLeer_FE,183.25,0,0,7.4442274409852256e-94
top_hat,400,1,vanLeer_FE,183.75,0,0,1.2663688785060401e-94
top_hat,400,1,vanLeer_FE,184.25,0,0,2.1368205380485775e-95
top_hat,400,1,vanLeer_FE,184.75,0,0,3.5763248708416541e-96
top_hat,400,1,vanLeer_FE,185.25,0,0,5.9369123428009194e-97
top_hat,400,1,vanLeer_FE,185.75,0,0,9.7753549677521079e-98
top_hat,400,1,vanLeer_FE,186.25,0,0,1.5964154779599565e-98
top_hat,400,1,vanLeer_FE,186.75,0,0,2.5857937751002032e-99
top_hat,400,1,vanLeer_FE,187.25,0,0,4.1540266445674304e-100
top_hat,400,1,vanLeer_FE,187.75,0,0,6.6185794433408984e-101
top_hat,400,1,vanLeer_FE,188.25,0,0,1.0458584212025913e-101
top_hat,400,1,vanLeer_FE,188.75,0,0,1.639026250402574e-102
top_hat,400,1,vanLeer_FE,189.25,0,0,2.5473928675786631e-103
top_hat,400,1,vanLeer_FE,189.75,0,0,3.9264030288622788e-104
top_hat,400,1,vanLeer_FE,190.25,0,0,6.0017028177192891e-105
top_hat,400,1,vanLeer_FE,190.75,0,0,9.0975889867723798e-106
top_hat,400,1,vanLeer_FE,191.25,0,0,1.367545298315957e-106
top_hat,400,1,vanLeer_FE,191.75,0,0,2.0385055591556348e-107
top_hat,400,1,vanLeer_FE,192.25,0,0,3.0131993059760592e-108
top_hat,400,1,vanLeer_FE,192.75,0,0,4.4165222877363512e-109
top_hat,400,1,vanLeer_FE,193.25,0,0,6.4188947694645904e-110
top_hat,400,1,vanLeer_FE,193.75,0,0,9.2503427324853264e-111
top_hat,400,1,vanLeer_FE,194.25,0,0,1.3217929518890013e-111
top_hat,400,1,vanLeer_FE,194.75,0,0,1.8726956690195069e-112
top_hat,400,1,vanLeer_FE,195.25,0,0,2.6306259485908523e-113
top_hat,400,1,vanLeer_FE,195.75,0,0,3.6637758170816684e-114
top_hat,400,1,vanLeer_FE,196.25,0,0,5.0590175740137622e-115
top_hat,400,1,vanLeer_FE,196.75,0,0,6.9256481061379699e-116
top_hat,400,1,vanLeer_FE,197.25,0,0,9.3994155476683344e-117
top_hat,400,1,vanLeer_FE,197.75,0,0,1.2646680894855714e-117
top_hat,400,1,vanLeer_FE,198.25,0,0,1.6868499910119748e-118
top_hat,400,1,vanLeer_FE,198.75,0,0,2.2304335783181795e-119
top_hat,400,1,vanLeer_FE,199.25,0,0,2.9235034806850997e-120
top_hat,400,1,vanLeer_FE,199.75,0,0,3.7984621978827907e-121
top_hat,400,1,vanLeer_SSPRK2,0.25,0,0,0
top_hat,400,1,vanLeer_SSPRK2,0.75,0,0,0
top_hat,400,1,vanLeer_SSPRK2,1.25,0,0,0
top_hat,400,1,vanLeer_SSPRK2,1.75,0,0,0
top_hat,400,1,vanLeer_SSPRK2,2.25,0,0,0
top_hat,400,1,vanLeer_SSPRK2,2.75,0,0,0
top_hat,400,1,vanLeer_SSPRK2,3.25,0,0,0
top_hat,400,1,vanLeer_SSPRK2,3.75,0,0,0
top_hat,400,1,vanLeer_SSPRK2,4.25,0,0,0
top_hat,400,1,vanLeer_SSPRK2,4.75,0,0,0
top_hat,400,1,vanLeer_SSPRK2,5.25,0,0,0
top_hat,400,1,vanLeer_SSPRK2,5.75,0,0,0
top_hat,400,1,vanLeer_SSPRK2,6.25,0,0,0
top_hat,400,1,vanLeer_SSPRK2,6.75,0,0,0
top_hat,400,1,vanLeer_SSPRK2,7.25,0,0,0
top_hat,400,1,vanLeer_SSPRK2,7.75,0,0,0
top_hat,400,1,vanLeer_SSPRK2,8.25,0,0,0
top_hat,400,1,vanLeer_SSPRK2,8.75,0,0,0
top_hat,400,1,vanLeer_SSPRK2,9.25,0,0,0
top_hat,400,1,vanLeer_SSPRK2,9.75,0,0,0
top_hat,400,1,vanLeer_SSPRK2,10.25,0,0,0
top_hat,400,1,vanLeer_SSPRK2,10.75,0,0,0
top_hat,400,1,vanLeer_SSPRK2,11.25,0,0,0
top_hat,400,1,vanLeer_SSPRK2,11.75,0,0,0
top_hat,400,1,vanLeer_SSPRK2,12.25,0,0,0
top_hat,400,1,vanLeer_SSPRK2,12.75,0,0,0
top_hat,400,1,vanLeer_SSPRK2,13.25,0,0,0
top_hat,400,1,vanLeer_SSPRK2,13.75,0,0,0
top_hat,400,1,vanLeer_SSPRK2,14.25,0,0,0
top_hat,400,1,vanLeer_SSPRK2,14.75,0,0,0
top_hat,400,1,vanLeer_SSPRK2,15.25,0,0,0
top_hat,400,1,vanLeer_SSPRK2,15.75,0,0,0
top_hat,400,1,vanLeer_SSPRK2,16.25,0,0,0
top_hat,400,1,vanLeer_SSPRK2,16.75,0,0,0
top_hat,400,1,vanLeer_SSPRK2,17.25,0,0,0
top_hat,400,1,vanLeer_SSPRK2,17.75,0,0,0
top_hat,400,1,vanLeer_SSPRK2,18.25,0,0,0
top_hat,400,1,vanLeer_SSPRK2,18.75,0,0,0
top_hat,400,1,vanLeer_SSPRK2,19.25,0,0,0
top_hat,400,1,vanLeer_SSPRK2,19.75,0,0,0
top_hat,400,1,vanLeer_SSPRK2,20.25,0,0,0
top_hat,400,1,vanLeer_SSPRK2,20.75,0,0,0
top_hat,400,1,vanLeer_SSPRK2,21.25,0,0,0
top_hat,400,1,vanLeer_SSPRK2,21.75,0,0,0
top_hat,400,1,vanLeer_SSPRK2,22.25,0,0,0
top_hat,400,1,vanLeer_SSPRK2,22.75,0,0,0
top_hat,400,1,vanLeer_SSPRK2,23.25,0,0,0
top_hat,400,1,vanLeer_SSPRK2,23.75,0,0,0
top_hat,400,1,vanLeer_SSPRK2,24.25,0,0,0
top_hat,400,1,vanLeer_SSPRK2,24.75,0,0,0
top_hat,400,1,vanLeer_SSPRK2,25.25,1,0,3.1526542713703496e-50
top_hat,400,1,vanLeer_SSPRK2,25.75,1,0,2.8785894352581606e-48
top_hat,400,1,vanLeer_SSPRK2,26.25,1,0,1.3152291951326417e-46
top_hat,400,1,vanLeer_SSPRK2,26.75,1,0,4.0093524445540688e-45
top_hat,400,1,vanLeer_SSPRK2,27.25,1,0,9.1737038357943617e-44
top_hat,400,1,vanLeer_SSPRK2,27.750000000000004,1,0,1.6804893369436736e-42
top_hat,400,1,vanLeer_SSPRK2,28.25,1,0,2.5672630342139948e-41
top_hat,400,1,vanLeer_SSPRK2,28.749999999999996,1,0,3.3641650211167667e-40
top_hat,400,1,vanLeer_SSPRK2,29.25,1,0,3.8601639123828792e-39
top_hat,400,1,vanLeer_SSPRK2,29.75,1,0,3.9399399463973667e-38
top_hat,400,1,vanLeer_SSPRK2,30.25,1,0,3.6217494807781186e-37
top_hat,400,1,vanLeer_SSPRK2,30.75,1,0,3.0286671864571748e-36
top_hat,400,1,vanLeer_SSPRK2,31.25,1,0,2.3232065495376336e-35
top_hat,400,1,vanLeer_SSPRK2,31.75,1,0,1.646070401973784e-34
top_hat,400,1,vanLeer_SSPRK2,32.25,1,0,1.0836911494321668e-33
top_hat,400,1,vanLeer_SSPRK2,32.75,1,0,6.6630875693443461e-33
top_hat,400,1,vanLeer_SSPRK2,33.25,1,0,3.8431544461748816e-32
top_hat,400,1,vanLeer_SSPRK2,33.75,1,0,2.0875519115177948e-31
top_hat,400,1,vanLeer_SSPRK2,34.25,1,0,1.0715792845324689e-30
top_hat,400,1,vanLeer_SSPRK2,34.75,1,0,5.2141866279853052e-30
top_hat,400,1,vanLeer_SSPRK2,35.25,0,0,2.411704068565965e-29
top_hat,400,1,vanLeer_SSPRK2,35.75,0,0,1.0629652297251101e-28
top_hat,400,1,vanLeer_SSPRK2,36.25,0,0,4.4745875444886754e-28
top_hat,400,1,vanLeer_SSPRK2,36.75,0,0,1.8026838739558091e-27
top_hat,400,1,vanLeer_SSPRK2,37.25,0,0,6.9636358925994956e-27
top_hat,400,1,vanLeer_SSPRK2,37.75,0,0,2.5837633087533663e-26
top_hat,400,1,vanLeer_SSPRK2,38.25,0,0,9.2227562927640484e-26
top_hat,400,1,vanLeer_SSPRK2,38.75,0,0,3.1717488951333157e-25
top_hat,400,1,vanLeer_SSPRK2,39.25,0,0,1.0523469728075999e-24
top_hat,400,1,vanLeer_SSPRK2,39.75,0,0,3.3728069596993261e-24
top_hat,400,1,vanLeer_SSPRK2,40.25,0,0,1.0454641891278888e-23
top_hat,400,1,vanLeer_SSPRK2,40.75,0,0,3.1375522154052364e-23
top_hat,400,1,vanLeer_SSPRK2,41.25,0,0,9.1261016178251576e-23
top_hat,400,1,vanLeer_SSPRK2,41.75,0,0,2.5752112283567187e-22
top_hat,400,1,vanLeer_SSPRK2,42.25,0,0,7.056170740230074e-22
top_hat,400,1,vanLeer_SSPRK2,42.75,0,0,1.8789983301331612e-21
top_hat,400,1,vanLeer_SSPRK2,43.25,0,0,4.8667176977734388e-21
top_hat,400,1,vanLeer_SSPRK2,43.75,0,0,1.2269600001290167e-20
top_hat,400,1,vanLeer_SSPRK2,44.25,0,0,3.0131685766664727e-20
top_hat,400,1,vanLeer_SSPRK2,44.75,0,0,7.2129540515856579e-20
top_hat,400,1,vanLeer_SSPRK2,45.25,0,0,1.6841565650149368e-19
top_hat,400,1,vanLeer_SSPRK2,45.75,0,0,3.8379581405868602e-19
top_hat,400,1,vanLeer_SSPRK2,46.25,0,0,8.5412711063256357e-19
top_hat,400,1,vanLeer_SSPRK2,46.75,0,0,1.8573485045225237e-18
top_hat,400,1,vanLeer_SSPRK2,47.25,0,0,3.9486264431038765e-18
top_hat,400,1,vanLeer_SSPRK2,47.75,0,0,8.211141159283054e-18
top_hat,400,1,vanLeer_SSPRK2,48.25,0,0,1.6710126758635097e-17
top_hat,400,1,vanLeer_SSPRK2,48.75,0,0,3.3295120292310723e-17
top_hat,400,1,vanLeer_SSPRK2,49.25,0,0,6.4983797275405992e-17
top_hat,400,1,vanLeer_SSPRK2,49.75,0,0,1.2429310753667402e-16
top_hat,400,1,vanLeer_SSPRK2,50.25,0,0,2.3307581226498108e-16
top_hat,400,1,vanLeer_SSPRK2,50.75,0,0,4.2869281082484604e-16
top_hat,400,1,vanLeer_SSPRK2,51.25,0,0,7.7372873648710988e-16
top_hat,400,1,vanLeer_SSPRK2,51.75,0,0,1.3709745162488881e-15
top_hat,400,1,vanLeer_SSPRK2,52.25,0,0,2.3861117492676508e-15
top_hat,400,1,vanLeer_SSPRK2,52.75,0,0,4.0815465777182459e-15
top_hat,400,1,vanLeer_SSPRK2,53.25,0,0,6.8663789983493357e-15
top_hat,400,1,vanLeer_SSPRK2,53.75,0,0,1.1370042132911318e-14
top_hat,400,1,vanLeer_SSPRK2,54.25,0,0,1.8551767443453956e-14
top_hat,400,1,vanLeer_SSPRK2,54.750000000000007,0,0,2.9867102735182588e-14
top_hat,400,1,vanLeer_SSPRK2,55.250000000000007,0,0,4.7531791170187337e-14
top_hat,400,1,vanLeer_SSPRK2,55.750000000000007,0,0,7.4966472313292372e-14
top_hat,400,1,vanLeer_SSPRK2,56.25,0,0,1.1761269077494338e-13
top_hat,400,1,vanLeer_SSPRK2,56.749999999999993,0,0,1.8461363304074703e-13
top_hat,400,1,vanLeer_SSPRK2,57.249999999999993,0,0,2.9290286842009765e-13
top_hat,400,1,vanLeer_SSPRK2,57.749999999999993,0,0,4.7994704848295712e-13
top_hat,400,1,vanLeer_SSPRK2,58.25,0,0,8.5410583119160167e-13
top_hat,400,1,vanLeer_SSPRK2,58.75,0,0,1.7942944271512275e-12
top_hat,400,1,vanLeer_SSPRK2,59.25,0,0,4.627011291769168e-12
top_hat,400,1,vanLeer_SSPRK2,59.75,0,0,1.3735225907843265e-11
top_hat,400,1,vanLeer_SSPRK2,60.25,0,0,4.3037941277201615e-11
top_hat,400,1,vanLeer_SSPRK2,60.75,0,0,1.3551495948806138e-10
top_hat,400,1,vanLeer_SSPRK2,61.25,0,0,4.2047543969949328e-10
top_hat,400,1,vanLeer_SSPRK2,61.75,0,0,1.2769698293102435e-09
top_hat,400,1,vanLeer_SSPRK2,62.25,0,0,3.7873565178389669e-09
top_hat,400,1,vanLeer_SSPRK2,62.75,0,0,1.0961508887870634e-08
top_hat,400,1,vanLeer_SSPRK2,63.25,0,0,3.0948633536728833e-08
top_hat,400,1,vanLeer_SSPRK2,63.75,0,0,8.5224278190990417e-08
top_hat,400,1,vanLeer_SSPRK2,64.25,0,0,2.2885508009929409e-07
top_hat,400,1,vanLeer_SSPRK2,64.75,0,0,5.9917590343513444e-07
top_hat,400,1,vanLeer_SSPRK2,65.25,0,0,1.5291755093399502e-06
top_hat,400,1,vanLeer_SSPRK2,65.75,0,0,3.8033955084310823e-06
top_hat,400,1,vanLeer_SSPRK2,66.25,0,0,9.216938681401562e-06
top_hat,400,1,vanLeer_SSPRK2,66.75,0,0,2.1756028651771534e-05
top_hat,400,1,vanLeer_SSPRK2,67.25,0,0,5.0004888173388464e-05
top_hat,400,1,vanLeer_SSPRK2,67.75,0,0,0.00011187461985528381
top_hat,400,1,vanLeer_SSPRK2,68.25,0,0,0.00024353753084427202
top_hat,400,1,vanLeer_SSPRK2,68.75,0,0,0.00051561451055639757
top_hat,400,1,vanLeer_SSPRK2,69.25,0,0,0.0010612008528659003
top_hat,400,1,vanLeer_SSPRK2,69.75,0,0,0.0021220115537896041
top_hat,400,1,vanLeer_SSPRK2,70.25,0,0,0.0041201525481790457
top_hat,400,1,vanLeer_SSPRK2,70.75,0,0,0.0077625025739874575
top_hat,400,1,vanLeer_SSPRK2,71.25,0,0,0.014180331644495031
top_hat,400,1,vanLeer_SSPRK2,71.75,0,0,0.025095818856403503
top_hat,400,1,vanLeer_SSPRK2,72.25,0,0,0.042986890781162967
top_hat,400,1,vanLeer_SSPRK2,72.75,0,0,0.071191452404601799
top_hat,400,1,vanLeer_SSPRK2,73.25,0,0,0.11385539822373775
top_hat,400,1,vanLeer_SSPRK2,73.75,0,0,0.17559690029351377
top_hat,400,1,vanLeer_SSPRK2,74.25,0,0,0.26074960288715127
top_hat,400,1,vanLeer_SSPRK2,74.75,0,0,0.37206488205616051
top_hat,400,1,vanLeer_SSPRK2,75.25,0,1,0.50872727972972731
top_hat,400,1,vanLeer_SSPRK2,75.75,0,1,0.66322914130356447
top_hat,400,1,vanLeer_SSPRK2,76.25,0,1,0.81627994571409412
top_hat,400,1,vanLeer_SSPRK2,76.75,0,1,0.93374222855605604
top_hat,400,1,vanLeer_SSPRK2,77.25,0,1,0.98818390301538928
top_hat,400,1,vanLeer_SSPRK2,77.75,0,1,0.99862512430090478
top_hat,400,1,vanLeer_SSPRK2,78.25,0,1,0.99908854820152726
top_hat,400,1,vanLeer_SSPRK2,78.75,0,1,0.99902884596625663
top_hat,400,1,vanLeer_SSPRK2,79.25,0,1,0.99872400276606554
top_hat,400,1,vanLeer_SSPRK2,79.75,0,1,0.99786768485846489
top_hat,400,1,vanLeer_SSPRK2,80.25,0,1,0.99600338350323647
top_hat,400,1,vanLeer_SSPRK2,80.75,0,1,0.99241828623433548
top_hat,400,1,vanLeer_SSPRK2,81.25,0,1,0.98599508032420191
top_hat,400,1,vanLeer_SSPRK2,81.75,0,1,0.97503550502482295
top_hat,400,1,vanLeer_SSPRK2,82.25,0,1,0.95708660054351746
top_hat,400,1,vanLeer_SSPRK2,82.75,0,1,0.92883007277922958
top_hat,400,1,vanLeer_SSPRK2,83.25,0,1,0.88613139088453075
top_hat,400,1,vanLeer_SSPRK2,83.75,0,1,0.82437614135682535
top_hat,400,1,vanLeer_SSPRK2,84.25,0,1,0.73923138900883045
top_hat,400,1,vanLeer_SSPRK2,84.75,0,1,0.62795263939983748
top_hat,400,1,vanLeer_SSPRK2,85.25,0,0,0.49138110393275969
top_hat,400,1,vanLeer_SSPRK2,85.75,0,0,0.3370655323631927
top_hat,400,1,vanLeer_SSPRK2,86.25,0,0,0.18425328299314714
top_hat,400,1,vanLeer_SSPRK2,86.75,0,0,0.066729401653733547
top_hat,400,1,vanLeer_SSPRK2,87.25,0,0,0.011636305050339697
top_hat,400,1,vanLeer_SSPRK2,87.75,0,0,0.00062548724800925526
top_hat,400,1,vanLeer_SSPRK2,88.25,0,0,6.2436649623152078e-06
top_hat,400,1,vanLeer_SSPRK2,88.75,0,0,6.9990848878473562e-09
top_hat,400,1,vanLeer_SSPRK2,89.25,0,0,1.6443544183277266e-12
top_hat,400,1,vanLeer_SSPRK2,89.75,0,0,1.0939773389301549e-12
top_hat,400,1,vanLeer_SSPRK2,90.25,0,0,9.5178149668953218e-13
top_hat,400,1,vanLeer_SSPRK2,90.75,0,0,8.2530781079663407e-13
top_hat,400,1,vanLeer_SSPRK2,91.25,0,0,7.0620993306725304e-13
top_hat,400,1,vanLeer_SSPRK2,91.75,0,0,5.9796738496147159e-13
top_hat,400,1,vanLeer_SSPRK2,92.25,0,0,5.0186852094616888e-13
top_hat,400,1,vanLeer_SSPRK2,92.75,0,0,4.1802853310693086e-13
top_hat,400,1,vanLeer_SSPRK2,93.25,0,0,3.4583297763771807e-13
top_hat,400,1,vanLeer_SSPRK2,93.75,0,0,2.8426858110814347e-13
top_hat,400,1,vanLeer_SSPRK2,94.25,0,0,2.3218062198797955e-13
top_hat,400,1,vanLeer_SSPRK2,94.75,0,0,1.8841974450502157e-13
top_hat,400,1,vanLeer_SSPRK2,95.25,0,0,1.5190645938716399e-13
top_hat,400,1,vanLeer_SSPRK2,95.75,0,0,1.2165253270494167e-13
top_hat,400,1,vanLeer_SSPRK2,96.25,0,0,9.6764495870843484e-14
top_hat,400,1,vanLeer_SSPRK2,96.75,0,0,7.6441217189067747e-14
top_hat,400,1,vanLeer_SSPRK2,97.25,0,0,5.99699522021302e-14
top_hat,400,1,vanLeer_SSPRK2,97.75,0,0,4.6722013125821477e-14
top_hat,400,1,vanLeer_SSPRK2,98.25,0,0,3.614810162359944e-14
top_hat,400,1,vanLeer_SSPRK2,98.75,0,0,2.7773153732235474e-14
top_hat,400,1,vanLeer_SSPRK2,99.25,0,0,2.119063983319145e-14
top_hat,400,1,vanLeer_SSPRK2,99.75,0,0,1.605639843998625e-14
top_hat,400,1,vanLeer_SSPRK2,100.25,0,0,1.208217752776596e-14
top_hat,400,1,vanLeer_SSPRK2,100.75,0,0,9.0290969640967981e-15
top_hat,400,1,vanLeer_SSPRK2,101.25,0,0,6.701241311335983e-15
top_hat,400,1,vanLeer_SSPRK2,101.75,0,0,4.9395607475302327e-15
top_hat,400,1,vanLeer_SSPRK2,102.25,0,0,3.6162138692438355e-15
top_hat,400,1,vanLeer_SSPRK2,102.75,0,0,2.629440023616317e-15
top_hat,400,1,vanLeer_SSPRK2,103.25,0,0,1.8990066980630213e-15
top_hat,400,1,vanLeer_SSPRK2,103.75,0,0,1.36224239278465e-15
top_hat,400,1,vanLeer_SSPRK2,104.25,0,0,9.7063830968496587e-16
top_hat,400,1,vanLeer_SSPRK2,104.75,0,0,6.8698290558463502e-16
top_hat,400,1,vanLeer_SSPRK2,105.25,0,0,4.8298101812572647e-16
top_hat,400,1,vanLeer_SSPRK2,105.75,0,0,3.373027153318501e-16
top_hat,400,1,vanLeer_SSPRK2,106.25,0,0,2.3400499621492408e-16
top_hat,400,1,vanLeer_SSPRK2,106.75,0,0,1.6127078508598711e-16
top_hat,400,1,vanLeer_SSPRK2,107.25,0,0,1.1041325521429637e-16
top_hat,400,1,vanLeer_SSPRK2,107.75,0,0,7.509850124725352e-17
top_hat,400,1,vanLeer_SSPRK2,108.25,0,0,5.0745252992192693e-17
top_hat,400,1,vanLeer_SSPRK2,108.75,0,0,3.4066161777988097e-17
top_hat,400,1,vanLeer_SSPRK2,109.25,0,0,2.2720827902661983e-17
top_hat,400,1,vanLeer_SSPRK2,109.75,0,0,1.5055938101620177e-17
top_hat,400,1,vanLeer_SSPRK2,110.25,0,0,9.9125137692585715e-18
top_hat,400,1,vanLeer_SSPRK2,110.75,0,0,6.4842798235559882e-18
top_hat,400,1,vanLeer_SSPRK2,111.25,0,0,4.2145515223974317e-18
top_hat,400,1,vanLeer_SSPRK2,111.75,0,0,2.721839112377375e-18
top_hat,400,1,vanLeer_SSPRK2,112.25,0,0,1.7466459087901452e-18
top_hat,400,1,vanLeer_SSPRK2,112.75,0,0,1.1137522431205006e-18
top_hat,400,1,vanLeer_SSPRK2,113.25,0,0,7.0570577059713937e-19
top_hat,400,1,vanLeer_SSPRK2,113.75,0,0,4.4434495298314703e-19
top_hat,400,1,vanLeer_SSPRK2,114.25,0,0,2.7802803061828335e-19
top_hat,400,1,vanLeer_SSPRK2,114.75,0,0,1.728777083969476e-19
top_hat,400,1,vanLeer_SSPRK2,115.25,0,0,1.0682721628277186e-19
top_hat,400,1,vanLeer_SSPRK2,115.75,0,0,6.5603623351004216e-20
top_hat,400,1,vanLeer_SSPRK2,116.25,0,0,4.0039377301477152e-20
top_hat,400,1,vanLeer_SSPRK2,116.75,0,0,2.4286840162237845e-20
top_hat,400,1,vanLeer_SSPRK2,117.25,0,0,1.464163656242172e-20
top_hat,400,1,vanLeer_SSPRK2,117.75,0,0,8.7731162236048736e-21
top_hat,400,1,vanLeer_SSPRK2,118.25,0,0,5.224859052778699e-21
top_hat,400,1,vanLeer_SSPRK2,118.75,0,0,3.092876122689914e-21
top_hat,400,1,vanLeer_SSPRK2,119.25,0,0,1.8198205160260317e-21
top_hat,400,1,vanLeer_SSPRK2,119.75,0,0,1.0643476816861214e-21
top_hat,400,1,vanLeer_SSPRK2,120.25,0,0,6.1878283798817883e-22
top_hat,400,1,vanLeer_SSPRK2,120.75,0,0,3.5760503470488372e-22
top_hat,400,1,vanLeer_SSPRK2,121.25,0,0,2.0544257134428325e-22
top_hat,400,1,vanLeer_SSPRK2,121.75,0,0,1.1733012172252392e-22
top_hat,400,1,vanLeer_SSPRK2,122.25,0,0,6.6614940212877523e-23
top_hat,400,1,vanLeer_SSPRK2,122.75,0,0,3.759997461100202e-23
top_hat,400,1,vanLeer_SSPRK2,123.25,0,0,2.1099295485538461e-23
top_hat,400,1,vanLeer_SSPRK2,123.75,0,0,1.1771275104585675e-23
top_hat,400,1,vanLeer_SSPRK2,124.25,0,0,6.5292729837523776e-24
top_hat,400,1,vanLeer_SSPRK2,124.75,0,0,3.6008286742756334e-24
top_hat,400,1,vanLeer_SSPRK2,125.25,0,0,1.974453452400227e-24
top_hat,400,1,vanLeer_SSPRK2,125.75,0,0,1.0764864877287141e-24
top_hat,400,1,vanLeer_SSPRK2,126.25,0,0,5.8357660678695453e-25
top_hat,400,1,vanLeer_SSPRK2,126.75,0,0,3.1457562885757565e-25
top_hat,400,1,vanLeer_SSPRK2,127.25,0,0,1.6861663128670761e-25
top_hat,400,1,vanLeer_SSPRK2,127.75,0,0,8.9873992755323366e-26
top_hat,400,1,vanLeer_SSPRK2,128.25,0,0,4.7636082573109739e-26
top_hat,400,1,vanLeer_SSPRK2,128.75,0,0,2.5108248957720275e-26
top_hat,400,1,vanLeer_SSPRK2,129.25,0,0,1.3160886034492679e-26
top_hat,400,1,vanLeer_SSPRK2,129.75,0,0,6.8604404824404693e-27
top_hat,400,1,vanLeer_SSPRK2,130.25,0,0,3.5565328236398636e-27
top_hat,400,1,vanLeer_SSPRK2,130.75,0,0,1.8336620139046351e-27
top_hat,400,1,vanLeer_SSPRK2,131.25,0,0,9.4024064861479624e-28
top_hat,400,1,vanLeer_SSPRK2,131.75,0,0,4.7950767906106194e-28
top_hat,400,1,vanLeer_SSPRK2,132.25,0,0,2.4321949516217687e-28
top_hat,400,1,vanLeer_SSPRK2,132.75,0,0,1.2270347301525729e-28
top_hat,400,1,vanLeer_SSPRK2,133.25,0,0,6.1571578740023107e-29
top_hat,400,1,vanLeer_SSPRK2,133.75,0,0,3.0731086253849212e-29
top_hat,400,1,vanLeer_SSPRK2,134.25,0,0,1.5256638986827591e-29
top_hat,400,1,vanLeer_SSPRK2,134.75,0,0,7.5341148037646763e-30
top_hat,400,1,vanLeer_SSPRK2,135.25,0,0,3.7008969694820247e-30
top_hat,400,1,vanLeer_SSPRK2,135.75,0,0,1.80838987689718e-30
top_hat,400,1,vanLeer_SSPRK2,136.25,0,0,8.7901500316837414e-31
top_hat,400,1,vanLeer_SSPRK2,136.75,0,0,4.2503864279884164e-31
top_hat,400,1,vanLeer_SSPRK2,137.25,0,0,2.0445471759125604e-31
top_hat,400,1,vanLeer_SSPRK2,137.75,0,0,9.7838785847570159e-32
top_hat,400,1,vanLeer_SSPRK2,138.25,0,0,4.6577771306099243e-32
top_hat,400,1,vanLeer_SSPRK2,138.75,0,0,2.2060154099929241e-32
top_hat,400,1,vanLeer_SSPRK2,139.25,0,0,1.0394627969220146e-32
top_hat,400,1,vanLeer_SSPRK2,139.75,0,0,4.8729082936335332e-33
top_hat,400,1,vanLeer_SSPRK2,140.25,0,0,2.2727655673701782e-33
top_hat,400,1,vanLeer_SSPRK2,140.75,0,0,1.0546693422581256e-33
top_hat,400,1,vanLeer_SSPRK2,141.25,0,0,4.8694663705773371e-34
top_hat,400,1,vanLeer_SSPRK2,141.75,0,0,2.2369578815502118e-34
top_hat,400,1,vanLeer_SSPRK2,142.25,0,0,1.0224770726599424e-34
top_hat,400,1,vanLeer_SSPRK2,142.75,0,0,4.6502527957423504e-35
top_hat,400,1,vanLeer_SSPRK2,143.25,0,0,2.1044304006683566e-35
top_hat,400,1,vanLeer_SSPRK2,143.75,0,0,9.4762242691442847e-36
top_hat,400,1,vanLeer_SSPRK2,144.25,0,0,4.2460638705460269e-36
top_hat,400,1,vanLeer_SSPRK2,144.75,0,0,1.8931967302147566e-36
top_hat,400,1,vanLeer_SSPRK2,145.25,0,0,8.3998307241420903e-37
top_hat,400,1,vanLeer_SSPRK2,145.75,0,0,3.7086714042032929e-37
top_hat,400,1,vanLeer_SSPRK2,146.25,0,0,1.6294709111209626e-37
top_hat,400,1,vanLeer_SSPRK2,146.75,0,0,7.1246353120719363e-38
top_hat,400,1,vanLeer_SSPRK2,147.25,0,0,3.1000857588383198e-38
top_hat,400,1,vanLeer_SSPRK2,147.75,0,0,1.3424157089211893e-38
top_hat,400,1,vanLeer_SSPRK2,148.25,0,0,5.7850848703687604e-39
top_hat,400,1,vanLeer_SSPRK2,148.75,0,0,2.4811265434445184e-39
top_hat,400,1,vanLeer_SSPRK2,149.25,0,0,1.0590380970290443e-39
top_hat,400,1,vanLeer_SSPRK2,149.75,0,0,4.4988829605198181e-40
top_hat,400,1,vanLeer_SSPRK2,150.25,0,0,1.9021078740211899e-40
top_hat,400,1,vanLeer_SSPRK2,150.75,0,0,8.0040494098761955e-41
top_hat,400,1,vanLeer_SSPRK2,151.25,0,0,3.3522416656238564e-41
top_hat,400,1,vanLeer_SSPRK2,151.75,0,0,1.3973928987323124e-41
top_hat,400,1,vanLeer_SSPRK2,152.25,0,0,5.7978376534703094e-42
top_hat,400,1,vanLeer_SSPRK2,152.75,0,0,2.3943325472450801e-42
top_hat,400,1,vanLeer_SSPRK2,153.25,0,0,9.8419311755402391e-43
top_hat,400,1,vanLeer_SSPRK2,153.75,0,0,4.0268002961272937e-43
top_hat,400,1,vanLeer_SSPRK2,154.25,0,0,1.6399484401524519e-43
top_hat,400,1,vanLeer_SSPRK2,154.75,0,0,6.6480915864767651e-44
top_hat,400,1,vanLeer_SSPRK2,155.25,0,0,2.6826671928209375e-44
top_hat,400,1,vanLeer_SSPRK2,155.75,0,0,1.0775709089588572e-44
top_hat,400,1,vanLeer_SSPRK2,156.25,0,0,4.3086415951379329e-45
top_hat,400,1,vanLeer_SSPRK2,156.75,0,0,1.7149697860750324e-45
top_hat,400,1,vanLeer_SSPRK2,157.25,0,0,6.7951688745403685e-46
top_hat,400,1,vanLeer_SSPRK2,157.75,0,0,2.6802650607985426e-46
top_hat,400,1,vanLeer_SSPRK2,158.25,0,0,1.0524341288133573e-46
top_hat,400,1,vanLeer_SSPRK2,158.75,0,0,4.1139377236665852e-47
top_hat,400,1,vanLeer_SSPRK2,159.25,0,0,1.6009286857190085e-47
top_hat,400,1,vanLeer_SSPRK2,159.75,0,0,6.2021685165007854e-48
top_hat,400,1,vanLeer_SSPRK2,160.25,0,0,2.3920938071347383e-48
top_hat,400,1,vanLeer_SSPRK2,160.75,0,0,9.1850523354501659e-49
top_hat,400,1,vanLeer_SSPRK2,161.25,0,0,3.5112318798662296e-49
top_hat,400,1,vanLeer_SSPRK2,161.75,0,0,1.3363414716273665e-49
top_hat,400,1,vanLeer_SSPRK2,162.25,0,0,5.0636187930259846e-50
top_hat,400,1,vanLeer_SSPRK2,162.75,0,0,1.9102741208688161e-50
top_hat,400,1,vanLeer_SSPRK2,163.25,0,0,7.1750837577110877e-51
top_hat,400,1,vanLeer_SSPRK2,163.75,0,0,2.6832445966837341e-51
top_hat,400,1,vanLeer_SSPRK2,164.25,0,0,9.9908150540122515e-52
top_hat,400,1,vanLeer_SSPRK2,164.75,0,0,3.7038573906875931e-52
top_hat,400,1,vanLeer_SSPRK2,165.25,0,0,1.3671795061525938e-52
top_hat,400,1,vanLeer_SSPRK2,165.75,0,0,5.0248139382987717e-53
top_hat,400,1,vanLeer_SSPRK2,166.25,0,0,1.8388349994551041e-53
top_hat,400,1,vanLeer_SSPRK2,166.75,0,0,6.7003731452289336e-54
top_hat,400,1,vanLeer_SSPRK2,167.25,0,0,2.4310491697058712e-54
top_hat,400,1,vanLeer_SSPRK2,167.75,0,0,8.7827808970942514e-55
top_hat,400,1,vanLeer_SSPRK2,168.25,0,0,3.1595038340271544e-55
top_hat,400,1,vanLeer_SSPRK2,168.75,0,0,1.1317726404114818e-55
top_hat,400,1,vanLeer_SSPRK2,169.25,0,0,4.0369916349572156e-56
top_hat,400,1,vanLeer_SSPRK2,169.75,0,0,1.4339027722446636e-56
top_hat,400,1,vanLeer_SSPRK2,170.25,0,0,5.0716532454528711e-57
top_hat,400,1,vanLeer_SSPRK2,170.75,0,0,1.7862907382010828e-57
top_hat,400,1,vanLeer_SSPRK2,171.25,0,0,6.2651603827933794e-58
top_hat,400,1,vanLeer_SSPRK2,171.75,0,0,2.1882369924810308e-58
top_hat,400,1,vanLeer_SSPRK2,172.25,0,0,7.6110268343216646e-59
top_hat,400,1,vanLeer_SSPRK2,172.75,0,0,2.6362309909848532e-59
top_hat,400,1,vanLeer_SSPRK2,173.25,0,0,9.0932579689210713e-60
top_hat,400,1,vanLeer_SSPRK2,173.75,0,0,3.1236034532365336e-60
top_hat,400,1,vanLeer_SSPRK2,174.25,0,0,1.0685554283198844e-60
top_hat,400,1,vanLeer_SSPRK2,174.75,0,0,3.6403856841192866e-61
top_hat,400,1,vanLeer_SSPRK2,175.25,0,0,1.2351260605084624e-61
top_hat,400,1,vanLeer_SSPRK2,175.75,0,0,4.1734290762027205e-62
top_hat,400,1,vanLeer_SSPRK2,176.25,0,0,1.4044197676088117e-62
top_hat,400,1,vanLeer_SSPRK2,176.75,0,0,4.7068159005371017e-63
top_hat,400,1,vanLeer_SSPRK2,177.25,0,0,1.5710429914231583e-63
top_hat,400,1,vanLeer_SSPRK2,177.75,0,0,5.2225627142968186e-64
top_hat,400,1,vanLeer_SSPRK2,178.25,0,0,1.7290920404286766e-64
top_hat,400,1,vanLeer_SSPRK2,178.75,0,0,5.7015835171302381e-65
top_hat,400,1,vanLeer_SSPRK2,179.25,0,0,1.8724914265056882e-65
top_hat,400,1,vanLeer_SSPRK2,179.75,0,0,6.1248457174652731e-66
top_hat,400,1,vanLeer_SSPRK2,180.25,0,0,1.9953790003724393e-66
top_hat,400,1,vanLeer_SSPRK2,180.75,0,0,6.4746230870843537e-67
top_hat,400,1,vanLeer_SSPRK2,181.25,0,0,2.092504111703594e-67
top_hat,400,1,vanLeer_SSPRK2,181.75,0,0,6.7357309147769946e-68
top_hat,400,1,vanLeer_SSPRK2,182.25,0,0,2.159601041010936e-68
top_hat,400,1,vanLeer_SSPRK2,182.75,0,0,6.8966230416409909e-69
top_hat,400,1,vanLeer_SSPRK2,183.25,0,0,2.1937005623555617e-69
top_hat,400,1,vanLeer_SSPRK2,183.75,0,0,6.950239984104061e-70
top_hat,400,1,vanLeer_SSPRK2,184.25,0,0,2.1933478527196492e-70
top_hat,400,1,vanLeer_SSPRK2,184.75,0,0,6.8945212389411632e-71
top_hat,400,1,vanLeer_SSPRK2,185.25,0,0,2.1587044790658572e-71
top_hat,400,1,vanLeer_SSPRK2,185.75,0,0,6.7325301577464743e-72
top_hat,400,1,vanLeer_SSPRK2,186.25,0,0,2.091524618262283e-72
top_hat,400,1,vanLeer_SSPRK2,186.75,0,0,6.4721816951223264e-73
top_hat,400,1,vanLeer_SSPRK2,187.25,0,0,1.9950092871552896e-73
top_hat,400,1,vanLeer_SSPRK2,187.75,0,0,6.1256060656114557e-74
top_hat,400,1,vanLeer_SSPRK2,188.25,0,0,1.8735552952289264e-74
top_hat,400,1,vanLeer_SSPRK2,188.75,0,0,5.7082190310214817e-75
top_hat,400,1,vanLeer_SSPRK2,189.25,0,0,1.732426138217675e-75
top_hat,400,1,vanLeer_SSPRK2,189.75,0,0,5.2375972477770045e-76
top_hat,400,1,vanLeer_SSPRK2,190.25,0,0,1.577378811204483e-76
top_hat,400,1,vanLeer_SSPRK2,190.75,0,0,4.7322715980081363e-77
top_hat,400,1,vanLeer_SSPRK2,191.25,0,0,1.4142828394545313e-77
top_hat,400,1,vanLeer_SSPRK2,191.75,0,0,4.2105516101526452e-78
top_hat,400,1,vanLeer_SSPRK2,192.25,0,0,1.2487657073950793e-78
top_hat,400,1,vanLeer_SSPRK2,192.75,0,0,3.6894810195596174e-79
top_hat,400,1,vanLeer_SSPRK2,193.25,0,0,1.0859129597166531e-79
top_hat,400,1,vanLeer_SSPRK2,193.75,0,0,3.1840011287402982e-80
top_hat,400,1,vanLeer_SSPRK2,194.25,0,0,9.300426892765292e-81
top_hat,400,1,vanLeer_SSPRK2,194.75,0,0,2.7063689992169936e-81
top_hat,400,1,vanLeer_SSPRK2,195.25,0,0,7.8456430913191267e-82
top_hat,400,1,vanLeer_SSPRK2,195.75,0,0,2.2658461674852131e-82
top_hat,400,1,vanLeer_SSPRK2,196.25,0,0,6.5192183747931668e-83
top_hat,400,1,vanLeer_SSPRK2,196.75,0,0,1.8686447242367717e-83
top_hat,400,1,vanLeer_SSPRK2,197.25,0,0,5.3361360457336531e-84
top_hat,400,1,vanLeer_SSPRK2,197.75,0,0,1.518094497357681e-84
top_hat,400,1,vanLeer_SSPRK2,198.25,0,0,4.3027415831114326e-85
top_hat,400,1,vanLeer_SSPRK2,198.75,0,0,1.2149797126822771e-85
top_hat,400,1,vanLeer_SSPRK2,199.25,0,0,3.4180060497881511e-86
top_hat,400,1,vanLeer_SSPRK2,199.75,0,0,9.5798646465418494e-87
top_hat,400,2,vanLeer_FE,0.25,0,0,0
top_hat,400,2,vanLeer_FE,0.75,0,0,0
top_hat,400,2,vanLeer_FE,1.25,0,0,0
top_hat,400,2,vanLeer_FE,1.75,0,0,0
top_hat,400,2,vanLeer_FE,2.25,0,0,0
top_hat,400,2,vanLeer_FE,2.75,0,0,0
top_hat,400,2,vanLeer_FE,3.25,0,0,0
top_hat,400,2,vanLeer_FE,3.75,0,0,0
top_hat,400,2,vanLeer_FE,4.25,0,0,0
top_hat,400,2,vanLeer_FE,4.75,0,0,0
top_hat,400,2,vanLeer_FE,5.25,0,0,0
top_hat,400,2,vanLeer_FE,5.75,0,0,0
top_hat,400,2,vanLeer_FE,6.25,0,0,0
top_hat,400,2,vanLeer_FE,6.75,0,0,0
top_hat,400,2,vanLeer_FE,7.25,0,0,0
top_hat,400,2,vanLeer_FE,7.75,0,0,0
top_hat,400,2,vanLeer_FE,8.25,0,0,0
top_hat,400,2,vanLeer_FE,8.75,0,0,0
top_hat,400,2,vanLeer_FE,9.25,0,0,0
top_hat,400,2,vanLeer_FE,9.75,0,0,0
top_hat,400,2,vanLeer_FE,10.25,0,0,0
top_hat,400,2,vanLeer_FE,10.75,0,0,0
top_hat,400,2,vanLeer_FE,11.25,0,0,0
top_hat,400,2,vanLeer_FE,11.75,0,0,0
top_hat,400,2,vanLeer_FE,12.25,0,0,0
top_hat,400,2,vanLeer_FE,12.75,0,0,0
top_hat,400,2,vanLeer_FE,13.25,0,0,0
top_hat,400,2,vanLeer_FE,13.75,0,0,0
top_hat,400,2,vanLeer_FE,14.25,0,0,0
top_hat,400,2,vanLeer_FE,14.75,0,0,0
top_hat,400,2,vanLeer_FE,15.25,0,0,0
top_hat,400,2,vanLeer_FE,15.75,0,0,0
top_hat,400,2,vanLeer_FE,16.25,0,0,0
top_hat,400,2,vanLeer_FE,16.75,0,0,0
top_hat,400,2,vanLeer_FE,17.25,0,0,0
top_hat,400,2,vanLeer_FE,17.75,0,0,0
top_hat,400,2,vanLeer_FE,18.25,0,0,0
top_hat,400,2,vanLeer_FE,18.75,0,0,0
top_hat,400,2,vanLeer_FE,19.25,0,0,0
top_hat,400,2,vanLeer_FE,19.75,0,0,0
top_hat,400,2,vanLeer_FE,20.25,0,0,0
top_hat,400,2,vanLeer_FE,20.75,0,0,0
top_hat,400,2,vanLeer_FE,21.25,0,0,0
top_hat,400,2,vanLeer_FE,21.75,0,0,0
top_hat,400,2,vanLeer_FE,22.25,0,0,0
top_hat,400,2,vanLeer_FE,22.75,0,0,0
top_hat,400,2,vanLeer_FE,23.25,0,0,0
top_hat,400,2,vanLeer_FE,23.75,0,0,0
top_hat,400,2,vanLeer_FE,24.25,0,0,0
top_hat,400,2,vanLeer_FE,24.75,0,0,0
top_hat,400,2,vanLeer_FE,25.25,1,0,1.2944011882258466e-65
top_hat,400,2,vanLeer_FE,25.75,1,0,2.0620853393701588e-63
top_hat,400,2,vanLeer_FE,26.25,1,0,1.6357333665521742e-61
top_hat,400,2,vanLeer_FE,26.75,1,0,8.6142593607550223e-60
top_hat,400,2,vanLeer_FE,27.25,1,0,3.3881924076425258e-58
top_hat,400,2,vanLeer_FE,27.750000000000004,1,0,1.0616568397590481e-56
top_hat,400,2,vanLeer_FE,28.25,1,0,2.7604984555567072e-55
top_hat,400,2,vanLeer_FE,28.749999999999996,1,0,6.1263952507914225e-54
top_hat,400,2,vanLeer_FE,29.25,1,0,1.1846332343935496e-52
top_hat,400,2,vanLeer_FE,29.75,1,0,2.0274771749508125e-51
top_hat,400,2,vanLeer_FE,30.25,1,0,3.1096285303217931e-50
top_hat,400,2,vanLeer_FE,30.75,1,0,4.3171641418582202e-49
top_hat,400,2,vanLeer_FE,31.25,1,0,5.4704419745579781e-48
top_hat,400,2,vanLeer_FE,31.75,1,0,6.3708685543842486e-47
top_hat,400,2,vanLeer_FE,32.25,1,0,6.8595673972511219e-46
top_hat,400,2,vanLeer_FE,32.75,1,0,6.8632548213756795e-45
top_hat,400,2,vanLeer_FE,33.25,1,0,6.4095165840908962e-44
top_hat,400,2,vanLeer_FE,33.75,1,0,5.6088503484642464e-43
top_hat,400,2,vanLeer_FE,34.25,1,0,4.6150141600270646e-42
top_hat,400,2,vanLeer_FE,34.75,1,0,3.5814351405595283e-41
top_hat,400,2,vanLeer_FE,35.25,0,0,2.628587430113217e-40
top_hat,400,2,vanLeer_FE,35.75,0,0,1.8291436001037947e-39
top_hat,400,2,vanLeer_FE,36.25,0,0,1.2095135382905334e-38
top_hat,400,2,vanLeer_FE,36.75,0,0,7.6155452930883671e-38
top_hat,400,2,vanLeer_FE,37.25,0,0,4.5743760687220335e-37
top_hat,400,2,vanLeer_FE,37.75,0,0,2.6257259979405652e-36
top_hat,400,2,vanLeer_FE,38.25,0,0,1.4425818049493943e-35
top_hat,400,2,vanLeer_FE,38.75,0,0,7.5969502847202871e-35
top_hat,400,2,vanLeer_FE,39.25,0,0,3.8400189837626198e-34
top_hat,400,2,vanLeer_FE,39.75,0,0,1.8653841825886873e-33
top_hat,400,2,vanLeer_FE,40.25,0,0,8.718705217538563e-33
top_hat,400,2,vanLeer_FE,40.75,0,0,3.9251704359010948e-32
top_hat,400,2,vanLeer_FE,41.25,0,0,1.7038494335625899e-31
top_hat,400,2,vanLeer_FE,41.75,0,0,7.1381485755843701e-31
top_hat,400,2,vanLeer_FE,42.25,0,0,2.8887621503916903e-30
top_hat,400,2,vanLeer_FE,42.75,0,0,1.130256069311321e-29
top_hat,400,2,vanLeer_FE,43.25,0,0,4.2788457858551028e-29
top_hat,400,2,vanLeer_FE,43.75,0,0,1.5685111015594727e-28
top_hat,400,2,vanLeer_FE,44.25,0,0,5.5714513953526666e-28
top_hat,400,2,vanLeer_FE,44.75,0,0,1.9189385214340387e-27
top_hat,400,2,vanLeer_FE,45.25,0,0,6.4127271202473184e-27
top_hat,400,2,vanLeer_FE,45.75,0,0,2.0805418144806564e-26
top_hat,400,2,vanLeer_FE,46.25,0,0,6.5571054041702023e-26
top_hat,400,2,vanLeer_FE,46.75,0,0,2.0085744184900484e-25
top_hat,400,2,vanLeer_FE,47.25,0,0,5.9831598010375472e-25
top_hat,400,2,vanLeer_FE,47.75,0,0,1.7340303792122429e-24
top_hat,400,2,vanLeer_FE,48.25,0,0,4.891849792440158e-24
top_hat,400,2,vanLeer_FE,48.75,0,0,1.343933492023042e-23
top_hat,400,2,vanLeer_FE,49.25,0,0,3.5971646185474499e-23
top_hat,400,2,vanLeer_FE,49.75,0,0,9.3843155811211411e-23
top_hat,400,2,vanLeer_FE,50.25,0,0,2.3871479762108562e-22
top_hat,400,2,vanLeer_FE,50.75,0,0,5.9232291718590278e-22
top_hat,400,2,vanLeer_FE,51.25,0,0,1.4341745220480785e-21
top_hat,400,2,vanLeer_FE,51.75,0,0,3.3897355476099424e-21
top_hat,400,2,vanLeer_FE,52.25,0,0,7.8234939700896605e-21
top_hat,400,2,vanLeer_FE,52.75,0,0,1.7638136230475353e-20
top_hat,400,2,vanLeer_FE,53.25,0,0,3.8856443051253058e-20
top_hat,400,2,vanLeer_FE,53.75,0,0,8.3669873620236086e-20
top_hat,400,2,vanLeer_FE,54.25,0,0,1.7615886628118947e-19
top_hat,400,2,vanLeer_FE,54.750000000000007,0,0,3.6274337985744537e-19
top_hat,400,2,vanLeer_FE,55.250000000000007,0,0,7.3077116030023372e-19
top_hat,400,2,vanLeer_FE,55.750000000000007,0,0,1.4407047083296448e-18
top_hat,400,2,vanLeer_FE,56.25,0,0,2.7803713945806553e-18
top_hat,400,2,vanLeer_FE,56.749999999999993,0,0,5.2539477910813187e-18
top_hat,400,2,vanLeer_FE,57.249999999999993,0,0,9.7239642660563417e-18
top_hat,400,2,vanLeer_FE,57.749999999999993,0,0,1.7631707947278747e-17
top_hat,400,2,vanLeer_FE,58.25,0,0,3.1329782772130318e-17
top_hat,400,2,vanLeer_FE,58.75,0,0,5.4569667796707451e-17
top_hat,400,2,vanLeer_FE,59.25,0,0,9.3195781580690256e-17
top_hat,400,2,vanLeer_FE,59.75,0,0,1.5610408455376073e-16
top_hat,400,2,vanLeer_FE,60.25,0,0,2.5652533320345163e-16
top_hat,400,2,vanLeer_FE,60.75,0,0,4.1368807683643493e-16
top_hat,400,2,vanLeer_FE,61.25,0,0,6.549017497990386e-16
top_hat,400,2,vanLeer_FE,61.75,0,0,1.0180738032699086e-15
top_hat,400,2,vanLeer_FE,62.25,0,0,1.5546361196282876e-15
top_hat,400,2,vanLeer_FE,62.75,0,0,2.3328062478065841e-15
top_hat,400,2,vanLeer_FE,63.25,0,0,3.4410517289187824e-15
top_hat,400,2,vanLeer_FE,63.75,0,0,4.9915662476091052e-15
top_hat,400,2,vanLeer_FE,64.25,0,0,7.1235108344398444e-15
top_hat,400,2,vanLeer_FE,64.75,0,0,1.0005727844481054e-14
top_hat,400,2,vanLeer_FE,65.25,0,0,1.383860430619027e-14
top_hat,400,2,vanLeer_FE,65.75,0,0,1.88547463522334e-14
top_hat,400,2,vanLeer_FE,66.25,0,0,2.5318127286468018e-14
top_hat,400,2,vanLeer_FE,66.75,0,0,3.3521386718825022e-14
top_hat,400,2,vanLeer_FE,67.25,0,0,4.3780986564232336e-14
top_hat,400,2,vanLeer_FE,67.75,0,0,5.6429975101636439e-14
top_hat,400,2,vanLeer_FE,68.25,0,0,7.1808183871232276e-14
top_hat,400,2,vanLeer_FE,68.75,0,0,9.0249845290526834e-14
top_hat,400,2,vanLeer_FE,69.25,0,0,1.1207141341134125e-13
top_hat,400,2,vanLeer_FE,69.75,0,0,1.3769163454809191e-13
top_hat,400,2,vanLeer_FE,70.25,0,0,1.7337600132770377e-13
top_hat,400,2,vanLeer_FE,70.75,0,0,4.3871263492182188e-13
top_hat,400,2,vanLeer_FE,71.25,0,0,8.2463805380809479e-12
top_hat,400,2,vanLeer_FE,71.75,0,0,2.6444498921293803e-10
top_hat,400,2,vanLeer_FE,72.25,0,0,8.6995077094966972e-09
top_hat,400,2,vanLeer_FE,72.75,0,0,2.8643198268542276e-07
top_hat,400,2,vanLeer_FE,73.25,0,0,9.4273531544499141e-06
top_hat,400,2,vanLeer_FE,73.75,0,0,0.0003088492721919512
top_hat,400,2,vanLeer_FE,74.25,0,0,0.0095968719197639489
top_hat,400,2,vanLeer_FE,74.75,0,0,0.18704693631978053
top_hat,400,2,vanLeer_FE,75.25,0,1,0.80496428175522206
top_hat,400,2,vanLeer_FE,75.75,0,1,0.99807337126965412
top_hat,400,2,vanLeer_FE,76.25,0,1,0.99999996670477254
top_hat,400,2,vanLeer_FE,76.75,0,1,1.0000000000000204
top_hat,400,2,vanLeer_FE,77.25,0,1,1.0000000000000211
top_hat,400,2,vanLeer_FE,77.75,0,1,1.0000000000000218
top_hat,400,2,vanLeer_FE,78.25,0,1,1.0000000000000233
top_hat,400,2,vanLeer_FE,78.75,0,1,1.0000000000000258
top_hat,400,2,vanLeer_FE,79.25,0,1,1.0000000000000289
top_hat,400,2,vanLeer_FE,79.75,0,1,1.0000000000000342
top_hat,400,2,vanLeer_FE,80.25,0,1,1.0000000000000346
top_hat,400,2,vanLeer_FE,80.75,0,1,0.99999999999985012
top_hat,400,2,vanLeer_FE,81.25,0,1,0.99999999999209788
top_hat,400,2,vanLeer_FE,81.75,0,1,0.99999999973597253
top_hat,400,2,vanLeer_FE,82.25,0,1,0.99999999130098272
top_hat,400,2,vanLeer_FE,82.75,0,1,0.99999971356854034
top_hat,400,2,vanLeer_FE,83.25,0,1,0.99999057264748159
top_hat,400,2,vanLeer_FE,83.75,0,1,0.99969115072844583
top_hat,400,2,vanLeer_FE,84.25,0,1,0.99040312808080677
top_hat,400,2,vanLeer_FE,84.75,0,1,0.81295306367634734
top_hat,400,2,vanLeer_FE,85.25,0,0,0.19503571823882751
top_hat,400,2,vanLeer_FE,85.75,0,0,0.0019266287304310445
top_hat,400,2,vanLeer_FE,86.25,0,0,3.3296046973352252e-08
top_hat,400,2,vanLeer_FE,86.75,0,0,7.1930899546628841e-13
top_hat,400,2,vanLeer_FE,87.25,0,0,6.5037267958533155e-13
top_hat,400,2,vanLeer_FE,87.75,0,0,5.4023508268655314e-13
top_hat,400,2,vanLeer_FE,88.25,0,0,4.4403223439852548e-13
top_hat,400,2,vanLeer_FE,88.75,0,0,3.6190746138703502e-13
top_hat,400,2,vanLeer_FE,89.25,0,0,2.9141213215855126e-13
top_hat,400,2,vanLeer_FE,89.75,0,0,2.3195584856771105e-13
top_hat,400,2,vanLeer_FE,90.25,0,0,1.8243459937942798e-13
top_hat,400,2,vanLeer_FE,90.75,0,0,1.4174171546634184e-13
top_hat,400,2,vanLeer_FE,91.25,0,0,1.0875978252557741e-13
top_hat,400,2,vanLeer_FE,91.75,0,0,8.2397717318053276e-14
top_hat,400,2,vanLeer_FE,92.25,0,0,6.1622826851321185e-14
top_hat,400,2,vanLeer_FE,92.75,0,0,4.5483841005936256e-14
top_hat,400,2,vanLeer_FE,93.25,0,0,3.3126617940928098e-14
top_hat,400,2,vanLeer_FE,93.75,0,0,2.3802489711767463e-14
top_hat,400,2,vanLeer_FE,94.25,0,0,1.6870151542556792e-14
top_hat,400,2,vanLeer_FE,94.75,0,0,1.179227589255726e-14
top_hat,400,2,vanLeer_FE,95.25,0,0,8.1281826930091823e-15
top_hat,400,2,vanLeer_FE,95.75,0,0,5.5238976827872382e-15
top_hat,400,2,vanLeer_FE,96.25,0,0,3.7008118851493408e-15
top_hat,400,2,vanLeer_FE,96.75,0,0,2.4439587215640215e-15
top_hat,400,2,vanLeer_FE,97.25,0,0,1.5906899390410365e-15
top_hat,400,2,vanLeer_FE,97.75,0,0,1.0202912248473399e-15
top_hat,400,2,vanLeer_FE,98.25,0,0,6.4485843641953891e-16
top_hat,400,2,vanLeer_FE,98.75,0,0,4.0157177821244973e-16
top_hat,400,2,vanLeer_FE,99.25,0,0,2.4636529763055718e-16
top_hat,400,2,vanLeer_FE,99.75,0,0,1.4889298958061481e-16
top_hat,400,2,vanLeer_FE,100.25,0,0,8.863592114179347e-17
top_hat,400,2,vanLeer_FE,100.75,0,0,5.1969666489740969e-17
top_hat,400,2,vanLeer_FE,101.25,0,0,3.0009576053912502e-17
top_hat,400,2,vanLeer_FE,101.75,0,0,1.7064978498611055e-17
top_hat,400,2,vanLeer_FE,102.25,0,0,9.555528382426293e-18
top_hat,400,2,vanLeer_FE,102.75,0,0,5.2683503873451784e-18
top_hat,400,2,vanLeer_FE,103.25,0,0,2.8597899622413826e-18
top_hat,400,2,vanLeer_FE,103.75,0,0,1.5282776090832632e-18
top_hat,400,2,vanLeer_FE,104.25,0,0,8.0398599589148261e-19
top_hat,400,2,vanLeer_FE,104.75,0,0,4.1633472307141663e-19
top_hat,400,2,vanLeer_FE,105.25,0,0,2.1220454898197669e-19
top_hat,400,2,vanLeer_FE,105.75,0,0,1.0645222545235205e-19
top_hat,400,2,vanLeer_FE,106.25,0,0,5.2554862264996499e-20
top_hat,400,2,vanLeer_FE,106.75,0,0,2.5532843741981201e-20
top_hat,400,2,vanLeer_FE,107.25,0,0,1.2206283987744801e-20
top_hat,400,2,vanLeer_FE,107.75,0,0,5.7416324104841544e-21
top_hat,400,2,vanLeer_FE,108.25,0,0,2.6572000945947294e-21
top_hat,400,2,vanLeer_FE,108.75,0,0,1.2098152167102039e-21
top_hat,400,2,vanLeer_FE,109.25,0,0,5.4186143003646065e-22
top_hat,400,2,vanLeer_FE,109.75,0,0,2.3872606597087761e-22
top_hat,400,2,vanLeer_FE,110.25,0,0,1.0344780266429854e-22
top_hat,400,2,vanLeer_FE,110.75,0,0,4.4087889749756961e-23
top_hat,400,2,vanLeer_FE,111.25,0,0,1.8478216832535487e-23
top_hat,400,2,vanLeer_FE,111.75,0,0,7.6156828902104839e-24
top_hat,400,2,vanLeer_FE,112.25,0,0,3.0862437468431428e-24
top_hat,400,2,vanLeer_FE,112.75,0,0,1.2296679043551401e-24
top_hat,400,2,vanLeer_FE,113.25,0,0,4.8166427989976674e-25
top_hat,400,2,vanLeer_FE,113.75,0,0,1.8546492907292307e-25
top_hat,400,2,vanLeer_FE,114.25,0,0,7.0194105333963448e-26
top_hat,400,2,vanLeer_FE,114.75,0,0,2.6110826537330812e-26
top_hat,400,2,vanLeer_FE,115.25,0,0,9.545094326595476e-27
top_hat,400,2,vanLeer_FE,115.75,0,0,3.4287573477655178e-27
top_hat,400,2,vanLeer_FE,116.25,0,0,1.2101695790084213e-27
top_hat,400,2,vanLeer_FE,116.75,0,0,4.1962695315554622e-28
top_hat,400,2,vanLeer_FE,117.25,0,0,1.4293596313223292e-28
top_hat,400,2,vanLeer_FE,117.75,0,0,4.7822527562440024e-29
top_hat,400,2,vanLeer_FE,118.25,0,0,1.5714001613020948e-29
top_hat,400,2,vanLeer_FE,118.75,0,0,5.0705271961263674e-30
top_hat,400,2,vanLeer_FE,119.25,0,0,1.6064923252836918e-30
top_hat,400,2,vanLeer_FE,119.75,0,0,4.9969943245827412e-31
top_hat,400,2,vanLeer_FE,120.25,0,0,1.5257640559749395e-31
top_hat,400,2,vanLeer_FE,120.75,0,0,4.572524297578899e-32
top_hat,400,2,vanLeer_FE,121.25,0,0,1.3447905137447137e-32
top_hat,400,2,vanLeer_FE,121.75,0,0,3.8807981231048088e-33
top_hat,400,2,vanLeer_FE,122.25,0,0,1.0987299911069204e-33
top_hat,400,2,vanLeer_FE,122.75,0,0,3.0513914700815603e-34
top_hat,400,2,vanLeer_FE,123.25,0,0,8.3113793312692268e-35
top_hat,400,2,vanLeer_FE,123.75,0,0,2.2199608300840406e-35
top_hat,400,2,vanLeer_FE,124.25,0,0,5.81354242664856e-36
top_hat,400,2,vanLeer_FE,124.75,0,0,1.4923936147375456e-36
top_hat,400,2,vanLeer_FE,125.25,0,0,3.7548609153906352e-37
top_hat,400,2,vanLeer_FE,125.75,0,0,9.2574278333981148e-38
top_hat,400,2,vanLeer_FE,126.25,0,0,2.2360828868568672e-38
top_hat,400,2,vanLeer_FE,126.75,0,0,5.2905214701363564e-39
top_hat,400,2,vanLeer_FE,127.25,0,0,1.2258313906114404e-39
top_hat,400,2,vanLeer_FE,127.75,0,0,2.7809288679987951e-40
top_hat,400,2,vanLeer_FE,128.25,0,0,6.1755765338118137e-41
top_hat,400,2,vanLeer_FE,128.75,0,0,1.3421202695305053e-41
top_hat,400,2,vanLeer_FE,129.25,0,0,2.8538129070432221e-42
top_hat,400,2,vanLeer_FE,129.75,0,0,5.9356645971839761e-43
top_hat,400,2,vanLeer_FE,130.25,0,0,1.2072807116506883e-43
top_hat,400,2,vanLeer_FE,130.75,0,0,2.4006169292725491e-44
top_hat,400,2,vanLeer_FE,131.25,0,0,4.6654004535264414e-45
top_hat,400,2,vanLeer_FE,131.75,0,0,8.8588446259173561e-46
top_hat,400,2,vanLeer_FE,132.25,0,0,1.6430567190564162e-46
top_hat,400,2,vanLeer_FE,132.75,0,0,2.9756019970085211e-47
top_hat,400,2,vanLeer_FE,133.25,0,0,5.2601411843280406e-48
top_hat,400,2,vanLeer_FE,133.75,0,0,9.0733424335740233e-49
top_hat,400,2,vanLeer_FE,134.25,0,0,1.5265985467090576e-49
top_hat,400,2,vanLeer_FE,134.75,0,0,2.5043969065879115e-50
top_hat,400,2,vanLeer_FE,135.25,0,0,4.0043106722217632e-51
top_hat,400,2,vanLeer_FE,135.75,0,0,6.2375796278072694e-52
top_hat,400,2,vanLeer_FE,136.25,0,0,9.4618710025010531e-53
top_hat,400,2,vanLeer_FE,136.75,0,0,1.3970444702836413e-53
top_hat,400,2,vanLeer_FE,137.25,0,0,2.0068073759761708e-54
top_hat,400,2,vanLeer_FE,137.75,0,0,2.8031282218646026e-55
top_hat,400,2,vanLeer_FE,138.25,0,0,3.8053141842062124e-56
top_hat,400,2,vanLeer_FE,138.75,0,0,5.017702913709096e-57
top_hat,400,2,vanLeer_FE,139.25,0,0,6.4228844069822021e-58
top_hat,400,2,vanLeer_FE,139.75,0,0,7.9762037030590466e-59
top_hat,400,2,vanLeer_FE,140.25,0,0,9.6032652208801665e-60
top_hat,400,2,vanLeer_FE,140.75,0,0,1.1202062859031291e-60
top_hat,400,2,vanLeer_FE,141.25,0,0,1.2650752723191564e-61
top_hat,400,2,vanLeer_FE,141.75,0,0,1.382097267400355e-62
top_hat,400,2,vanLeer_FE,142.25,0,0,1.4595184407718547e-63
top_hat,400,2,vanLeer_FE,142.75,0,0,1.488513609734864e-64
top_hat,400,2,vanLeer_FE,143.25,0,0,1.4647674111022049e-65
top_hat,400,2,vanLeer_FE,143.75,0,0,1.3894166236782949e-66
top_hat,400,2,vanLeer_FE,144.25,0,0,1.2690899135807632e-67
top_hat,400,2,vanLeer_FE,144.75,0,0,1.1149796019003372e-68
top_hat,400,2,vanLeer_FE,145.25,0,0,9.4111449708623692e-70
top_hat,400,2,vanLeer_FE,145.75,0,0,7.6220253575539202e-71
top_hat,400,2,vanLeer_FE,146.25,0,0,5.9151253605224744e-72
top_hat,400,2,vanLeer_FE,146.75,0,0,4.392329465613031e-73
top_hat,400,2,vanLeer_FE,147.25,0,0,3.1159455961092738e-74
top_hat,400,2,vanLeer_FE,147.75,0,0,2.1082708721943953e-75
top_hat,400,2,vanLeer_FE,148.25,0,0,1.3580914683180375e-76
top_hat,400,2,vanLeer_FE,148.75,0,0,8.3131369040229518e-78
top_hat,400,2,vanLeer_FE,149.25,0,0,4.8254745554156068e-79
top_hat,400,2,vanLeer_FE,149.75,0,0,2.6503003154659248e-80
top_hat,400,2,vanLeer_FE,150.25,0,0,1.3740504852396616e-81
top_hat,400,2,vanLeer_FE,150.75,0,0,6.7075717832035355e-83
top_hat,400,2,vanLeer_FE,151.25,0,0,3.0747892296078922e-84
top_hat,400,2,vanLeer_FE,151.75,0,0,1.3198282985449843e-85
top_hat,400,2,vanLeer_FE,152.25,0,0,5.2890074263210054e-87
top_hat,400,2,vanLeer_FE,152.75,0,0,1.9725796935028951e-88
top_hat,400,2,vanLeer_FE,153.25,0,0,6.8250078839273413e-90
top_hat,400,2,vanLeer_FE,153.75,0,0,2.1834518511804942e-91
top_hat,400,2,vanLeer_FE,154.25,0,0,6.4366795570042032e-93
top_hat,400,2,vanLeer_FE,154.75,0,0,1.7419741826296637e-94
top_hat,400,2,vanLeer_FE,155.25,0,0,4.3091145670612836e-96
top_hat,400,2,vanLeer_FE,155.75,0,0,9.6876700067866495e-98
top_hat,400,2,vanLeer_FE,156.25,0,0,1.9631330644070749e-99
top_hat,400,2,vanLeer_FE,156.75,0,0,3.5409813166549184e-101
top_hat,400,2,vanLeer_FE,157.25,0,0,5.5767779751420403e-103
top_hat,400,2,vanLeer_FE,157.75,0,0,7.4485687675627863e-105
top_hat,400,2,vanLeer_FE,158.25,0,0,8.0727500440501603e-107
top_hat,400,2,vanLeer_FE,158.75,0,0,6.6214640484762174e-109
top_hat,400,2,vanLeer_FE,159.25,0,0,3.6305795482679503e-111
top_hat,400,2,vanLeer_FE,159.75,0,0,9.9121098243304122e-114
top_hat,400,2,vanLeer_FE,160.25,0,0,0
top_hat,400,2,vanLeer_FE,160.75,0,0,0
top_hat,400,2,vanLeer_FE,161.25,0,0,0
top_hat,400,2,vanLeer_FE,161.75,0,0,0
top_hat,400,2,vanLeer_FE,162.25,0,0,0
top_hat,400,2,vanLeer_FE,162.75,0,0,0
top_hat,400,2,vanLeer_FE,163.25,0,0,0
top_hat,400,2,vanLeer_FE,163.75,0,0,0
top_hat,400,2,vanLeer_FE,164.25,0,0,0
top_hat,400,2,vanLeer_FE,164.75,0,0,0
top_hat,400,2,vanLeer_FE,165.25,0,0,0
top_hat,400,2,vanLeer_FE,165.75,0,0,0
top_hat,400,2,vanLeer_FE,166.25,0,0,0
top_hat,400,2,vanLeer_FE,166.75,0,0,0
top_hat,400,2,vanLeer_FE,167.25,0,0,0
top_hat,400,2,vanLeer_FE,167.75,0,0,0
top_hat,400,2,vanLeer_FE,168.25,0,0,0
top_hat,400,2,vanLeer_FE,168.75,0,0,0
top_hat,400,2,vanLeer_FE,169.25,0,0,0
top_hat,400,2,vanLeer_FE,169.75,0,0,0
top_hat,400,2,vanLeer_FE,170.25,0,0,0
top_hat,400,2,vanLeer_FE,170.75,0,0,0
top_hat,400,2,vanLeer_FE,171.25,0,0,0
top_hat,400,2,vanLeer_FE,171.75,0,0,0
top_hat,400,2,vanLeer_FE,172.25,0,0,0
top_hat,400,2,vanLeer_FE,172.75,0,0,0
top_hat,400,2,vanLeer_FE,173.25,0,0,0
top_hat,400,2,vanLeer_FE,173.75,0,0,0
top_hat,400,2,vanLeer_FE,174.25,0,0,0
top_hat,400,2,vanLeer_FE,174.75,0,0,0
top_hat,400,2,vanLeer_FE,175.25,0,0,0
top_hat,400,2,vanLeer_FE,175.75,0,0,0
top_hat,400,2,vanLeer_FE,176.25,0,0,0
top_hat,400,2,vanLeer_FE,176.75,0,0,0
top_hat,400,2,vanLeer_FE,177.25,0,0,0
top_hat,400,2,vanLeer_FE,177.75,0,0,0
top_hat,400,2,vanLeer_FE,178.25,0,0,0
top_hat,400,2,vanLeer_FE,178.75,0,0,0
top_hat,400,2,vanLeer_FE,179.25,0,0,0
top_hat,400,2,vanLeer_FE,179.75,0,0,0
top_hat,400,2,vanLeer_FE,180.25,0,0,0
top_hat,400,2,vanLeer_FE,180.75,0,0,0
top_hat,400,2,vanLeer_FE,181.25,0,0,0
top_hat,400,2,vanLeer_FE,181.75,0,0,0
top_hat,400,2,vanLeer_FE,182.25,0,0,0
top_hat,400,2,vanLeer_FE,182.75,0,0,0
top_hat,400,2,vanLeer_FE,183.25,0,0,0
top_hat,400,2,vanLeer_FE,183.75,0,0,0
top_hat,400,2,vanLeer_FE,184.25,0,0,0
top_hat,400,2,vanLeer_FE,184.75,0,0,0
top_hat,400,2,vanLeer_FE,185.25,0,0,0
top_hat,400,2,vanLeer_FE,185.75,0,0,0
top_hat,400,2,vanLeer_FE,186.25,0,0,0
top_hat,400,2,vanLeer_FE,186.75,0,0,0
top_hat,400,2,vanLeer_FE,187.25,0,0,0
top_hat,400,2,vanLeer_FE,187.75,0,0,0
top_hat,400,2,vanLeer_FE,188.25,0,0,0
top_hat,400,2,vanLeer_FE,188.75,0,0,0
top_hat,400,2,vanLeer_FE,189.25,0,0,0
top_hat,400,2,vanLeer_FE,189.75,0,0,0
top_hat,400,2,vanLeer_FE,190.25,0,0,0
top_hat,400,2,vanLeer_FE,190.75,0,0,0
top_hat,400,2,vanLeer_FE,191.25,0,0,0
top_hat,400,2,vanLeer_FE,191.75,0,0,0
top_hat,400,2,vanLeer_FE,192.25,0,0,0
top_hat,400,2,vanLeer_FE,192.75,0,0,0
top_hat,400,2,vanLeer_FE,193.25,0,0,0
top_hat,400,2,vanLeer_FE,193.75,0,0,0
top_hat,400,2,vanLeer_FE,194.25,0,0,0
top_hat,400,2,vanLeer_FE,194.75,0,0,0
top_hat,400,2,vanLeer_FE,195.25,0,0,0
top_hat,400,2,vanLeer_FE,195.75,0,0,0
top_hat,400,2,vanLeer_FE,196.25,0,0,0
top_hat,400,2,vanLeer_FE,196.75,0,0,0
top_hat,400,2,vanLeer_FE,197.25,0,0,0
top_hat,400,2,vanLeer_FE,197.75,0,0,0
top_hat,400,2,vanLeer_FE,198.25,0,0,0
top_hat,400,2,vanLeer_FE,198.75,0,0,0
top_hat,400,2,vanLeer_FE,199.25,0,0,0
top_hat,400,2,vanLeer_FE,199.75,0,0,0
top_hat,400,2,vanLeer_SSPRK2,0.25,0,0,0
top_hat,400,2,vanLeer_SSPRK2,0.75,0,0,0
top_hat,400,2,vanLeer_SSPRK2,1.25,0,0,0
top_hat,400,2,vanLeer_SSPRK2,1.75,0,0,0
top_hat,400,2,vanLeer_SSPRK2,2.25,0,0,0
top_hat,400,2,vanLeer_SSPRK2,2.75,0,0,0
top_hat,400,2,vanLeer_SSPRK2,3.25,0,0,0
top_hat,400,2,vanLeer_SSPRK2,3.75,0,0,0
top_hat,400,2,vanLeer_SSPRK2,4.25,0,0,0
top_hat,400,2,vanLeer_SSPRK2,4.75,0,0,0
top_hat,400,2,vanLeer_SSPRK2,5.25,0,0,0
top_hat,400,2,vanLeer_SSPRK2,5.75,0,0,0
top_hat,400,2,vanLeer_SSPRK2,6.25,0,0,0
top_hat,400,2,vanLeer_SSPRK2,6.75,0,0,0
top_hat,400,2,vanLeer_SSPRK2,7.25,0,0,0
top_hat,400,2,vanLeer_SSPRK2,7.75,0,0,0
top_hat,400,2,vanLeer_SSPRK2,8.25,0,0,0
top_hat,400,2,vanLeer_SSPRK2,8.75,0,0,0
top_hat,400,2,vanLeer_SSPRK2,9.25,0,0,0
top_hat,400,2,vanLeer_SSPRK2,9.75,0,0,0
top_hat,400,2,vanLeer_SSPRK2,10.25,0,0,0
top_hat,400,2,vanLeer_SSPRK2,10.75,0,0,0
top_hat,400,2,vanLeer_SSPRK2,11.25,0,0,0
top_hat,400,2,vanLeer_SSPRK2,11.75,0,0,0
top_hat,400,2,vanLeer_SSPRK2,12.25,0,0,0
top_hat,400,2,vanLeer_SSPRK2,12.75,0,0,0
top_hat,400,2,vanLeer_SSPRK2,13.25,0,0,0
top_hat,400,2,vanLeer_SSPRK2,13.75,0,0,0
top_hat,400,2,vanLeer_SSPRK2,14.25,0,0,0
top_hat,400,2,vanLeer_SSPRK2,14.75,0,0,0
top_hat,400,2,vanLeer_SSPRK2,15.25,0,0,0
top_hat,400,2,vanLeer_SSPRK2,15.75,0,0,0
top_hat,400,2,vanLeer_SSPRK2,16.25,0,0,0
top_hat,400,2,vanLeer_SSPRK2,16.75,0,0,0
top_hat,400,2,vanLeer_SSPRK2,17.25,0,0,0
top_hat,400,2,vanLeer_SSPRK2,17.75,0,0,0
top_hat,400,2,vanLeer_SSPRK2,18.25,0,0,0
top_hat,400,2,vanLeer_SSPRK2,18.75,0,0,0
top_hat,400,2,vanLeer_SSPRK2,19.25,0,0,0
top_hat,400,2,vanLeer_SSPRK2,19.75,0,0,0
top_hat,400,2,vanLeer_SSPRK2,20.25,0,0,0
top_hat,400,2,vanLeer_SSPRK2,20.75,0,0,0
top_hat,400,2,vanLeer_SSPRK2,21.25,0,0,0
top_hat,400,2,vanLeer_SSPRK2,21.75,0,0,0
top_hat,400,2,vanLeer_SSPRK2,22.25,0,0,0
top_hat,400,2,vanLeer_SSPRK2,22.75,0,0,0
top_hat,400,2,vanLeer_SSPRK2,23.25,0,0,0
top_hat,400,2,vanLeer_SSPRK2,23.75,0,0,0
top_hat,400,2,vanLeer_SSPRK2,24.25,0,0,0
top_hat,400,2,vanLeer_SSPRK2,24.75,0,0,0
top_hat,400,2,vanLeer_SSPRK2,25.25,1,0,5.9993579140914418e-48
top_hat,400,2,vanLeer_SSPRK2,25.75,1,0,4.7963519062786174e-46
top_hat,400,2,vanLeer_SSPRK2,26.25,1,0,1.9258747449031958e-44
top_hat,400,2,vanLeer_SSPRK2,26.75,1,0,5.1776488736070267e-43
top_hat,400,2,vanLeer_SSPRK2,27.25,1,0,1.0483794148480819e-41
top_hat,400,2,vanLeer_SSPRK2,27.750000000000004,1,0,1.7051342130079581e-40
top_hat,400,2,vanLeer_SSPRK2,28.25,1,0,2.3202158740137044e-39
top_hat,400,2,vanLeer_SSPRK2,28.749999999999996,1,0,2.716512000827333e-38
top_hat,400,2,vanLeer_SSPRK2,29.25,1,0,2.7932805988647292e-37
top_hat,400,2,vanLeer_SSPRK2,29.75,1,0,2.562301031660067e-36
top_hat,400,2,vanLeer_SSPRK2,30.25,1,0,2.1227989382645647e-35
top_hat,400,2,vanLeer_SSPRK2,30.75,1,0,1.6042525109914441e-34
top_hat,400,2,vanLeer_SSPRK2,31.25,1,0,1.1150254036621417e-33
top_hat,400,2,vanLeer_SSPRK2,31.75,1,0,7.1768167784806459e-33
top_hat,400,2,vanLeer_SSPRK2,32.25,1,0,4.3028215219607354e-32
top_hat,400,2,vanLeer_SSPRK2,32.75,1,0,2.4150931855256802e-31
top_hat,400,2,vanLeer_SSPRK2,33.25,1,0,1.2745960477723145e-30
top_hat,400,2,vanLeer_SSPRK2,33.75,1,0,6.3494319247669547e-30
top_hat,400,2,vanLeer_SSPRK2,34.25,1,0,2.9956634465843762e-29
top_hat,400,2,vanLeer_SSPRK2,34.75,1,0,1.3426333540228407e-28
top_hat,400,2,vanLeer_SSPRK2,35.25,0,0,5.7319414775845967e-28
top_hat,400,2,vanLeer_SSPRK2,35.75,0,0,2.3365924019035385e-27
top_hat,400,2,vanLeer_SSPRK2,36.25,0,0,9.1150233701100462e-27
top_hat,400,2,vanLeer_SSPRK2,36.75,0,0,3.4095426216498078e-26
top_hat,400,2,vanLeer_SSPRK2,37.25,0,0,1.225158303343187e-25
top_hat,400,2,vanLeer_SSPRK2,37.75,0,0,4.2361755039389338e-25
top_hat,400,2,vanLeer_SSPRK2,38.25,0,0,1.4115971568394901e-24
top_hat,400,2,vanLeer_SSPRK2,38.75,0,0,4.5396288547847442e-24
top_hat,400,2,vanLeer_SSPRK2,39.25,0,0,1.410828486432519e-23
top_hat,400,2,vanLeer_SSPRK2,39.75,0,0,4.2423134546574176e-23
top_hat,400,2,vanLeer_SSPRK2,40.25,0,0,1.235661032085538e-22
top_hat,400,2,vanLeer_SSPRK2,40.75,0,0,3.4899895170305414e-22
top_hat,400,2,vanLeer_SSPRK2,41.25,0,0,9.5676901319946005e-22
top_hat,400,2,vanLeer_SSPRK2,41.75,0,0,2.548302918909384e-21
top_hat,400,2,vanLeer_SSPRK2,42.25,0,0,6.5998481588650173e-21
top_hat,400,2,vanLeer_SSPRK2,42.75,0,0,1.6634553344222157e-20
top_hat,400,2,vanLeer_SSPRK2,43.25,0,0,4.0833570438146442e-20
top_hat,400,2,vanLeer_SSPRK2,43.75,0,0,9.7694103580764415e-20
top_hat,400,2,vanLeer_SSPRK2,44.25,0,0,2.279620363529749e-19
top_hat,400,2,vanLeer_SSPRK2,44.75,0,0,5.1913737450144458e-19
top_hat,400,2,vanLeer_SSPRK2,45.25,0,0,1.154503793765068e-18
top_hat,400,2,vanLeer_SSPRK2,45.75,0,0,2.5087414550685387e-18
top_hat,400,2,vanLeer_SSPRK2,46.25,0,0,5.3297357470432162e-18
top_hat,400,2,vanLeer_SSPRK2,46.75,0,0,1.1075800003838026e-17
top_hat,400,2,vanLeer_SSPRK2,47.25,0,0,2.2526018231860517e-17
top_hat,400,2,vanLeer_SSPRK2,47.75,0,0,4.485852382735698e-17
top_hat,400,2,vanLeer_SSPRK2,48.25,0,0,8.7510604497499566e-17
top_hat,400,2,vanLeer_SSPRK2,48.75,0,0,1.6731315413513967e-16
top_hat,400,2,vanLeer_SSPRK2,49.25,0,0,3.1365269085520217e-16
top_hat,400,2,vanLeer_SSPRK2,49.75,0,0,5.7678554815638598e-16
top_hat,400,2,vanLeer_SSPRK2,50.25,0,0,1.0409489252938592e-15
top_hat,400,2,vanLeer_SSPRK2,50.75,0,0,1.8446388649113132e-15
top_hat,400,2,vanLeer_SSPRK2,51.25,0,0,3.2114549072432097e-15
top_hat,400,2,vanLeer_SSPRK2,51.75,0,0,5.4964429208961335e-15
top_hat,400,2,vanLeer_SSPRK2,52.25,0,0,9.2553251472036732e-15
top_hat,400,2,vanLeer_SSPRK2,52.75,0,0,1.5348323120757743e-14
top_hat,400,2,vanLeer_SSPRK2,53.25,0,0,2.5098550461408629e-14
top_hat,400,2,vanLeer_SSPRK2,53.75,0,0,4.0542047638707272e-14
top_hat,400,2,vanLeer_SSPRK2,54.25,0,0,6.4844474504349139e-14
top_hat,400,2,vanLeer_SSPRK2,54.750000000000007,0,0,1.0305079338746311e-13
top_hat,400,2,vanLeer_SSPRK2,55.250000000000007,0,0,1.6357808177364016e-13
top_hat,400,2,vanLeer_SSPRK2,55.750000000000007,0,0,2.6160789896004296e-13
top_hat,400,2,vanLeer_SSPRK2,56.25,0,0,4.2825077109262432e-13
top_hat,400,2,vanLeer_SSPRK2,56.749999999999993,0,0,7.4060163331374083e-13
top_hat,400,2,vanLeer_SSPRK2,57.249999999999993,0,0,1.4286474931477404e-12
top_hat,400,2,vanLeer_SSPRK2,57.749999999999993,0,0,3.2193165705053591e-12
top_hat,400,2,vanLeer_SSPRK2,58.25,0,0,8.3225400181206412e-12
top_hat,400,2,vanLeer_SSPRK2,58.75,0,0,2.317247697336368e-11
top_hat,400,2,vanLeer_SSPRK2,59.25,0,0,6.5994278567289031e-11
top_hat,400,2,vanLeer_SSPRK2,59.75,0,0,1.8729212862848795e-10
top_hat,400,2,vanLeer_SSPRK2,60.25,0,0,5.2408031516743084e-10
top_hat,400,2,vanLeer_SSPRK2,60.75,0,0,1.4402186706872861e-09
top_hat,400,2,vanLeer_SSPRK2,61.25,0,0,3.8814043831550773e-09
top_hat,400,2,vanLeer_SSPRK2,61.75,0,0,1.0252769232387779e-08
top_hat,400,2,vanLeer_SSPRK2,62.25,0,0,2.6538526166727598e-08
top_hat,400,2,vanLeer_SSPRK2,62.75,0,0,6.7301929589138424e-08
top_hat,400,2,vanLeer_SSPRK2,63.25,0,0,1.671992494644862e-07
top_hat,400,2,vanLeer_SSPRK2,63.75,0,0,4.0685201080898693e-07
top_hat,400,2,vanLeer_SSPRK2,64.25,0,0,9.6954357213024622e-07
top_hat,400,2,vanLeer_SSPRK2,64.75,0,0,2.2623128745589276e-06
top_hat,400,2,vanLeer_SSPRK2,65.25,0,0,5.1678460312524418e-06
top_hat,400,2,vanLeer_SSPRK2,65.75,0,0,1.1554353574611883e-05
top_hat,400,2,vanLeer_SSPRK2,66.25,0,0,2.5278906685979555e-05
top_hat,400,2,vanLeer_SSPRK2,66.75,0,0,5.4104537397269435e-05
top_hat,400,2,vanLeer_SSPRK2,67.25,0,0,0.00011325202157475963
top_hat,400,2,vanLeer_SSPRK2,67.75,0,0,0.00023176933918319715
top_hat,400,2,vanLeer_SSPRK2,68.25,0,0,0.00046356442220582707
top_hat,400,2,vanLeer_SSPRK2,68.75,0,0,0.00090581321597049463
top_hat,400,2,vanLeer_SSPRK2,69.25,0,0,0.0017284398563601376
top_hat,400,2,vanLeer_SSPRK2,69.75,0,0,0.0032192140572923304
top_hat,400,2,vanLeer_SSPRK2,70.25,0,0,0.0058491970402093753
top_hat,400,2,vanLeer_SSPRK2,70.75,0,0,0.010361902946990319
top_hat,400,2,vanLeer_SSPRK2,71.25,0,0,0.017885361944527965
top_hat,400,2,vanLeer_SSPRK2,71.75,0,0,0.030057797573889395
top_hat,400,2,vanLeer_SSPRK2,72.25,0,0,0.049143694603613286
top_hat,400,2,vanLeer_SSPRK2,72.75,0,0,0.078097652223753311
top_hat,400,2,vanLeer_SSPRK2,73.25,0,0,0.1205113826953438
top_hat,400,2,vanLeer_SSPRK2,73.75,0,0,0.18036100513243902
top_hat,400,2,vanLeer_SSPRK2,74.25,0,0,0.26147157345342781
top_hat,400,2,vanLeer_SSPRK2,74.75,0,0,0.36664831801994791
top_hat,400,2,vanLeer_SSPRK2,75.25,0,1,0.49647237889611195
top_hat,400,2,vanLeer_SSPRK2,75.75,0,1,0.64731130409218829
top_hat,400,2,vanLeer_SSPRK2,76.25,0,1,0.80549312361588687
top_hat,400,2,vanLeer_SSPRK2,76.75,0,1,0.9342010500832687
top_hat,400,2,vanLeer_SSPRK2,77.25,0,1,0.99087503569170332
top_hat,400,2,vanLeer_SSPRK2,77.75,0,1,0.99863798186038732
top_hat,400,2,vanLeer_SSPRK2,78.25,0,1,0.99875631010299348
top_hat,400,2,vanLeer_SSPRK2,78.75,0,1,0.99861456441441709
top_hat,400,2,vanLeer_SSPRK2,79.25,0,1,0.99809641165822938
top_hat,400,2,vanLeer_SSPRK2,79.75,0,1,0.99684609822316816
top_hat,400,2,vanLeer_SSPRK2,80.25,0,1,0.99435488099779756
top_hat,400,2,vanLeer_SSPRK2,80.75,0,1,0.98988685995900771
top_hat,400,2,vanLeer_SSPRK2,81.25,0,1,0.98233544254812344
top_hat,400,2,vanLeer_SSPRK2,81.75,0,1,0.97009546973506744
top_hat,400,2,vanLeer_SSPRK2,82.25,0,1,0.95093247075695175
top_hat,400,2,vanLeer_SSPRK2,82.75,0,1,0.92191495332317408
top_hat,400,2,vanLeer_SSPRK2,83.25,0,1,0.87946339299204757
top_hat,400,2,vanLeer_SSPRK2,83.75,0,1,0.81960512096451321
top_hat,400,2,vanLeer_SSPRK2,84.25,0,1,0.73851504652991029
top_hat,400,2,vanLeer_SSPRK2,84.75,0,1,0.63339270445118068
top_hat,400,2,vanLeer_SSPRK2,85.25,0,0,0.50368419898580874
top_hat,400,2,vanLeer_SSPRK2,85.75,0,0,0.35307189533714678
top_hat,400,2,vanLeer_SSPRK2,86.25,0,0,0.19519435051998701
top_hat,400,2,vanLeer_SSPRK2,86.75,0,0,0.066290654156373502
top_hat,400,2,vanLeer_SSPRK2,87.25,0,0,0.0085952082916175183
top_hat,400,2,vanLeer_SSPRK2,87.75,0,0,0.00021269255882608483
top_hat,400,2,vanLeer_SSPRK2,88.25,0,0,4.3888891720276494e-07
top_hat,400,2,vanLeer_SSPRK2,88.75,0,0,3.0743932903505599e-11
top_hat,400,2,vanLeer_SSPRK2,89.25,0,0,9.2181736318409018e-13
top_hat,400,2,vanLeer_SSPRK2,89.75,0,0,8.3440128458190854e-13
top_hat,400,2,vanLeer_SSPRK2,90.25,0,0,7.28123737591805e-13
top_hat,400,2,vanLeer_SSPRK2,90.75,0,0,6.318490536264178e-13
top_hat,400,2,vanLeer_SSPRK2,91.25,0,0,5.3928990091436634e-13
top_hat,400,2,vanLeer_SSPRK2,91.75,0,0,4.546814932409512e-13
top_hat,400,2,vanLeer_SSPRK2,92.25,0,0,3.7981795425510898e-13
top_hat,400,2,vanLeer_SSPRK2,92.75,0,0,3.150168920748573e-13
top_hat,400,2,vanLeer_SSPRK2,93.25,0,0,2.5967835877100136e-13
top_hat,400,2,vanLeer_SSPRK2,93.75,0,0,2.1281322912400272e-13
top_hat,400,2,vanLeer_SSPRK2,94.25,0,0,1.733582011798387e-13
top_hat,400,2,vanLeer_SSPRK2,94.75,0,0,1.4032115589148272e-13
top_hat,400,2,vanLeer_SSPRK2,95.25,0,0,1.1282001809336047e-13
top_hat,400,2,vanLeer_SSPRK2,95.75,0,0,9.0077520017526948e-14
top_hat,400,2,vanLeer_SSPRK2,96.25,0,0,7.1405740925238868e-14
top_hat,400,2,vanLeer_SSPRK2,96.75,0,0,5.6193344424976342e-14
top_hat,400,2,vanLeer_SSPRK2,97.25,0,0,4.3897578321103151e-14
top_hat,400,2,vanLeer_SSPRK2,97.75,0,0,3.4039412461653043e-14
top_hat,400,2,vanLeer_SSPRK2,98.25,0,0,2.6199896704584602e-14
top_hat,400,2,vanLeer_SSPRK2,98.75,0,0,2.0016548641941093e-14
top_hat,400,2,vanLeer_SSPRK2,99.25,0,0,1.5179295261689641e-14
top_hat,400,2,vanLeer_SSPRK2,99.75,0,0,1.1425929007906635e-14
top_hat,400,2,vanLeer_SSPRK2,100.25,0,0,8.5372327800545233e-15
top_hat,400,2,vanLeer_SSPRK2,100.75,0,0,6.3319793292820704e-15
top_hat,400,2,vanLeer_SSPRK2,101.25,0,0,4.6619956344983961e-15
top_hat,400,2,vanLeer_SSPRK2,101.75,0,0,3.4074452693653565e-15
top_hat,400,2,vanLeer_SSPRK2,102.25,0,0,2.4724405152798811e-15
top_hat,400,2,vanLeer_SSPRK2,102.75,0,0,1.7810577529908472e-15
top_hat,400,2,vanLeer_SSPRK2,103.25,0,0,1.2737963880948244e-15
top_hat,400,2,vanLeer_SSPRK2,103.75,0,0,9.0449376187035917e-16
top_hat,400,2,vanLeer_SSPRK2,104.25,0,0,6.3768638013071452e-16
top_hat,400,2,vanLeer_SSPRK2,104.75,0,0,4.4639136309598865e-16
top_hat,400,2,vanLeer_SSPRK2,105.25,0,0,3.1027098611342084e-16
top_hat,400,2,vanLeer_SSPRK2,105.75,0,0,2.1413693863025925e-16
top_hat,400,2,vanLeer_SSPRK2,106.25,0,0,1.4674864131276011e-16
top_hat,400,2,vanLeer_SSPRK2,106.75,0,0,9.9860691736243147e-17
top_hat,400,2,vanLeer_SSPRK2,107.25,0,0,6.7477341746542173e-17
top_hat,400,2,vanLeer_SSPRK2,107.75,0,0,4.5276036093694291e-17
top_hat,400,2,vanLeer_SSPRK2,108.25,0,0,3.0166806870602415e-17
top_hat,400,2,vanLeer_SSPRK2,108.75,0,0,1.9959230257115615e-17
top_hat,400,2,vanLeer_SSPRK2,109.25,0,0,1.3113371850352856e-17
top_hat,400,2,vanLeer_SSPRK2,109.75,0,0,8.5554634114658885e-18
top_hat,400,2,vanLeer_SSPRK2,110.25,0,0,5.5428561888252722e-18
top_hat,400,2,vanLeer_SSPRK2,110.75,0,0,3.5660459833346801e-18
top_hat,400,2,vanLeer_SSPRK2,111.25,0,0,2.2782740451235271e-18
top_hat,400,2,vanLeer_SSPRK2,111.75,0,0,1.4454174311699123e-18
top_hat,400,2,vanLeer_SSPRK2,112.25,0,0,9.1065053213657106e-19
top_hat,400,2,vanLeer_SSPRK2,112.75,0,0,5.6975013473999918e-19
top_hat,400,2,vanLeer_SSPRK2,113.25,0,0,3.5399307289953542e-19
top_hat,400,2,vanLeer_SSPRK2,113.75,0,0,2.1841700921649577e-19
top_hat,400,2,vanLeer_SSPRK2,114.25,0,0,1.3383311382121396e-19
top_hat,400,2,vanLeer_SSPRK2,114.75,0,0,8.1438648557200675e-20
top_hat,400,2,vanLeer_SSPRK2,115.25,0,0,4.9214394136689696e-20
top_hat,400,2,vanLeer_SSPRK2,115.75,0,0,2.9536119566131316e-20
top_hat,400,2,vanLeer_SSPRK2,116.25,0,0,1.7604345000422521e-20
top_hat,400,2,vanLeer_SSPRK2,116.75,0,0,1.042070710307702e-20
top_hat,400,2,vanLeer_SSPRK2,117.25,0,0,6.1262037491878377e-21
top_hat,400,2,vanLeer_SSPRK2,117.75,0,0,3.5769176262822772e-21
top_hat,400,2,vanLeer_SSPRK2,118.25,0,0,2.0742269906570353e-21
top_hat,400,2,vanLeer_SSPRK2,118.75,0,0,1.1946489042019809e-21
top_hat,400,2,vanLeer_SSPRK2,119.25,0,0,6.8338903341223102e-22
top_hat,400,2,vanLeer_SSPRK2,119.75,0,0,3.8828147245304023e-22
top_hat,400,2,vanLeer_SSPRK2,120.25,0,0,2.1912084226417983e-22
top_hat,400,2,vanLeer_SSPRK2,120.75,0,0,1.2282495967931762e-22
top_hat,400,2,vanLeer_SSPRK2,121.25,0,0,6.8385367533556049e-23
top_hat,400,2,vanLeer_SSPRK2,121.75,0,0,3.7819967822871976e-23
top_hat,400,2,vanLeer_SSPRK2,122.25,0,0,2.0776310547213691e-23
top_hat,400,2,vanLeer_SSPRK2,122.75,0,0,1.1337386744006956e-23
top_hat,400,2,vanLeer_SSPRK2,123.25,0,0,6.1455783691806087e-24
top_hat,400,2,vanLeer_SSPRK2,123.75,0,0,3.3092216949876943e-24
top_hat,400,2,vanLeer_SSPRK2,124.25,0,0,1.7701510026766428e-24
top_hat,400,2,vanLeer_SSPRK2,124.75,0,0,9.4064156155048435e-25
top_hat,400,2,vanLeer_SSPRK2,125.25,0,0,4.9656423149041361e-25
top_hat,400,2,vanLeer_SSPRK2,125.75,0,0,2.6041866863770851e-25
top_hat,400,2,vanLeer_SSPRK2,126.25,0,0,1.3568197257979085e-25
top_hat,400,2,vanLeer_SSPRK2,126.75,0,0,7.0231738195291345e-26
top_hat,400,2,vanLeer_SSPRK2,127.25,0,0,3.6117170989722826e-26
top_hat,400,2,vanLeer_SSPRK2,127.75,0,0,1.84531619981862e-26
top_hat,400,2,vanLeer_SSPRK2,128.25,0,0,9.3672529916686914e-27
top_hat,400,2,vanLeer_SSPRK2,128.75,0,0,4.7243885898025745e-27
top_hat,400,2,vanLeer_SSPRK2,129.25,0,0,2.3674362166453882e-27
top_hat,400,2,vanLeer_SSPRK2,129.75,0,0,1.1787387479907986e-27
top_hat,400,2,vanLeer_SSPRK2,130.25,0,0,5.831369848482118e-28
top_hat,400,2,vanLeer_SSPRK2,130.75,0,0,2.8664501197574669e-28
top_hat,400,2,vanLeer_SSPRK2,131.25,0,0,1.4000574158070804e-28
top_hat,400,2,vanLeer_SSPRK2,131.75,0,0,6.7948784853950648e-29
top_hat,400,2,vanLeer_SSPRK2,132.25,0,0,3.2768647706224678e-29
top_hat,400,2,vanLeer_SSPRK2,132.75,0,0,1.5703004436855657e-29
top_hat,400,2,vanLeer_SSPRK2,133.25,0,0,7.4775732072611243e-30
top_hat,400,2,vanLeer_SSPRK2,133.75,0,0,3.538330519334561e-30
top_hat,400,2,vanLeer_SSPRK2,134.25,0,0,1.6638029358478724e-30
top_hat,400,2,vanLeer_SSPRK2,134.75,0,0,7.774579954796695e-31
top_hat,400,2,vanLeer_SSPRK2,135.25,0,0,3.6101826683829397e-31
top_hat,400,2,vanLeer_SSPRK2,135.75,0,0,1.6659581450567596e-31
top_hat,400,2,vanLeer_SSPRK2,136.25,0,0,7.6398876284231094e-32
top_hat,400,2,vanLeer_SSPRK2,136.75,0,0,3.4817932345167997e-32
top_hat,400,2,vanLeer_SSPRK2,137.25,0,0,1.5769469703137339e-32
top_hat,400,2,vanLeer_SSPRK2,137.75,0,0,7.0979695128333717e-33
top_hat,400,2,vanLeer_SSPRK2,138.25,0,0,3.175109894042588e-33
top_hat,400,2,vanLeer_SSPRK2,138.75,0,0,1.4115474693653989e-33
top_hat,400,2,vanLeer_SSPRK2,139.25,0,0,6.2366109841022905e-34
top_hat,400,2,vanLeer_SSPRK2,139.75,0,0,2.7385612227972052e-34
top_hat,400,2,vanLeer_SSPRK2,140.25,0,0,1.1951458883074687e-34
top_hat,400,2,vanLeer_SSPRK2,140.75,0,0,5.1837964727324454e-35
top_hat,400,2,vanLeer_SSPRK2,141.25,0,0,2.2346383591414388e-35
top_hat,400,2,vanLeer_SSPRK2,141.75,0,0,9.5741985890925553e-36
top_hat,400,2,vanLeer_SSPRK2,142.25,0,0,4.0769644912129231e-36
top_hat,400,2,vanLeer_SSPRK2,142.75,0,0,1.7254963295944717e-36
top_hat,400,2,vanLeer_SSPRK2,143.25,0,0,7.2583335311662837e-37
top_hat,400,2,vanLeer_SSPRK2,143.75,0,0,3.0346498648664227e-37
top_hat,400,2,vanLeer_SSPRK2,144.25,0,0,1.261048901810521e-37
top_hat,400,2,vanLeer_SSPRK2,144.75,0,0,5.208464200662829e-38
top_hat,400,2,vanLeer_SSPRK2,145.25,0,0,2.1381810235485742e-38
top_hat,400,2,vanLeer_SSPRK2,145.75,0,0,8.7244644281536868e-39
top_hat,400,2,vanLeer_SSPRK2,146.25,0,0,3.53830249192287e-39
top_hat,400,2,vanLeer_SSPRK2,146.75,0,0,1.4263143463256955e-39
top_hat,400,2,vanLeer_SSPRK2,147.25,0,0,5.7148095732416227e-40
top_hat,400,2,vanLeer_SSPRK2,147.75,0,0,2.2759173548913622e-40
top_hat,400,2,vanLeer_SSPRK2,148.25,0,0,9.009097640232719e-41
top_hat,400,2,vanLeer_SSPRK2,148.75,0,0,3.5446873661506205e-41
top_hat,400,2,vanLeer_SSPRK2,149.25,0,0,1.3862707461961076e-41
top_hat,400,2,vanLeer_SSPRK2,149.75,0,0,5.388813897338317e-42
top_hat,400,2,vanLeer_SSPRK2,150.25,0,0,2.0821630498693811e-42
top_hat,400,2,vanLeer_SSPRK2,150.75,0,0,7.9967591540991325e-43
top_hat,400,2,vanLeer_SSPRK2,151.25,0,0,3.0527569574088065e-43
top_hat,400,2,vanLeer_SSPRK2,151.75,0,0,1.1583784561393268e-43
top_hat,400,2,vanLeer_SSPRK2,152.25,0,0,4.3690773618069214e-44
top_hat,400,2,vanLeer_SSPRK2,152.75,0,0,1.6379887267298711e-44
top_hat,400,2,vanLeer_SSPRK2,153.25,0,0,6.104003619874882e-45
top_hat,400,2,vanLeer_SSPRK2,153.75,0,0,2.2610077292975839e-45
top_hat,400,2,vanLeer_SSPRK2,154.25,0,0,8.3247901412110465e-46
top_hat,400,2,vanLeer_SSPRK2,154.75,0,0,3.0466952812764047e-46
top_hat,400,2,vanLeer_SSPRK2,155.25,0,0,1.1083313671246715e-46
top_hat,400,2,vanLeer_SSPRK2,155.75,0,0,4.0077019328389326e-47
top_hat,400,2,vanLeer_SSPRK2,156.25,0,0,1.4404779066853483e-47
top_hat,400,2,vanLeer_SSPRK2,156.75,0,0,5.1463972754413691e-48
top_hat,400,2,vanLeer_SSPRK2,157.25,0,0,1.8276185790887116e-48
top_hat,400,2,vanLeer_SSPRK2,157.75,0,0,6.4513901826142387e-49
top_hat,400,2,vanLeer_SSPRK2,158.25,0,0,2.2636349610154197e-49
top_hat,400,2,vanLeer_SSPRK2,158.75,0,0,7.8948626291256711e-50
top_hat,400,2,vanLeer_SSPRK2,159.25,0,0,2.7369542468215996e-50
top_hat,400,2,vanLeer_SSPRK2,159.75,0,0,9.4313716506867508e-51
top_hat,400,2,vanLeer_SSPRK2,160.25,0,0,3.2304724541120435e-51
top_hat,400,2,vanLeer_SSPRK2,160.75,0,0,1.0998678347626936e-51
top_hat,400,2,vanLeer_SSPRK2,161.25,0,0,3.7221816619833713e-52
top_hat,400,2,vanLeer_SSPRK2,161.75,0,0,1.2520926805357699e-52
top_hat,400,2,vanLeer_SSPRK2,162.25,0,0,4.186551085189166e-53
top_hat,400,2,vanLeer_SSPRK2,162.75,0,0,1.3914140805795489e-53
top_hat,400,2,vanLeer_SSPRK2,163.25,0,0,4.5965867828329524e-54
top_hat,400,2,vanLeer_SSPRK2,163.75,0,0,1.5093588697070902e-54
top_hat,400,2,vanLeer_SSPRK2,164.25,0,0,4.9263624169113946e-55
top_hat,400,2,vanLeer_SSPRK2,164.75,0,0,1.5982169945153313e-55
top_hat,400,2,vanLeer_SSPRK2,165.25,0,0,5.1537022611080451e-56
top_hat,400,2,vanLeer_SSPRK2,165.75,0,0,1.6518692633169138e-56
top_hat,400,2,vanLeer_SSPRK2,166.25,0,0,5.2626353077859879e-57
top_hat,400,2,vanLeer_SSPRK2,166.75,0,0,1.6664816624180678e-57
top_hat,400,2,vanLeer_SSPRK2,167.25,0,0,5.2452450945689609e-58
top_hat,400,2,vanLeer_SSPRK2,167.75,0,0,1.6409572048006264e-58
top_hat,400,2,vanLeer_SSPRK2,168.25,0,0,5.1026185118013657e-59
top_hat,400,2,vanLeer_SSPRK2,168.75,0,0,1.5770715344736473e-59
top_hat,400,2,vanLeer_SSPRK2,169.25,0,0,4.8447360400453787e-60
top_hat,400,2,vanLeer_SSPRK2,169.75,0,0,1.4792690948503226e-60
top_hat,400,2,vanLeer_SSPRK2,170.25,0,0,4.4893183447577692e-61
top_hat,400,2,vanLeer_SSPRK2,170.75,0,0,1.35415229534827e-61
top_hat,400,2,vanLeer_SSPRK2,171.25,0,0,4.0598141559968708e-62
top_hat,400,2,vanLeer_SSPRK2,171.75,0,0,1.2097451659443721e-62
top_hat,400,2,vanLeer_SSPRK2,172.25,0,0,3.582846581989072e-63
top_hat,400,2,vanLeer_SSPRK2,172.75,0,0,1.0546454743791815e-63
top_hat,400,2,vanLeer_SSPRK2,173.25,0,0,3.0855034936271252e-64
top_hat,400,2,vanLeer_SSPRK2,173.75,0,0,8.9718927822097922e-65
top_hat,400,2,vanLeer_SSPRK2,174.25,0,0,2.5928519431591796e-65
top_hat,400,2,vanLeer_SSPRK2,174.75,0,0,7.4473885396429539e-66
top_hat,400,2,vanLeer_SSPRK2,175.25,0,0,2.1259835811077449e-66
top_hat,400,2,vanLeer_SSPRK2,175.75,0,0,6.0317351124408097e-67
top_hat,400,2,vanLeer_SSPRK2,176.25,0,0,1.7007788501711792e-67
top_hat,400,2,vanLeer_SSPRK2,176.75,0,0,4.7662118505427216e-68
top_hat,400,2,vanLeer_SSPRK2,177.25,0,0,1.3274413287708017e-68
top_hat,400,2,vanLeer_SSPRK2,177.75,0,0,3.6742636795599808e-69
top_hat,400,2,vanLeer_SSPRK2,178.25,0,0,1.0107289338360917e-69
top_hat,400,2,vanLeer_SSPRK2,178.75,0,0,2.7631520134290295e-70
top_hat,400,2,vanLeer_SSPRK2,179.25,0,0,7.5071790085753514e-71
top_hat,400,2,vanLeer_SSPRK2,179.75,0,0,2.0269675506306361e-71
top_hat,400,2,vanLeer_SSPRK2,180.25,0,0,5.4388974677169909e-72
top_hat,400,2,vanLeer_SSPRK2,180.75,0,0,1.4503236232217951e-72
top_hat,400,2,vanLeer_SSPRK2,181.25,0,0,3.8433042653953163e-73
top_hat,400,2,vanLeer_SSPRK2,181.75,0,0,1.0121063209095239e-73
top_hat,400,2,vanLeer_SSPRK2,182.25,0,0,2.6486504843253447e-74
top_hat,400,2,vanLeer_SSPRK2,182.75,0,0,6.8880427913932609e-75
top_hat,400,2,vanLeer_SSPRK2,183.25,0,0,1.7800619138858518e-75
top_hat,400,2,vanLeer_SSPRK2,183.75,0,0,4.5712795748155919e-76
top_hat,400,2,vanLeer_SSPRK2,184.25,0,0,1.166538486676493e-76
top_hat,400,2,vanLeer_SSPRK2,184.75,0,0,2.9581083536072673e-77
top_hat,400,2,vanLeer_SSPRK2,185.25,0,0,7.4538010707956496e-78
top_hat,400,2,vanLeer_SSPRK2,185.75,0,0,1.866315742787807e-78
top_hat,400,2,vanLeer_SSPRK2,186.25,0,0,4.6433435722299344e-79
top_hat,400,2,vanLeer_SSPRK2,186.75,0,0,1.1479145565652779e-79
top_hat,400,2,vanLeer_SSPRK2,187.25,0,0,2.8197843976126494e-80
top_hat,400,2,vanLeer_SSPRK2,187.75,0,0,6.8824692096602294e-81
top_hat,400,2,vanLeer_SSPRK2,188.25,0,0,1.6691255561070454e-81
top_hat,400,2,vanLeer_SSPRK2,188.75,0,0,4.0220206475591081e-82
top_hat,400,2,vanLeer_SSPRK2,189.25,0,0,9.629510897643599e-83
top_hat,400,2,vanLeer_SSPRK2,189.75,0,0,2.2906712761028859e-83
top_hat,400,2,vanLeer_SSPRK2,190.25,0,0,5.4139440073430582e-84
top_hat,400,2,vanLeer_SSPRK2,190.75,0,0,1.2713083955585502e-84
top_hat,400,2,vanLeer_SSPRK2,191.25,0,0,2.9659773202837488e-85
top_hat,400,2,vanLeer_SSPRK2,191.75,0,0,6.8747665371541818e-86
top_hat,400,2,vanLeer_SSPRK2,192.25,0,0,1.5831229064147238e-86
top_hat,400,2,vanLeer_SSPRK2,192.75,0,0,3.6218550142598879e-87
top_hat,400,2,vanLeer_SSPRK2,193.25,0,0,8.231904159658562e-88
top_hat,400,2,vanLeer_SSPRK2,193.75,0,0,1.8587256648874955e-88
top_hat,400,2,vanLeer_SSPRK2,194.25,0,0,4.1693545048632548e-89
top_hat,400,2,vanLeer_SSPRK2,194.75,0,0,9.2908091539742859e-90
top_hat,400,2,vanLeer_SSPRK2,195.25,0,0,2.0566573973072916e-90
top_hat,400,2,vanLeer_SSPRK2,195.75,0,0,4.5225817381563361e-91
top_hat,400,2,vanLeer_SSPRK2,196.25,0,0,9.8791407582121869e-92
top_hat,400,2,vanLeer_SSPRK2,196.75,0,0,2.1436420292497493e-92
top_hat,400,2,vanLeer_SSPRK2,197.25,0,0,4.6203790765562288e-93
top_hat,400,2,vanLeer_SSPRK2,197.75,0,0,9.8920651216336244e-94
top_hat,400,2,vanLeer_SSPRK2,198.25,0,0,2.103642512477465e-94
top_hat,400,2,vanLeer_SSPRK2,198.75,0,0,4.4434875231530993e-95
top_hat,400,2,vanLeer_SSPRK2,199.25,0,0,9.3225414338659718e-96
top_hat,400,2,vanLeer_SSPRK2,199.75,0,0,1.9426480270897544e-96
